*,*,*,*,*,Accounting,117805
*,*,*,*,*,Actuarial Science,121245
*,*,*,*,*,Advertising,157527
*,*,*,*,*,Agribusiness Management,192603.0
*,*,*,*,*,Agriculture and Natural Resources-No Preference,237723
*,*,*,*,*,Animal Science,288149.5
*,*,*,*,*,Anthropology,166215.5
*,*,*,*,*,Apparel and Textile Design,289819.5
*,*,*,*,*,Apparel and Textiles,228402
*,*,*,*,*,Applied Engineering Sciences,209758.5
*,*,*,*,*,Arabic,324516.5
*,*,*,*,*,Art Education,220390.5
*,*,*,*,*,Art History and Visual Culture,245935.5
*,*,*,*,*,Arts & Letters-General,213453
*,*,*,*,*,Astrophysics,208615
*,*,*,*,*,Athletic Training,133285
*,*,*,*,*,Biochemistry and Molecular Biology,162189
*,*,*,*,*,Biochemistry and Molecular Biology/Biotechnology,258225
*,*,*,*,*,Biological Science Interdepartmental,168134.0
*,*,*,*,*,Biomedical Laboratory Science,178227
*,*,*,*,*,Biosystems Engineering,130878
*,*,*,*,*,Chemical Physics,164625.5
*,*,*,*,*,Chemistry,90942
*,*,*,*,*,Chinese,140326.0
*,*,*,*,*,College of Political Science,225622
*,*,*,*,*,Comparative Cultures and Politics,245389.5
*,*,*,*,*,Composition,434049.0
*,*,*,*,*,Computational Mathematics,92161.5
*,*,*,*,*,Computer Engineering,136511.5
*,*,*,*,*,Computer Science,271068.5
*,*,*,*,*,Construction Management,204369.0
*,*,*,*,*,Criminal Justice,268061.5
*,*,*,*,*,Earth Science Interdepartmental,186551.5
*,*,*,*,*,Economics,173615.5
*,*,*,*,*,Education,222742.0
*,*,*,*,*,Electrical Engineering,178126.0
*,*,*,*,*,Engineering-No Major,562518.5
*,*,*,*,*,English,165583.5
*,*,*,*,*,Entomology,214306
*,*,*,*,*,Environmental Biology/Microbiology,107984.0
*,*,*,*,*,Environmental Biology/Plant Biol,219831
*,*,*,*,*,Environmental Biology/Zoology,174762.5
*,*,*,*,*,Environmental Economics and Policy,213766.0
*,*,*,*,*,Environmental Engineering,137120
*,*,*,*,*,Environmental Geosciences,198661.5
*,*,*,*,*,Environmental Studies and Agriscience,146284.0
*,*,*,*,*,Experience Architecture,172350.5
*,*,*,*,*,Finance,180494
*,*,*,*,*,Fisheries and Wildlife,298198.0
*,*,*,*,*,Food Industry Management,186668.0
*,*,*,*,*,Food Science,168579.0
*,*,*,*,*,French,143225.5
*,*,*,*,*,General Management,253875.0
*,*,*,*,*,Genomics & Molecular Genetics,115405
*,*,*,*,*,Geographic Information Science,188935
*,*,*,*,*,Geography,189438.5
*,*,*,*,*,Geological Sciences,192068
*,*,*,*,*,German,233205
*,*,*,*,*,Global & Area Studies - Soc Sci,212438
*,*,*,*,*,Global Studies in the Arts and Humanities,169747
*,*,*,*,*,History,135727
*,*,*,*,*,History Education,124912
*,*,*,*,*,Horticulture,236126.5
*,*,*,*,*,Hospitality Business,163418
*,*,*,*,*,Human Biology,303318.5
*,*,*,*,*,Human Development and Family Studies,223946
*,*,*,*,*,Human Resource Management,174328
*,*,*,*,*,Humanities-Prelaw,183384.0
*,*,*,*,*,Interdisciplinary Humanities,261363.0
*,*,*,*,*,Interdisciplinary Studies in Social Science,281516.5
*,*,*,*,*,Interdisciplinary Studies in Social Science - Social Science Education,158687.5
*,*,*,*,*,Interior Design,313991.0
*,*,*,*,*,Japanese,168158.5
*,*,*,*,*,Jazz Studies,269456
*,*,*,*,*,Journalism,137328
*,*,*,*,*,Kinesiology,319227.5
*,*,*,*,*,Landscape Architecture,144859
*,*,*,*,*,Linguistics,129292
*,*,*,*,*,Marketing,307911
*,*,*,*,*,Materials Science and Engineering,214450.5
*,*,*,*,*,Mathematics,415783
*,*,*,*,*,Mathematics  Advanced,132101.0
*,*,*,*,*,Mechanical Engineering,157523.5
*,*,*,*,*,Media and Information,282396.0
*,*,*,*,*,Microbiology,146576
*,*,*,*,*,Music,157279.0
*,*,*,*,*,Music Performance,205806.5
*,*,*,*,*,Natural Resource Recreation and Tourism,268527
*,*,*,*,*,Neuroscience,297518.0
*,*,*,*,*,Nursing,176714.5
*,*,*,*,*,Nutritional Sciences,135394.0
*,*,*,*,*,Packaging,183622
*,*,*,*,*,Philosophy,181834.0
*,*,*,*,*,Physical Science Interdepartmental,208962.0
*,*,*,*,*,Plant Biology,203716.5
*,*,*,*,*,Political Science,192494
*,*,*,*,*,Political Science-Prelaw,147970.5
*,*,*,*,*,Political Theory and Constitutional Democracy,224513
*,*,*,*,*,Predental,142743
*,*,*,*,*,Prenursing,177525.0
*,*,*,*,*,Preoptometry,185944.5
*,*,*,*,*,Preveterinary,242598.0
*,*,*,*,*,Professional Writing,252894.5
*,*,*,*,*,Psychology,179813.0
*,*,*,*,*,Public Policy,295919.5
*,*,*,*,*,Russian,69337
*,*,*,*,*,Social Relations and Policy,239236.0
*,*,*,*,*,Social Work,120492
*,*,*,*,*,Sociology,206209.5
*,*,*,*,*,Spanish,236835.0
*,*,*,*,*,Special Education-Learning Disabilities,175115.0
*,*,*,*,*,Statistics,198145.5
*,*,*,*,*,Studio Art,289430.0
*,*,*,*,*,Summer Research Program,263602.5
*,*,*,*,*,Supply Chain Management,202674
*,*,*,*,*,Theatre,148562
*,*,*,*,*,Urban and Regional Planning,256242.5
*,*,*,*,*,Women's and Gender Studies,252268
*,*,*,*,*,World Politics,171802.5
*,*,*,*,*,Zoology,262536
*,*,*,*,Campus Resource,*,4913052.5
*,*,*,*,Endowment,*,9171726.5
*,*,*,*,Scholarship,*,10587978.0
*,*,*,Alumni Association,*,*,691942.5
*,*,*,Athletics,*,*,724038.5
*,*,*,Campus Museums,*,*,694474.5
*,*,*,Campus Recreation,*,*,594187.5
*,*,*,College of Agriculture and Natural Resources,*,*,1241065.5
*,*,*,College of Arts and Sciences,*,*,1889319.5
*,*,*,College of Business,*,*,359000.0
*,*,*,College of Communication Arts and Sciences,*,*,310261.5
*,*,*,College of Education,*,*,335857
*,*,*,College of Engineering,*,*,481830.5
*,*,*,College of Music,*,*,311818.5
*,*,*,College of Natural Science,*,*,2106294.0
*,*,*,College of Nursing,*,*,233384.5
*,*,*,College of Political Science,*,*,297809.0
*,*,*,College of Social Science,*,*,1531583.0
*,*,*,College of Veterinary Medicine,*,*,106688.5
*,*,*,Diversity Fund,*,*,2656506.5
*,*,*,Faculty Chair Endowments,*,*,2011067.0
*,*,*,Honors Program,*,*,763594.5
*,*,*,In-State Scholarship Fund,*,*,682917.0
*,*,*,Minority Scholarship Fund,*,*,700149.5
*,*,*,Parents Association,*,*,792720.5
*,*,*,Trustees Fund,*,*,2011415.0
*,*,*,University Annual Fund,*,*,2492738.0
*,*,*,University Libraries,*,*,652094.5
*,*,College of Agriculture and Natural Resources,*,*,*,3433165.0
*,*,College of Arts and Sciences,*,*,*,4720312.5
*,*,College of Business,*,*,*,1400505.0
*,*,College of Communication Arts and Sciences,*,*,*,577251.0
*,*,College of Education,*,*,*,850369.5
*,*,College of Engineering,*,*,*,1997955.0
*,*,College of Music,*,*,*,1066590.5
*,*,College of Natural Science,*,*,*,5136971.5
*,*,College of Nursing,*,*,*,617842.0
*,*,College of Political Science,*,*,*,934760.5
*,*,College of Social Science,*,*,*,3694436.5
*,*,College of Veterinary Medicine,*,*,*,242598.0
*,Albuquerque,*,*,*,*,169283
*,Alexandria,*,*,*,*,233333
*,Amarillo,*,*,*,*,122290
*,Anaheim,*,*,*,*,102283
*,Atlanta,*,*,*,*,264317
*,Austin,*,*,*,*,336339
*,Baton Rouge,*,*,*,*,166663
*,Billings,*,*,*,*,21202
*,Birmingham,*,*,*,*,218110
*,Boston,*,*,*,*,416307
*,Casper,*,*,*,*,46537
*,Cedar Rapids,*,*,*,*,137018
*,Charleston,*,*,*,*,131394
*,Charlotte,*,*,*,*,188443
*,Chicago,*,*,*,*,1218280
*,Cincinnati,*,*,*,*,752660
*,Cleveland,*,*,*,*,130180
*,Colorado Springs,*,*,*,*,327420
*,Columbia,*,*,*,*,144010
*,Dallas,*,*,*,*,631610
*,Denver,*,*,*,*,2856495.0
*,Des Moines,*,*,*,*,32874
*,Detroit,*,*,*,*,455208
*,Durham,*,*,*,*,258300
*,El Paso,*,*,*,*,113571
*,Eugene,*,*,*,*,102512
*,Fort Lauderdale,*,*,*,*,63112
*,Fresno,*,*,*,*,231167
*,Grand Rapids,*,*,*,*,96047
*,Hartford,*,*,*,*,456542
*,Henderson,*,*,*,*,140431
*,Houston,*,*,*,*,572758
*,Huntsville,*,*,*,*,14364
*,Indianapolis,*,*,*,*,492392
*,Jacksonville,*,*,*,*,152609
*,Kansas City,*,*,*,*,496952
*,Knoxville,*,*,*,*,120497
*,Lansing,*,*,*,*,300114
*,Las Vegas,*,*,*,*,140284
*,Lexington,*,*,*,*,74020
*,Lincoln,*,*,*,*,127999
*,Little Rock,*,*,*,*,147166
*,Los Angeles,*,*,*,*,923123
*,Louisville,*,*,*,*,117361
*,Madison,*,*,*,*,70723
*,Manchester,*,*,*,*,149882
*,Memphis,*,*,*,*,441940
*,Mesa,*,*,*,*,136580
*,Miami,*,*,*,*,322619
*,Milwaukee,*,*,*,*,95819
*,Minneapolis,*,*,*,*,58180
*,Mobile,*,*,*,*,119820
*,Murfreesboro,*,*,*,*,15441
*,Naperville,*,*,*,*,100675
*,Nashville,*,*,*,*,85183
*,New Haven,*,*,*,*,34135
*,New Orleans,*,*,*,*,144083
*,New York,*,*,*,*,912798
*,North Las Vegas,*,*,*,*,140217
*,Oklahoma City,*,*,*,*,222545
*,Omaha,*,*,*,*,147386
*,Orlando,*,*,*,*,338161
*,Overland Park,*,*,*,*,276198
*,Paterson,*,*,*,*,56889
*,Philadelphia,*,*,*,*,270690
*,Phoenix,*,*,*,*,712661
*,Pittsburgh,*,*,*,*,32017
*,Portland,*,*,*,*,103167
*,Providence,*,*,*,*,142920
*,Provo,*,*,*,*,111262
*,Raleigh,*,*,*,*,165817
*,Reno,*,*,*,*,58348
*,Richmond,*,*,*,*,402143
*,Rochester,*,*,*,*,100774
*,Sacramento,*,*,*,*,131686
*,Salem,*,*,*,*,100835
*,Salt Lake City,*,*,*,*,177982
*,San Antonio,*,*,*,*,139440
*,San Diego,*,*,*,*,327118
*,San Francisco,*,*,*,*,1029615
*,Savannah,*,*,*,*,139979
*,Scottsdale,*,*,*,*,107839
*,Seattle,*,*,*,*,477388
*,Spokane,*,*,*,*,139093
*,Springfield,*,*,*,*,95937
*,St. Louis,*,*,*,*,435636
*,St. Paul,*,*,*,*,42888
*,Syracuse,*,*,*,*,90475
*,Tallahassee,*,*,*,*,301232
*,Tucson,*,*,*,*,80893
*,Tulsa,*,*,*,*,71568
*,Washington,*,*,*,*,238717
*,West Valley City,*,*,*,*,105250
*,Wichita,*,*,*,*,191457
*,Winston-salem,*,*,*,*,35079
AL,*,*,*,*,*,352294
AR,*,*,*,*,*,155976
AZ,*,*,*,*,*,1037973
CA,*,*,*,*,*,2744992
CO,*,*,*,*,*,3183915.0
CT,*,*,*,*,*,490677
DC,*,*,*,*,*,238717
FL,*,*,*,*,*,1177733
GA,*,*,*,*,*,404296
IA,*,*,*,*,*,169892
IL,*,*,*,*,*,1406082
IN,*,*,*,*,*,492392
KS,*,*,*,*,*,571315
KY,*,*,*,*,*,191381
LA,*,*,*,*,*,310746
MA,*,*,*,*,*,416307
MI,*,*,*,*,*,851369
MN,*,*,*,*,*,101068
MO,*,*,*,*,*,828928
MT,*,*,*,*,*,21202
NC,*,*,*,*,*,647639
NE,*,*,*,*,*,275385
NH,*,*,*,*,*,149882
NJ,*,*,*,*,*,56889
NM,*,*,*,*,*,169283
NV,*,*,*,*,*,479280
NY,*,*,*,*,*,1104047
OH,*,*,*,*,*,882840
OK,*,*,*,*,*,294113
OR,*,*,*,*,*,306514
PA,*,*,*,*,*,302707
RI,*,*,*,*,*,142920
SC,*,*,*,*,*,275404
TN,*,*,*,*,*,663061
TX,*,*,*,*,*,1916008
UT,*,*,*,*,*,394494
VA,*,*,*,*,*,635476
WA,*,*,*,*,*,616481
WI,*,*,*,*,*,166542
WY,*,*,*,*,*,46537
