AR,Little Rock,College of Natural Science,College of Natural Science,*,*,3780,,AR,Little Rock,College of Natural Science,College of Engineering,Scholarship,*,313
AZ,Phoenix,College of Natural Science,College of Arts and Sciences,*,*,29439,,AZ,Phoenix,College of Natural Science,College of Arts and Sciences,Scholarship,*,2733
AZ,Phoenix,College of Social Science,College of Arts and Sciences,*,*,7821,,AZ,Phoenix,College of Social Science,College of Arts and Sciences,Scholarship,*,1467
AZ,Phoenix,College of Natural Science,College of Agriculture and Natural Resources,*,*,4240,,AZ,Phoenix,College of Natural Science,College of Agriculture and Natural Resources,Scholarship,*,167
AZ,Phoenix,College of Nursing,College of Nursing,*,*,7834,,AZ,Phoenix,College of Nursing,Campus Recreation,Campus Resource,*,1864
CA,Los Angeles,College of Agriculture and Natural Resources,College of Agriculture and Natural Resources,*,*,15003,,CA,Los Angeles,College of Agriculture and Natural Resources,Alumni Association,Campus Resource,*,2577
CA,Los Angeles,College of Arts and Sciences,College of Agriculture and Natural Resources,*,*,11480,,CA,Los Angeles,College of Arts and Sciences,College of Agriculture and Natural Resources,Scholarship,*,1620
CA,Los Angeles,College of Arts and Sciences,College of Arts and Sciences,*,*,5784,,CA,Los Angeles,College of Arts and Sciences,College of Agriculture and Natural Resources,Scholarship,*,1620
CA,Los Angeles,College of Arts and Sciences,College of Arts and Sciences,*,*,5784,,CA,Los Angeles,College of Arts and Sciences,Athletics,Campus Resource,*,1924
CA,Los Angeles,College of Natural Science,College of Business,*,*,9012,,CA,Los Angeles,College of Natural Science,College of Business,Scholarship,*,998
CA,Los Angeles,College of Music,College of Agriculture and Natural Resources,*,*,18280,,CA,Los Angeles,College of Music,College of Agriculture and Natural Resources,Scholarship,*,1839
CA,Los Angeles,College of Natural Science,College of Natural Science,*,*,25126,,CA,Los Angeles,College of Natural Science,Campus Museums,Campus Resource,*,4942
CA,Los Angeles,College of Natural Science,College of Natural Science,*,*,25126,,CA,Los Angeles,College of Natural Science,College of Business,Scholarship,*,998
CA,Los Angeles,College of Natural Science,College of Natural Science,*,*,25126,,CA,Los Angeles,College of Natural Science,College of Communication Arts and Sciences,Scholarship,*,4973
CA,Los Angeles,College of Natural Science,College of Natural Science,*,*,25126,,CA,Los Angeles,College of Natural Science,College of Engineering,Scholarship,*,600
CA,Los Angeles,College of Social Science,College of Natural Science,*,*,39671,,CA,Los Angeles,College of Social Science,College of Natural Science,Scholarship,*,7234
CA,San Diego,College of Arts and Sciences,College of Arts and Sciences,*,*,11112,,CA,San Diego,College of Arts and Sciences,Campus Recreation,Campus Resource,*,645
CA,San Diego,College of Natural Science,College of Natural Science,*,*,9423,,CA,San Diego,College of Natural Science,College of Communication Arts and Sciences,Scholarship,*,685
CA,San Diego,College of Social Science,College of Social Science,*,*,11756,,CA,San Diego,College of Social Science,Campus Recreation,Campus Resource,*,1392
CA,San Diego,College of Social Science,College of Social Science,*,*,11756,,CA,San Diego,College of Social Science,College of Natural Science,Scholarship,*,531
CA,San Francisco,College of Education,College of Education,*,*,24932,,CA,San Francisco,College of Education,College of Agriculture and Natural Resources,Scholarship,*,6356
CA,San Francisco,College of Education,College of Education,*,*,24932,,CA,San Francisco,College of Education,College of Agriculture and Natural Resources,Scholarship,*,4839
CA,San Francisco,College of Natural Science,College of Natural Science,*,*,19370,,CA,San Francisco,College of Natural Science,College of Business,Scholarship,*,5072
CA,San Francisco,College of Natural Science,College of Natural Science,*,*,19370,,CA,San Francisco,College of Natural Science,College of Music,Scholarship,*,3929
CA,San Francisco,College of Political Science,College of Natural Science,*,*,4989,,CA,San Francisco,College of Political Science,College of Natural Science,Scholarship,*,1617
CO,Colorado Springs,College of Natural Science,College of Natural Science,*,*,8789,,CO,Colorado Springs,College of Natural Science,Campus Museums,Campus Resource,*,1976
CO,Denver,College of Agriculture and Natural Resources,College of Agriculture and Natural Resources,*,*,66142.5,,CO,Denver,College of Agriculture and Natural Resources,Alumni Association,Campus Resource,*,13431.0
CO,Denver,College of Agriculture and Natural Resources,College of Agriculture and Natural Resources,*,*,66142.5,,CO,Denver,College of Agriculture and Natural Resources,Athletics,Campus Resource,*,11158.5
CO,Denver,College of Agriculture and Natural Resources,College of Agriculture and Natural Resources,*,*,66142.5,,CO,Denver,College of Agriculture and Natural Resources,Campus Recreation,Campus Resource,*,4738.5
CO,Denver,College of Social Science,College of Agriculture and Natural Resources,*,*,67324.5,,CO,Denver,College of Social Science,College of Agriculture and Natural Resources,Scholarship,*,21823.5
CO,Denver,College of Arts and Sciences,College of Arts and Sciences,*,*,42817.5,,CO,Denver,College of Arts and Sciences,College of Agriculture and Natural Resources,Scholarship,*,10374
CO,Denver,College of Arts and Sciences,College of Arts and Sciences,*,*,42817.5,,CO,Denver,College of Arts and Sciences,Alumni Association,Campus Resource,*,2718
CO,Denver,College of Natural Science,College of Natural Science,*,*,16284.0,,CO,Denver,College of Natural Science,College of Business,Scholarship,*,2695.5
CO,Denver,College of Natural Science,College of Natural Science,*,*,16284.0,,CO,Denver,College of Natural Science,College of Engineering,Scholarship,*,3829.5
CO,Denver,College of Political Science,College of Political Science,*,*,9858.0,,CO,Denver,College of Political Science,College of Agriculture and Natural Resources,Scholarship,*,2635.5
CO,Denver,College of Social Science,College of Arts and Sciences,*,*,126640.5,,CO,Denver,College of Social Science,College of Arts and Sciences,Scholarship,*,39952.5
CT,Hartford,College of Social Science,College of Social Science,*,*,9861,,CT,Hartford,College of Social Science,College of Natural Science,Scholarship,*,724
DC,Washington,College of Natural Science,College of Natural Science,*,*,9249,,DC,Washington,College of Natural Science,Campus Recreation,Campus Resource,*,530
DC,Washington,College of Social Science,College of Social Science,*,*,21167,,DC,Washington,College of Social Science,College of Agriculture and Natural Resources,Scholarship,*,4912
DC,Washington,College of Social Science,College of Social Science,*,*,21167,,DC,Washington,College of Social Science,Alumni Association,Campus Resource,*,676
DC,Washington,College of Social Science,College of Social Science,*,*,21167,,DC,Washington,College of Social Science,College of Agriculture and Natural Resources,Scholarship,*,2544
DC,Washington,College of Social Science,College of Social Science,*,*,21167,,DC,Washington,College of Social Science,College of Arts and Sciences,Scholarship,*,3985
DC,Washington,College of Social Science,College of Social Science,*,*,21167,,DC,Washington,College of Social Science,College of Engineering,Scholarship,*,5506
DC,Washington,College of Social Science,College of Social Science,*,*,21167,,DC,Washington,College of Social Science,College of Natural Science,Scholarship,*,7020
FL,Miami,College of Arts and Sciences,College of Arts and Sciences,*,*,5494,,FL,Miami,College of Arts and Sciences,Campus Museums,Campus Resource,*,1080
FL,Miami,College of Engineering,College of Arts and Sciences,*,*,6146,,FL,Miami,College of Engineering,College of Arts and Sciences,Scholarship,*,1119
FL,Miami,College of Social Science,College of Social Science,*,*,19474,,FL,Miami,College of Social Science,College of Arts and Sciences,Scholarship,*,5715
FL,Miami,College of Social Science,College of Social Science,*,*,19474,,FL,Miami,College of Social Science,College of Agriculture and Natural Resources,Scholarship,*,5947
FL,Miami,College of Social Science,College of Social Science,*,*,19474,,FL,Miami,College of Social Science,College of Engineering,Scholarship,*,3326
GA,Atlanta,College of Social Science,College of Social Science,*,*,2797,,GA,Atlanta,College of Social Science,College of Arts and Sciences,Scholarship,*,784
IL,Chicago,College of Agriculture and Natural Resources,College of Agriculture and Natural Resources,*,*,4657,,IL,Chicago,College of Agriculture and Natural Resources,Campus Recreation,Campus Resource,*,1536
IL,Chicago,College of Natural Science,College of Agriculture and Natural Resources,*,*,38934,,IL,Chicago,College of Natural Science,College of Agriculture and Natural Resources,Scholarship,*,319
IL,Chicago,College of Arts and Sciences,College of Arts and Sciences,*,*,24455,,IL,Chicago,College of Arts and Sciences,College of Agriculture and Natural Resources,Scholarship,*,7950
IL,Chicago,College of Arts and Sciences,College of Arts and Sciences,*,*,24455,,IL,Chicago,College of Arts and Sciences,College of Agriculture and Natural Resources,Scholarship,*,4296
IL,Chicago,College of Natural Science,College of Arts and Sciences,*,*,10947,,IL,Chicago,College of Natural Science,College of Arts and Sciences,Scholarship,*,2696
IL,Chicago,College of Social Science,College of Arts and Sciences,*,*,21343,,IL,Chicago,College of Social Science,College of Arts and Sciences,Scholarship,*,2747
IL,Chicago,College of Social Science,College of Social Science,*,*,28291,,IL,Chicago,College of Social Science,College of Arts and Sciences,Scholarship,*,2747
IL,Chicago,College of Social Science,College of Social Science,*,*,28291,,IL,Chicago,College of Social Science,Campus Museums,Campus Resource,*,8674
IL,Chicago,College of Social Science,College of Social Science,*,*,28291,,IL,Chicago,College of Social Science,College of Agriculture and Natural Resources,Scholarship,*,1384
IL,Chicago,College of Social Science,College of Social Science,*,*,28291,,IL,Chicago,College of Social Science,College of Music,Scholarship,*,4777
IN,Indianapolis,College of Natural Science,College of Natural Science,*,*,13198,,IN,Indianapolis,College of Natural Science,Campus Museums,Campus Resource,*,1381
IN,Indianapolis,College of Natural Science,College of Natural Science,*,*,13198,,IN,Indianapolis,College of Natural Science,Campus Recreation,Campus Resource,*,3599
IN,Indianapolis,College of Natural Science,College of Natural Science,*,*,13198,,IN,Indianapolis,College of Natural Science,College of Communication Arts and Sciences,Scholarship,*,1567
KS,Wichita,College of Natural Science,College of Natural Science,*,*,14254,,KS,Wichita,College of Natural Science,Alumni Association,Campus Resource,*,4649
KS,Wichita,College of Natural Science,College of Natural Science,*,*,14254,,KS,Wichita,College of Natural Science,Campus Recreation,Campus Resource,*,4240
KS,Wichita,College of Natural Science,College of Natural Science,*,*,14254,,KS,Wichita,College of Natural Science,College of Agriculture and Natural Resources,Scholarship,*,4258
MI,Detroit,College of Arts and Sciences,College of Arts and Sciences,*,*,8816,,MI,Detroit,College of Arts and Sciences,Campus Recreation,Campus Resource,*,2489
MI,Detroit,College of Natural Science,College of Natural Science,*,*,19426,,MI,Detroit,College of Natural Science,College of Arts and Sciences,Scholarship,*,2845
MI,Detroit,College of Natural Science,College of Natural Science,*,*,19426,,MI,Detroit,College of Natural Science,College of Music,Scholarship,*,8
MI,Lansing,College of Arts and Sciences,College of Arts and Sciences,*,*,3915,,MI,Lansing,College of Arts and Sciences,Alumni Association,Campus Resource,*,368
MI,Lansing,College of Social Science,College of Arts and Sciences,*,*,6417,,MI,Lansing,College of Social Science,College of Arts and Sciences,Scholarship,*,313
MO,Kansas City,College of Arts and Sciences,College of Agriculture and Natural Resources,*,*,24281,,MO,Kansas City,College of Arts and Sciences,College of Agriculture and Natural Resources,Scholarship,*,473
MO,Kansas City,College of Arts and Sciences,College of Arts and Sciences,*,*,8227,,MO,Kansas City,College of Arts and Sciences,College of Agriculture and Natural Resources,Scholarship,*,473
MO,Kansas City,College of Natural Science,College of Natural Science,*,*,11171,,MO,Kansas City,College of Natural Science,Alumni Association,Campus Resource,*,1503
MO,St. Louis,College of Natural Science,College of Natural Science,*,*,225843,,MO,St. Louis,College of Natural Science,Campus Museums,Campus Resource,*,3171
MO,St. Louis,College of Natural Science,College of Natural Science,*,*,225843,,MO,St. Louis,College of Natural Science,College of Arts and Sciences,Scholarship,*,5581
MO,St. Louis,College of Natural Science,College of Natural Science,*,*,225843,,MO,St. Louis,College of Natural Science,College of Business,Scholarship,*,4266
NY,New York,College of Arts and Sciences,College of Arts and Sciences,*,*,16563,,NY,New York,College of Arts and Sciences,Campus Museums,Campus Resource,*,3598
NY,New York,College of Arts and Sciences,College of Arts and Sciences,*,*,16563,,NY,New York,College of Arts and Sciences,Campus Recreation,Campus Resource,*,1795
NY,New York,College of Natural Science,College of Natural Science,*,*,22336,,NY,New York,College of Natural Science,Alumni Association,Campus Resource,*,5746
NY,New York,College of Natural Science,College of Natural Science,*,*,22336,,NY,New York,College of Natural Science,Athletics,Campus Resource,*,4154
NY,New York,College of Natural Science,College of Natural Science,*,*,22336,,NY,New York,College of Natural Science,Campus Recreation,Campus Resource,*,5717
NY,New York,College of Natural Science,College of Natural Science,*,*,22336,,NY,New York,College of Natural Science,College of Agriculture and Natural Resources,Scholarship,*,5992
NY,New York,College of Natural Science,College of Natural Science,*,*,22336,,NY,New York,College of Natural Science,College of Business,Scholarship,*,6481
NY,New York,College of Social Science,College of Arts and Sciences,*,*,6847,,NY,New York,College of Social Science,College of Arts and Sciences,Scholarship,*,1562
NY,New York,College of Social Science,College of Social Science,*,*,6768,,NY,New York,College of Social Science,College of Arts and Sciences,Scholarship,*,1562
OH,Cincinnati,College of Natural Science,College of Natural Science,*,*,23572,,OH,Cincinnati,College of Natural Science,College of Engineering,Scholarship,*,7374
OH,Cincinnati,College of Natural Science,College of Natural Science,*,*,23572,,OH,Cincinnati,College of Natural Science,Alumni Association,Campus Resource,*,91
OH,Cincinnati,College of Natural Science,College of Natural Science,*,*,23572,,OH,Cincinnati,College of Natural Science,College of Agriculture and Natural Resources,Scholarship,*,6195
OH,Cincinnati,College of Social Science,College of Social Science,*,*,19147,,OH,Cincinnati,College of Social Science,Campus Museums,Campus Resource,*,1652
OK,Oklahoma City,College of Business,College of Business,*,*,8182,,OK,Oklahoma City,College of Business,College of Arts and Sciences,Scholarship,*,862
OK,Oklahoma City,College of Natural Science,College of Natural Science,*,*,19514,,OK,Oklahoma City,College of Natural Science,Alumni Association,Campus Resource,*,2873
OK,Oklahoma City,College of Natural Science,College of Natural Science,*,*,19514,,OK,Oklahoma City,College of Natural Science,College of Agriculture and Natural Resources,Scholarship,*,3349
RI,Providence,College of Education,College of Arts and Sciences,*,*,7456,,RI,Providence,College of Education,College of Arts and Sciences,Scholarship,*,2192
RI,Providence,College of Social Science,College of Arts and Sciences,*,*,18420,,RI,Providence,College of Social Science,College of Arts and Sciences,Scholarship,*,3141
SC,Charleston,College of Natural Science,College of Natural Science,*,*,9094,,SC,Charleston,College of Natural Science,Athletics,Campus Resource,*,625
SC,Charleston,College of Natural Science,College of Natural Science,*,*,9094,,SC,Charleston,College of Natural Science,College of Arts and Sciences,Scholarship,*,2960
TN,Memphis,College of Arts and Sciences,College of Agriculture and Natural Resources,*,*,11886,,TN,Memphis,College of Arts and Sciences,College of Agriculture and Natural Resources,Scholarship,*,3734
TN,Memphis,College of Social Science,College of Natural Science,*,*,7391,,TN,Memphis,College of Social Science,College of Natural Science,Scholarship,*,2405
TX,Dallas,College of Business,College of Business,*,*,6051,,TX,Dallas,College of Business,College of Agriculture and Natural Resources,Scholarship,*,1757
TX,Dallas,College of Social Science,College of Arts and Sciences,*,*,4328,,TX,Dallas,College of Social Science,College of Arts and Sciences,Scholarship,*,109
TX,Dallas,College of Social Science,College of Social Science,*,*,15357,,TX,Dallas,College of Social Science,College of Arts and Sciences,Scholarship,*,109
TX,Dallas,College of Social Science,College of Social Science,*,*,15357,,TX,Dallas,College of Social Science,College of Arts and Sciences,Scholarship,*,4328
TX,Houston,College of Arts and Sciences,College of Arts and Sciences,*,*,11207,,TX,Houston,College of Arts and Sciences,Campus Recreation,Campus Resource,*,1411
TX,Houston,College of Natural Science,College of Natural Science,*,*,11723,,TX,Houston,College of Natural Science,College of Arts and Sciences,Scholarship,*,892
TX,Houston,College of Political Science,College of Political Science,*,*,4321,,TX,Houston,College of Political Science,College of Engineering,Scholarship,*,464
UT,Salt Lake City,College of Social Science,College of Natural Science,*,*,9864,,UT,Salt Lake City,College of Social Science,College of Natural Science,Scholarship,*,2727
VA,Alexandria,College of Agriculture and Natural Resources,College of Agriculture and Natural Resources,*,*,13030,,VA,Alexandria,College of Agriculture and Natural Resources,Campus Recreation,Campus Resource,*,2449
VA,Richmond,College of Engineering,College of Engineering,*,*,6980,,VA,Richmond,College of Engineering,Alumni Association,Campus Resource,*,1782
VA,Richmond,College of Natural Science,College of Natural Science,*,*,12872,,VA,Richmond,College of Natural Science,Alumni Association,Campus Resource,*,2869
VA,Richmond,College of Social Science,College of Social Science,*,*,7804,,VA,Richmond,College of Social Science,College of Natural Science,Scholarship,*,473
VA,Richmond,College of Social Science,College of Social Science,*,*,7804,,VA,Richmond,College of Social Science,College of Agriculture and Natural Resources,Scholarship,*,1198
WA,Seattle,College of Natural Science,College of Agriculture and Natural Resources,*,*,15124,,WA,Seattle,College of Natural Science,College of Agriculture and Natural Resources,Scholarship,*,2585
