*,Alexandria,College of Agriculture and Natural Resources,College of Agriculture and Natural Resources,*,*,13030,,VA,Alexandria,College of Agriculture and Natural Resources,Campus Recreation,*,*,2449
*,Atlanta,College of Social Science,College of Social Science,*,*,2797,,GA,Atlanta,College of Social Science,College of Arts and Sciences,*,*,784
*,Charleston,College of Natural Science,College of Natural Science,*,*,9094,,SC,Charleston,College of Natural Science,Athletics,*,*,625
*,Charleston,College of Natural Science,College of Natural Science,*,*,9094,,SC,Charleston,College of Natural Science,College of Arts and Sciences,*,*,2960
*,Chicago,College of Agriculture and Natural Resources,College of Agriculture and Natural Resources,*,*,4657,,IL,Chicago,College of Agriculture and Natural Resources,Campus Recreation,*,*,1536
*,Chicago,College of Natural Science,College of Agriculture and Natural Resources,*,*,38934,,IL,Chicago,College of Natural Science,College of Agriculture and Natural Resources,*,*,319
*,Chicago,College of Arts and Sciences,College of Arts and Sciences,*,*,24455,,IL,Chicago,College of Arts and Sciences,College of Agriculture and Natural Resources,*,*,7950
*,Chicago,College of Arts and Sciences,College of Arts and Sciences,*,*,24455,,IL,Chicago,College of Arts and Sciences,College of Agriculture and Natural Resources,*,*,4296
*,Chicago,College of Natural Science,College of Arts and Sciences,*,*,10947,,IL,Chicago,College of Natural Science,College of Arts and Sciences,*,*,2696
*,Chicago,College of Social Science,College of Arts and Sciences,*,*,21343,,IL,Chicago,College of Social Science,College of Arts and Sciences,*,*,2747
*,Chicago,College of Social Science,College of Social Science,*,*,28291,,IL,Chicago,College of Social Science,College of Arts and Sciences,*,*,2747
*,Chicago,College of Social Science,College of Social Science,*,*,28291,,IL,Chicago,College of Social Science,Campus Museums,*,*,8674
*,Chicago,College of Social Science,College of Social Science,*,*,28291,,IL,Chicago,College of Social Science,College of Agriculture and Natural Resources,*,*,1384
*,Chicago,College of Social Science,College of Social Science,*,*,28291,,IL,Chicago,College of Social Science,College of Music,*,*,4777
*,Cincinnati,College of Natural Science,College of Natural Science,*,*,23572,,OH,Cincinnati,College of Natural Science,College of Engineering,*,*,7374
*,Cincinnati,College of Natural Science,College of Natural Science,*,*,23572,,OH,Cincinnati,College of Natural Science,Alumni Association,*,*,91
*,Cincinnati,College of Natural Science,College of Natural Science,*,*,23572,,OH,Cincinnati,College of Natural Science,College of Agriculture and Natural Resources,*,*,6195
*,Cincinnati,College of Social Science,College of Social Science,*,*,19147,,OH,Cincinnati,College of Social Science,Campus Museums,*,*,1652
*,Colorado Springs,College of Natural Science,College of Natural Science,*,*,8789,,CO,Colorado Springs,College of Natural Science,Campus Museums,*,*,1976
*,Dallas,College of Business,College of Business,*,*,6051,,TX,Dallas,College of Business,College of Agriculture and Natural Resources,*,*,1757
*,Dallas,College of Social Science,College of Arts and Sciences,*,*,4328,,TX,Dallas,College of Social Science,College of Arts and Sciences,*,*,109
*,Dallas,College of Social Science,College of Social Science,*,*,15357,,TX,Dallas,College of Social Science,College of Arts and Sciences,*,*,109
*,Dallas,College of Social Science,College of Social Science,*,*,15357,,TX,Dallas,College of Social Science,College of Arts and Sciences,*,*,4328
*,Denver,College of Agriculture and Natural Resources,College of Agriculture and Natural Resources,*,*,66142.5,,CO,Denver,College of Agriculture and Natural Resources,Alumni Association,*,*,13431.0
*,Denver,College of Agriculture and Natural Resources,College of Agriculture and Natural Resources,*,*,66142.5,,CO,Denver,College of Agriculture and Natural Resources,Athletics,*,*,11158.5
*,Denver,College of Agriculture and Natural Resources,College of Agriculture and Natural Resources,*,*,66142.5,,CO,Denver,College of Agriculture and Natural Resources,Campus Recreation,*,*,4738.5
*,Denver,College of Social Science,College of Agriculture and Natural Resources,*,*,67324.5,,CO,Denver,College of Social Science,College of Agriculture and Natural Resources,*,*,21823.5
*,Denver,College of Arts and Sciences,College of Arts and Sciences,*,*,42817.5,,CO,Denver,College of Arts and Sciences,College of Agriculture and Natural Resources,*,*,10374
*,Denver,College of Arts and Sciences,College of Arts and Sciences,*,*,42817.5,,CO,Denver,College of Arts and Sciences,Alumni Association,*,*,2718
*,Denver,College of Natural Science,College of Natural Science,*,*,16284.0,,CO,Denver,College of Natural Science,College of Business,*,*,2695.5
*,Denver,College of Natural Science,College of Natural Science,*,*,16284.0,,CO,Denver,College of Natural Science,College of Engineering,*,*,3829.5
*,Denver,College of Political Science,College of Political Science,*,*,9858.0,,CO,Denver,College of Political Science,College of Agriculture and Natural Resources,*,*,2635.5
*,Denver,College of Social Science,College of Arts and Sciences,*,*,126640.5,,CO,Denver,College of Social Science,College of Arts and Sciences,*,*,39952.5
*,Detroit,College of Arts and Sciences,College of Arts and Sciences,*,*,8816,,MI,Detroit,College of Arts and Sciences,Campus Recreation,*,*,2489
*,Detroit,College of Natural Science,College of Natural Science,*,*,19426,,MI,Detroit,College of Natural Science,College of Arts and Sciences,*,*,2845
*,Detroit,College of Natural Science,College of Natural Science,*,*,19426,,MI,Detroit,College of Natural Science,College of Music,*,*,8
*,Hartford,College of Social Science,College of Social Science,*,*,9861,,CT,Hartford,College of Social Science,College of Natural Science,*,*,724
*,Houston,College of Arts and Sciences,College of Arts and Sciences,*,*,11207,,TX,Houston,College of Arts and Sciences,Campus Recreation,*,*,1411
*,Houston,College of Natural Science,College of Natural Science,*,*,11723,,TX,Houston,College of Natural Science,College of Arts and Sciences,*,*,892
*,Houston,College of Political Science,College of Political Science,*,*,4321,,TX,Houston,College of Political Science,College of Engineering,*,*,464
*,Indianapolis,College of Natural Science,College of Natural Science,*,*,13198,,IN,Indianapolis,College of Natural Science,Campus Museums,*,*,1381
*,Indianapolis,College of Natural Science,College of Natural Science,*,*,13198,,IN,Indianapolis,College of Natural Science,Campus Recreation,*,*,3599
*,Indianapolis,College of Natural Science,College of Natural Science,*,*,13198,,IN,Indianapolis,College of Natural Science,College of Communication Arts and Sciences,*,*,1567
*,Kansas City,College of Arts and Sciences,College of Agriculture and Natural Resources,*,*,24281,,MO,Kansas City,College of Arts and Sciences,College of Agriculture and Natural Resources,*,*,473
*,Kansas City,College of Arts and Sciences,College of Arts and Sciences,*,*,8227,,MO,Kansas City,College of Arts and Sciences,College of Agriculture and Natural Resources,*,*,473
*,Kansas City,College of Natural Science,College of Natural Science,*,*,11171,,MO,Kansas City,College of Natural Science,Alumni Association,*,*,1503
*,Kansas City,Honors Program,College of Natural Science,*,*,7203,,MO,Kansas City,Honors Program,College of Natural Science,*,*,1006
*,Kansas City,College of Social Science,College of Nursing,*,*,13375,,MO,Kansas City,College of Social Science,College of Nursing,*,*,3708
*,Kansas City,College of Social Science,Diversity Fund,*,*,8871,,MO,Kansas City,College of Social Science,Diversity Fund,*,*,229
*,Kansas City,College of Social Science,Faculty Chair Endowments,*,*,18212,,KS,Kansas City,College of Social Science,Faculty Chair Endowments,*,*,3804
*,Lansing,College of Arts and Sciences,College of Arts and Sciences,*,*,3915,,MI,Lansing,College of Arts and Sciences,Alumni Association,*,*,368
*,Lansing,College of Social Science,College of Arts and Sciences,*,*,6417,,MI,Lansing,College of Social Science,College of Arts and Sciences,*,*,313
*,Little Rock,College of Natural Science,College of Natural Science,*,*,3780,,AR,Little Rock,College of Natural Science,College of Engineering,*,*,313
*,Los Angeles,College of Agriculture and Natural Resources,College of Agriculture and Natural Resources,*,*,15003,,CA,Los Angeles,College of Agriculture and Natural Resources,Alumni Association,*,*,2577
*,Los Angeles,College of Arts and Sciences,College of Agriculture and Natural Resources,*,*,11480,,CA,Los Angeles,College of Arts and Sciences,College of Agriculture and Natural Resources,*,*,1620
*,Los Angeles,College of Arts and Sciences,College of Arts and Sciences,*,*,5784,,CA,Los Angeles,College of Arts and Sciences,College of Agriculture and Natural Resources,*,*,1620
*,Los Angeles,College of Arts and Sciences,College of Arts and Sciences,*,*,5784,,CA,Los Angeles,College of Arts and Sciences,Athletics,*,*,1924
*,Los Angeles,College of Natural Science,College of Business,*,*,9012,,CA,Los Angeles,College of Natural Science,College of Business,*,*,998
*,Los Angeles,College of Music,College of Agriculture and Natural Resources,*,*,18280,,CA,Los Angeles,College of Music,College of Agriculture and Natural Resources,*,*,1839
*,Los Angeles,College of Natural Science,College of Natural Science,*,*,25126,,CA,Los Angeles,College of Natural Science,Campus Museums,*,*,4942
*,Los Angeles,College of Natural Science,College of Natural Science,*,*,25126,,CA,Los Angeles,College of Natural Science,College of Business,*,*,998
*,Los Angeles,College of Natural Science,College of Natural Science,*,*,25126,,CA,Los Angeles,College of Natural Science,College of Communication Arts and Sciences,*,*,4973
*,Los Angeles,College of Natural Science,College of Natural Science,*,*,25126,,CA,Los Angeles,College of Natural Science,College of Engineering,*,*,600
*,Los Angeles,College of Social Science,College of Natural Science,*,*,39671,,CA,Los Angeles,College of Social Science,College of Natural Science,*,*,7234
*,Memphis,College of Arts and Sciences,College of Agriculture and Natural Resources,*,*,11886,,TN,Memphis,College of Arts and Sciences,College of Agriculture and Natural Resources,*,*,3734
*,Memphis,College of Social Science,College of Natural Science,*,*,7391,,TN,Memphis,College of Social Science,College of Natural Science,*,*,2405
*,Miami,College of Arts and Sciences,College of Arts and Sciences,*,*,5494,,FL,Miami,College of Arts and Sciences,Campus Museums,*,*,1080
*,Miami,College of Engineering,College of Arts and Sciences,*,*,6146,,FL,Miami,College of Engineering,College of Arts and Sciences,*,*,1119
*,Miami,College of Social Science,College of Social Science,*,*,19474,,FL,Miami,College of Social Science,College of Arts and Sciences,*,*,5715
*,Miami,College of Social Science,College of Social Science,*,*,19474,,FL,Miami,College of Social Science,College of Agriculture and Natural Resources,*,*,5947
*,Miami,College of Social Science,College of Social Science,*,*,19474,,FL,Miami,College of Social Science,College of Engineering,*,*,3326
*,New York,College of Arts and Sciences,College of Arts and Sciences,*,*,16563,,NY,New York,College of Arts and Sciences,Campus Museums,*,*,3598
*,New York,College of Arts and Sciences,College of Arts and Sciences,*,*,16563,,NY,New York,College of Arts and Sciences,Campus Recreation,*,*,1795
*,New York,College of Natural Science,College of Natural Science,*,*,22336,,NY,New York,College of Natural Science,Alumni Association,*,*,5746
*,New York,College of Natural Science,College of Natural Science,*,*,22336,,NY,New York,College of Natural Science,Athletics,*,*,4154
*,New York,College of Natural Science,College of Natural Science,*,*,22336,,NY,New York,College of Natural Science,Campus Recreation,*,*,5717
*,New York,College of Natural Science,College of Natural Science,*,*,22336,,NY,New York,College of Natural Science,College of Agriculture and Natural Resources,*,*,5992
*,New York,College of Natural Science,College of Natural Science,*,*,22336,,NY,New York,College of Natural Science,College of Business,*,*,6481
*,New York,College of Social Science,College of Arts and Sciences,*,*,6847,,NY,New York,College of Social Science,College of Arts and Sciences,*,*,1562
*,New York,College of Social Science,College of Social Science,*,*,6768,,NY,New York,College of Social Science,College of Arts and Sciences,*,*,1562
*,Oklahoma City,College of Business,College of Business,*,*,8182,,OK,Oklahoma City,College of Business,College of Arts and Sciences,*,*,862
*,Oklahoma City,College of Natural Science,College of Natural Science,*,*,19514,,OK,Oklahoma City,College of Natural Science,Alumni Association,*,*,2873
*,Oklahoma City,College of Natural Science,College of Natural Science,*,*,19514,,OK,Oklahoma City,College of Natural Science,College of Agriculture and Natural Resources,*,*,3349
*,Phoenix,College of Natural Science,College of Arts and Sciences,*,*,29439,,AZ,Phoenix,College of Natural Science,College of Arts and Sciences,*,*,2733
*,Phoenix,College of Social Science,College of Arts and Sciences,*,*,7821,,AZ,Phoenix,College of Social Science,College of Arts and Sciences,*,*,1467
*,Phoenix,College of Natural Science,College of Agriculture and Natural Resources,*,*,4240,,AZ,Phoenix,College of Natural Science,College of Agriculture and Natural Resources,*,*,167
*,Phoenix,College of Nursing,College of Nursing,*,*,7834,,AZ,Phoenix,College of Nursing,Campus Recreation,*,*,1864
*,Providence,College of Education,College of Arts and Sciences,*,*,7456,,RI,Providence,College of Education,College of Arts and Sciences,*,*,2192
*,Providence,College of Social Science,College of Arts and Sciences,*,*,18420,,RI,Providence,College of Social Science,College of Arts and Sciences,*,*,3141
*,Richmond,College of Engineering,College of Engineering,*,*,6980,,VA,Richmond,College of Engineering,Alumni Association,*,*,1782
*,Richmond,College of Natural Science,College of Natural Science,*,*,12872,,VA,Richmond,College of Natural Science,Alumni Association,*,*,2869
*,Richmond,College of Social Science,College of Social Science,*,*,7804,,VA,Richmond,College of Social Science,College of Natural Science,*,*,473
*,Richmond,College of Social Science,College of Social Science,*,*,7804,,VA,Richmond,College of Social Science,College of Agriculture and Natural Resources,*,*,1198
*,Salt Lake City,College of Social Science,College of Natural Science,*,*,9864,,UT,Salt Lake City,College of Social Science,College of Natural Science,*,*,2727
*,San Diego,College of Arts and Sciences,College of Arts and Sciences,*,*,11112,,CA,San Diego,College of Arts and Sciences,Campus Recreation,*,*,645
*,San Diego,College of Natural Science,College of Natural Science,*,*,9423,,CA,San Diego,College of Natural Science,College of Communication Arts and Sciences,*,*,685
*,San Diego,College of Social Science,College of Social Science,*,*,11756,,CA,San Diego,College of Social Science,Campus Recreation,*,*,1392
*,San Diego,College of Social Science,College of Social Science,*,*,11756,,CA,San Diego,College of Social Science,College of Natural Science,*,*,531
*,San Francisco,College of Education,College of Education,*,*,24932,,CA,San Francisco,College of Education,College of Agriculture and Natural Resources,*,*,6356
*,San Francisco,College of Education,College of Education,*,*,24932,,CA,San Francisco,College of Education,College of Agriculture and Natural Resources,*,*,4839
*,San Francisco,College of Natural Science,College of Natural Science,*,*,19370,,CA,San Francisco,College of Natural Science,College of Business,*,*,5072
*,San Francisco,College of Natural Science,College of Natural Science,*,*,19370,,CA,San Francisco,College of Natural Science,College of Music,*,*,3929
*,San Francisco,College of Political Science,College of Natural Science,*,*,4989,,CA,San Francisco,College of Political Science,College of Natural Science,*,*,1617
*,Seattle,College of Natural Science,College of Agriculture and Natural Resources,*,*,15124,,WA,Seattle,College of Natural Science,College of Agriculture and Natural Resources,*,*,2585
*,St. Louis,College of Natural Science,College of Natural Science,*,*,225843,,MO,St. Louis,College of Natural Science,Campus Museums,*,*,3171
*,St. Louis,College of Natural Science,College of Natural Science,*,*,225843,,MO,St. Louis,College of Natural Science,College of Arts and Sciences,*,*,5581
*,St. Louis,College of Natural Science,College of Natural Science,*,*,225843,,MO,St. Louis,College of Natural Science,College of Business,*,*,4266
*,Washington,College of Natural Science,College of Natural Science,*,*,9249,,DC,Washington,College of Natural Science,Campus Recreation,*,*,530
*,Washington,College of Social Science,College of Social Science,*,*,21167,,DC,Washington,College of Social Science,College of Agriculture and Natural Resources,*,*,4912
*,Washington,College of Social Science,College of Social Science,*,*,21167,,DC,Washington,College of Social Science,Alumni Association,*,*,676
*,Washington,College of Social Science,College of Social Science,*,*,21167,,DC,Washington,College of Social Science,College of Agriculture and Natural Resources,*,*,2544
*,Washington,College of Social Science,College of Social Science,*,*,21167,,DC,Washington,College of Social Science,College of Arts and Sciences,*,*,3985
*,Washington,College of Social Science,College of Social Science,*,*,21167,,DC,Washington,College of Social Science,College of Engineering,*,*,5506
*,Washington,College of Social Science,College of Social Science,*,*,21167,,DC,Washington,College of Social Science,College of Natural Science,*,*,7020
*,Wichita,College of Natural Science,College of Natural Science,*,*,14254,,KS,Wichita,College of Natural Science,Alumni Association,*,*,4649
*,Wichita,College of Natural Science,College of Natural Science,*,*,14254,,KS,Wichita,College of Natural Science,Campus Recreation,*,*,4240
*,Wichita,College of Natural Science,College of Natural Science,*,*,14254,,KS,Wichita,College of Natural Science,College of Agriculture and Natural Resources,*,*,4258
