*,*,College of Agriculture and Natural Resources,*,Campus Resource,*,735536.0,,*,*,College of Agriculture and Natural Resources,*,Campus Resource,Agribusiness Management,44128.5
*,*,College of Agriculture and Natural Resources,*,Campus Resource,*,735536.0,,*,*,College of Agriculture and Natural Resources,*,Campus Resource,Agriculture and Natural Resources-No Preference,37853
*,*,College of Agriculture and Natural Resources,*,Campus Resource,*,735536.0,,*,*,College of Agriculture and Natural Resources,*,Campus Resource,Animal Science,49358
*,*,College of Agriculture and Natural Resources,*,Campus Resource,*,735536.0,,*,*,College of Agriculture and Natural Resources,*,Campus Resource,Construction Management,9582
*,*,College of Agriculture and Natural Resources,*,Campus Resource,*,735536.0,,*,*,College of Agriculture and Natural Resources,*,Campus Resource,Entomology,32914
*,*,College of Agriculture and Natural Resources,*,Campus Resource,*,735536.0,,*,*,College of Agriculture and Natural Resources,*,Campus Resource,Environmental Economics and Policy,68477.5
*,*,College of Agriculture and Natural Resources,*,Campus Resource,*,735536.0,,*,*,College of Agriculture and Natural Resources,*,Campus Resource,Environmental Studies and Agriscience,14280
*,*,College of Agriculture and Natural Resources,*,Campus Resource,*,735536.0,,*,*,College of Agriculture and Natural Resources,*,Campus Resource,Fisheries and Wildlife,77711.5
*,*,College of Agriculture and Natural Resources,*,Campus Resource,*,735536.0,,*,*,College of Agriculture and Natural Resources,*,Campus Resource,Food Industry Management,44553
*,*,College of Agriculture and Natural Resources,*,Campus Resource,*,735536.0,,*,*,College of Agriculture and Natural Resources,*,Campus Resource,Food Science,29713.5
*,*,College of Agriculture and Natural Resources,*,Campus Resource,*,735536.0,,*,*,College of Agriculture and Natural Resources,*,Campus Resource,Horticulture,62122.5
*,*,College of Agriculture and Natural Resources,*,Campus Resource,*,735536.0,,*,*,College of Agriculture and Natural Resources,*,Campus Resource,Interior Design,78034.0
*,*,College of Agriculture and Natural Resources,*,Campus Resource,*,735536.0,,*,*,College of Agriculture and Natural Resources,*,Campus Resource,Landscape Architecture,16921
*,*,College of Agriculture and Natural Resources,*,Campus Resource,*,735536.0,,*,*,College of Agriculture and Natural Resources,*,Campus Resource,Natural Resource Recreation and Tourism,117170
*,*,College of Agriculture and Natural Resources,*,Campus Resource,*,735536.0,,*,*,College of Agriculture and Natural Resources,*,Campus Resource,Nutritional Sciences,28190.5
*,*,College of Agriculture and Natural Resources,*,Campus Resource,*,735536.0,,*,*,College of Agriculture and Natural Resources,*,Campus Resource,Packaging,24527
*,*,College of Agriculture and Natural Resources,*,Endowment,*,1059842.5,,*,*,College of Agriculture and Natural Resources,*,Endowment,Agribusiness Management,96899.5
*,*,College of Agriculture and Natural Resources,*,Endowment,*,1059842.5,,*,*,College of Agriculture and Natural Resources,*,Endowment,Agriculture and Natural Resources-No Preference,83979
*,*,College of Agriculture and Natural Resources,*,Endowment,*,1059842.5,,*,*,College of Agriculture and Natural Resources,*,Endowment,Animal Science,99035.0
*,*,College of Agriculture and Natural Resources,*,Endowment,*,1059842.5,,*,*,College of Agriculture and Natural Resources,*,Endowment,Construction Management,81056.5
*,*,College of Agriculture and Natural Resources,*,Endowment,*,1059842.5,,*,*,College of Agriculture and Natural Resources,*,Endowment,Entomology,83857
*,*,College of Agriculture and Natural Resources,*,Endowment,*,1059842.5,,*,*,College of Agriculture and Natural Resources,*,Endowment,Environmental Economics and Policy,65920
*,*,College of Agriculture and Natural Resources,*,Endowment,*,1059842.5,,*,*,College of Agriculture and Natural Resources,*,Endowment,Environmental Studies and Agriscience,65369.5
*,*,College of Agriculture and Natural Resources,*,Endowment,*,1059842.5,,*,*,College of Agriculture and Natural Resources,*,Endowment,Fisheries and Wildlife,78028.5
*,*,College of Agriculture and Natural Resources,*,Endowment,*,1059842.5,,*,*,College of Agriculture and Natural Resources,*,Endowment,Food Industry Management,47060
*,*,College of Agriculture and Natural Resources,*,Endowment,*,1059842.5,,*,*,College of Agriculture and Natural Resources,*,Endowment,Food Science,38329
*,*,College of Agriculture and Natural Resources,*,Endowment,*,1059842.5,,*,*,College of Agriculture and Natural Resources,*,Endowment,Horticulture,60569
*,*,College of Agriculture and Natural Resources,*,Endowment,*,1059842.5,,*,*,College of Agriculture and Natural Resources,*,Endowment,Interior Design,105153
*,*,College of Agriculture and Natural Resources,*,Endowment,*,1059842.5,,*,*,College of Agriculture and Natural Resources,*,Endowment,Landscape Architecture,38489
*,*,College of Agriculture and Natural Resources,*,Endowment,*,1059842.5,,*,*,College of Agriculture and Natural Resources,*,Endowment,Natural Resource Recreation and Tourism,57367
*,*,College of Agriculture and Natural Resources,*,Endowment,*,1059842.5,,*,*,College of Agriculture and Natural Resources,*,Endowment,Nutritional Sciences,35734.5
*,*,College of Agriculture and Natural Resources,*,Endowment,*,1059842.5,,*,*,College of Agriculture and Natural Resources,*,Endowment,Packaging,22996
*,*,College of Agriculture and Natural Resources,*,Scholarship,*,1637786.5,,*,*,College of Agriculture and Natural Resources,*,Scholarship,Agribusiness Management,51575.0
*,*,College of Agriculture and Natural Resources,*,Scholarship,*,1637786.5,,*,*,College of Agriculture and Natural Resources,*,Scholarship,Agriculture and Natural Resources-No Preference,115891
*,*,College of Agriculture and Natural Resources,*,Scholarship,*,1637786.5,,*,*,College of Agriculture and Natural Resources,*,Scholarship,Animal Science,139756.5
*,*,College of Agriculture and Natural Resources,*,Scholarship,*,1637786.5,,*,*,College of Agriculture and Natural Resources,*,Scholarship,Construction Management,113730.5
*,*,College of Agriculture and Natural Resources,*,Scholarship,*,1637786.5,,*,*,College of Agriculture and Natural Resources,*,Scholarship,Entomology,97535
*,*,College of Agriculture and Natural Resources,*,Scholarship,*,1637786.5,,*,*,College of Agriculture and Natural Resources,*,Scholarship,Environmental Economics and Policy,79368.5
*,*,College of Agriculture and Natural Resources,*,Scholarship,*,1637786.5,,*,*,College of Agriculture and Natural Resources,*,Scholarship,Environmental Studies and Agriscience,66634.5
*,*,College of Agriculture and Natural Resources,*,Scholarship,*,1637786.5,,*,*,College of Agriculture and Natural Resources,*,Scholarship,Fisheries and Wildlife,142458
*,*,College of Agriculture and Natural Resources,*,Scholarship,*,1637786.5,,*,*,College of Agriculture and Natural Resources,*,Scholarship,Food Industry Management,95055.0
*,*,College of Agriculture and Natural Resources,*,Scholarship,*,1637786.5,,*,*,College of Agriculture and Natural Resources,*,Scholarship,Food Science,100536.5
*,*,College of Agriculture and Natural Resources,*,Scholarship,*,1637786.5,,*,*,College of Agriculture and Natural Resources,*,Scholarship,Horticulture,113435
*,*,College of Agriculture and Natural Resources,*,Scholarship,*,1637786.5,,*,*,College of Agriculture and Natural Resources,*,Scholarship,Interior Design,130804
*,*,College of Agriculture and Natural Resources,*,Scholarship,*,1637786.5,,*,*,College of Agriculture and Natural Resources,*,Scholarship,Landscape Architecture,89449
*,*,College of Agriculture and Natural Resources,*,Scholarship,*,1637786.5,,*,*,College of Agriculture and Natural Resources,*,Scholarship,Natural Resource Recreation and Tourism,93990
*,*,College of Agriculture and Natural Resources,*,Scholarship,*,1637786.5,,*,*,College of Agriculture and Natural Resources,*,Scholarship,Nutritional Sciences,71469
*,*,College of Agriculture and Natural Resources,*,Scholarship,*,1637786.5,,*,*,College of Agriculture and Natural Resources,*,Scholarship,Packaging,136099
*,*,College of Arts and Sciences,*,Campus Resource,*,903014.5,,*,*,College of Arts and Sciences,*,Campus Resource,Apparel and Textile Design,34940
*,*,College of Arts and Sciences,*,Campus Resource,*,903014.5,,*,*,College of Arts and Sciences,*,Campus Resource,Apparel and Textiles,34436
*,*,College of Arts and Sciences,*,Campus Resource,*,903014.5,,*,*,College of Arts and Sciences,*,Campus Resource,Arabic,62717
*,*,College of Arts and Sciences,*,Campus Resource,*,903014.5,,*,*,College of Arts and Sciences,*,Campus Resource,Art Education,49433
*,*,College of Arts and Sciences,*,Campus Resource,*,903014.5,,*,*,College of Arts and Sciences,*,Campus Resource,Art History and Visual Culture,64522.5
*,*,College of Arts and Sciences,*,Campus Resource,*,903014.5,,*,*,College of Arts and Sciences,*,Campus Resource,Arts & Letters-General,22165
*,*,College of Arts and Sciences,*,Campus Resource,*,903014.5,,*,*,College of Arts and Sciences,*,Campus Resource,Chinese,1879
*,*,College of Arts and Sciences,*,Campus Resource,*,903014.5,,*,*,College of Arts and Sciences,*,Campus Resource,English,41014
*,*,College of Arts and Sciences,*,Campus Resource,*,903014.5,,*,*,College of Arts and Sciences,*,Campus Resource,Experience Architecture,57872.0
*,*,College of Arts and Sciences,*,Campus Resource,*,903014.5,,*,*,College of Arts and Sciences,*,Campus Resource,French,47638
*,*,College of Arts and Sciences,*,Campus Resource,*,903014.5,,*,*,College of Arts and Sciences,*,Campus Resource,German,27738
*,*,College of Arts and Sciences,*,Campus Resource,*,903014.5,,*,*,College of Arts and Sciences,*,Campus Resource,Global Studies in the Arts and Humanities,28736
*,*,College of Arts and Sciences,*,Campus Resource,*,903014.5,,*,*,College of Arts and Sciences,*,Campus Resource,Humanities-Prelaw,29809.5
*,*,College of Arts and Sciences,*,Campus Resource,*,903014.5,,*,*,College of Arts and Sciences,*,Campus Resource,Interdisciplinary Humanities,39795
*,*,College of Arts and Sciences,*,Campus Resource,*,903014.5,,*,*,College of Arts and Sciences,*,Campus Resource,Japanese,65711.0
*,*,College of Arts and Sciences,*,Campus Resource,*,903014.5,,*,*,College of Arts and Sciences,*,Campus Resource,Linguistics,50618
*,*,College of Arts and Sciences,*,Campus Resource,*,903014.5,,*,*,College of Arts and Sciences,*,Campus Resource,Philosophy,27503
*,*,College of Arts and Sciences,*,Campus Resource,*,903014.5,,*,*,College of Arts and Sciences,*,Campus Resource,Professional Writing,32695
*,*,College of Arts and Sciences,*,Campus Resource,*,903014.5,,*,*,College of Arts and Sciences,*,Campus Resource,Russian,9499
*,*,College of Arts and Sciences,*,Campus Resource,*,903014.5,,*,*,College of Arts and Sciences,*,Campus Resource,Spanish,40173
*,*,College of Arts and Sciences,*,Campus Resource,*,903014.5,,*,*,College of Arts and Sciences,*,Campus Resource,Studio Art,46154.5
*,*,College of Arts and Sciences,*,Campus Resource,*,903014.5,,*,*,College of Arts and Sciences,*,Campus Resource,Theatre,20937
*,*,College of Arts and Sciences,*,Campus Resource,*,903014.5,,*,*,College of Arts and Sciences,*,Campus Resource,Women's and Gender Studies,67029
*,*,College of Arts and Sciences,*,Endowment,*,1728662.5,,*,*,College of Arts and Sciences,*,Endowment,Apparel and Textile Design,116240.5
*,*,College of Arts and Sciences,*,Endowment,*,1728662.5,,*,*,College of Arts and Sciences,*,Endowment,Apparel and Textiles,33922
*,*,College of Arts and Sciences,*,Endowment,*,1728662.5,,*,*,College of Arts and Sciences,*,Endowment,Arabic,156265.5
*,*,College of Arts and Sciences,*,Endowment,*,1728662.5,,*,*,College of Arts and Sciences,*,Endowment,Art Education,107058.5
*,*,College of Arts and Sciences,*,Endowment,*,1728662.5,,*,*,College of Arts and Sciences,*,Endowment,Art History and Visual Culture,96367.5
*,*,College of Arts and Sciences,*,Endowment,*,1728662.5,,*,*,College of Arts and Sciences,*,Endowment,Arts & Letters-General,77576
*,*,College of Arts and Sciences,*,Endowment,*,1728662.5,,*,*,College of Arts and Sciences,*,Endowment,Chinese,73856.0
*,*,College of Arts and Sciences,*,Endowment,*,1728662.5,,*,*,College of Arts and Sciences,*,Endowment,English,40288
*,*,College of Arts and Sciences,*,Endowment,*,1728662.5,,*,*,College of Arts and Sciences,*,Endowment,Experience Architecture,54824.5
*,*,College of Arts and Sciences,*,Endowment,*,1728662.5,,*,*,College of Arts and Sciences,*,Endowment,French,37000.5
*,*,College of Arts and Sciences,*,Endowment,*,1728662.5,,*,*,College of Arts and Sciences,*,Endowment,German,102665
*,*,College of Arts and Sciences,*,Endowment,*,1728662.5,,*,*,College of Arts and Sciences,*,Endowment,Global Studies in the Arts and Humanities,60254
*,*,College of Arts and Sciences,*,Endowment,*,1728662.5,,*,*,College of Arts and Sciences,*,Endowment,Humanities-Prelaw,81120.5
*,*,College of Arts and Sciences,*,Endowment,*,1728662.5,,*,*,College of Arts and Sciences,*,Endowment,Interdisciplinary Humanities,88143.5
*,*,College of Arts and Sciences,*,Endowment,*,1728662.5,,*,*,College of Arts and Sciences,*,Endowment,Japanese,8673
*,*,College of Arts and Sciences,*,Endowment,*,1728662.5,,*,*,College of Arts and Sciences,*,Endowment,Linguistics,9633
*,*,College of Arts and Sciences,*,Endowment,*,1728662.5,,*,*,College of Arts and Sciences,*,Endowment,Philosophy,88496.0
*,*,College of Arts and Sciences,*,Endowment,*,1728662.5,,*,*,College of Arts and Sciences,*,Endowment,Professional Writing,99617
*,*,College of Arts and Sciences,*,Endowment,*,1728662.5,,*,*,College of Arts and Sciences,*,Endowment,Russian,35081
*,*,College of Arts and Sciences,*,Endowment,*,1728662.5,,*,*,College of Arts and Sciences,*,Endowment,Spanish,65718
*,*,College of Arts and Sciences,*,Endowment,*,1728662.5,,*,*,College of Arts and Sciences,*,Endowment,Studio Art,141040.5
*,*,College of Arts and Sciences,*,Endowment,*,1728662.5,,*,*,College of Arts and Sciences,*,Endowment,Theatre,64843
*,*,College of Arts and Sciences,*,Endowment,*,1728662.5,,*,*,College of Arts and Sciences,*,Endowment,Women's and Gender Studies,89979
*,*,College of Arts and Sciences,*,Scholarship,*,2088635.5,,*,*,College of Arts and Sciences,*,Scholarship,Apparel and Textile Design,138639
*,*,College of Arts and Sciences,*,Scholarship,*,2088635.5,,*,*,College of Arts and Sciences,*,Scholarship,Apparel and Textiles,160044
*,*,College of Arts and Sciences,*,Scholarship,*,2088635.5,,*,*,College of Arts and Sciences,*,Scholarship,Arabic,105534.0
*,*,College of Arts and Sciences,*,Scholarship,*,2088635.5,,*,*,College of Arts and Sciences,*,Scholarship,Art Education,63899.0
*,*,College of Arts and Sciences,*,Scholarship,*,2088635.5,,*,*,College of Arts and Sciences,*,Scholarship,Art History and Visual Culture,85045.5
*,*,College of Arts and Sciences,*,Scholarship,*,2088635.5,,*,*,College of Arts and Sciences,*,Scholarship,Arts & Letters-General,113712
*,*,College of Arts and Sciences,*,Scholarship,*,2088635.5,,*,*,College of Arts and Sciences,*,Scholarship,Chinese,64591
*,*,College of Arts and Sciences,*,Scholarship,*,2088635.5,,*,*,College of Arts and Sciences,*,Scholarship,English,84281.5
*,*,College of Arts and Sciences,*,Scholarship,*,2088635.5,,*,*,College of Arts and Sciences,*,Scholarship,Experience Architecture,59654
*,*,College of Arts and Sciences,*,Scholarship,*,2088635.5,,*,*,College of Arts and Sciences,*,Scholarship,French,58587
*,*,College of Arts and Sciences,*,Scholarship,*,2088635.5,,*,*,College of Arts and Sciences,*,Scholarship,German,102802
*,*,College of Arts and Sciences,*,Scholarship,*,2088635.5,,*,*,College of Arts and Sciences,*,Scholarship,Global Studies in the Arts and Humanities,80757
*,*,College of Arts and Sciences,*,Scholarship,*,2088635.5,,*,*,College of Arts and Sciences,*,Scholarship,Humanities-Prelaw,72454
*,*,College of Arts and Sciences,*,Scholarship,*,2088635.5,,*,*,College of Arts and Sciences,*,Scholarship,Interdisciplinary Humanities,133424.5
*,*,College of Arts and Sciences,*,Scholarship,*,2088635.5,,*,*,College of Arts and Sciences,*,Scholarship,Japanese,93774.5
*,*,College of Arts and Sciences,*,Scholarship,*,2088635.5,,*,*,College of Arts and Sciences,*,Scholarship,Linguistics,69041
*,*,College of Arts and Sciences,*,Scholarship,*,2088635.5,,*,*,College of Arts and Sciences,*,Scholarship,Philosophy,65835
*,*,College of Arts and Sciences,*,Scholarship,*,2088635.5,,*,*,College of Arts and Sciences,*,Scholarship,Professional Writing,120582.5
*,*,College of Arts and Sciences,*,Scholarship,*,2088635.5,,*,*,College of Arts and Sciences,*,Scholarship,Russian,24757
*,*,College of Arts and Sciences,*,Scholarship,*,2088635.5,,*,*,College of Arts and Sciences,*,Scholarship,Spanish,130944.0
*,*,College of Arts and Sciences,*,Scholarship,*,2088635.5,,*,*,College of Arts and Sciences,*,Scholarship,Studio Art,102235
*,*,College of Arts and Sciences,*,Scholarship,*,2088635.5,,*,*,College of Arts and Sciences,*,Scholarship,Theatre,62782
*,*,College of Arts and Sciences,*,Scholarship,*,2088635.5,,*,*,College of Arts and Sciences,*,Scholarship,Women's and Gender Studies,95260
*,*,College of Business,*,Campus Resource,*,256166.5,,*,*,College of Business,*,Campus Resource,Accounting,20249
*,*,College of Business,*,Campus Resource,*,256166.5,,*,*,College of Business,*,Campus Resource,Finance,25308
*,*,College of Business,*,Campus Resource,*,256166.5,,*,*,College of Business,*,Campus Resource,General Management,65525.5
*,*,College of Business,*,Campus Resource,*,256166.5,,*,*,College of Business,*,Campus Resource,Hospitality Business,33041
*,*,College of Business,*,Campus Resource,*,256166.5,,*,*,College of Business,*,Campus Resource,Human Resource Management,29267
*,*,College of Business,*,Campus Resource,*,256166.5,,*,*,College of Business,*,Campus Resource,Marketing,29851
*,*,College of Business,*,Campus Resource,*,256166.5,,*,*,College of Business,*,Campus Resource,Supply Chain Management,52925
*,*,College of Business,*,Endowment,*,535528,,*,*,College of Business,*,Endowment,Accounting,52947
*,*,College of Business,*,Endowment,*,535528,,*,*,College of Business,*,Endowment,Finance,62463
*,*,College of Business,*,Endowment,*,535528,,*,*,College of Business,*,Endowment,General Management,93394
*,*,College of Business,*,Endowment,*,535528,,*,*,College of Business,*,Endowment,Hospitality Business,20541
*,*,College of Business,*,Endowment,*,535528,,*,*,College of Business,*,Endowment,Human Resource Management,55988
*,*,College of Business,*,Endowment,*,535528,,*,*,College of Business,*,Endowment,Marketing,139068
*,*,College of Business,*,Endowment,*,535528,,*,*,College of Business,*,Endowment,Supply Chain Management,111127
*,*,College of Business,*,Scholarship,*,608810.5,,*,*,College of Business,*,Scholarship,Accounting,44609
*,*,College of Business,*,Scholarship,*,608810.5,,*,*,College of Business,*,Scholarship,Finance,92723
*,*,College of Business,*,Scholarship,*,608810.5,,*,*,College of Business,*,Scholarship,General Management,94955.5
*,*,College of Business,*,Scholarship,*,608810.5,,*,*,College of Business,*,Scholarship,Hospitality Business,109836
*,*,College of Business,*,Scholarship,*,608810.5,,*,*,College of Business,*,Scholarship,Human Resource Management,89073
*,*,College of Business,*,Scholarship,*,608810.5,,*,*,College of Business,*,Scholarship,Marketing,138992
*,*,College of Business,*,Scholarship,*,608810.5,,*,*,College of Business,*,Scholarship,Supply Chain Management,38622
*,*,College of Communication Arts and Sciences,*,Campus Resource,*,118848.0,,*,*,College of Communication Arts and Sciences,*,Campus Resource,Advertising,31958
*,*,College of Communication Arts and Sciences,*,Campus Resource,*,118848.0,,*,*,College of Communication Arts and Sciences,*,Campus Resource,Journalism,7432
*,*,College of Communication Arts and Sciences,*,Endowment,*,243998,,*,*,College of Communication Arts and Sciences,*,Endowment,Advertising,59897
*,*,College of Communication Arts and Sciences,*,Endowment,*,243998,,*,*,College of Communication Arts and Sciences,*,Endowment,Journalism,78264
*,*,College of Communication Arts and Sciences,*,Scholarship,*,214405,,*,*,College of Communication Arts and Sciences,*,Scholarship,Advertising,65672
*,*,College of Communication Arts and Sciences,*,Scholarship,*,214405,,*,*,College of Communication Arts and Sciences,*,Scholarship,Journalism,51632
*,*,College of Education,*,Campus Resource,*,138815.0,,*,*,College of Education,*,Campus Resource,Education,42652.5
*,*,College of Education,*,Campus Resource,*,138815.0,,*,*,College of Education,*,Campus Resource,Special Education-Learning Disabilities,32608.5
*,*,College of Education,*,Endowment,*,289489.5,,*,*,College of Education,*,Endowment,Athletic Training,67375
*,*,College of Education,*,Endowment,*,289489.5,,*,*,College of Education,*,Endowment,Education,61254
*,*,College of Education,*,Endowment,*,289489.5,,*,*,College of Education,*,Endowment,Kinesiology,92295.5
*,*,College of Education,*,Endowment,*,289489.5,,*,*,College of Education,*,Endowment,Special Education-Learning Disabilities,68565
*,*,College of Education,*,Scholarship,*,422065.0,,*,*,College of Education,*,Scholarship,Athletic Training,65910
*,*,College of Education,*,Scholarship,*,422065.0,,*,*,College of Education,*,Scholarship,Education,118835.5
*,*,College of Education,*,Scholarship,*,422065.0,,*,*,College of Education,*,Scholarship,Special Education-Learning Disabilities,73941.5
*,*,College of Engineering,*,Campus Resource,*,322092.5,,*,*,College of Engineering,*,Campus Resource,Applied Engineering Sciences,28402
*,*,College of Engineering,*,Campus Resource,*,322092.5,,*,*,College of Engineering,*,Campus Resource,Biosystems Engineering,20035
*,*,College of Engineering,*,Campus Resource,*,322092.5,,*,*,College of Engineering,*,Campus Resource,Computer Engineering,17170
*,*,College of Engineering,*,Campus Resource,*,322092.5,,*,*,College of Engineering,*,Campus Resource,Computer Science,70990.5
*,*,College of Engineering,*,Campus Resource,*,322092.5,,*,*,College of Engineering,*,Campus Resource,Electrical Engineering,20523
*,*,College of Engineering,*,Campus Resource,*,322092.5,,*,*,College of Engineering,*,Campus Resource,Engineering-No Major,52110.5
*,*,College of Engineering,*,Campus Resource,*,322092.5,,*,*,College of Engineering,*,Campus Resource,Environmental Engineering,52732
*,*,College of Engineering,*,Campus Resource,*,322092.5,,*,*,College of Engineering,*,Campus Resource,Materials Science and Engineering,37655
*,*,College of Engineering,*,Campus Resource,*,322092.5,,*,*,College of Engineering,*,Campus Resource,Mechanical Engineering,22474.5
*,*,College of Engineering,*,Endowment,*,1082931.5,,*,*,College of Engineering,*,Endowment,Applied Engineering Sciences,104365.5
*,*,College of Engineering,*,Endowment,*,1082931.5,,*,*,College of Engineering,*,Endowment,Biosystems Engineering,61648
*,*,College of Engineering,*,Endowment,*,1082931.5,,*,*,College of Engineering,*,Endowment,Computer Engineering,45656.5
*,*,College of Engineering,*,Endowment,*,1082931.5,,*,*,College of Engineering,*,Endowment,Computer Science,137480
*,*,College of Engineering,*,Endowment,*,1082931.5,,*,*,College of Engineering,*,Endowment,Electrical Engineering,55903.5
*,*,College of Engineering,*,Endowment,*,1082931.5,,*,*,College of Engineering,*,Endowment,Environmental Engineering,31680
*,*,College of Engineering,*,Endowment,*,1082931.5,,*,*,College of Engineering,*,Endowment,Materials Science and Engineering,76803
*,*,College of Engineering,*,Endowment,*,1082931.5,,*,*,College of Engineering,*,Endowment,Mechanical Engineering,90014.0
*,*,College of Engineering,*,Scholarship,*,592931.0,,*,*,College of Engineering,*,Scholarship,Applied Engineering Sciences,76991
*,*,College of Engineering,*,Scholarship,*,592931.0,,*,*,College of Engineering,*,Scholarship,Biosystems Engineering,49195
*,*,College of Engineering,*,Scholarship,*,592931.0,,*,*,College of Engineering,*,Scholarship,Computer Engineering,73685
*,*,College of Engineering,*,Scholarship,*,592931.0,,*,*,College of Engineering,*,Scholarship,Computer Science,62598
*,*,College of Engineering,*,Scholarship,*,592931.0,,*,*,College of Engineering,*,Scholarship,Electrical Engineering,101699.5
*,*,College of Engineering,*,Scholarship,*,592931.0,,*,*,College of Engineering,*,Scholarship,Engineering-No Major,31027
*,*,College of Engineering,*,Scholarship,*,592931.0,,*,*,College of Engineering,*,Scholarship,Environmental Engineering,52708
*,*,College of Engineering,*,Scholarship,*,592931.0,,*,*,College of Engineering,*,Scholarship,Materials Science and Engineering,99992.5
*,*,College of Engineering,*,Scholarship,*,592931.0,,*,*,College of Engineering,*,Scholarship,Mechanical Engineering,45035
*,*,College of Music,*,Campus Resource,*,194248,,*,*,College of Music,*,Campus Resource,Jazz Studies,44915
*,*,College of Music,*,Campus Resource,*,194248,,*,*,College of Music,*,Campus Resource,Music,11001
*,*,College of Music,*,Campus Resource,*,194248,,*,*,College of Music,*,Campus Resource,Music Performance,34763
*,*,College of Music,*,Endowment,*,360316.5,,*,*,College of Music,*,Endowment,Jazz Studies,52065
*,*,College of Music,*,Endowment,*,360316.5,,*,*,College of Music,*,Endowment,Music,44447.5
*,*,College of Music,*,Endowment,*,360316.5,,*,*,College of Music,*,Endowment,Music Performance,70701.5
*,*,College of Music,*,Scholarship,*,512026.0,,*,*,College of Music,*,Scholarship,Composition,137377.5
*,*,College of Music,*,Scholarship,*,512026.0,,*,*,College of Music,*,Scholarship,Music,101830.5
*,*,College of Music,*,Scholarship,*,512026.0,,*,*,College of Music,*,Scholarship,Music Performance,100342
*,*,College of Natural Science,*,Campus Resource,*,1107578.0,,*,*,College of Natural Science,*,Campus Resource,Actuarial Science,23675
*,*,College of Natural Science,*,Campus Resource,*,1107578.0,,*,*,College of Natural Science,*,Campus Resource,Astrophysics,33432
*,*,College of Natural Science,*,Campus Resource,*,1107578.0,,*,*,College of Natural Science,*,Campus Resource,Biochemistry and Molecular Biology,34070
*,*,College of Natural Science,*,Campus Resource,*,1107578.0,,*,*,College of Natural Science,*,Campus Resource,Biochemistry and Molecular Biology/Biotechnology,73875
*,*,College of Natural Science,*,Campus Resource,*,1107578.0,,*,*,College of Natural Science,*,Campus Resource,Biological Science Interdepartmental,31246
*,*,College of Natural Science,*,Campus Resource,*,1107578.0,,*,*,College of Natural Science,*,Campus Resource,Biomedical Laboratory Science,4271
*,*,College of Natural Science,*,Campus Resource,*,1107578.0,,*,*,College of Natural Science,*,Campus Resource,Chemical Physics,38667
*,*,College of Natural Science,*,Campus Resource,*,1107578.0,,*,*,College of Natural Science,*,Campus Resource,Chemistry,17710
*,*,College of Natural Science,*,Campus Resource,*,1107578.0,,*,*,College of Natural Science,*,Campus Resource,Computational Mathematics,38501.5
*,*,College of Natural Science,*,Campus Resource,*,1107578.0,,*,*,College of Natural Science,*,Campus Resource,Earth Science Interdepartmental,54674
*,*,College of Natural Science,*,Campus Resource,*,1107578.0,,*,*,College of Natural Science,*,Campus Resource,Environmental Biology/Microbiology,45962
*,*,College of Natural Science,*,Campus Resource,*,1107578.0,,*,*,College of Natural Science,*,Campus Resource,Environmental Biology/Plant Biol,42729
*,*,College of Natural Science,*,Campus Resource,*,1107578.0,,*,*,College of Natural Science,*,Campus Resource,Environmental Biology/Zoology,33122
*,*,College of Natural Science,*,Campus Resource,*,1107578.0,,*,*,College of Natural Science,*,Campus Resource,Environmental Geosciences,63450
*,*,College of Natural Science,*,Campus Resource,*,1107578.0,,*,*,College of Natural Science,*,Campus Resource,Genomics & Molecular Genetics,33822
*,*,College of Natural Science,*,Campus Resource,*,1107578.0,,*,*,College of Natural Science,*,Campus Resource,Geological Sciences,46971
*,*,College of Natural Science,*,Campus Resource,*,1107578.0,,*,*,College of Natural Science,*,Campus Resource,Human Biology,98320.5
*,*,College of Natural Science,*,Campus Resource,*,1107578.0,,*,*,College of Natural Science,*,Campus Resource,Mathematics,10550
*,*,College of Natural Science,*,Campus Resource,*,1107578.0,,*,*,College of Natural Science,*,Campus Resource,Mathematics  Advanced,38501
*,*,College of Natural Science,*,Campus Resource,*,1107578.0,,*,*,College of Natural Science,*,Campus Resource,Microbiology,20004
*,*,College of Natural Science,*,Campus Resource,*,1107578.0,,*,*,College of Natural Science,*,Campus Resource,Neuroscience,39430
*,*,College of Natural Science,*,Campus Resource,*,1107578.0,,*,*,College of Natural Science,*,Campus Resource,Physical Science Interdepartmental,64087
*,*,College of Natural Science,*,Campus Resource,*,1107578.0,,*,*,College of Natural Science,*,Campus Resource,Plant Biology,35153
*,*,College of Natural Science,*,Campus Resource,*,1107578.0,,*,*,College of Natural Science,*,Campus Resource,Predental,33992
*,*,College of Natural Science,*,Campus Resource,*,1107578.0,,*,*,College of Natural Science,*,Campus Resource,Preoptometry,68432
*,*,College of Natural Science,*,Campus Resource,*,1107578.0,,*,*,College of Natural Science,*,Campus Resource,Statistics,27819
*,*,College of Natural Science,*,Campus Resource,*,1107578.0,,*,*,College of Natural Science,*,Campus Resource,Zoology,55112
*,*,College of Natural Science,*,Endowment,*,1724184.0,,*,*,College of Natural Science,*,Endowment,Actuarial Science,37617
*,*,College of Natural Science,*,Endowment,*,1724184.0,,*,*,College of Natural Science,*,Endowment,Astrophysics,64834
*,*,College of Natural Science,*,Endowment,*,1724184.0,,*,*,College of Natural Science,*,Endowment,Biochemistry and Molecular Biology,57858
*,*,College of Natural Science,*,Endowment,*,1724184.0,,*,*,College of Natural Science,*,Endowment,Biochemistry and Molecular Biology/Biotechnology,74177
*,*,College of Natural Science,*,Endowment,*,1724184.0,,*,*,College of Natural Science,*,Endowment,Biological Science Interdepartmental,74802
*,*,College of Natural Science,*,Endowment,*,1724184.0,,*,*,College of Natural Science,*,Endowment,Biomedical Laboratory Science,99645
*,*,College of Natural Science,*,Endowment,*,1724184.0,,*,*,College of Natural Science,*,Endowment,Chemical Physics,54746.5
*,*,College of Natural Science,*,Endowment,*,1724184.0,,*,*,College of Natural Science,*,Endowment,Chemistry,42558
*,*,College of Natural Science,*,Endowment,*,1724184.0,,*,*,College of Natural Science,*,Endowment,Computational Mathematics,12087
*,*,College of Natural Science,*,Endowment,*,1724184.0,,*,*,College of Natural Science,*,Endowment,Earth Science Interdepartmental,71291
*,*,College of Natural Science,*,Endowment,*,1724184.0,,*,*,College of Natural Science,*,Endowment,Environmental Biology/Microbiology,13672
*,*,College of Natural Science,*,Endowment,*,1724184.0,,*,*,College of Natural Science,*,Endowment,Environmental Biology/Plant Biol,97475
*,*,College of Natural Science,*,Endowment,*,1724184.0,,*,*,College of Natural Science,*,Endowment,Environmental Biology/Zoology,74948.5
*,*,College of Natural Science,*,Endowment,*,1724184.0,,*,*,College of Natural Science,*,Endowment,Environmental Geosciences,89893
*,*,College of Natural Science,*,Endowment,*,1724184.0,,*,*,College of Natural Science,*,Endowment,Genomics & Molecular Genetics,44164
*,*,College of Natural Science,*,Endowment,*,1724184.0,,*,*,College of Natural Science,*,Endowment,Geological Sciences,63987
*,*,College of Natural Science,*,Endowment,*,1724184.0,,*,*,College of Natural Science,*,Endowment,Human Biology,94740
*,*,College of Natural Science,*,Endowment,*,1724184.0,,*,*,College of Natural Science,*,Endowment,Mathematics,72977
*,*,College of Natural Science,*,Endowment,*,1724184.0,,*,*,College of Natural Science,*,Endowment,Mathematics  Advanced,17776.0
*,*,College of Natural Science,*,Endowment,*,1724184.0,,*,*,College of Natural Science,*,Endowment,Microbiology,69496
*,*,College of Natural Science,*,Endowment,*,1724184.0,,*,*,College of Natural Science,*,Endowment,Neuroscience,107334.5
*,*,College of Natural Science,*,Endowment,*,1724184.0,,*,*,College of Natural Science,*,Endowment,Physical Science Interdepartmental,51376
*,*,College of Natural Science,*,Endowment,*,1724184.0,,*,*,College of Natural Science,*,Endowment,Plant Biology,105896.5
*,*,College of Natural Science,*,Endowment,*,1724184.0,,*,*,College of Natural Science,*,Endowment,Predental,39034
*,*,College of Natural Science,*,Endowment,*,1724184.0,,*,*,College of Natural Science,*,Endowment,Preoptometry,37186
*,*,College of Natural Science,*,Endowment,*,1724184.0,,*,*,College of Natural Science,*,Endowment,Statistics,72115
*,*,College of Natural Science,*,Endowment,*,1724184.0,,*,*,College of Natural Science,*,Endowment,Zoology,82498
*,*,College of Natural Science,*,Scholarship,*,2305209.5,,*,*,College of Natural Science,*,Scholarship,Actuarial Science,59953
*,*,College of Natural Science,*,Scholarship,*,2305209.5,,*,*,College of Natural Science,*,Scholarship,Astrophysics,110349
*,*,College of Natural Science,*,Scholarship,*,2305209.5,,*,*,College of Natural Science,*,Scholarship,Biochemistry and Molecular Biology,70261
*,*,College of Natural Science,*,Scholarship,*,2305209.5,,*,*,College of Natural Science,*,Scholarship,Biochemistry and Molecular Biology/Biotechnology,110173
*,*,College of Natural Science,*,Scholarship,*,2305209.5,,*,*,College of Natural Science,*,Scholarship,Biological Science Interdepartmental,62086.0
*,*,College of Natural Science,*,Scholarship,*,2305209.5,,*,*,College of Natural Science,*,Scholarship,Biomedical Laboratory Science,74311
*,*,College of Natural Science,*,Scholarship,*,2305209.5,,*,*,College of Natural Science,*,Scholarship,Chemical Physics,71212.0
*,*,College of Natural Science,*,Scholarship,*,2305209.5,,*,*,College of Natural Science,*,Scholarship,Chemistry,30674
*,*,College of Natural Science,*,Scholarship,*,2305209.5,,*,*,College of Natural Science,*,Scholarship,Computational Mathematics,41573
*,*,College of Natural Science,*,Scholarship,*,2305209.5,,*,*,College of Natural Science,*,Scholarship,Earth Science Interdepartmental,60586.5
*,*,College of Natural Science,*,Scholarship,*,2305209.5,,*,*,College of Natural Science,*,Scholarship,Environmental Biology/Microbiology,48350.0
*,*,College of Natural Science,*,Scholarship,*,2305209.5,,*,*,College of Natural Science,*,Scholarship,Environmental Biology/Plant Biol,79627
*,*,College of Natural Science,*,Scholarship,*,2305209.5,,*,*,College of Natural Science,*,Scholarship,Environmental Biology/Zoology,66692.0
*,*,College of Natural Science,*,Scholarship,*,2305209.5,,*,*,College of Natural Science,*,Scholarship,Environmental Geosciences,45318.5
*,*,College of Natural Science,*,Scholarship,*,2305209.5,,*,*,College of Natural Science,*,Scholarship,Genomics & Molecular Genetics,37419
*,*,College of Natural Science,*,Scholarship,*,2305209.5,,*,*,College of Natural Science,*,Scholarship,Geological Sciences,81110
*,*,College of Natural Science,*,Scholarship,*,2305209.5,,*,*,College of Natural Science,*,Scholarship,Human Biology,110258
*,*,College of Natural Science,*,Scholarship,*,2305209.5,,*,*,College of Natural Science,*,Scholarship,Mathematics,332256
*,*,College of Natural Science,*,Scholarship,*,2305209.5,,*,*,College of Natural Science,*,Scholarship,Mathematics  Advanced,75824.0
*,*,College of Natural Science,*,Scholarship,*,2305209.5,,*,*,College of Natural Science,*,Scholarship,Microbiology,57076
*,*,College of Natural Science,*,Scholarship,*,2305209.5,,*,*,College of Natural Science,*,Scholarship,Neuroscience,150753.5
*,*,College of Natural Science,*,Scholarship,*,2305209.5,,*,*,College of Natural Science,*,Scholarship,Physical Science Interdepartmental,93499.0
*,*,College of Natural Science,*,Scholarship,*,2305209.5,,*,*,College of Natural Science,*,Scholarship,Plant Biology,62667
*,*,College of Natural Science,*,Scholarship,*,2305209.5,,*,*,College of Natural Science,*,Scholarship,Predental,69717
*,*,College of Natural Science,*,Scholarship,*,2305209.5,,*,*,College of Natural Science,*,Scholarship,Preoptometry,80326.5
*,*,College of Natural Science,*,Scholarship,*,2305209.5,,*,*,College of Natural Science,*,Scholarship,Statistics,98211.5
*,*,College of Natural Science,*,Scholarship,*,2305209.5,,*,*,College of Natural Science,*,Scholarship,Zoology,124926
*,*,College of Nursing,*,Campus Resource,*,48607,,*,*,College of Nursing,*,Campus Resource,Prenursing,13652
*,*,College of Nursing,*,Campus Resource,*,48607,,*,*,College of Nursing,*,Campus Resource,Summer Research Program,7016
*,*,College of Nursing,*,Endowment,*,298556.5,,*,*,College of Nursing,*,Endowment,Nursing,82165
*,*,College of Nursing,*,Scholarship,*,270678.5,,*,*,College of Nursing,*,Scholarship,Nursing,66610.5
*,*,College of Nursing,*,Scholarship,*,270678.5,,*,*,College of Nursing,*,Scholarship,Prenursing,60158.5
*,*,College of Political Science,*,Campus Resource,*,210248,,*,*,College of Political Science,*,Campus Resource,College of Political Science,62537
*,*,College of Political Science,*,Endowment,*,369545.5,,*,*,College of Political Science,*,Endowment,College of Political Science,97931
*,*,College of Political Science,*,Scholarship,*,354967.0,,*,*,College of Political Science,*,Scholarship,College of Political Science,65154
*,*,College of Social Science,*,Campus Resource,*,855213.0,,*,*,College of Social Science,*,Campus Resource,Anthropology,15682
*,*,College of Social Science,*,Campus Resource,*,855213.0,,*,*,College of Social Science,*,Campus Resource,Criminal Justice,107271.0
*,*,College of Social Science,*,Campus Resource,*,855213.0,,*,*,College of Social Science,*,Campus Resource,Economics,32062
*,*,College of Social Science,*,Campus Resource,*,855213.0,,*,*,College of Social Science,*,Campus Resource,Geographic Information Science,74681
*,*,College of Social Science,*,Campus Resource,*,855213.0,,*,*,College of Social Science,*,Campus Resource,Geography,32869.5
*,*,College of Social Science,*,Campus Resource,*,855213.0,,*,*,College of Social Science,*,Campus Resource,Global & Area Studies - Soc Sci,62756
*,*,College of Social Science,*,Campus Resource,*,855213.0,,*,*,College of Social Science,*,Campus Resource,History,26265
*,*,College of Social Science,*,Campus Resource,*,855213.0,,*,*,College of Social Science,*,Campus Resource,History Education,30313
*,*,College of Social Science,*,Campus Resource,*,855213.0,,*,*,College of Social Science,*,Campus Resource,Human Development and Family Studies,28771
*,*,College of Social Science,*,Campus Resource,*,855213.0,,*,*,College of Social Science,*,Campus Resource,Interdisciplinary Studies in Social Science,59277
*,*,College of Social Science,*,Campus Resource,*,855213.0,,*,*,College of Social Science,*,Campus Resource,Interdisciplinary Studies in Social Science - Social Science Education,32333.5
*,*,College of Social Science,*,Campus Resource,*,855213.0,,*,*,College of Social Science,*,Campus Resource,Political Science,85739
*,*,College of Social Science,*,Campus Resource,*,855213.0,,*,*,College of Social Science,*,Campus Resource,Political Science-Prelaw,44125.5
*,*,College of Social Science,*,Campus Resource,*,855213.0,,*,*,College of Social Science,*,Campus Resource,Psychology,12383
*,*,College of Social Science,*,Campus Resource,*,855213.0,,*,*,College of Social Science,*,Campus Resource,Public Policy,87282
*,*,College of Social Science,*,Campus Resource,*,855213.0,,*,*,College of Social Science,*,Campus Resource,Social Work,30642
*,*,College of Social Science,*,Campus Resource,*,855213.0,,*,*,College of Social Science,*,Campus Resource,Sociology,32778
*,*,College of Social Science,*,Campus Resource,*,855213.0,,*,*,College of Social Science,*,Campus Resource,Urban and Regional Planning,24207.5
*,*,College of Social Science,*,Campus Resource,*,855213.0,,*,*,College of Social Science,*,Campus Resource,World Politics,35775
*,*,College of Social Science,*,Endowment,*,1340553.0,,*,*,College of Social Science,*,Endowment,Anthropology,77778.5
*,*,College of Social Science,*,Endowment,*,1340553.0,,*,*,College of Social Science,*,Endowment,Criminal Justice,87548.5
*,*,College of Social Science,*,Endowment,*,1340553.0,,*,*,College of Social Science,*,Endowment,Economics,78022.5
*,*,College of Social Science,*,Endowment,*,1340553.0,,*,*,College of Social Science,*,Endowment,Geographic Information Science,47980
*,*,College of Social Science,*,Endowment,*,1340553.0,,*,*,College of Social Science,*,Endowment,Geography,64961
*,*,College of Social Science,*,Endowment,*,1340553.0,,*,*,College of Social Science,*,Endowment,Global & Area Studies - Soc Sci,75458
*,*,College of Social Science,*,Endowment,*,1340553.0,,*,*,College of Social Science,*,Endowment,History,47281
*,*,College of Social Science,*,Endowment,*,1340553.0,,*,*,College of Social Science,*,Endowment,History Education,57583
*,*,College of Social Science,*,Endowment,*,1340553.0,,*,*,College of Social Science,*,Endowment,Human Development and Family Studies,112304
*,*,College of Social Science,*,Endowment,*,1340553.0,,*,*,College of Social Science,*,Endowment,Interdisciplinary Studies in Social Science,106128.5
*,*,College of Social Science,*,Endowment,*,1340553.0,,*,*,College of Social Science,*,Endowment,Interdisciplinary Studies in Social Science - Social Science Education,44526.5
*,*,College of Social Science,*,Endowment,*,1340553.0,,*,*,College of Social Science,*,Endowment,Political Science,59205
*,*,College of Social Science,*,Endowment,*,1340553.0,,*,*,College of Social Science,*,Endowment,Political Science-Prelaw,35970
*,*,College of Social Science,*,Endowment,*,1340553.0,,*,*,College of Social Science,*,Endowment,Psychology,104187
*,*,College of Social Science,*,Endowment,*,1340553.0,,*,*,College of Social Science,*,Endowment,Public Policy,65278
*,*,College of Social Science,*,Endowment,*,1340553.0,,*,*,College of Social Science,*,Endowment,Social Work,43977
*,*,College of Social Science,*,Endowment,*,1340553.0,,*,*,College of Social Science,*,Endowment,Sociology,84788.5
*,*,College of Social Science,*,Endowment,*,1340553.0,,*,*,College of Social Science,*,Endowment,Urban and Regional Planning,94089.5
*,*,College of Social Science,*,Endowment,*,1340553.0,,*,*,College of Social Science,*,Endowment,World Politics,53486.5
*,*,College of Social Science,*,Scholarship,*,1498670.5,,*,*,College of Social Science,*,Scholarship,Anthropology,72755.0
*,*,College of Social Science,*,Scholarship,*,1498670.5,,*,*,College of Social Science,*,Scholarship,Criminal Justice,73242
*,*,College of Social Science,*,Scholarship,*,1498670.5,,*,*,College of Social Science,*,Scholarship,Economics,63531.0
*,*,College of Social Science,*,Scholarship,*,1498670.5,,*,*,College of Social Science,*,Scholarship,Geographic Information Science,66274
*,*,College of Social Science,*,Scholarship,*,1498670.5,,*,*,College of Social Science,*,Scholarship,Geography,91608
*,*,College of Social Science,*,Scholarship,*,1498670.5,,*,*,College of Social Science,*,Scholarship,Global & Area Studies - Soc Sci,74224
*,*,College of Social Science,*,Scholarship,*,1498670.5,,*,*,College of Social Science,*,Scholarship,History,62181
*,*,College of Social Science,*,Scholarship,*,1498670.5,,*,*,College of Social Science,*,Scholarship,History Education,37016
*,*,College of Social Science,*,Scholarship,*,1498670.5,,*,*,College of Social Science,*,Scholarship,Human Development and Family Studies,82871
*,*,College of Social Science,*,Scholarship,*,1498670.5,,*,*,College of Social Science,*,Scholarship,Interdisciplinary Studies in Social Science,116111
*,*,College of Social Science,*,Scholarship,*,1498670.5,,*,*,College of Social Science,*,Scholarship,Interdisciplinary Studies in Social Science - Social Science Education,81827.5
*,*,College of Social Science,*,Scholarship,*,1498670.5,,*,*,College of Social Science,*,Scholarship,Political Science,47550
*,*,College of Social Science,*,Scholarship,*,1498670.5,,*,*,College of Social Science,*,Scholarship,Political Science-Prelaw,67875
*,*,College of Social Science,*,Scholarship,*,1498670.5,,*,*,College of Social Science,*,Scholarship,Psychology,63243.0
*,*,College of Social Science,*,Scholarship,*,1498670.5,,*,*,College of Social Science,*,Scholarship,Public Policy,143359.5
*,*,College of Social Science,*,Scholarship,*,1498670.5,,*,*,College of Social Science,*,Scholarship,Social Work,45873
*,*,College of Social Science,*,Scholarship,*,1498670.5,,*,*,College of Social Science,*,Scholarship,Sociology,88643
*,*,College of Social Science,*,Scholarship,*,1498670.5,,*,*,College of Social Science,*,Scholarship,Urban and Regional Planning,137945.5
*,*,College of Social Science,*,Scholarship,*,1498670.5,,*,*,College of Social Science,*,Scholarship,World Politics,82541.0
