*,Albuquerque,*,*,*,*,169283,,*,Albuquerque,*,Campus Recreation,*,*,9628
*,Albuquerque,*,*,*,*,169283,,*,Albuquerque,*,College of Education,*,*,10223
*,Albuquerque,*,*,*,*,169283,,*,Albuquerque,*,College of Music,*,*,7641
*,Albuquerque,*,*,*,*,169283,,*,Albuquerque,*,College of Natural Science,*,*,23091
*,Albuquerque,*,*,*,*,169283,,*,Albuquerque,*,College of Nursing,*,*,3870
*,Albuquerque,*,*,*,*,169283,,*,Albuquerque,*,College of Political Science,*,*,9628
*,Albuquerque,*,*,*,*,169283,,*,Albuquerque,*,College of Social Science,*,*,12846
*,Albuquerque,*,*,*,*,169283,,*,Albuquerque,*,Faculty Chair Endowments,*,*,26404
*,Albuquerque,*,*,*,*,169283,,*,Albuquerque,*,Honors Program,*,*,13971
*,Albuquerque,*,*,*,*,169283,,*,Albuquerque,*,In-State Scholarship Fund,*,*,17872
*,Albuquerque,*,*,*,*,169283,,*,Albuquerque,*,Parents Association,*,*,5703
*,Albuquerque,*,*,*,*,169283,,*,Albuquerque,*,Trustees Fund,*,*,11143
*,Albuquerque,*,*,*,*,169283,,*,Albuquerque,*,University Annual Fund,*,*,17263
*,Alexandria,*,*,*,*,233333,,*,Alexandria,*,Athletics,*,*,12660
*,Alexandria,*,*,*,*,233333,,*,Alexandria,*,Campus Museums,*,*,6032
*,Alexandria,*,*,*,*,233333,,*,Alexandria,*,Campus Recreation,*,*,2449
*,Alexandria,*,*,*,*,233333,,*,Alexandria,*,College of Agriculture and Natural Resources,*,*,29253
*,Alexandria,*,*,*,*,233333,,*,Alexandria,*,College of Arts and Sciences,*,*,19849
*,Alexandria,*,*,*,*,233333,,*,Alexandria,*,College of Business,*,*,9079
*,Alexandria,*,*,*,*,233333,,*,Alexandria,*,College of Natural Science,*,*,9450
*,Alexandria,*,*,*,*,233333,,*,Alexandria,*,College of Social Science,*,*,19780
*,Alexandria,*,*,*,*,233333,,*,Alexandria,*,Diversity Fund,*,*,15205
*,Alexandria,*,*,*,*,233333,,*,Alexandria,*,Faculty Chair Endowments,*,*,23312
*,Alexandria,*,*,*,*,233333,,*,Alexandria,*,Honors Program,*,*,6195
*,Alexandria,*,*,*,*,233333,,*,Alexandria,*,In-State Scholarship Fund,*,*,16493
*,Alexandria,*,*,*,*,233333,,*,Alexandria,*,Parents Association,*,*,9270
*,Alexandria,*,*,*,*,233333,,*,Alexandria,*,Trustees Fund,*,*,28055
*,Alexandria,*,*,*,*,233333,,*,Alexandria,*,University Annual Fund,*,*,18017
*,Alexandria,*,*,*,*,233333,,*,Alexandria,*,University Libraries,*,*,8234
*,Amarillo,*,*,*,*,122290,,*,Amarillo,*,Athletics,*,*,14870
*,Amarillo,*,*,*,*,122290,,*,Amarillo,*,College of Agriculture and Natural Resources,*,*,18061
*,Amarillo,*,*,*,*,122290,,*,Amarillo,*,College of Engineering,*,*,17453
*,Amarillo,*,*,*,*,122290,,*,Amarillo,*,College of Music,*,*,2372
*,Amarillo,*,*,*,*,122290,,*,Amarillo,*,College of Natural Science,*,*,1207
*,Amarillo,*,*,*,*,122290,,*,Amarillo,*,College of Social Science,*,*,3766
*,Amarillo,*,*,*,*,122290,,*,Amarillo,*,Diversity Fund,*,*,6959
*,Amarillo,*,*,*,*,122290,,*,Amarillo,*,Faculty Chair Endowments,*,*,20944
*,Amarillo,*,*,*,*,122290,,*,Amarillo,*,In-State Scholarship Fund,*,*,4784
*,Amarillo,*,*,*,*,122290,,*,Amarillo,*,Minority Scholarship Fund,*,*,1634
*,Amarillo,*,*,*,*,122290,,*,Amarillo,*,Trustees Fund,*,*,21759
*,Amarillo,*,*,*,*,122290,,*,Amarillo,*,University Annual Fund,*,*,2279
*,Amarillo,*,*,*,*,122290,,*,Amarillo,*,University Libraries,*,*,6202
*,Anaheim,*,*,*,*,102283,,*,Anaheim,*,Athletics,*,*,4636
*,Anaheim,*,*,*,*,102283,,*,Anaheim,*,Campus Museums,*,*,1122
*,Anaheim,*,*,*,*,102283,,*,Anaheim,*,Campus Recreation,*,*,9425
*,Anaheim,*,*,*,*,102283,,*,Anaheim,*,College of Arts and Sciences,*,*,6892
*,Anaheim,*,*,*,*,102283,,*,Anaheim,*,College of Music,*,*,2045
*,Anaheim,*,*,*,*,102283,,*,Anaheim,*,College of Natural Science,*,*,32827
*,Anaheim,*,*,*,*,102283,,*,Anaheim,*,Diversity Fund,*,*,25483
*,Anaheim,*,*,*,*,102283,,*,Anaheim,*,University Annual Fund,*,*,19853
*,Atlanta,*,*,*,*,264317,,*,Atlanta,*,Alumni Association,*,*,5229
*,Atlanta,*,*,*,*,264317,,*,Atlanta,*,Campus Museums,*,*,9238
*,Atlanta,*,*,*,*,264317,,*,Atlanta,*,College of Agriculture and Natural Resources,*,*,20528
*,Atlanta,*,*,*,*,264317,,*,Atlanta,*,College of Arts and Sciences,*,*,6399
*,Atlanta,*,*,*,*,264317,,*,Atlanta,*,College of Education,*,*,3169
*,Atlanta,*,*,*,*,264317,,*,Atlanta,*,College of Engineering,*,*,8752
*,Atlanta,*,*,*,*,264317,,*,Atlanta,*,College of Music,*,*,827
*,Atlanta,*,*,*,*,264317,,*,Atlanta,*,College of Natural Science,*,*,42666
*,Atlanta,*,*,*,*,264317,,*,Atlanta,*,College of Political Science,*,*,8953
*,Atlanta,*,*,*,*,264317,,*,Atlanta,*,College of Social Science,*,*,8231
*,Atlanta,*,*,*,*,264317,,*,Atlanta,*,Diversity Fund,*,*,23793
*,Atlanta,*,*,*,*,264317,,*,Atlanta,*,Faculty Chair Endowments,*,*,17619
*,Atlanta,*,*,*,*,264317,,*,Atlanta,*,Honors Program,*,*,8563
*,Atlanta,*,*,*,*,264317,,*,Atlanta,*,Minority Scholarship Fund,*,*,20279
*,Atlanta,*,*,*,*,264317,,*,Atlanta,*,Parents Association,*,*,14390
*,Atlanta,*,*,*,*,264317,,*,Atlanta,*,Trustees Fund,*,*,18491
*,Atlanta,*,*,*,*,264317,,*,Atlanta,*,University Annual Fund,*,*,47190
*,Austin,*,*,*,*,336339,,*,Austin,*,Alumni Association,*,*,12605
*,Austin,*,*,*,*,336339,,*,Austin,*,Athletics,*,*,13693
*,Austin,*,*,*,*,336339,,*,Austin,*,Campus Museums,*,*,9060
*,Austin,*,*,*,*,336339,,*,Austin,*,Campus Recreation,*,*,27399
*,Austin,*,*,*,*,336339,,*,Austin,*,College of Agriculture and Natural Resources,*,*,22141
*,Austin,*,*,*,*,336339,,*,Austin,*,College of Arts and Sciences,*,*,21545
*,Austin,*,*,*,*,336339,,*,Austin,*,College of Business,*,*,15408
*,Austin,*,*,*,*,336339,,*,Austin,*,College of Music,*,*,2633
*,Austin,*,*,*,*,336339,,*,Austin,*,College of Natural Science,*,*,44238
*,Austin,*,*,*,*,336339,,*,Austin,*,College of Political Science,*,*,4607
*,Austin,*,*,*,*,336339,,*,Austin,*,College of Social Science,*,*,7244
*,Austin,*,*,*,*,336339,,*,Austin,*,Diversity Fund,*,*,21988
*,Austin,*,*,*,*,336339,,*,Austin,*,Faculty Chair Endowments,*,*,26479
*,Austin,*,*,*,*,336339,,*,Austin,*,Honors Program,*,*,28764
*,Austin,*,*,*,*,336339,,*,Austin,*,In-State Scholarship Fund,*,*,9990
*,Austin,*,*,*,*,336339,,*,Austin,*,Parents Association,*,*,9783
*,Austin,*,*,*,*,336339,,*,Austin,*,Trustees Fund,*,*,34812
*,Austin,*,*,*,*,336339,,*,Austin,*,University Annual Fund,*,*,15536
*,Austin,*,*,*,*,336339,,*,Austin,*,University Libraries,*,*,8414
*,Baton Rouge,*,*,*,*,166663,,*,Baton Rouge,*,Alumni Association,*,*,8997
*,Baton Rouge,*,*,*,*,166663,,*,Baton Rouge,*,Campus Museums,*,*,4083
*,Baton Rouge,*,*,*,*,166663,,*,Baton Rouge,*,College of Arts and Sciences,*,*,23122
*,Baton Rouge,*,*,*,*,166663,,*,Baton Rouge,*,College of Communication Arts and Sciences,*,*,2069
*,Baton Rouge,*,*,*,*,166663,,*,Baton Rouge,*,College of Natural Science,*,*,9314
*,Baton Rouge,*,*,*,*,166663,,*,Baton Rouge,*,College of Political Science,*,*,2414
*,Baton Rouge,*,*,*,*,166663,,*,Baton Rouge,*,College of Social Science,*,*,20777
*,Baton Rouge,*,*,*,*,166663,,*,Baton Rouge,*,College of Veterinary Medicine,*,*,3095
*,Baton Rouge,*,*,*,*,166663,,*,Baton Rouge,*,Diversity Fund,*,*,27222
*,Baton Rouge,*,*,*,*,166663,,*,Baton Rouge,*,Faculty Chair Endowments,*,*,28683
*,Baton Rouge,*,*,*,*,166663,,*,Baton Rouge,*,In-State Scholarship Fund,*,*,19076
*,Baton Rouge,*,*,*,*,166663,,*,Baton Rouge,*,Minority Scholarship Fund,*,*,700
*,Baton Rouge,*,*,*,*,166663,,*,Baton Rouge,*,Parents Association,*,*,7243
*,Baton Rouge,*,*,*,*,166663,,*,Baton Rouge,*,University Annual Fund,*,*,9868
*,Birmingham,*,*,*,*,218110,,*,Birmingham,*,Alumni Association,*,*,24091
*,Birmingham,*,*,*,*,218110,,*,Birmingham,*,Athletics,*,*,5163
*,Birmingham,*,*,*,*,218110,,*,Birmingham,*,College of Arts and Sciences,*,*,12208
*,Birmingham,*,*,*,*,218110,,*,Birmingham,*,College of Communication Arts and Sciences,*,*,4777
*,Birmingham,*,*,*,*,218110,,*,Birmingham,*,College of Engineering,*,*,9833
*,Birmingham,*,*,*,*,218110,,*,Birmingham,*,College of Natural Science,*,*,33491
*,Birmingham,*,*,*,*,218110,,*,Birmingham,*,College of Social Science,*,*,7746
*,Birmingham,*,*,*,*,218110,,*,Birmingham,*,Diversity Fund,*,*,17336
*,Birmingham,*,*,*,*,218110,,*,Birmingham,*,Faculty Chair Endowments,*,*,18201
*,Birmingham,*,*,*,*,218110,,*,Birmingham,*,Minority Scholarship Fund,*,*,27194
*,Birmingham,*,*,*,*,218110,,*,Birmingham,*,Trustees Fund,*,*,15343
*,Birmingham,*,*,*,*,218110,,*,Birmingham,*,University Annual Fund,*,*,33127
*,Birmingham,*,*,*,*,218110,,*,Birmingham,*,University Libraries,*,*,9600
*,Boston,*,*,*,*,416307,,*,Boston,*,Alumni Association,*,*,7547
*,Boston,*,*,*,*,416307,,*,Boston,*,Campus Recreation,*,*,16925
*,Boston,*,*,*,*,416307,,*,Boston,*,College of Agriculture and Natural Resources,*,*,6979
*,Boston,*,*,*,*,416307,,*,Boston,*,College of Arts and Sciences,*,*,67407
*,Boston,*,*,*,*,416307,,*,Boston,*,College of Business,*,*,11999
*,Boston,*,*,*,*,416307,,*,Boston,*,College of Natural Science,*,*,36486
*,Boston,*,*,*,*,416307,,*,Boston,*,College of Nursing,*,*,17517
*,Boston,*,*,*,*,416307,,*,Boston,*,College of Political Science,*,*,4287
*,Boston,*,*,*,*,416307,,*,Boston,*,College of Social Science,*,*,45410
*,Boston,*,*,*,*,416307,,*,Boston,*,Diversity Fund,*,*,34086
*,Boston,*,*,*,*,416307,,*,Boston,*,Faculty Chair Endowments,*,*,33207
*,Boston,*,*,*,*,416307,,*,Boston,*,Honors Program,*,*,31116
*,Boston,*,*,*,*,416307,,*,Boston,*,In-State Scholarship Fund,*,*,11029
*,Boston,*,*,*,*,416307,,*,Boston,*,Parents Association,*,*,6672
*,Boston,*,*,*,*,416307,,*,Boston,*,Trustees Fund,*,*,35028
*,Boston,*,*,*,*,416307,,*,Boston,*,University Annual Fund,*,*,44366
*,Boston,*,*,*,*,416307,,*,Boston,*,University Libraries,*,*,6246
*,Casper,*,*,*,*,46537,,*,Casper,*,Diversity Fund,*,*,9538
*,Casper,*,*,*,*,46537,,*,Casper,*,Trustees Fund,*,*,4374
*,Casper,*,*,*,*,46537,,*,Casper,*,University Libraries,*,*,9411
*,Cedar Rapids,*,*,*,*,137018,,*,Cedar Rapids,*,Alumni Association,*,*,23290
*,Cedar Rapids,*,*,*,*,137018,,*,Cedar Rapids,*,Campus Museums,*,*,4539
*,Cedar Rapids,*,*,*,*,137018,,*,Cedar Rapids,*,Campus Recreation,*,*,9344
*,Cedar Rapids,*,*,*,*,137018,,*,Cedar Rapids,*,College of Arts and Sciences,*,*,14524
*,Cedar Rapids,*,*,*,*,137018,,*,Cedar Rapids,*,College of Education,*,*,8272
*,Cedar Rapids,*,*,*,*,137018,,*,Cedar Rapids,*,College of Natural Science,*,*,12407
*,Cedar Rapids,*,*,*,*,137018,,*,Cedar Rapids,*,College of Nursing,*,*,4461
*,Cedar Rapids,*,*,*,*,137018,,*,Cedar Rapids,*,College of Political Science,*,*,3110
*,Cedar Rapids,*,*,*,*,137018,,*,Cedar Rapids,*,College of Social Science,*,*,13250
*,Cedar Rapids,*,*,*,*,137018,,*,Cedar Rapids,*,Diversity Fund,*,*,8860
*,Cedar Rapids,*,*,*,*,137018,,*,Cedar Rapids,*,Faculty Chair Endowments,*,*,5013
*,Cedar Rapids,*,*,*,*,137018,,*,Cedar Rapids,*,In-State Scholarship Fund,*,*,3267
*,Cedar Rapids,*,*,*,*,137018,,*,Cedar Rapids,*,Trustees Fund,*,*,8257
*,Cedar Rapids,*,*,*,*,137018,,*,Cedar Rapids,*,University Annual Fund,*,*,15400
*,Cedar Rapids,*,*,*,*,137018,,*,Cedar Rapids,*,University Libraries,*,*,3024
*,Charleston,*,*,*,*,131394,,*,Charleston,*,Athletics,*,*,625
*,Charleston,*,*,*,*,131394,,*,Charleston,*,Campus Museums,*,*,9970
*,Charleston,*,*,*,*,131394,,*,Charleston,*,College of Agriculture and Natural Resources,*,*,19720
*,Charleston,*,*,*,*,131394,,*,Charleston,*,College of Arts and Sciences,*,*,3468
*,Charleston,*,*,*,*,131394,,*,Charleston,*,College of Communication Arts and Sciences,*,*,6519
*,Charleston,*,*,*,*,131394,,*,Charleston,*,College of Music,*,*,9970
*,Charleston,*,*,*,*,131394,,*,Charleston,*,College of Natural Science,*,*,9094
*,Charleston,*,*,*,*,131394,,*,Charleston,*,Diversity Fund,*,*,15092
*,Charleston,*,*,*,*,131394,,*,Charleston,*,Faculty Chair Endowments,*,*,18703
*,Charleston,*,*,*,*,131394,,*,Charleston,*,Honors Program,*,*,21717
*,Charleston,*,*,*,*,131394,,*,Charleston,*,Parents Association,*,*,12297
*,Charleston,*,*,*,*,131394,,*,Charleston,*,University Annual Fund,*,*,4219
*,Charlotte,*,*,*,*,188443,,*,Charlotte,*,Alumni Association,*,*,27031
*,Charlotte,*,*,*,*,188443,,*,Charlotte,*,Athletics,*,*,3514
*,Charlotte,*,*,*,*,188443,,*,Charlotte,*,Campus Recreation,*,*,8834
*,Charlotte,*,*,*,*,188443,,*,Charlotte,*,College of Arts and Sciences,*,*,6288
*,Charlotte,*,*,*,*,188443,,*,Charlotte,*,College of Communication Arts and Sciences,*,*,9277
*,Charlotte,*,*,*,*,188443,,*,Charlotte,*,College of Education,*,*,9292
*,Charlotte,*,*,*,*,188443,,*,Charlotte,*,College of Engineering,*,*,9863
*,Charlotte,*,*,*,*,188443,,*,Charlotte,*,College of Natural Science,*,*,14227
*,Charlotte,*,*,*,*,188443,,*,Charlotte,*,College of Political Science,*,*,6718
*,Charlotte,*,*,*,*,188443,,*,Charlotte,*,College of Social Science,*,*,15168
*,Charlotte,*,*,*,*,188443,,*,Charlotte,*,Diversity Fund,*,*,10955
*,Charlotte,*,*,*,*,188443,,*,Charlotte,*,Faculty Chair Endowments,*,*,38976
*,Charlotte,*,*,*,*,188443,,*,Charlotte,*,Trustees Fund,*,*,103
*,Charlotte,*,*,*,*,188443,,*,Charlotte,*,University Annual Fund,*,*,17902
*,Charlotte,*,*,*,*,188443,,*,Charlotte,*,University Libraries,*,*,10295
*,Chicago,*,*,*,*,1218280,,*,Chicago,*,Alumni Association,*,*,11437
*,Chicago,*,*,*,*,1218280,,*,Chicago,*,Athletics,*,*,58838
*,Chicago,*,*,*,*,1218280,,*,Chicago,*,Campus Museums,*,*,10456
*,Chicago,*,*,*,*,1218280,,*,Chicago,*,Campus Recreation,*,*,11771
*,Chicago,*,*,*,*,1218280,,*,Chicago,*,College of Agriculture and Natural Resources,*,*,22926
*,Chicago,*,*,*,*,1218280,,*,Chicago,*,College of Arts and Sciences,*,*,77207
*,Chicago,*,*,*,*,1218280,,*,Chicago,*,College of Business,*,*,3600
*,Chicago,*,*,*,*,1218280,,*,Chicago,*,College of Education,*,*,14578
*,Chicago,*,*,*,*,1218280,,*,Chicago,*,College of Engineering,*,*,13361
*,Chicago,*,*,*,*,1218280,,*,Chicago,*,College of Music,*,*,14157
*,Chicago,*,*,*,*,1218280,,*,Chicago,*,College of Natural Science,*,*,107049
*,Chicago,*,*,*,*,1218280,,*,Chicago,*,College of Political Science,*,*,11855
*,Chicago,*,*,*,*,1218280,,*,Chicago,*,College of Social Science,*,*,50442
*,Chicago,*,*,*,*,1218280,,*,Chicago,*,Faculty Chair Endowments,*,*,72573
*,Chicago,*,*,*,*,1218280,,*,Chicago,*,Honors Program,*,*,20181
*,Chicago,*,*,*,*,1218280,,*,Chicago,*,In-State Scholarship Fund,*,*,14603
*,Chicago,*,*,*,*,1218280,,*,Chicago,*,Minority Scholarship Fund,*,*,91
*,Chicago,*,*,*,*,1218280,,*,Chicago,*,Parents Association,*,*,29823
*,Chicago,*,*,*,*,1218280,,*,Chicago,*,Trustees Fund,*,*,65912
*,Chicago,*,*,*,*,1218280,,*,Chicago,*,University Annual Fund,*,*,56044
*,Chicago,*,*,*,*,1218280,,*,Chicago,*,University Libraries,*,*,21819
*,Cincinnati,*,*,*,*,752660,,*,Cincinnati,*,Alumni Association,*,*,36220
*,Cincinnati,*,*,*,*,752660,,*,Cincinnati,*,Athletics,*,*,33252
*,Cincinnati,*,*,*,*,752660,,*,Cincinnati,*,Campus Museums,*,*,1652
*,Cincinnati,*,*,*,*,752660,,*,Cincinnati,*,Campus Recreation,*,*,45001
*,Cincinnati,*,*,*,*,752660,,*,Cincinnati,*,College of Agriculture and Natural Resources,*,*,38095
*,Cincinnati,*,*,*,*,752660,,*,Cincinnati,*,College of Arts and Sciences,*,*,35760
*,Cincinnati,*,*,*,*,752660,,*,Cincinnati,*,College of Business,*,*,19974
*,Cincinnati,*,*,*,*,752660,,*,Cincinnati,*,College of Communication Arts and Sciences,*,*,16753
*,Cincinnati,*,*,*,*,752660,,*,Cincinnati,*,College of Engineering,*,*,2015
*,Cincinnati,*,*,*,*,752660,,*,Cincinnati,*,College of Music,*,*,14843
*,Cincinnati,*,*,*,*,752660,,*,Cincinnati,*,College of Natural Science,*,*,101110
*,Cincinnati,*,*,*,*,752660,,*,Cincinnati,*,College of Nursing,*,*,12128
*,Cincinnati,*,*,*,*,752660,,*,Cincinnati,*,College of Political Science,*,*,447
*,Cincinnati,*,*,*,*,752660,,*,Cincinnati,*,College of Social Science,*,*,54765
*,Cincinnati,*,*,*,*,752660,,*,Cincinnati,*,College of Veterinary Medicine,*,*,4821
*,Cincinnati,*,*,*,*,752660,,*,Cincinnati,*,Diversity Fund,*,*,25608
*,Cincinnati,*,*,*,*,752660,,*,Cincinnati,*,Faculty Chair Endowments,*,*,70512
*,Cincinnati,*,*,*,*,752660,,*,Cincinnati,*,Honors Program,*,*,19775
*,Cincinnati,*,*,*,*,752660,,*,Cincinnati,*,In-State Scholarship Fund,*,*,17923
*,Cincinnati,*,*,*,*,752660,,*,Cincinnati,*,Minority Scholarship Fund,*,*,49359
*,Cincinnati,*,*,*,*,752660,,*,Cincinnati,*,Parents Association,*,*,25578
*,Cincinnati,*,*,*,*,752660,,*,Cincinnati,*,Trustees Fund,*,*,42241
*,Cincinnati,*,*,*,*,752660,,*,Cincinnati,*,University Annual Fund,*,*,73040
*,Cincinnati,*,*,*,*,752660,,*,Cincinnati,*,University Libraries,*,*,11788
*,Cleveland,*,*,*,*,130180,,*,Cleveland,*,Alumni Association,*,*,18775
*,Cleveland,*,*,*,*,130180,,*,Cleveland,*,College of Agriculture and Natural Resources,*,*,8538
*,Cleveland,*,*,*,*,130180,,*,Cleveland,*,College of Arts and Sciences,*,*,14500
*,Cleveland,*,*,*,*,130180,,*,Cleveland,*,College of Communication Arts and Sciences,*,*,8538
*,Cleveland,*,*,*,*,130180,,*,Cleveland,*,College of Music,*,*,6757
*,Cleveland,*,*,*,*,130180,,*,Cleveland,*,College of Natural Science,*,*,11183
*,Cleveland,*,*,*,*,130180,,*,Cleveland,*,College of Social Science,*,*,1793
*,Cleveland,*,*,*,*,130180,,*,Cleveland,*,Diversity Fund,*,*,7050
*,Cleveland,*,*,*,*,130180,,*,Cleveland,*,Faculty Chair Endowments,*,*,7928
*,Cleveland,*,*,*,*,130180,,*,Cleveland,*,Trustees Fund,*,*,14374
*,Cleveland,*,*,*,*,130180,,*,Cleveland,*,University Annual Fund,*,*,21242
*,Cleveland,*,*,*,*,130180,,*,Cleveland,*,University Libraries,*,*,9502
*,Colorado Springs,*,*,*,*,327420,,*,Colorado Springs,*,Alumni Association,*,*,7986
*,Colorado Springs,*,*,*,*,327420,,*,Colorado Springs,*,Campus Museums,*,*,9309
*,Colorado Springs,*,*,*,*,327420,,*,Colorado Springs,*,College of Agriculture and Natural Resources,*,*,8396
*,Colorado Springs,*,*,*,*,327420,,*,Colorado Springs,*,College of Arts and Sciences,*,*,8151
*,Colorado Springs,*,*,*,*,327420,,*,Colorado Springs,*,College of Business,*,*,17199
*,Colorado Springs,*,*,*,*,327420,,*,Colorado Springs,*,College of Engineering,*,*,30636
*,Colorado Springs,*,*,*,*,327420,,*,Colorado Springs,*,College of Music,*,*,4887
*,Colorado Springs,*,*,*,*,327420,,*,Colorado Springs,*,College of Natural Science,*,*,22349
*,Colorado Springs,*,*,*,*,327420,,*,Colorado Springs,*,College of Political Science,*,*,28061
*,Colorado Springs,*,*,*,*,327420,,*,Colorado Springs,*,College of Social Science,*,*,16069
*,Colorado Springs,*,*,*,*,327420,,*,Colorado Springs,*,Diversity Fund,*,*,31185
*,Colorado Springs,*,*,*,*,327420,,*,Colorado Springs,*,Faculty Chair Endowments,*,*,34193
*,Colorado Springs,*,*,*,*,327420,,*,Colorado Springs,*,In-State Scholarship Fund,*,*,18342
*,Colorado Springs,*,*,*,*,327420,,*,Colorado Springs,*,Minority Scholarship Fund,*,*,3820
*,Colorado Springs,*,*,*,*,327420,,*,Colorado Springs,*,Parents Association,*,*,25572
*,Colorado Springs,*,*,*,*,327420,,*,Colorado Springs,*,Trustees Fund,*,*,23237
*,Colorado Springs,*,*,*,*,327420,,*,Colorado Springs,*,University Annual Fund,*,*,32954
*,Colorado Springs,*,*,*,*,327420,,*,Colorado Springs,*,University Libraries,*,*,5074
*,Columbia,*,*,*,*,144010,,*,Columbia,*,Alumni Association,*,*,4356
*,Columbia,*,*,*,*,144010,,*,Columbia,*,Campus Museums,*,*,10112
*,Columbia,*,*,*,*,144010,,*,Columbia,*,Campus Recreation,*,*,290
*,Columbia,*,*,*,*,144010,,*,Columbia,*,College of Agriculture and Natural Resources,*,*,17818
*,Columbia,*,*,*,*,144010,,*,Columbia,*,College of Arts and Sciences,*,*,26546
*,Columbia,*,*,*,*,144010,,*,Columbia,*,College of Communication Arts and Sciences,*,*,20974
*,Columbia,*,*,*,*,144010,,*,Columbia,*,College of Education,*,*,9232
*,Columbia,*,*,*,*,144010,,*,Columbia,*,College of Natural Science,*,*,6672
*,Columbia,*,*,*,*,144010,,*,Columbia,*,College of Social Science,*,*,7680
*,Columbia,*,*,*,*,144010,,*,Columbia,*,Diversity Fund,*,*,1742
*,Columbia,*,*,*,*,144010,,*,Columbia,*,Faculty Chair Endowments,*,*,11819
*,Columbia,*,*,*,*,144010,,*,Columbia,*,In-State Scholarship Fund,*,*,12012
*,Columbia,*,*,*,*,144010,,*,Columbia,*,Parents Association,*,*,1162
*,Columbia,*,*,*,*,144010,,*,Columbia,*,Trustees Fund,*,*,13595
*,Dallas,*,*,*,*,631610,,*,Dallas,*,Alumni Association,*,*,11969
*,Dallas,*,*,*,*,631610,,*,Dallas,*,Campus Museums,*,*,36622
*,Dallas,*,*,*,*,631610,,*,Dallas,*,Campus Recreation,*,*,26702
*,Dallas,*,*,*,*,631610,,*,Dallas,*,College of Agriculture and Natural Resources,*,*,34938
*,Dallas,*,*,*,*,631610,,*,Dallas,*,College of Arts and Sciences,*,*,41437
*,Dallas,*,*,*,*,631610,,*,Dallas,*,College of Business,*,*,11561
*,Dallas,*,*,*,*,631610,,*,Dallas,*,College of Education,*,*,22902
*,Dallas,*,*,*,*,631610,,*,Dallas,*,College of Engineering,*,*,15544
*,Dallas,*,*,*,*,631610,,*,Dallas,*,College of Music,*,*,4684
*,Dallas,*,*,*,*,631610,,*,Dallas,*,College of Natural Science,*,*,47553
*,Dallas,*,*,*,*,631610,,*,Dallas,*,College of Social Science,*,*,55504
*,Dallas,*,*,*,*,631610,,*,Dallas,*,Diversity Fund,*,*,28635
*,Dallas,*,*,*,*,631610,,*,Dallas,*,Faculty Chair Endowments,*,*,72161
*,Dallas,*,*,*,*,631610,,*,Dallas,*,Honors Program,*,*,11446
*,Dallas,*,*,*,*,631610,,*,Dallas,*,In-State Scholarship Fund,*,*,2031
*,Dallas,*,*,*,*,631610,,*,Dallas,*,Minority Scholarship Fund,*,*,33227
*,Dallas,*,*,*,*,631610,,*,Dallas,*,Parents Association,*,*,32328
*,Dallas,*,*,*,*,631610,,*,Dallas,*,Trustees Fund,*,*,66565
*,Dallas,*,*,*,*,631610,,*,Dallas,*,University Annual Fund,*,*,50864
*,Dallas,*,*,*,*,631610,,*,Dallas,*,University Libraries,*,*,24937
*,Denver,*,*,*,*,2856495.0,,*,Denver,*,Alumni Association,*,*,85306.5
*,Denver,*,*,*,*,2856495.0,,*,Denver,*,Athletics,*,*,67072.5
*,Denver,*,*,*,*,2856495.0,,*,Denver,*,Campus Museums,*,*,124504.5
*,Denver,*,*,*,*,2856495.0,,*,Denver,*,Campus Recreation,*,*,58261.5
*,Denver,*,*,*,*,2856495.0,,*,Denver,*,College of Agriculture and Natural Resources,*,*,192784.5
*,Denver,*,*,*,*,2856495.0,,*,Denver,*,College of Arts and Sciences,*,*,254530.5
*,Denver,*,*,*,*,2856495.0,,*,Denver,*,College of Business,*,*,52746.0
*,Denver,*,*,*,*,2856495.0,,*,Denver,*,College of Communication Arts and Sciences,*,*,42346.5
*,Denver,*,*,*,*,2856495.0,,*,Denver,*,College of Education,*,*,19854
*,Denver,*,*,*,*,2856495.0,,*,Denver,*,College of Engineering,*,*,81439.5
*,Denver,*,*,*,*,2856495.0,,*,Denver,*,College of Music,*,*,32281.5
*,Denver,*,*,*,*,2856495.0,,*,Denver,*,College of Natural Science,*,*,151110.0
*,Denver,*,*,*,*,2856495.0,,*,Denver,*,College of Nursing,*,*,58861.5
*,Denver,*,*,*,*,2856495.0,,*,Denver,*,College of Political Science,*,*,31287.0
*,Denver,*,*,*,*,2856495.0,,*,Denver,*,College of Social Science,*,*,233577.0
*,Denver,*,*,*,*,2856495.0,,*,Denver,*,College of Veterinary Medicine,*,*,14893.5
*,Denver,*,*,*,*,2856495.0,,*,Denver,*,Diversity Fund,*,*,238471.5
*,Denver,*,*,*,*,2856495.0,,*,Denver,*,Faculty Chair Endowments,*,*,231576.0
*,Denver,*,*,*,*,2856495.0,,*,Denver,*,Honors Program,*,*,121705.5
*,Denver,*,*,*,*,2856495.0,,*,Denver,*,In-State Scholarship Fund,*,*,35046.0
*,Denver,*,*,*,*,2856495.0,,*,Denver,*,Minority Scholarship Fund,*,*,81256.5
*,Denver,*,*,*,*,2856495.0,,*,Denver,*,Parents Association,*,*,71974.5
*,Denver,*,*,*,*,2856495.0,,*,Denver,*,Trustees Fund,*,*,197391.0
*,Denver,*,*,*,*,2856495.0,,*,Denver,*,University Annual Fund,*,*,295947.0
*,Denver,*,*,*,*,2856495.0,,*,Denver,*,University Libraries,*,*,82270.5
*,Des Moines,*,*,*,*,32874,,*,Des Moines,*,Campus Recreation,*,*,6400
*,Des Moines,*,*,*,*,32874,,*,Des Moines,*,College of Agriculture and Natural Resources,*,*,1532
*,Des Moines,*,*,*,*,32874,,*,Des Moines,*,College of Social Science,*,*,1587
*,Des Moines,*,*,*,*,32874,,*,Des Moines,*,Diversity Fund,*,*,7403
*,Des Moines,*,*,*,*,32874,,*,Des Moines,*,Faculty Chair Endowments,*,*,383
*,Des Moines,*,*,*,*,32874,,*,Des Moines,*,In-State Scholarship Fund,*,*,7126
*,Des Moines,*,*,*,*,32874,,*,Des Moines,*,University Annual Fund,*,*,1587
*,Des Moines,*,*,*,*,32874,,*,Des Moines,*,University Libraries,*,*,6856
*,Detroit,*,*,*,*,455208,,*,Detroit,*,Alumni Association,*,*,8363
*,Detroit,*,*,*,*,455208,,*,Detroit,*,Campus Museums,*,*,41928
*,Detroit,*,*,*,*,455208,,*,Detroit,*,Campus Recreation,*,*,17399
*,Detroit,*,*,*,*,455208,,*,Detroit,*,College of Agriculture and Natural Resources,*,*,11671
*,Detroit,*,*,*,*,455208,,*,Detroit,*,College of Arts and Sciences,*,*,55942
*,Detroit,*,*,*,*,455208,,*,Detroit,*,College of Business,*,*,14361
*,Detroit,*,*,*,*,455208,,*,Detroit,*,College of Communication Arts and Sciences,*,*,6006
*,Detroit,*,*,*,*,455208,,*,Detroit,*,College of Engineering,*,*,16177
*,Detroit,*,*,*,*,455208,,*,Detroit,*,College of Music,*,*,11604
*,Detroit,*,*,*,*,455208,,*,Detroit,*,College of Natural Science,*,*,44660
*,Detroit,*,*,*,*,455208,,*,Detroit,*,College of Nursing,*,*,91
*,Detroit,*,*,*,*,455208,,*,Detroit,*,College of Political Science,*,*,8795
*,Detroit,*,*,*,*,455208,,*,Detroit,*,College of Social Science,*,*,816
*,Detroit,*,*,*,*,455208,,*,Detroit,*,College of Veterinary Medicine,*,*,13114
*,Detroit,*,*,*,*,455208,,*,Detroit,*,Diversity Fund,*,*,15780
*,Detroit,*,*,*,*,455208,,*,Detroit,*,Faculty Chair Endowments,*,*,35243
*,Detroit,*,*,*,*,455208,,*,Detroit,*,Honors Program,*,*,30550
*,Detroit,*,*,*,*,455208,,*,Detroit,*,In-State Scholarship Fund,*,*,24283
*,Detroit,*,*,*,*,455208,,*,Detroit,*,Minority Scholarship Fund,*,*,3704
*,Detroit,*,*,*,*,455208,,*,Detroit,*,Parents Association,*,*,29059
*,Detroit,*,*,*,*,455208,,*,Detroit,*,Trustees Fund,*,*,40671
*,Detroit,*,*,*,*,455208,,*,Detroit,*,University Annual Fund,*,*,14431
*,Detroit,*,*,*,*,455208,,*,Detroit,*,University Libraries,*,*,10560
*,Durham,*,*,*,*,258300,,*,Durham,*,Alumni Association,*,*,6378
*,Durham,*,*,*,*,258300,,*,Durham,*,Athletics,*,*,9936
*,Durham,*,*,*,*,258300,,*,Durham,*,Campus Recreation,*,*,9928
*,Durham,*,*,*,*,258300,,*,Durham,*,College of Agriculture and Natural Resources,*,*,8323
*,Durham,*,*,*,*,258300,,*,Durham,*,College of Arts and Sciences,*,*,3784
*,Durham,*,*,*,*,258300,,*,Durham,*,College of Communication Arts and Sciences,*,*,9626
*,Durham,*,*,*,*,258300,,*,Durham,*,College of Education,*,*,4607
*,Durham,*,*,*,*,258300,,*,Durham,*,College of Engineering,*,*,1362
*,Durham,*,*,*,*,258300,,*,Durham,*,College of Natural Science,*,*,7374
*,Durham,*,*,*,*,258300,,*,Durham,*,College of Nursing,*,*,267
*,Durham,*,*,*,*,258300,,*,Durham,*,College of Political Science,*,*,9990
*,Durham,*,*,*,*,258300,,*,Durham,*,College of Social Science,*,*,23048
*,Durham,*,*,*,*,258300,,*,Durham,*,Diversity Fund,*,*,9990
*,Durham,*,*,*,*,258300,,*,Durham,*,Faculty Chair Endowments,*,*,42125
*,Durham,*,*,*,*,258300,,*,Durham,*,Honors Program,*,*,22492
*,Durham,*,*,*,*,258300,,*,Durham,*,In-State Scholarship Fund,*,*,8254
*,Durham,*,*,*,*,258300,,*,Durham,*,Minority Scholarship Fund,*,*,22110
*,Durham,*,*,*,*,258300,,*,Durham,*,Parents Association,*,*,12371
*,Durham,*,*,*,*,258300,,*,Durham,*,Trustees Fund,*,*,30124
*,Durham,*,*,*,*,258300,,*,Durham,*,University Annual Fund,*,*,16211
*,El Paso,*,*,*,*,113571,,*,El Paso,*,Athletics,*,*,13848
*,El Paso,*,*,*,*,113571,,*,El Paso,*,Campus Museums,*,*,4939
*,El Paso,*,*,*,*,113571,,*,El Paso,*,College of Agriculture and Natural Resources,*,*,11076
*,El Paso,*,*,*,*,113571,,*,El Paso,*,College of Communication Arts and Sciences,*,*,11545
*,El Paso,*,*,*,*,113571,,*,El Paso,*,College of Education,*,*,4251
*,El Paso,*,*,*,*,113571,,*,El Paso,*,College of Natural Science,*,*,7315
*,El Paso,*,*,*,*,113571,,*,El Paso,*,College of Political Science,*,*,724
*,El Paso,*,*,*,*,113571,,*,El Paso,*,College of Social Science,*,*,11555
*,El Paso,*,*,*,*,113571,,*,El Paso,*,Diversity Fund,*,*,9446
*,El Paso,*,*,*,*,113571,,*,El Paso,*,Faculty Chair Endowments,*,*,724
*,El Paso,*,*,*,*,113571,,*,El Paso,*,In-State Scholarship Fund,*,*,1848
*,El Paso,*,*,*,*,113571,,*,El Paso,*,Trustees Fund,*,*,17502
*,El Paso,*,*,*,*,113571,,*,El Paso,*,University Annual Fund,*,*,10541
*,El Paso,*,*,*,*,113571,,*,El Paso,*,University Libraries,*,*,8257
*,Eugene,*,*,*,*,102512,,*,Eugene,*,Athletics,*,*,3564
*,Eugene,*,*,*,*,102512,,*,Eugene,*,Campus Museums,*,*,10555
*,Eugene,*,*,*,*,102512,,*,Eugene,*,College of Agriculture and Natural Resources,*,*,7647
*,Eugene,*,*,*,*,102512,,*,Eugene,*,College of Arts and Sciences,*,*,8290
*,Eugene,*,*,*,*,102512,,*,Eugene,*,College of Music,*,*,9941
*,Eugene,*,*,*,*,102512,,*,Eugene,*,College of Social Science,*,*,14284
*,Eugene,*,*,*,*,102512,,*,Eugene,*,Diversity Fund,*,*,12180
*,Eugene,*,*,*,*,102512,,*,Eugene,*,In-State Scholarship Fund,*,*,8290
*,Eugene,*,*,*,*,102512,,*,Eugene,*,Trustees Fund,*,*,4839
*,Eugene,*,*,*,*,102512,,*,Eugene,*,University Annual Fund,*,*,7398
*,Eugene,*,*,*,*,102512,,*,Eugene,*,University Libraries,*,*,15524
*,Fort Lauderdale,*,*,*,*,63112,,*,Fort Lauderdale,*,Campus Recreation,*,*,15106
*,Fort Lauderdale,*,*,*,*,63112,,*,Fort Lauderdale,*,College of Agriculture and Natural Resources,*,*,5107
*,Fort Lauderdale,*,*,*,*,63112,,*,Fort Lauderdale,*,College of Natural Science,*,*,8085
*,Fort Lauderdale,*,*,*,*,63112,,*,Fort Lauderdale,*,Diversity Fund,*,*,3896
*,Fort Lauderdale,*,*,*,*,63112,,*,Fort Lauderdale,*,University Annual Fund,*,*,4018
*,Fresno,*,*,*,*,231167,,*,Fresno,*,Alumni Association,*,*,427
*,Fresno,*,*,*,*,231167,,*,Fresno,*,Athletics,*,*,24870
*,Fresno,*,*,*,*,231167,,*,Fresno,*,Campus Museums,*,*,8028
*,Fresno,*,*,*,*,231167,,*,Fresno,*,Campus Recreation,*,*,1538
*,Fresno,*,*,*,*,231167,,*,Fresno,*,College of Arts and Sciences,*,*,10889
*,Fresno,*,*,*,*,231167,,*,Fresno,*,College of Business,*,*,2396
*,Fresno,*,*,*,*,231167,,*,Fresno,*,College of Engineering,*,*,9471
*,Fresno,*,*,*,*,231167,,*,Fresno,*,College of Natural Science,*,*,25692
*,Fresno,*,*,*,*,231167,,*,Fresno,*,College of Political Science,*,*,2639
*,Fresno,*,*,*,*,231167,,*,Fresno,*,Diversity Fund,*,*,17127
*,Fresno,*,*,*,*,231167,,*,Fresno,*,Faculty Chair Endowments,*,*,35848
*,Fresno,*,*,*,*,231167,,*,Fresno,*,Honors Program,*,*,9185
*,Fresno,*,*,*,*,231167,,*,Fresno,*,In-State Scholarship Fund,*,*,13832
*,Fresno,*,*,*,*,231167,,*,Fresno,*,Parents Association,*,*,26992
*,Fresno,*,*,*,*,231167,,*,Fresno,*,Trustees Fund,*,*,26172
*,Fresno,*,*,*,*,231167,,*,Fresno,*,University Annual Fund,*,*,16061
*,Grand Rapids,*,*,*,*,96047,,*,Grand Rapids,*,Alumni Association,*,*,7242
*,Grand Rapids,*,*,*,*,96047,,*,Grand Rapids,*,College of Agriculture and Natural Resources,*,*,9396
*,Grand Rapids,*,*,*,*,96047,,*,Grand Rapids,*,College of Business,*,*,3207
*,Grand Rapids,*,*,*,*,96047,,*,Grand Rapids,*,College of Music,*,*,8433
*,Grand Rapids,*,*,*,*,96047,,*,Grand Rapids,*,College of Natural Science,*,*,4022
*,Grand Rapids,*,*,*,*,96047,,*,Grand Rapids,*,Diversity Fund,*,*,12768
*,Grand Rapids,*,*,*,*,96047,,*,Grand Rapids,*,Faculty Chair Endowments,*,*,14482
*,Grand Rapids,*,*,*,*,96047,,*,Grand Rapids,*,Trustees Fund,*,*,11288
*,Grand Rapids,*,*,*,*,96047,,*,Grand Rapids,*,University Annual Fund,*,*,18347
*,Grand Rapids,*,*,*,*,96047,,*,Grand Rapids,*,University Libraries,*,*,6862
*,Hartford,*,*,*,*,456542,,*,Hartford,*,Alumni Association,*,*,9578
*,Hartford,*,*,*,*,456542,,*,Hartford,*,Athletics,*,*,7646
*,Hartford,*,*,*,*,456542,,*,Hartford,*,Campus Museums,*,*,41566
*,Hartford,*,*,*,*,456542,,*,Hartford,*,Campus Recreation,*,*,1105
*,Hartford,*,*,*,*,456542,,*,Hartford,*,College of Agriculture and Natural Resources,*,*,27308
*,Hartford,*,*,*,*,456542,,*,Hartford,*,College of Arts and Sciences,*,*,9131
*,Hartford,*,*,*,*,456542,,*,Hartford,*,College of Business,*,*,18119
*,Hartford,*,*,*,*,456542,,*,Hartford,*,College of Engineering,*,*,15805
*,Hartford,*,*,*,*,456542,,*,Hartford,*,College of Music,*,*,6206
*,Hartford,*,*,*,*,456542,,*,Hartford,*,College of Natural Science,*,*,24635
*,Hartford,*,*,*,*,456542,,*,Hartford,*,College of Nursing,*,*,18218
*,Hartford,*,*,*,*,456542,,*,Hartford,*,College of Political Science,*,*,4982
*,Hartford,*,*,*,*,456542,,*,Hartford,*,College of Social Science,*,*,50817
*,Hartford,*,*,*,*,456542,,*,Hartford,*,Diversity Fund,*,*,47562
*,Hartford,*,*,*,*,456542,,*,Hartford,*,Faculty Chair Endowments,*,*,29080
*,Hartford,*,*,*,*,456542,,*,Hartford,*,Honors Program,*,*,11967
*,Hartford,*,*,*,*,456542,,*,Hartford,*,Minority Scholarship Fund,*,*,12212
*,Hartford,*,*,*,*,456542,,*,Hartford,*,Parents Association,*,*,11249
*,Hartford,*,*,*,*,456542,,*,Hartford,*,Trustees Fund,*,*,68861
*,Hartford,*,*,*,*,456542,,*,Hartford,*,University Annual Fund,*,*,40495
*,Henderson,*,*,*,*,140431,,*,Henderson,*,Alumni Association,*,*,995
*,Henderson,*,*,*,*,140431,,*,Henderson,*,Athletics,*,*,434
*,Henderson,*,*,*,*,140431,,*,Henderson,*,Campus Museums,*,*,5741
*,Henderson,*,*,*,*,140431,,*,Henderson,*,Campus Recreation,*,*,5847
*,Henderson,*,*,*,*,140431,,*,Henderson,*,College of Agriculture and Natural Resources,*,*,16578
*,Henderson,*,*,*,*,140431,,*,Henderson,*,College of Arts and Sciences,*,*,17088
*,Henderson,*,*,*,*,140431,,*,Henderson,*,College of Business,*,*,3009
*,Henderson,*,*,*,*,140431,,*,Henderson,*,College of Communication Arts and Sciences,*,*,1300
*,Henderson,*,*,*,*,140431,,*,Henderson,*,College of Natural Science,*,*,2966
*,Henderson,*,*,*,*,140431,,*,Henderson,*,College of Social Science,*,*,16805
*,Henderson,*,*,*,*,140431,,*,Henderson,*,Diversity Fund,*,*,8704
*,Henderson,*,*,*,*,140431,,*,Henderson,*,Parents Association,*,*,2898
*,Henderson,*,*,*,*,140431,,*,Henderson,*,Trustees Fund,*,*,36566
*,Henderson,*,*,*,*,140431,,*,Henderson,*,University Annual Fund,*,*,21500
*,Houston,*,*,*,*,572758,,*,Houston,*,Alumni Association,*,*,5687
*,Houston,*,*,*,*,572758,,*,Houston,*,Athletics,*,*,18923
*,Houston,*,*,*,*,572758,,*,Houston,*,Campus Recreation,*,*,1411
*,Houston,*,*,*,*,572758,,*,Houston,*,College of Agriculture and Natural Resources,*,*,14701
*,Houston,*,*,*,*,572758,,*,Houston,*,College of Arts and Sciences,*,*,36700
*,Houston,*,*,*,*,572758,,*,Houston,*,College of Communication Arts and Sciences,*,*,18347
*,Houston,*,*,*,*,572758,,*,Houston,*,College of Education,*,*,7490
*,Houston,*,*,*,*,572758,,*,Houston,*,College of Engineering,*,*,25120
*,Houston,*,*,*,*,572758,,*,Houston,*,College of Natural Science,*,*,36216
*,Houston,*,*,*,*,572758,,*,Houston,*,College of Political Science,*,*,6281
*,Houston,*,*,*,*,572758,,*,Houston,*,College of Social Science,*,*,21455
*,Houston,*,*,*,*,572758,,*,Houston,*,Diversity Fund,*,*,83626
*,Houston,*,*,*,*,572758,,*,Houston,*,Faculty Chair Endowments,*,*,30803
*,Houston,*,*,*,*,572758,,*,Houston,*,Honors Program,*,*,38921
*,Houston,*,*,*,*,572758,,*,Houston,*,In-State Scholarship Fund,*,*,22893
*,Houston,*,*,*,*,572758,,*,Houston,*,Minority Scholarship Fund,*,*,42272
*,Houston,*,*,*,*,572758,,*,Houston,*,Parents Association,*,*,17630
*,Houston,*,*,*,*,572758,,*,Houston,*,Trustees Fund,*,*,34973
*,Houston,*,*,*,*,572758,,*,Houston,*,University Annual Fund,*,*,74124
*,Houston,*,*,*,*,572758,,*,Houston,*,University Libraries,*,*,35185
*,Huntsville,*,*,*,*,14364,,*,Huntsville,*,Campus Recreation,*,*,1248
*,Huntsville,*,*,*,*,14364,,*,Huntsville,*,College of Business,*,*,2533
*,Huntsville,*,*,*,*,14364,,*,Huntsville,*,College of Natural Science,*,*,1609
*,Indianapolis,*,*,*,*,492392,,*,Indianapolis,*,Alumni Association,*,*,56758
*,Indianapolis,*,*,*,*,492392,,*,Indianapolis,*,Athletics,*,*,10765
*,Indianapolis,*,*,*,*,492392,,*,Indianapolis,*,Campus Museums,*,*,2474
*,Indianapolis,*,*,*,*,492392,,*,Indianapolis,*,Campus Recreation,*,*,25975
*,Indianapolis,*,*,*,*,492392,,*,Indianapolis,*,College of Agriculture and Natural Resources,*,*,3912
*,Indianapolis,*,*,*,*,492392,,*,Indianapolis,*,College of Arts and Sciences,*,*,85690
*,Indianapolis,*,*,*,*,492392,,*,Indianapolis,*,College of Communication Arts and Sciences,*,*,1567
*,Indianapolis,*,*,*,*,492392,,*,Indianapolis,*,College of Natural Science,*,*,25728
*,Indianapolis,*,*,*,*,492392,,*,Indianapolis,*,College of Nursing,*,*,9306
*,Indianapolis,*,*,*,*,492392,,*,Indianapolis,*,College of Political Science,*,*,13454
*,Indianapolis,*,*,*,*,492392,,*,Indianapolis,*,Diversity Fund,*,*,55563
*,Indianapolis,*,*,*,*,492392,,*,Indianapolis,*,Faculty Chair Endowments,*,*,42862
*,Indianapolis,*,*,*,*,492392,,*,Indianapolis,*,Honors Program,*,*,12023
*,Indianapolis,*,*,*,*,492392,,*,Indianapolis,*,In-State Scholarship Fund,*,*,29942
*,Indianapolis,*,*,*,*,492392,,*,Indianapolis,*,Minority Scholarship Fund,*,*,24632
*,Indianapolis,*,*,*,*,492392,,*,Indianapolis,*,Parents Association,*,*,16310
*,Indianapolis,*,*,*,*,492392,,*,Indianapolis,*,Trustees Fund,*,*,20252
*,Indianapolis,*,*,*,*,492392,,*,Indianapolis,*,University Annual Fund,*,*,35747
*,Indianapolis,*,*,*,*,492392,,*,Indianapolis,*,University Libraries,*,*,19432
*,Jacksonville,*,*,*,*,152609,,*,Jacksonville,*,Athletics,*,*,2245
*,Jacksonville,*,*,*,*,152609,,*,Jacksonville,*,College of Agriculture and Natural Resources,*,*,7578
*,Jacksonville,*,*,*,*,152609,,*,Jacksonville,*,College of Arts and Sciences,*,*,8450
*,Jacksonville,*,*,*,*,152609,,*,Jacksonville,*,College of Natural Science,*,*,7534
*,Jacksonville,*,*,*,*,152609,,*,Jacksonville,*,College of Political Science,*,*,1587
*,Jacksonville,*,*,*,*,152609,,*,Jacksonville,*,College of Social Science,*,*,14156
*,Jacksonville,*,*,*,*,152609,,*,Jacksonville,*,Diversity Fund,*,*,27672
*,Jacksonville,*,*,*,*,152609,,*,Jacksonville,*,Faculty Chair Endowments,*,*,31314
*,Jacksonville,*,*,*,*,152609,,*,Jacksonville,*,Honors Program,*,*,9582
*,Jacksonville,*,*,*,*,152609,,*,Jacksonville,*,Minority Scholarship Fund,*,*,2553
*,Jacksonville,*,*,*,*,152609,,*,Jacksonville,*,Parents Association,*,*,1556
*,Jacksonville,*,*,*,*,152609,,*,Jacksonville,*,Trustees Fund,*,*,18416
*,Jacksonville,*,*,*,*,152609,,*,Jacksonville,*,University Annual Fund,*,*,19966
*,Kansas City,*,*,*,*,496952,,*,Kansas City,*,Alumni Association,*,*,29571
*,Kansas City,*,*,*,*,496952,,*,Kansas City,*,Athletics,*,*,8199
*,Kansas City,*,*,*,*,496952,,*,Kansas City,*,Campus Museums,*,*,15546
*,Kansas City,*,*,*,*,496952,,*,Kansas City,*,Campus Recreation,*,*,7618
*,Kansas City,*,*,*,*,496952,,*,Kansas City,*,College of Agriculture and Natural Resources,*,*,50915
*,Kansas City,*,*,*,*,496952,,*,Kansas City,*,College of Arts and Sciences,*,*,41793
*,Kansas City,*,*,*,*,496952,,*,Kansas City,*,College of Communication Arts and Sciences,*,*,7582
*,Kansas City,*,*,*,*,496952,,*,Kansas City,*,College of Education,*,*,5495
*,Kansas City,*,*,*,*,496952,,*,Kansas City,*,College of Music,*,*,29047
*,Kansas City,*,*,*,*,496952,,*,Kansas City,*,College of Natural Science,*,*,43497
*,Kansas City,*,*,*,*,496952,,*,Kansas City,*,College of Nursing,*,*,13375
*,Kansas City,*,*,*,*,496952,,*,Kansas City,*,College of Social Science,*,*,34465
*,Kansas City,*,*,*,*,496952,,*,Kansas City,*,Diversity Fund,*,*,37763
*,Kansas City,*,*,*,*,496952,,*,Kansas City,*,Faculty Chair Endowments,*,*,59130
*,Kansas City,*,*,*,*,496952,,*,Kansas City,*,Honors Program,*,*,18969
*,Kansas City,*,*,*,*,496952,,*,Kansas City,*,In-State Scholarship Fund,*,*,3677
*,Kansas City,*,*,*,*,496952,,*,Kansas City,*,Minority Scholarship Fund,*,*,3043
*,Kansas City,*,*,*,*,496952,,*,Kansas City,*,Parents Association,*,*,3045
*,Kansas City,*,*,*,*,496952,,*,Kansas City,*,Trustees Fund,*,*,50297
*,Kansas City,*,*,*,*,496952,,*,Kansas City,*,University Annual Fund,*,*,32019
*,Kansas City,*,*,*,*,496952,,*,Kansas City,*,University Libraries,*,*,1906
*,Knoxville,*,*,*,*,120497,,*,Knoxville,*,Alumni Association,*,*,24271
*,Knoxville,*,*,*,*,120497,,*,Knoxville,*,Campus Museums,*,*,3897
*,Knoxville,*,*,*,*,120497,,*,Knoxville,*,Campus Recreation,*,*,9483
*,Knoxville,*,*,*,*,120497,,*,Knoxville,*,College of Agriculture and Natural Resources,*,*,15809
*,Knoxville,*,*,*,*,120497,,*,Knoxville,*,College of Arts and Sciences,*,*,7181
*,Knoxville,*,*,*,*,120497,,*,Knoxville,*,College of Engineering,*,*,8955
*,Knoxville,*,*,*,*,120497,,*,Knoxville,*,College of Natural Science,*,*,11676
*,Knoxville,*,*,*,*,120497,,*,Knoxville,*,College of Social Science,*,*,7344
*,Knoxville,*,*,*,*,120497,,*,Knoxville,*,College of Veterinary Medicine,*,*,3897
*,Knoxville,*,*,*,*,120497,,*,Knoxville,*,Diversity Fund,*,*,1577
*,Knoxville,*,*,*,*,120497,,*,Knoxville,*,Faculty Chair Endowments,*,*,5554
*,Knoxville,*,*,*,*,120497,,*,Knoxville,*,Parents Association,*,*,1316
*,Knoxville,*,*,*,*,120497,,*,Knoxville,*,Trustees Fund,*,*,8955
*,Knoxville,*,*,*,*,120497,,*,Knoxville,*,University Annual Fund,*,*,1215
*,Knoxville,*,*,*,*,120497,,*,Knoxville,*,University Libraries,*,*,9367
*,Lansing,*,*,*,*,300114,,*,Lansing,*,Alumni Association,*,*,1967
*,Lansing,*,*,*,*,300114,,*,Lansing,*,Athletics,*,*,15393
*,Lansing,*,*,*,*,300114,,*,Lansing,*,Campus Museums,*,*,6361
*,Lansing,*,*,*,*,300114,,*,Lansing,*,College of Agriculture and Natural Resources,*,*,8963
*,Lansing,*,*,*,*,300114,,*,Lansing,*,College of Arts and Sciences,*,*,4228
*,Lansing,*,*,*,*,300114,,*,Lansing,*,College of Education,*,*,9667
*,Lansing,*,*,*,*,300114,,*,Lansing,*,College of Engineering,*,*,5384
*,Lansing,*,*,*,*,300114,,*,Lansing,*,College of Natural Science,*,*,31711
*,Lansing,*,*,*,*,300114,,*,Lansing,*,College of Social Science,*,*,18463
*,Lansing,*,*,*,*,300114,,*,Lansing,*,Diversity Fund,*,*,32810
*,Lansing,*,*,*,*,300114,,*,Lansing,*,Faculty Chair Endowments,*,*,40798
*,Lansing,*,*,*,*,300114,,*,Lansing,*,Honors Program,*,*,13422
*,Lansing,*,*,*,*,300114,,*,Lansing,*,In-State Scholarship Fund,*,*,9364
*,Lansing,*,*,*,*,300114,,*,Lansing,*,Minority Scholarship Fund,*,*,2396
*,Lansing,*,*,*,*,300114,,*,Lansing,*,Trustees Fund,*,*,66320
*,Lansing,*,*,*,*,300114,,*,Lansing,*,University Annual Fund,*,*,32867
*,Las Vegas,*,*,*,*,140284,,*,Las Vegas,*,Campus Recreation,*,*,8942
*,Las Vegas,*,*,*,*,140284,,*,Las Vegas,*,College of Arts and Sciences,*,*,17458
*,Las Vegas,*,*,*,*,140284,,*,Las Vegas,*,College of Engineering,*,*,1758
*,Las Vegas,*,*,*,*,140284,,*,Las Vegas,*,College of Natural Science,*,*,17051
*,Las Vegas,*,*,*,*,140284,,*,Las Vegas,*,College of Political Science,*,*,1270
*,Las Vegas,*,*,*,*,140284,,*,Las Vegas,*,Diversity Fund,*,*,16811
*,Las Vegas,*,*,*,*,140284,,*,Las Vegas,*,Faculty Chair Endowments,*,*,8860
*,Las Vegas,*,*,*,*,140284,,*,Las Vegas,*,Parents Association,*,*,34850
*,Las Vegas,*,*,*,*,140284,,*,Las Vegas,*,Trustees Fund,*,*,15276
*,Las Vegas,*,*,*,*,140284,,*,Las Vegas,*,University Annual Fund,*,*,9640
*,Las Vegas,*,*,*,*,140284,,*,Las Vegas,*,University Libraries,*,*,8368
*,Lexington,*,*,*,*,74020,,*,Lexington,*,College of Arts and Sciences,*,*,936
*,Lexington,*,*,*,*,74020,,*,Lexington,*,College of Natural Science,*,*,4238
*,Lexington,*,*,*,*,74020,,*,Lexington,*,College of Social Science,*,*,11858
*,Lexington,*,*,*,*,74020,,*,Lexington,*,Diversity Fund,*,*,17497
*,Lexington,*,*,*,*,74020,,*,Lexington,*,Faculty Chair Endowments,*,*,12917
*,Lexington,*,*,*,*,74020,,*,Lexington,*,Honors Program,*,*,13806
*,Lexington,*,*,*,*,74020,,*,Lexington,*,Minority Scholarship Fund,*,*,5524
*,Lexington,*,*,*,*,74020,,*,Lexington,*,Parents Association,*,*,2639
*,Lexington,*,*,*,*,74020,,*,Lexington,*,University Libraries,*,*,4605
*,Lincoln,*,*,*,*,127999,,*,Lincoln,*,Athletics,*,*,6371
*,Lincoln,*,*,*,*,127999,,*,Lincoln,*,Campus Museums,*,*,11880
*,Lincoln,*,*,*,*,127999,,*,Lincoln,*,Campus Recreation,*,*,6377
*,Lincoln,*,*,*,*,127999,,*,Lincoln,*,College of Agriculture and Natural Resources,*,*,6346
*,Lincoln,*,*,*,*,127999,,*,Lincoln,*,College of Arts and Sciences,*,*,7123
*,Lincoln,*,*,*,*,127999,,*,Lincoln,*,College of Business,*,*,4871
*,Lincoln,*,*,*,*,127999,,*,Lincoln,*,College of Education,*,*,4813
*,Lincoln,*,*,*,*,127999,,*,Lincoln,*,College of Political Science,*,*,2647
*,Lincoln,*,*,*,*,127999,,*,Lincoln,*,Diversity Fund,*,*,3648
*,Lincoln,*,*,*,*,127999,,*,Lincoln,*,Faculty Chair Endowments,*,*,7123
*,Lincoln,*,*,*,*,127999,,*,Lincoln,*,Honors Program,*,*,2731
*,Lincoln,*,*,*,*,127999,,*,Lincoln,*,In-State Scholarship Fund,*,*,417
*,Lincoln,*,*,*,*,127999,,*,Lincoln,*,Minority Scholarship Fund,*,*,17206
*,Lincoln,*,*,*,*,127999,,*,Lincoln,*,Trustees Fund,*,*,9606
*,Lincoln,*,*,*,*,127999,,*,Lincoln,*,University Annual Fund,*,*,32955
*,Lincoln,*,*,*,*,127999,,*,Lincoln,*,University Libraries,*,*,3885
*,Little Rock,*,*,*,*,147166,,*,Little Rock,*,Athletics,*,*,7773
*,Little Rock,*,*,*,*,147166,,*,Little Rock,*,College of Agriculture and Natural Resources,*,*,15857
*,Little Rock,*,*,*,*,147166,,*,Little Rock,*,College of Arts and Sciences,*,*,24834
*,Little Rock,*,*,*,*,147166,,*,Little Rock,*,College of Education,*,*,11315
*,Little Rock,*,*,*,*,147166,,*,Little Rock,*,College of Engineering,*,*,313
*,Little Rock,*,*,*,*,147166,,*,Little Rock,*,College of Natural Science,*,*,3780
*,Little Rock,*,*,*,*,147166,,*,Little Rock,*,College of Social Science,*,*,14550
*,Little Rock,*,*,*,*,147166,,*,Little Rock,*,Faculty Chair Endowments,*,*,34669
*,Little Rock,*,*,*,*,147166,,*,Little Rock,*,Honors Program,*,*,8839
*,Little Rock,*,*,*,*,147166,,*,Little Rock,*,Trustees Fund,*,*,13722
*,Little Rock,*,*,*,*,147166,,*,Little Rock,*,University Libraries,*,*,11514
*,Los Angeles,*,*,*,*,923123,,*,Los Angeles,*,Alumni Association,*,*,2577
*,Los Angeles,*,*,*,*,923123,,*,Los Angeles,*,Athletics,*,*,25777
*,Los Angeles,*,*,*,*,923123,,*,Los Angeles,*,Campus Museums,*,*,43528
*,Los Angeles,*,*,*,*,923123,,*,Los Angeles,*,Campus Recreation,*,*,7579
*,Los Angeles,*,*,*,*,923123,,*,Los Angeles,*,College of Agriculture and Natural Resources,*,*,66874
*,Los Angeles,*,*,*,*,923123,,*,Los Angeles,*,College of Arts and Sciences,*,*,84322
*,Los Angeles,*,*,*,*,923123,,*,Los Angeles,*,College of Business,*,*,18894
*,Los Angeles,*,*,*,*,923123,,*,Los Angeles,*,College of Communication Arts and Sciences,*,*,38754
*,Los Angeles,*,*,*,*,923123,,*,Los Angeles,*,College of Education,*,*,19779
*,Los Angeles,*,*,*,*,923123,,*,Los Angeles,*,College of Engineering,*,*,23250
*,Los Angeles,*,*,*,*,923123,,*,Los Angeles,*,College of Music,*,*,1839
*,Los Angeles,*,*,*,*,923123,,*,Los Angeles,*,College of Natural Science,*,*,58436
*,Los Angeles,*,*,*,*,923123,,*,Los Angeles,*,College of Political Science,*,*,5114
*,Los Angeles,*,*,*,*,923123,,*,Los Angeles,*,College of Social Science,*,*,56890
*,Los Angeles,*,*,*,*,923123,,*,Los Angeles,*,Diversity Fund,*,*,85686
*,Los Angeles,*,*,*,*,923123,,*,Los Angeles,*,Faculty Chair Endowments,*,*,78118
*,Los Angeles,*,*,*,*,923123,,*,Los Angeles,*,Honors Program,*,*,43968
*,Los Angeles,*,*,*,*,923123,,*,Los Angeles,*,In-State Scholarship Fund,*,*,31737
*,Los Angeles,*,*,*,*,923123,,*,Los Angeles,*,Minority Scholarship Fund,*,*,51364
*,Los Angeles,*,*,*,*,923123,,*,Los Angeles,*,Parents Association,*,*,18821
*,Los Angeles,*,*,*,*,923123,,*,Los Angeles,*,Trustees Fund,*,*,61590
*,Los Angeles,*,*,*,*,923123,,*,Los Angeles,*,University Annual Fund,*,*,74936
*,Los Angeles,*,*,*,*,923123,,*,Los Angeles,*,University Libraries,*,*,23290
*,Louisville,*,*,*,*,117361,,*,Louisville,*,Campus Museums,*,*,3009
*,Louisville,*,*,*,*,117361,,*,Louisville,*,Campus Recreation,*,*,5794
*,Louisville,*,*,*,*,117361,,*,Louisville,*,College of Arts and Sciences,*,*,9469
*,Louisville,*,*,*,*,117361,,*,Louisville,*,College of Education,*,*,7288
*,Louisville,*,*,*,*,117361,,*,Louisville,*,College of Natural Science,*,*,28832
*,Louisville,*,*,*,*,117361,,*,Louisville,*,College of Social Science,*,*,14289
*,Louisville,*,*,*,*,117361,,*,Louisville,*,Faculty Chair Endowments,*,*,26527
*,Louisville,*,*,*,*,117361,,*,Louisville,*,Parents Association,*,*,9667
*,Louisville,*,*,*,*,117361,,*,Louisville,*,University Annual Fund,*,*,12486
*,Madison,*,*,*,*,70723,,*,Madison,*,Athletics,*,*,7525
*,Madison,*,*,*,*,70723,,*,Madison,*,Campus Recreation,*,*,7625
*,Madison,*,*,*,*,70723,,*,Madison,*,College of Arts and Sciences,*,*,6479
*,Madison,*,*,*,*,70723,,*,Madison,*,College of Engineering,*,*,1778
*,Madison,*,*,*,*,70723,,*,Madison,*,College of Natural Science,*,*,175
*,Madison,*,*,*,*,70723,,*,Madison,*,College of Social Science,*,*,7061
*,Madison,*,*,*,*,70723,,*,Madison,*,Diversity Fund,*,*,453
*,Madison,*,*,*,*,70723,,*,Madison,*,Parents Association,*,*,6479
*,Madison,*,*,*,*,70723,,*,Madison,*,Trustees Fund,*,*,340
*,Madison,*,*,*,*,70723,,*,Madison,*,University Annual Fund,*,*,22969
*,Madison,*,*,*,*,70723,,*,Madison,*,University Libraries,*,*,9839
*,Manchester,*,*,*,*,149882,,*,Manchester,*,Athletics,*,*,9665
*,Manchester,*,*,*,*,149882,,*,Manchester,*,Campus Museums,*,*,9501
*,Manchester,*,*,*,*,149882,,*,Manchester,*,College of Agriculture and Natural Resources,*,*,9117
*,Manchester,*,*,*,*,149882,,*,Manchester,*,College of Arts and Sciences,*,*,7451
*,Manchester,*,*,*,*,149882,,*,Manchester,*,College of Education,*,*,379
*,Manchester,*,*,*,*,149882,,*,Manchester,*,College of Engineering,*,*,1818
*,Manchester,*,*,*,*,149882,,*,Manchester,*,College of Natural Science,*,*,20242
*,Manchester,*,*,*,*,149882,,*,Manchester,*,College of Social Science,*,*,8519
*,Manchester,*,*,*,*,149882,,*,Manchester,*,Diversity Fund,*,*,6859
*,Manchester,*,*,*,*,149882,,*,Manchester,*,Faculty Chair Endowments,*,*,6891
*,Manchester,*,*,*,*,149882,,*,Manchester,*,Honors Program,*,*,5030
*,Manchester,*,*,*,*,149882,,*,Manchester,*,Minority Scholarship Fund,*,*,76
*,Manchester,*,*,*,*,149882,,*,Manchester,*,Parents Association,*,*,21963
*,Manchester,*,*,*,*,149882,,*,Manchester,*,Trustees Fund,*,*,8715
*,Manchester,*,*,*,*,149882,,*,Manchester,*,University Annual Fund,*,*,25357
*,Manchester,*,*,*,*,149882,,*,Manchester,*,University Libraries,*,*,8299
*,Memphis,*,*,*,*,441940,,*,Memphis,*,Alumni Association,*,*,8315
*,Memphis,*,*,*,*,441940,,*,Memphis,*,Athletics,*,*,8248
*,Memphis,*,*,*,*,441940,,*,Memphis,*,Campus Museums,*,*,15154
*,Memphis,*,*,*,*,441940,,*,Memphis,*,Campus Recreation,*,*,29924
*,Memphis,*,*,*,*,441940,,*,Memphis,*,College of Agriculture and Natural Resources,*,*,39243
*,Memphis,*,*,*,*,441940,,*,Memphis,*,College of Arts and Sciences,*,*,66004
*,Memphis,*,*,*,*,441940,,*,Memphis,*,College of Business,*,*,1050
*,Memphis,*,*,*,*,441940,,*,Memphis,*,College of Communication Arts and Sciences,*,*,9783
*,Memphis,*,*,*,*,441940,,*,Memphis,*,College of Education,*,*,251
*,Memphis,*,*,*,*,441940,,*,Memphis,*,College of Music,*,*,5151
*,Memphis,*,*,*,*,441940,,*,Memphis,*,College of Natural Science,*,*,18808
*,Memphis,*,*,*,*,441940,,*,Memphis,*,College of Political Science,*,*,12711
*,Memphis,*,*,*,*,441940,,*,Memphis,*,College of Social Science,*,*,23731
*,Memphis,*,*,*,*,441940,,*,Memphis,*,Diversity Fund,*,*,60363
*,Memphis,*,*,*,*,441940,,*,Memphis,*,Faculty Chair Endowments,*,*,34071
*,Memphis,*,*,*,*,441940,,*,Memphis,*,Honors Program,*,*,24028
*,Memphis,*,*,*,*,441940,,*,Memphis,*,In-State Scholarship Fund,*,*,5473
*,Memphis,*,*,*,*,441940,,*,Memphis,*,Minority Scholarship Fund,*,*,15814
*,Memphis,*,*,*,*,441940,,*,Memphis,*,Parents Association,*,*,7605
*,Memphis,*,*,*,*,441940,,*,Memphis,*,Trustees Fund,*,*,25949
*,Memphis,*,*,*,*,441940,,*,Memphis,*,University Annual Fund,*,*,8469
*,Memphis,*,*,*,*,441940,,*,Memphis,*,University Libraries,*,*,21795
*,Mesa,*,*,*,*,136580,,*,Mesa,*,Athletics,*,*,9428
*,Mesa,*,*,*,*,136580,,*,Mesa,*,Campus Museums,*,*,9400
*,Mesa,*,*,*,*,136580,,*,Mesa,*,College of Agriculture and Natural Resources,*,*,5544
*,Mesa,*,*,*,*,136580,,*,Mesa,*,College of Arts and Sciences,*,*,26565
*,Mesa,*,*,*,*,136580,,*,Mesa,*,College of Business,*,*,6165
*,Mesa,*,*,*,*,136580,,*,Mesa,*,College of Communication Arts and Sciences,*,*,2872
*,Mesa,*,*,*,*,136580,,*,Mesa,*,College of Political Science,*,*,14988
*,Mesa,*,*,*,*,136580,,*,Mesa,*,Diversity Fund,*,*,8752
*,Mesa,*,*,*,*,136580,,*,Mesa,*,Honors Program,*,*,833
*,Mesa,*,*,*,*,136580,,*,Mesa,*,Parents Association,*,*,145
*,Mesa,*,*,*,*,136580,,*,Mesa,*,Trustees Fund,*,*,12102
*,Mesa,*,*,*,*,136580,,*,Mesa,*,University Annual Fund,*,*,19792
*,Mesa,*,*,*,*,136580,,*,Mesa,*,University Libraries,*,*,19994
*,Miami,*,*,*,*,322619,,*,Miami,*,Alumni Association,*,*,15524
*,Miami,*,*,*,*,322619,,*,Miami,*,Athletics,*,*,5494
*,Miami,*,*,*,*,322619,,*,Miami,*,Campus Museums,*,*,1080
*,Miami,*,*,*,*,322619,,*,Miami,*,College of Agriculture and Natural Resources,*,*,25368
*,Miami,*,*,*,*,322619,,*,Miami,*,College of Arts and Sciences,*,*,29179
*,Miami,*,*,*,*,322619,,*,Miami,*,College of Business,*,*,5107
*,Miami,*,*,*,*,322619,,*,Miami,*,College of Engineering,*,*,27779
*,Miami,*,*,*,*,322619,,*,Miami,*,College of Natural Science,*,*,11882
*,Miami,*,*,*,*,322619,,*,Miami,*,College of Social Science,*,*,25189
*,Miami,*,*,*,*,322619,,*,Miami,*,Diversity Fund,*,*,48116
*,Miami,*,*,*,*,322619,,*,Miami,*,Honors Program,*,*,9717
*,Miami,*,*,*,*,322619,,*,Miami,*,Minority Scholarship Fund,*,*,32253
*,Miami,*,*,*,*,322619,,*,Miami,*,Trustees Fund,*,*,31183
*,Miami,*,*,*,*,322619,,*,Miami,*,University Annual Fund,*,*,42441
*,Miami,*,*,*,*,322619,,*,Miami,*,University Libraries,*,*,12307
*,Milwaukee,*,*,*,*,95819,,*,Milwaukee,*,Athletics,*,*,6805
*,Milwaukee,*,*,*,*,95819,,*,Milwaukee,*,College of Agriculture and Natural Resources,*,*,6092
*,Milwaukee,*,*,*,*,95819,,*,Milwaukee,*,College of Arts and Sciences,*,*,7804
*,Milwaukee,*,*,*,*,95819,,*,Milwaukee,*,College of Social Science,*,*,5546
*,Milwaukee,*,*,*,*,95819,,*,Milwaukee,*,Diversity Fund,*,*,4199
*,Milwaukee,*,*,*,*,95819,,*,Milwaukee,*,Honors Program,*,*,2266
*,Milwaukee,*,*,*,*,95819,,*,Milwaukee,*,In-State Scholarship Fund,*,*,2727
*,Milwaukee,*,*,*,*,95819,,*,Milwaukee,*,Minority Scholarship Fund,*,*,6482
*,Milwaukee,*,*,*,*,95819,,*,Milwaukee,*,Parents Association,*,*,12393
*,Milwaukee,*,*,*,*,95819,,*,Milwaukee,*,University Libraries,*,*,7855
*,Minneapolis,*,*,*,*,58180,,*,Minneapolis,*,Campus Museums,*,*,740
*,Minneapolis,*,*,*,*,58180,,*,Minneapolis,*,College of Arts and Sciences,*,*,6562
*,Minneapolis,*,*,*,*,58180,,*,Minneapolis,*,Diversity Fund,*,*,5818
*,Minneapolis,*,*,*,*,58180,,*,Minneapolis,*,In-State Scholarship Fund,*,*,6356
*,Minneapolis,*,*,*,*,58180,,*,Minneapolis,*,Trustees Fund,*,*,8943
*,Mobile,*,*,*,*,119820,,*,Mobile,*,Athletics,*,*,8426
*,Mobile,*,*,*,*,119820,,*,Mobile,*,College of Arts and Sciences,*,*,4743
*,Mobile,*,*,*,*,119820,,*,Mobile,*,College of Business,*,*,309
*,Mobile,*,*,*,*,119820,,*,Mobile,*,College of Engineering,*,*,2279
*,Mobile,*,*,*,*,119820,,*,Mobile,*,College of Music,*,*,25134
*,Mobile,*,*,*,*,119820,,*,Mobile,*,College of Natural Science,*,*,14711
*,Mobile,*,*,*,*,119820,,*,Mobile,*,College of Social Science,*,*,6089
*,Mobile,*,*,*,*,119820,,*,Mobile,*,Faculty Chair Endowments,*,*,16102
*,Mobile,*,*,*,*,119820,,*,Mobile,*,Minority Scholarship Fund,*,*,1438
*,Mobile,*,*,*,*,119820,,*,Mobile,*,Parents Association,*,*,1270
*,Mobile,*,*,*,*,119820,,*,Mobile,*,Trustees Fund,*,*,16966
*,Mobile,*,*,*,*,119820,,*,Mobile,*,University Annual Fund,*,*,13256
*,Mobile,*,*,*,*,119820,,*,Mobile,*,University Libraries,*,*,9097
*,Naperville,*,*,*,*,100675,,*,Naperville,*,Alumni Association,*,*,10019
*,Naperville,*,*,*,*,100675,,*,Naperville,*,Athletics,*,*,12318
*,Naperville,*,*,*,*,100675,,*,Naperville,*,Campus Museums,*,*,7275
*,Naperville,*,*,*,*,100675,,*,Naperville,*,College of Agriculture and Natural Resources,*,*,1780
*,Naperville,*,*,*,*,100675,,*,Naperville,*,College of Arts and Sciences,*,*,8685
*,Naperville,*,*,*,*,100675,,*,Naperville,*,College of Natural Science,*,*,8979
*,Naperville,*,*,*,*,100675,,*,Naperville,*,Faculty Chair Endowments,*,*,16355
*,Naperville,*,*,*,*,100675,,*,Naperville,*,Trustees Fund,*,*,27989
*,Naperville,*,*,*,*,100675,,*,Naperville,*,University Annual Fund,*,*,7275
*,Nashville,*,*,*,*,85183,,*,Nashville,*,College of Agriculture and Natural Resources,*,*,8523
*,Nashville,*,*,*,*,85183,,*,Nashville,*,College of Arts and Sciences,*,*,3870
*,Nashville,*,*,*,*,85183,,*,Nashville,*,College of Natural Science,*,*,8782
*,Nashville,*,*,*,*,85183,,*,Nashville,*,College of Political Science,*,*,5129
*,Nashville,*,*,*,*,85183,,*,Nashville,*,College of Social Science,*,*,17124
*,Nashville,*,*,*,*,85183,,*,Nashville,*,Diversity Fund,*,*,4877
*,Nashville,*,*,*,*,85183,,*,Nashville,*,Honors Program,*,*,4032
*,Nashville,*,*,*,*,85183,,*,Nashville,*,In-State Scholarship Fund,*,*,6378
*,Nashville,*,*,*,*,85183,,*,Nashville,*,Parents Association,*,*,4648
*,Nashville,*,*,*,*,85183,,*,Nashville,*,University Annual Fund,*,*,13904
*,Nashville,*,*,*,*,85183,,*,Nashville,*,University Libraries,*,*,7916
*,New Haven,*,*,*,*,34135,,*,New Haven,*,Campus Recreation,*,*,2502
*,New Haven,*,*,*,*,34135,,*,New Haven,*,College of Agriculture and Natural Resources,*,*,2502
*,New Haven,*,*,*,*,34135,,*,New Haven,*,College of Business,*,*,8725
*,New Haven,*,*,*,*,34135,,*,New Haven,*,Faculty Chair Endowments,*,*,1106
*,New Orleans,*,*,*,*,144083,,*,New Orleans,*,Athletics,*,*,3670
*,New Orleans,*,*,*,*,144083,,*,New Orleans,*,College of Agriculture and Natural Resources,*,*,14925
*,New Orleans,*,*,*,*,144083,,*,New Orleans,*,College of Arts and Sciences,*,*,19593
*,New Orleans,*,*,*,*,144083,,*,New Orleans,*,College of Natural Science,*,*,7476
*,New Orleans,*,*,*,*,144083,,*,New Orleans,*,College of Political Science,*,*,4813
*,New Orleans,*,*,*,*,144083,,*,New Orleans,*,College of Social Science,*,*,34910
*,New Orleans,*,*,*,*,144083,,*,New Orleans,*,Diversity Fund,*,*,36542
*,New Orleans,*,*,*,*,144083,,*,New Orleans,*,Faculty Chair Endowments,*,*,7610
*,New Orleans,*,*,*,*,144083,,*,New Orleans,*,Honors Program,*,*,895
*,New Orleans,*,*,*,*,144083,,*,New Orleans,*,Minority Scholarship Fund,*,*,946
*,New Orleans,*,*,*,*,144083,,*,New Orleans,*,Parents Association,*,*,7480
*,New Orleans,*,*,*,*,144083,,*,New Orleans,*,Trustees Fund,*,*,5223
*,New York,*,*,*,*,912798,,*,New York,*,Alumni Association,*,*,33028
*,New York,*,*,*,*,912798,,*,New York,*,Athletics,*,*,48128
*,New York,*,*,*,*,912798,,*,New York,*,Campus Museums,*,*,48751
*,New York,*,*,*,*,912798,,*,New York,*,Campus Recreation,*,*,13115
*,New York,*,*,*,*,912798,,*,New York,*,College of Agriculture and Natural Resources,*,*,25767
*,New York,*,*,*,*,912798,,*,New York,*,College of Arts and Sciences,*,*,71882
*,New York,*,*,*,*,912798,,*,New York,*,College of Business,*,*,20256
*,New York,*,*,*,*,912798,,*,New York,*,College of Communication Arts and Sciences,*,*,6334
*,New York,*,*,*,*,912798,,*,New York,*,College of Education,*,*,9220
*,New York,*,*,*,*,912798,,*,New York,*,College of Engineering,*,*,8753
*,New York,*,*,*,*,912798,,*,New York,*,College of Natural Science,*,*,81311
*,New York,*,*,*,*,912798,,*,New York,*,College of Nursing,*,*,9134
*,New York,*,*,*,*,912798,,*,New York,*,College of Political Science,*,*,7699
*,New York,*,*,*,*,912798,,*,New York,*,College of Social Science,*,*,46042
*,New York,*,*,*,*,912798,,*,New York,*,College of Veterinary Medicine,*,*,45468
*,New York,*,*,*,*,912798,,*,New York,*,Diversity Fund,*,*,100485
*,New York,*,*,*,*,912798,,*,New York,*,Faculty Chair Endowments,*,*,67519
*,New York,*,*,*,*,912798,,*,New York,*,Honors Program,*,*,14473
*,New York,*,*,*,*,912798,,*,New York,*,In-State Scholarship Fund,*,*,34963
*,New York,*,*,*,*,912798,,*,New York,*,Minority Scholarship Fund,*,*,19693
*,New York,*,*,*,*,912798,,*,New York,*,Parents Association,*,*,29235
*,New York,*,*,*,*,912798,,*,New York,*,Trustees Fund,*,*,49472
*,New York,*,*,*,*,912798,,*,New York,*,University Annual Fund,*,*,102720
*,New York,*,*,*,*,912798,,*,New York,*,University Libraries,*,*,19350
*,North Las Vegas,*,*,*,*,140217,,*,North Las Vegas,*,Athletics,*,*,14537
*,North Las Vegas,*,*,*,*,140217,,*,North Las Vegas,*,Campus Museums,*,*,5117
*,North Las Vegas,*,*,*,*,140217,,*,North Las Vegas,*,Campus Recreation,*,*,307
*,North Las Vegas,*,*,*,*,140217,,*,North Las Vegas,*,College of Agriculture and Natural Resources,*,*,11878
*,North Las Vegas,*,*,*,*,140217,,*,North Las Vegas,*,College of Arts and Sciences,*,*,13535
*,North Las Vegas,*,*,*,*,140217,,*,North Las Vegas,*,College of Music,*,*,6234
*,North Las Vegas,*,*,*,*,140217,,*,North Las Vegas,*,College of Social Science,*,*,6474
*,North Las Vegas,*,*,*,*,140217,,*,North Las Vegas,*,Diversity Fund,*,*,6676
*,North Las Vegas,*,*,*,*,140217,,*,North Las Vegas,*,Faculty Chair Endowments,*,*,22854
*,North Las Vegas,*,*,*,*,140217,,*,North Las Vegas,*,Honors Program,*,*,21807
*,North Las Vegas,*,*,*,*,140217,,*,North Las Vegas,*,In-State Scholarship Fund,*,*,2438
*,North Las Vegas,*,*,*,*,140217,,*,North Las Vegas,*,Minority Scholarship Fund,*,*,12289
*,North Las Vegas,*,*,*,*,140217,,*,North Las Vegas,*,University Annual Fund,*,*,16071
*,Oklahoma City,*,*,*,*,222545,,*,Oklahoma City,*,Alumni Association,*,*,9594
*,Oklahoma City,*,*,*,*,222545,,*,Oklahoma City,*,Campus Museums,*,*,18123
*,Oklahoma City,*,*,*,*,222545,,*,Oklahoma City,*,Campus Recreation,*,*,7944
*,Oklahoma City,*,*,*,*,222545,,*,Oklahoma City,*,College of Agriculture and Natural Resources,*,*,5763
*,Oklahoma City,*,*,*,*,222545,,*,Oklahoma City,*,College of Arts and Sciences,*,*,10499
*,Oklahoma City,*,*,*,*,222545,,*,Oklahoma City,*,College of Business,*,*,8182
*,Oklahoma City,*,*,*,*,222545,,*,Oklahoma City,*,College of Engineering,*,*,659
*,Oklahoma City,*,*,*,*,222545,,*,Oklahoma City,*,College of Natural Science,*,*,50010
*,Oklahoma City,*,*,*,*,222545,,*,Oklahoma City,*,College of Social Science,*,*,7189
*,Oklahoma City,*,*,*,*,222545,,*,Oklahoma City,*,Diversity Fund,*,*,16576
*,Oklahoma City,*,*,*,*,222545,,*,Oklahoma City,*,Faculty Chair Endowments,*,*,16410
*,Oklahoma City,*,*,*,*,222545,,*,Oklahoma City,*,Honors Program,*,*,12361
*,Oklahoma City,*,*,*,*,222545,,*,Oklahoma City,*,In-State Scholarship Fund,*,*,6632
*,Oklahoma City,*,*,*,*,222545,,*,Oklahoma City,*,Minority Scholarship Fund,*,*,8960
*,Oklahoma City,*,*,*,*,222545,,*,Oklahoma City,*,Trustees Fund,*,*,14970
*,Oklahoma City,*,*,*,*,222545,,*,Oklahoma City,*,University Annual Fund,*,*,28673
*,Omaha,*,*,*,*,147386,,*,Omaha,*,Campus Museums,*,*,4738
*,Omaha,*,*,*,*,147386,,*,Omaha,*,Campus Recreation,*,*,19
*,Omaha,*,*,*,*,147386,,*,Omaha,*,College of Agriculture and Natural Resources,*,*,2209
*,Omaha,*,*,*,*,147386,,*,Omaha,*,College of Engineering,*,*,3797
*,Omaha,*,*,*,*,147386,,*,Omaha,*,College of Natural Science,*,*,21189
*,Omaha,*,*,*,*,147386,,*,Omaha,*,College of Social Science,*,*,11248
*,Omaha,*,*,*,*,147386,,*,Omaha,*,Diversity Fund,*,*,21190
*,Omaha,*,*,*,*,147386,,*,Omaha,*,In-State Scholarship Fund,*,*,17868
*,Omaha,*,*,*,*,147386,,*,Omaha,*,Minority Scholarship Fund,*,*,7897
*,Omaha,*,*,*,*,147386,,*,Omaha,*,Parents Association,*,*,19
*,Omaha,*,*,*,*,147386,,*,Omaha,*,Trustees Fund,*,*,6615
*,Orlando,*,*,*,*,338161,,*,Orlando,*,Alumni Association,*,*,18645
*,Orlando,*,*,*,*,338161,,*,Orlando,*,Athletics,*,*,6118
*,Orlando,*,*,*,*,338161,,*,Orlando,*,Campus Museums,*,*,3263
*,Orlando,*,*,*,*,338161,,*,Orlando,*,Campus Recreation,*,*,5976
*,Orlando,*,*,*,*,338161,,*,Orlando,*,College of Agriculture and Natural Resources,*,*,29071
*,Orlando,*,*,*,*,338161,,*,Orlando,*,College of Arts and Sciences,*,*,24456
*,Orlando,*,*,*,*,338161,,*,Orlando,*,College of Business,*,*,4930
*,Orlando,*,*,*,*,338161,,*,Orlando,*,College of Education,*,*,3646
*,Orlando,*,*,*,*,338161,,*,Orlando,*,College of Music,*,*,5214
*,Orlando,*,*,*,*,338161,,*,Orlando,*,College of Natural Science,*,*,8530
*,Orlando,*,*,*,*,338161,,*,Orlando,*,College of Nursing,*,*,8323
*,Orlando,*,*,*,*,338161,,*,Orlando,*,College of Political Science,*,*,7895
*,Orlando,*,*,*,*,338161,,*,Orlando,*,College of Social Science,*,*,29363
*,Orlando,*,*,*,*,338161,,*,Orlando,*,Diversity Fund,*,*,38724
*,Orlando,*,*,*,*,338161,,*,Orlando,*,Faculty Chair Endowments,*,*,23899
*,Orlando,*,*,*,*,338161,,*,Orlando,*,Honors Program,*,*,1606
*,Orlando,*,*,*,*,338161,,*,Orlando,*,Minority Scholarship Fund,*,*,27084
*,Orlando,*,*,*,*,338161,,*,Orlando,*,Parents Association,*,*,9225
*,Orlando,*,*,*,*,338161,,*,Orlando,*,Trustees Fund,*,*,39907
*,Orlando,*,*,*,*,338161,,*,Orlando,*,University Annual Fund,*,*,42245
*,Orlando,*,*,*,*,338161,,*,Orlando,*,University Libraries,*,*,41
*,Overland Park,*,*,*,*,276198,,*,Overland Park,*,Alumni Association,*,*,605
*,Overland Park,*,*,*,*,276198,,*,Overland Park,*,Athletics,*,*,4875
*,Overland Park,*,*,*,*,276198,,*,Overland Park,*,Campus Museums,*,*,25569
*,Overland Park,*,*,*,*,276198,,*,Overland Park,*,Campus Recreation,*,*,714
*,Overland Park,*,*,*,*,276198,,*,Overland Park,*,College of Arts and Sciences,*,*,43350
*,Overland Park,*,*,*,*,276198,,*,Overland Park,*,College of Business,*,*,8083
*,Overland Park,*,*,*,*,276198,,*,Overland Park,*,College of Education,*,*,8816
*,Overland Park,*,*,*,*,276198,,*,Overland Park,*,College of Natural Science,*,*,21262
*,Overland Park,*,*,*,*,276198,,*,Overland Park,*,College of Social Science,*,*,45868
*,Overland Park,*,*,*,*,276198,,*,Overland Park,*,Diversity Fund,*,*,9329
*,Overland Park,*,*,*,*,276198,,*,Overland Park,*,Faculty Chair Endowments,*,*,27870
*,Overland Park,*,*,*,*,276198,,*,Overland Park,*,Honors Program,*,*,22050
*,Overland Park,*,*,*,*,276198,,*,Overland Park,*,In-State Scholarship Fund,*,*,3282
*,Overland Park,*,*,*,*,276198,,*,Overland Park,*,Minority Scholarship Fund,*,*,4311
*,Overland Park,*,*,*,*,276198,,*,Overland Park,*,Parents Association,*,*,3278
*,Overland Park,*,*,*,*,276198,,*,Overland Park,*,Trustees Fund,*,*,20557
*,Overland Park,*,*,*,*,276198,,*,Overland Park,*,University Annual Fund,*,*,21227
*,Overland Park,*,*,*,*,276198,,*,Overland Park,*,University Libraries,*,*,5152
*,Paterson,*,*,*,*,56889,,*,Paterson,*,College of Natural Science,*,*,6993
*,Paterson,*,*,*,*,56889,,*,Paterson,*,Diversity Fund,*,*,1655
*,Paterson,*,*,*,*,56889,,*,Paterson,*,Faculty Chair Endowments,*,*,3826
*,Paterson,*,*,*,*,56889,,*,Paterson,*,In-State Scholarship Fund,*,*,8893
*,Paterson,*,*,*,*,56889,,*,Paterson,*,Trustees Fund,*,*,5984
*,Philadelphia,*,*,*,*,270690,,*,Philadelphia,*,Alumni Association,*,*,16918
*,Philadelphia,*,*,*,*,270690,,*,Philadelphia,*,Athletics,*,*,28114
*,Philadelphia,*,*,*,*,270690,,*,Philadelphia,*,College of Agriculture and Natural Resources,*,*,8003
*,Philadelphia,*,*,*,*,270690,,*,Philadelphia,*,College of Arts and Sciences,*,*,20088
*,Philadelphia,*,*,*,*,270690,,*,Philadelphia,*,College of Business,*,*,4994
*,Philadelphia,*,*,*,*,270690,,*,Philadelphia,*,College of Communication Arts and Sciences,*,*,12023
*,Philadelphia,*,*,*,*,270690,,*,Philadelphia,*,College of Education,*,*,11104
*,Philadelphia,*,*,*,*,270690,,*,Philadelphia,*,College of Engineering,*,*,9143
*,Philadelphia,*,*,*,*,270690,,*,Philadelphia,*,College of Natural Science,*,*,20737
*,Philadelphia,*,*,*,*,270690,,*,Philadelphia,*,College of Nursing,*,*,11784
*,Philadelphia,*,*,*,*,270690,,*,Philadelphia,*,College of Political Science,*,*,7418
*,Philadelphia,*,*,*,*,270690,,*,Philadelphia,*,College of Social Science,*,*,15772
*,Philadelphia,*,*,*,*,270690,,*,Philadelphia,*,Diversity Fund,*,*,11416
*,Philadelphia,*,*,*,*,270690,,*,Philadelphia,*,Faculty Chair Endowments,*,*,31367
*,Philadelphia,*,*,*,*,270690,,*,Philadelphia,*,Parents Association,*,*,16390
*,Philadelphia,*,*,*,*,270690,,*,Philadelphia,*,Trustees Fund,*,*,11175
*,Philadelphia,*,*,*,*,270690,,*,Philadelphia,*,University Annual Fund,*,*,25363
*,Philadelphia,*,*,*,*,270690,,*,Philadelphia,*,University Libraries,*,*,8881
*,Phoenix,*,*,*,*,712661,,*,Phoenix,*,Alumni Association,*,*,7836
*,Phoenix,*,*,*,*,712661,,*,Phoenix,*,Athletics,*,*,49453
*,Phoenix,*,*,*,*,712661,,*,Phoenix,*,Campus Museums,*,*,7580
*,Phoenix,*,*,*,*,712661,,*,Phoenix,*,Campus Recreation,*,*,6697
*,Phoenix,*,*,*,*,712661,,*,Phoenix,*,College of Agriculture and Natural Resources,*,*,38163
*,Phoenix,*,*,*,*,712661,,*,Phoenix,*,College of Arts and Sciences,*,*,26478
*,Phoenix,*,*,*,*,712661,,*,Phoenix,*,College of Business,*,*,27156
*,Phoenix,*,*,*,*,712661,,*,Phoenix,*,College of Education,*,*,6189
*,Phoenix,*,*,*,*,712661,,*,Phoenix,*,College of Engineering,*,*,9638
*,Phoenix,*,*,*,*,712661,,*,Phoenix,*,College of Music,*,*,3986
*,Phoenix,*,*,*,*,712661,,*,Phoenix,*,College of Natural Science,*,*,52319
*,Phoenix,*,*,*,*,712661,,*,Phoenix,*,College of Nursing,*,*,7834
*,Phoenix,*,*,*,*,712661,,*,Phoenix,*,College of Political Science,*,*,11038
*,Phoenix,*,*,*,*,712661,,*,Phoenix,*,College of Social Science,*,*,83827
*,Phoenix,*,*,*,*,712661,,*,Phoenix,*,College of Veterinary Medicine,*,*,10388
*,Phoenix,*,*,*,*,712661,,*,Phoenix,*,Diversity Fund,*,*,84000
*,Phoenix,*,*,*,*,712661,,*,Phoenix,*,Faculty Chair Endowments,*,*,27568
*,Phoenix,*,*,*,*,712661,,*,Phoenix,*,Honors Program,*,*,17072
*,Phoenix,*,*,*,*,712661,,*,Phoenix,*,In-State Scholarship Fund,*,*,7141
*,Phoenix,*,*,*,*,712661,,*,Phoenix,*,Minority Scholarship Fund,*,*,21068
*,Phoenix,*,*,*,*,712661,,*,Phoenix,*,Parents Association,*,*,18202
*,Phoenix,*,*,*,*,712661,,*,Phoenix,*,Trustees Fund,*,*,128101
*,Phoenix,*,*,*,*,712661,,*,Phoenix,*,University Annual Fund,*,*,59643
*,Phoenix,*,*,*,*,712661,,*,Phoenix,*,University Libraries,*,*,1284
*,Pittsburgh,*,*,*,*,32017,,*,Pittsburgh,*,Diversity Fund,*,*,2162
*,Pittsburgh,*,*,*,*,32017,,*,Pittsburgh,*,Parents Association,*,*,7126
*,Pittsburgh,*,*,*,*,32017,,*,Pittsburgh,*,Trustees Fund,*,*,662
*,Portland,*,*,*,*,103167,,*,Portland,*,Athletics,*,*,13213
*,Portland,*,*,*,*,103167,,*,Portland,*,Campus Museums,*,*,1395
*,Portland,*,*,*,*,103167,,*,Portland,*,College of Agriculture and Natural Resources,*,*,3901
*,Portland,*,*,*,*,103167,,*,Portland,*,College of Business,*,*,4269
*,Portland,*,*,*,*,103167,,*,Portland,*,College of Social Science,*,*,3254
*,Portland,*,*,*,*,103167,,*,Portland,*,Diversity Fund,*,*,23737
*,Portland,*,*,*,*,103167,,*,Portland,*,Faculty Chair Endowments,*,*,9156
*,Portland,*,*,*,*,103167,,*,Portland,*,Honors Program,*,*,4269
*,Portland,*,*,*,*,103167,,*,Portland,*,In-State Scholarship Fund,*,*,4256
*,Portland,*,*,*,*,103167,,*,Portland,*,Trustees Fund,*,*,16259
*,Portland,*,*,*,*,103167,,*,Portland,*,University Annual Fund,*,*,19458
*,Providence,*,*,*,*,142920,,*,Providence,*,Alumni Association,*,*,4789
*,Providence,*,*,*,*,142920,,*,Providence,*,Campus Museums,*,*,11798
*,Providence,*,*,*,*,142920,,*,Providence,*,Campus Recreation,*,*,5130
*,Providence,*,*,*,*,142920,,*,Providence,*,College of Agriculture and Natural Resources,*,*,28164
*,Providence,*,*,*,*,142920,,*,Providence,*,College of Arts and Sciences,*,*,29658
*,Providence,*,*,*,*,142920,,*,Providence,*,College of Communication Arts and Sciences,*,*,2810
*,Providence,*,*,*,*,142920,,*,Providence,*,College of Education,*,*,2192
*,Providence,*,*,*,*,142920,,*,Providence,*,College of Engineering,*,*,5613
*,Providence,*,*,*,*,142920,,*,Providence,*,College of Social Science,*,*,3141
*,Providence,*,*,*,*,142920,,*,Providence,*,Diversity Fund,*,*,18765
*,Providence,*,*,*,*,142920,,*,Providence,*,Honors Program,*,*,1553
*,Providence,*,*,*,*,142920,,*,Providence,*,Parents Association,*,*,548
*,Providence,*,*,*,*,142920,,*,Providence,*,Trustees Fund,*,*,17691
*,Providence,*,*,*,*,142920,,*,Providence,*,University Annual Fund,*,*,6978
*,Providence,*,*,*,*,142920,,*,Providence,*,University Libraries,*,*,4090
*,Provo,*,*,*,*,111262,,*,Provo,*,Athletics,*,*,8911
*,Provo,*,*,*,*,111262,,*,Provo,*,College of Arts and Sciences,*,*,20312
*,Provo,*,*,*,*,111262,,*,Provo,*,College of Music,*,*,18939
*,Provo,*,*,*,*,111262,,*,Provo,*,College of Natural Science,*,*,2264
*,Provo,*,*,*,*,111262,,*,Provo,*,Diversity Fund,*,*,16598
*,Provo,*,*,*,*,111262,,*,Provo,*,Faculty Chair Endowments,*,*,17855
*,Provo,*,*,*,*,111262,,*,Provo,*,In-State Scholarship Fund,*,*,9635
*,Provo,*,*,*,*,111262,,*,Provo,*,Trustees Fund,*,*,6425
*,Provo,*,*,*,*,111262,,*,Provo,*,University Annual Fund,*,*,10323
*,Raleigh,*,*,*,*,165817,,*,Raleigh,*,Alumni Association,*,*,11005
*,Raleigh,*,*,*,*,165817,,*,Raleigh,*,Campus Museums,*,*,9755
*,Raleigh,*,*,*,*,165817,,*,Raleigh,*,Campus Recreation,*,*,2808
*,Raleigh,*,*,*,*,165817,,*,Raleigh,*,College of Agriculture and Natural Resources,*,*,10962
*,Raleigh,*,*,*,*,165817,,*,Raleigh,*,College of Arts and Sciences,*,*,5543
*,Raleigh,*,*,*,*,165817,,*,Raleigh,*,College of Communication Arts and Sciences,*,*,2872
*,Raleigh,*,*,*,*,165817,,*,Raleigh,*,College of Natural Science,*,*,584
*,Raleigh,*,*,*,*,165817,,*,Raleigh,*,College of Nursing,*,*,7047
*,Raleigh,*,*,*,*,165817,,*,Raleigh,*,College of Social Science,*,*,19694
*,Raleigh,*,*,*,*,165817,,*,Raleigh,*,Diversity Fund,*,*,34444
*,Raleigh,*,*,*,*,165817,,*,Raleigh,*,Faculty Chair Endowments,*,*,8181
*,Raleigh,*,*,*,*,165817,,*,Raleigh,*,Honors Program,*,*,83
*,Raleigh,*,*,*,*,165817,,*,Raleigh,*,Minority Scholarship Fund,*,*,7292
*,Raleigh,*,*,*,*,165817,,*,Raleigh,*,Parents Association,*,*,17193
*,Raleigh,*,*,*,*,165817,,*,Raleigh,*,Trustees Fund,*,*,18864
*,Raleigh,*,*,*,*,165817,,*,Raleigh,*,University Annual Fund,*,*,9490
*,Reno,*,*,*,*,58348,,*,Reno,*,College of Agriculture and Natural Resources,*,*,5385
*,Reno,*,*,*,*,58348,,*,Reno,*,College of Engineering,*,*,5063
*,Reno,*,*,*,*,58348,,*,Reno,*,Diversity Fund,*,*,4658
*,Reno,*,*,*,*,58348,,*,Reno,*,Faculty Chair Endowments,*,*,10437
*,Reno,*,*,*,*,58348,,*,Reno,*,Parents Association,*,*,13732
*,Reno,*,*,*,*,58348,,*,Reno,*,Trustees Fund,*,*,6733
*,Reno,*,*,*,*,58348,,*,Reno,*,University Annual Fund,*,*,4948
*,Reno,*,*,*,*,58348,,*,Reno,*,University Libraries,*,*,7392
*,Richmond,*,*,*,*,402143,,*,Richmond,*,Alumni Association,*,*,20680
*,Richmond,*,*,*,*,402143,,*,Richmond,*,Athletics,*,*,3782
*,Richmond,*,*,*,*,402143,,*,Richmond,*,Campus Recreation,*,*,10727
*,Richmond,*,*,*,*,402143,,*,Richmond,*,College of Agriculture and Natural Resources,*,*,25410
*,Richmond,*,*,*,*,402143,,*,Richmond,*,College of Arts and Sciences,*,*,47182
*,Richmond,*,*,*,*,402143,,*,Richmond,*,College of Communication Arts and Sciences,*,*,361
*,Richmond,*,*,*,*,402143,,*,Richmond,*,College of Education,*,*,35114
*,Richmond,*,*,*,*,402143,,*,Richmond,*,College of Engineering,*,*,24299
*,Richmond,*,*,*,*,402143,,*,Richmond,*,College of Natural Science,*,*,33601
*,Richmond,*,*,*,*,402143,,*,Richmond,*,College of Nursing,*,*,6225
*,Richmond,*,*,*,*,402143,,*,Richmond,*,College of Social Science,*,*,27633
*,Richmond,*,*,*,*,402143,,*,Richmond,*,Diversity Fund,*,*,19461
*,Richmond,*,*,*,*,402143,,*,Richmond,*,Faculty Chair Endowments,*,*,39839
*,Richmond,*,*,*,*,402143,,*,Richmond,*,In-State Scholarship Fund,*,*,12242
*,Richmond,*,*,*,*,402143,,*,Richmond,*,Minority Scholarship Fund,*,*,18270
*,Richmond,*,*,*,*,402143,,*,Richmond,*,Parents Association,*,*,6096
*,Richmond,*,*,*,*,402143,,*,Richmond,*,Trustees Fund,*,*,31225
*,Richmond,*,*,*,*,402143,,*,Richmond,*,University Annual Fund,*,*,30319
*,Richmond,*,*,*,*,402143,,*,Richmond,*,University Libraries,*,*,9677
*,Rochester,*,*,*,*,100774,,*,Rochester,*,College of Agriculture and Natural Resources,*,*,3496
*,Rochester,*,*,*,*,100774,,*,Rochester,*,College of Arts and Sciences,*,*,7753
*,Rochester,*,*,*,*,100774,,*,Rochester,*,College of Natural Science,*,*,22852
*,Rochester,*,*,*,*,100774,,*,Rochester,*,Faculty Chair Endowments,*,*,15330
*,Rochester,*,*,*,*,100774,,*,Rochester,*,In-State Scholarship Fund,*,*,14190
*,Rochester,*,*,*,*,100774,,*,Rochester,*,Trustees Fund,*,*,4164
*,Rochester,*,*,*,*,100774,,*,Rochester,*,University Annual Fund,*,*,30413
*,Rochester,*,*,*,*,100774,,*,Rochester,*,University Libraries,*,*,2576
*,Sacramento,*,*,*,*,131686,,*,Sacramento,*,Athletics,*,*,2779
*,Sacramento,*,*,*,*,131686,,*,Sacramento,*,Campus Museums,*,*,4782
*,Sacramento,*,*,*,*,131686,,*,Sacramento,*,Campus Recreation,*,*,11390
*,Sacramento,*,*,*,*,131686,,*,Sacramento,*,College of Agriculture and Natural Resources,*,*,650
*,Sacramento,*,*,*,*,131686,,*,Sacramento,*,College of Arts and Sciences,*,*,15679
*,Sacramento,*,*,*,*,131686,,*,Sacramento,*,College of Communication Arts and Sciences,*,*,5669
*,Sacramento,*,*,*,*,131686,,*,Sacramento,*,College of Music,*,*,6339
*,Sacramento,*,*,*,*,131686,,*,Sacramento,*,Diversity Fund,*,*,20543
*,Sacramento,*,*,*,*,131686,,*,Sacramento,*,Faculty Chair Endowments,*,*,8700
*,Sacramento,*,*,*,*,131686,,*,Sacramento,*,Honors Program,*,*,2779
*,Sacramento,*,*,*,*,131686,,*,Sacramento,*,Parents Association,*,*,21855
*,Sacramento,*,*,*,*,131686,,*,Sacramento,*,Trustees Fund,*,*,5051
*,Sacramento,*,*,*,*,131686,,*,Sacramento,*,University Annual Fund,*,*,25470
*,Salem,*,*,*,*,100835,,*,Salem,*,Campus Museums,*,*,3724
*,Salem,*,*,*,*,100835,,*,Salem,*,Campus Recreation,*,*,10246
*,Salem,*,*,*,*,100835,,*,Salem,*,College of Natural Science,*,*,16597
*,Salem,*,*,*,*,100835,,*,Salem,*,College of Social Science,*,*,16743
*,Salem,*,*,*,*,100835,,*,Salem,*,Faculty Chair Endowments,*,*,7620
*,Salem,*,*,*,*,100835,,*,Salem,*,Honors Program,*,*,8684
*,Salem,*,*,*,*,100835,,*,Salem,*,In-State Scholarship Fund,*,*,3978
*,Salem,*,*,*,*,100835,,*,Salem,*,Minority Scholarship Fund,*,*,9745
*,Salem,*,*,*,*,100835,,*,Salem,*,Trustees Fund,*,*,10056
*,Salem,*,*,*,*,100835,,*,Salem,*,University Annual Fund,*,*,8133
*,Salem,*,*,*,*,100835,,*,Salem,*,University Libraries,*,*,5309
*,Salt Lake City,*,*,*,*,177982,,*,Salt Lake City,*,Athletics,*,*,9695
*,Salt Lake City,*,*,*,*,177982,,*,Salt Lake City,*,College of Agriculture and Natural Resources,*,*,7019
*,Salt Lake City,*,*,*,*,177982,,*,Salt Lake City,*,College of Education,*,*,11470
*,Salt Lake City,*,*,*,*,177982,,*,Salt Lake City,*,College of Natural Science,*,*,22367
*,Salt Lake City,*,*,*,*,177982,,*,Salt Lake City,*,College of Social Science,*,*,42191
*,Salt Lake City,*,*,*,*,177982,,*,Salt Lake City,*,Diversity Fund,*,*,41154
*,Salt Lake City,*,*,*,*,177982,,*,Salt Lake City,*,Faculty Chair Endowments,*,*,7019
*,Salt Lake City,*,*,*,*,177982,,*,Salt Lake City,*,Minority Scholarship Fund,*,*,10812
*,Salt Lake City,*,*,*,*,177982,,*,Salt Lake City,*,Parents Association,*,*,12207
*,Salt Lake City,*,*,*,*,177982,,*,Salt Lake City,*,Trustees Fund,*,*,6384
*,Salt Lake City,*,*,*,*,177982,,*,Salt Lake City,*,University Annual Fund,*,*,7664
*,San Antonio,*,*,*,*,139440,,*,San Antonio,*,Athletics,*,*,10213
*,San Antonio,*,*,*,*,139440,,*,San Antonio,*,Campus Recreation,*,*,19387
*,San Antonio,*,*,*,*,139440,,*,San Antonio,*,College of Arts and Sciences,*,*,3903
*,San Antonio,*,*,*,*,139440,,*,San Antonio,*,College of Natural Science,*,*,5020
*,San Antonio,*,*,*,*,139440,,*,San Antonio,*,College of Political Science,*,*,4123
*,San Antonio,*,*,*,*,139440,,*,San Antonio,*,College of Social Science,*,*,2070
*,San Antonio,*,*,*,*,139440,,*,San Antonio,*,Diversity Fund,*,*,32111
*,San Antonio,*,*,*,*,139440,,*,San Antonio,*,Faculty Chair Endowments,*,*,8971
*,San Antonio,*,*,*,*,139440,,*,San Antonio,*,Honors Program,*,*,169
*,San Antonio,*,*,*,*,139440,,*,San Antonio,*,In-State Scholarship Fund,*,*,19556
*,San Antonio,*,*,*,*,139440,,*,San Antonio,*,Parents Association,*,*,5619
*,San Antonio,*,*,*,*,139440,,*,San Antonio,*,University Annual Fund,*,*,27548
*,San Antonio,*,*,*,*,139440,,*,San Antonio,*,University Libraries,*,*,750
*,San Diego,*,*,*,*,327118,,*,San Diego,*,Alumni Association,*,*,2390
*,San Diego,*,*,*,*,327118,,*,San Diego,*,Campus Museums,*,*,5678
*,San Diego,*,*,*,*,327118,,*,San Diego,*,Campus Recreation,*,*,2910
*,San Diego,*,*,*,*,327118,,*,San Diego,*,College of Agriculture and Natural Resources,*,*,5425
*,San Diego,*,*,*,*,327118,,*,San Diego,*,College of Arts and Sciences,*,*,22898
*,San Diego,*,*,*,*,327118,,*,San Diego,*,College of Business,*,*,2817
*,San Diego,*,*,*,*,327118,,*,San Diego,*,College of Communication Arts and Sciences,*,*,6559
*,San Diego,*,*,*,*,327118,,*,San Diego,*,College of Education,*,*,3219
*,San Diego,*,*,*,*,327118,,*,San Diego,*,College of Natural Science,*,*,71954
*,San Diego,*,*,*,*,327118,,*,San Diego,*,College of Social Science,*,*,21509
*,San Diego,*,*,*,*,327118,,*,San Diego,*,College of Veterinary Medicine,*,*,43
*,San Diego,*,*,*,*,327118,,*,San Diego,*,Diversity Fund,*,*,33744
*,San Diego,*,*,*,*,327118,,*,San Diego,*,Faculty Chair Endowments,*,*,17161
*,San Diego,*,*,*,*,327118,,*,San Diego,*,Honors Program,*,*,6403
*,San Diego,*,*,*,*,327118,,*,San Diego,*,In-State Scholarship Fund,*,*,16079
*,San Diego,*,*,*,*,327118,,*,San Diego,*,Minority Scholarship Fund,*,*,7333
*,San Diego,*,*,*,*,327118,,*,San Diego,*,Parents Association,*,*,10909
*,San Diego,*,*,*,*,327118,,*,San Diego,*,Trustees Fund,*,*,26345
*,San Diego,*,*,*,*,327118,,*,San Diego,*,University Annual Fund,*,*,59857
*,San Diego,*,*,*,*,327118,,*,San Diego,*,University Libraries,*,*,3885
*,San Francisco,*,*,*,*,1029615,,*,San Francisco,*,Alumni Association,*,*,43142
*,San Francisco,*,*,*,*,1029615,,*,San Francisco,*,Athletics,*,*,40307
*,San Francisco,*,*,*,*,1029615,,*,San Francisco,*,Campus Museums,*,*,11111
*,San Francisco,*,*,*,*,1029615,,*,San Francisco,*,Campus Recreation,*,*,31414
*,San Francisco,*,*,*,*,1029615,,*,San Francisco,*,College of Agriculture and Natural Resources,*,*,37066
*,San Francisco,*,*,*,*,1029615,,*,San Francisco,*,College of Arts and Sciences,*,*,81172
*,San Francisco,*,*,*,*,1029615,,*,San Francisco,*,College of Business,*,*,27042
*,San Francisco,*,*,*,*,1029615,,*,San Francisco,*,College of Communication Arts and Sciences,*,*,14668
*,San Francisco,*,*,*,*,1029615,,*,San Francisco,*,College of Education,*,*,38107
*,San Francisco,*,*,*,*,1029615,,*,San Francisco,*,College of Engineering,*,*,9322
*,San Francisco,*,*,*,*,1029615,,*,San Francisco,*,College of Music,*,*,14741
*,San Francisco,*,*,*,*,1029615,,*,San Francisco,*,College of Natural Science,*,*,66567
*,San Francisco,*,*,*,*,1029615,,*,San Francisco,*,College of Political Science,*,*,25622
*,San Francisco,*,*,*,*,1029615,,*,San Francisco,*,College of Social Science,*,*,20085
*,San Francisco,*,*,*,*,1029615,,*,San Francisco,*,College of Veterinary Medicine,*,*,903
*,San Francisco,*,*,*,*,1029615,,*,San Francisco,*,Diversity Fund,*,*,136243
*,San Francisco,*,*,*,*,1029615,,*,San Francisco,*,Faculty Chair Endowments,*,*,28108
*,San Francisco,*,*,*,*,1029615,,*,San Francisco,*,Honors Program,*,*,34016
*,San Francisco,*,*,*,*,1029615,,*,San Francisco,*,In-State Scholarship Fund,*,*,27153
*,San Francisco,*,*,*,*,1029615,,*,San Francisco,*,Minority Scholarship Fund,*,*,11545
*,San Francisco,*,*,*,*,1029615,,*,San Francisco,*,Parents Association,*,*,28677
*,San Francisco,*,*,*,*,1029615,,*,San Francisco,*,Trustees Fund,*,*,120097
*,San Francisco,*,*,*,*,1029615,,*,San Francisco,*,University Annual Fund,*,*,141076
*,San Francisco,*,*,*,*,1029615,,*,San Francisco,*,University Libraries,*,*,41431
*,Savannah,*,*,*,*,139979,,*,Savannah,*,College of Agriculture and Natural Resources,*,*,36
*,Savannah,*,*,*,*,139979,,*,Savannah,*,College of Arts and Sciences,*,*,25832
*,Savannah,*,*,*,*,139979,,*,Savannah,*,College of Communication Arts and Sciences,*,*,8796
*,Savannah,*,*,*,*,139979,,*,Savannah,*,College of Natural Science,*,*,14707
*,Savannah,*,*,*,*,139979,,*,Savannah,*,College of Social Science,*,*,3180
*,Savannah,*,*,*,*,139979,,*,Savannah,*,Diversity Fund,*,*,8801
*,Savannah,*,*,*,*,139979,,*,Savannah,*,Faculty Chair Endowments,*,*,17046
*,Savannah,*,*,*,*,139979,,*,Savannah,*,In-State Scholarship Fund,*,*,8063
*,Savannah,*,*,*,*,139979,,*,Savannah,*,Parents Association,*,*,14081
*,Savannah,*,*,*,*,139979,,*,Savannah,*,Trustees Fund,*,*,20220
*,Savannah,*,*,*,*,139979,,*,Savannah,*,University Annual Fund,*,*,14803
*,Savannah,*,*,*,*,139979,,*,Savannah,*,University Libraries,*,*,4414
*,Scottsdale,*,*,*,*,107839,,*,Scottsdale,*,Alumni Association,*,*,27354
*,Scottsdale,*,*,*,*,107839,,*,Scottsdale,*,Campus Recreation,*,*,486
*,Scottsdale,*,*,*,*,107839,,*,Scottsdale,*,College of Agriculture and Natural Resources,*,*,5680
*,Scottsdale,*,*,*,*,107839,,*,Scottsdale,*,College of Business,*,*,5680
*,Scottsdale,*,*,*,*,107839,,*,Scottsdale,*,Diversity Fund,*,*,12994
*,Scottsdale,*,*,*,*,107839,,*,Scottsdale,*,Faculty Chair Endowments,*,*,8939
*,Scottsdale,*,*,*,*,107839,,*,Scottsdale,*,In-State Scholarship Fund,*,*,9234
*,Scottsdale,*,*,*,*,107839,,*,Scottsdale,*,Minority Scholarship Fund,*,*,13706
*,Scottsdale,*,*,*,*,107839,,*,Scottsdale,*,Parents Association,*,*,13205
*,Scottsdale,*,*,*,*,107839,,*,Scottsdale,*,Trustees Fund,*,*,833
*,Scottsdale,*,*,*,*,107839,,*,Scottsdale,*,University Annual Fund,*,*,9728
*,Seattle,*,*,*,*,477388,,*,Seattle,*,Alumni Association,*,*,2896
*,Seattle,*,*,*,*,477388,,*,Seattle,*,Campus Museums,*,*,9509
*,Seattle,*,*,*,*,477388,,*,Seattle,*,Campus Recreation,*,*,6067
*,Seattle,*,*,*,*,477388,,*,Seattle,*,College of Agriculture and Natural Resources,*,*,48287
*,Seattle,*,*,*,*,477388,,*,Seattle,*,College of Arts and Sciences,*,*,19279
*,Seattle,*,*,*,*,477388,,*,Seattle,*,College of Communication Arts and Sciences,*,*,8692
*,Seattle,*,*,*,*,477388,,*,Seattle,*,College of Education,*,*,8568
*,Seattle,*,*,*,*,477388,,*,Seattle,*,College of Engineering,*,*,35410
*,Seattle,*,*,*,*,477388,,*,Seattle,*,College of Music,*,*,7948
*,Seattle,*,*,*,*,477388,,*,Seattle,*,College of Natural Science,*,*,30352
*,Seattle,*,*,*,*,477388,,*,Seattle,*,College of Nursing,*,*,13642
*,Seattle,*,*,*,*,477388,,*,Seattle,*,College of Social Science,*,*,30568
*,Seattle,*,*,*,*,477388,,*,Seattle,*,College of Veterinary Medicine,*,*,8101
*,Seattle,*,*,*,*,477388,,*,Seattle,*,Diversity Fund,*,*,44257
*,Seattle,*,*,*,*,477388,,*,Seattle,*,Faculty Chair Endowments,*,*,45479
*,Seattle,*,*,*,*,477388,,*,Seattle,*,Honors Program,*,*,14605
*,Seattle,*,*,*,*,477388,,*,Seattle,*,In-State Scholarship Fund,*,*,9885
*,Seattle,*,*,*,*,477388,,*,Seattle,*,Minority Scholarship Fund,*,*,4517
*,Seattle,*,*,*,*,477388,,*,Seattle,*,Parents Association,*,*,28220
*,Seattle,*,*,*,*,477388,,*,Seattle,*,Trustees Fund,*,*,32462
*,Seattle,*,*,*,*,477388,,*,Seattle,*,University Annual Fund,*,*,58948
*,Seattle,*,*,*,*,477388,,*,Seattle,*,University Libraries,*,*,9696
*,Spokane,*,*,*,*,139093,,*,Spokane,*,Campus Recreation,*,*,36759
*,Spokane,*,*,*,*,139093,,*,Spokane,*,College of Agriculture and Natural Resources,*,*,5794
*,Spokane,*,*,*,*,139093,,*,Spokane,*,College of Arts and Sciences,*,*,28908
*,Spokane,*,*,*,*,139093,,*,Spokane,*,College of Music,*,*,669
*,Spokane,*,*,*,*,139093,,*,Spokane,*,College of Social Science,*,*,15935
*,Spokane,*,*,*,*,139093,,*,Spokane,*,Faculty Chair Endowments,*,*,15476
*,Spokane,*,*,*,*,139093,,*,Spokane,*,Honors Program,*,*,3285
*,Spokane,*,*,*,*,139093,,*,Spokane,*,Parents Association,*,*,7188
*,Spokane,*,*,*,*,139093,,*,Spokane,*,Trustees Fund,*,*,13756
*,Spokane,*,*,*,*,139093,,*,Spokane,*,University Annual Fund,*,*,8119
*,Spokane,*,*,*,*,139093,,*,Spokane,*,University Libraries,*,*,3204
*,Springfield,*,*,*,*,95937,,*,Springfield,*,Alumni Association,*,*,2877
*,Springfield,*,*,*,*,95937,,*,Springfield,*,College of Agriculture and Natural Resources,*,*,4962
*,Springfield,*,*,*,*,95937,,*,Springfield,*,College of Communication Arts and Sciences,*,*,8468
*,Springfield,*,*,*,*,95937,,*,Springfield,*,College of Education,*,*,6838
*,Springfield,*,*,*,*,95937,,*,Springfield,*,College of Engineering,*,*,9787
*,Springfield,*,*,*,*,95937,,*,Springfield,*,College of Social Science,*,*,2002
*,Springfield,*,*,*,*,95937,,*,Springfield,*,Diversity Fund,*,*,14548
*,Springfield,*,*,*,*,95937,,*,Springfield,*,In-State Scholarship Fund,*,*,16173
*,Springfield,*,*,*,*,95937,,*,Springfield,*,Trustees Fund,*,*,6313
*,Springfield,*,*,*,*,95937,,*,Springfield,*,University Annual Fund,*,*,23969
*,St. Louis,*,*,*,*,435636,,*,St. Louis,*,Campus Museums,*,*,9468
*,St. Louis,*,*,*,*,435636,,*,St. Louis,*,Campus Recreation,*,*,267
*,St. Louis,*,*,*,*,435636,,*,St. Louis,*,College of Agriculture and Natural Resources,*,*,10800
*,St. Louis,*,*,*,*,435636,,*,St. Louis,*,College of Arts and Sciences,*,*,6965
*,St. Louis,*,*,*,*,435636,,*,St. Louis,*,College of Business,*,*,4266
*,St. Louis,*,*,*,*,435636,,*,St. Louis,*,College of Communication Arts and Sciences,*,*,149
*,St. Louis,*,*,*,*,435636,,*,St. Louis,*,College of Education,*,*,1715
*,St. Louis,*,*,*,*,435636,,*,St. Louis,*,College of Music,*,*,15754
*,St. Louis,*,*,*,*,435636,,*,St. Louis,*,College of Political Science,*,*,5041
*,St. Louis,*,*,*,*,435636,,*,St. Louis,*,College of Social Science,*,*,12217
*,St. Louis,*,*,*,*,435636,,*,St. Louis,*,Diversity Fund,*,*,21756
*,St. Louis,*,*,*,*,435636,,*,St. Louis,*,Faculty Chair Endowments,*,*,11987
*,St. Louis,*,*,*,*,435636,,*,St. Louis,*,Honors Program,*,*,6195
*,St. Louis,*,*,*,*,435636,,*,St. Louis,*,In-State Scholarship Fund,*,*,18001
*,St. Louis,*,*,*,*,435636,,*,St. Louis,*,Parents Association,*,*,345
*,St. Louis,*,*,*,*,435636,,*,St. Louis,*,Trustees Fund,*,*,22236
*,St. Louis,*,*,*,*,435636,,*,St. Louis,*,University Annual Fund,*,*,17510
*,St. Louis,*,*,*,*,435636,,*,St. Louis,*,University Libraries,*,*,24782
*,St. Paul,*,*,*,*,42888,,*,St. Paul,*,Alumni Association,*,*,3784
*,St. Paul,*,*,*,*,42888,,*,St. Paul,*,Athletics,*,*,9394
*,St. Paul,*,*,*,*,42888,,*,St. Paul,*,Campus Museums,*,*,6838
*,St. Paul,*,*,*,*,42888,,*,St. Paul,*,College of Agriculture and Natural Resources,*,*,9558
*,St. Paul,*,*,*,*,42888,,*,St. Paul,*,College of Arts and Sciences,*,*,6155
*,St. Paul,*,*,*,*,42888,,*,St. Paul,*,Diversity Fund,*,*,1047
*,St. Paul,*,*,*,*,42888,,*,St. Paul,*,Faculty Chair Endowments,*,*,3438
*,St. Paul,*,*,*,*,42888,,*,St. Paul,*,University Annual Fund,*,*,2674
*,Syracuse,*,*,*,*,90475,,*,Syracuse,*,Alumni Association,*,*,1367
*,Syracuse,*,*,*,*,90475,,*,Syracuse,*,Athletics,*,*,1920
*,Syracuse,*,*,*,*,90475,,*,Syracuse,*,College of Agriculture and Natural Resources,*,*,21333
*,Syracuse,*,*,*,*,90475,,*,Syracuse,*,College of Arts and Sciences,*,*,3896
*,Syracuse,*,*,*,*,90475,,*,Syracuse,*,College of Engineering,*,*,7422
*,Syracuse,*,*,*,*,90475,,*,Syracuse,*,College of Music,*,*,9370
*,Syracuse,*,*,*,*,90475,,*,Syracuse,*,College of Natural Science,*,*,6032
*,Syracuse,*,*,*,*,90475,,*,Syracuse,*,College of Social Science,*,*,14764
*,Syracuse,*,*,*,*,90475,,*,Syracuse,*,Diversity Fund,*,*,5870
*,Syracuse,*,*,*,*,90475,,*,Syracuse,*,Faculty Chair Endowments,*,*,6862
*,Syracuse,*,*,*,*,90475,,*,Syracuse,*,In-State Scholarship Fund,*,*,5656
*,Syracuse,*,*,*,*,90475,,*,Syracuse,*,Minority Scholarship Fund,*,*,1812
*,Syracuse,*,*,*,*,90475,,*,Syracuse,*,Trustees Fund,*,*,1707
*,Syracuse,*,*,*,*,90475,,*,Syracuse,*,University Annual Fund,*,*,2464
*,Tallahassee,*,*,*,*,301232,,*,Tallahassee,*,Campus Museums,*,*,7784
*,Tallahassee,*,*,*,*,301232,,*,Tallahassee,*,Campus Recreation,*,*,2982
*,Tallahassee,*,*,*,*,301232,,*,Tallahassee,*,College of Agriculture and Natural Resources,*,*,17663
*,Tallahassee,*,*,*,*,301232,,*,Tallahassee,*,College of Arts and Sciences,*,*,8720
*,Tallahassee,*,*,*,*,301232,,*,Tallahassee,*,College of Communication Arts and Sciences,*,*,6646
*,Tallahassee,*,*,*,*,301232,,*,Tallahassee,*,College of Natural Science,*,*,20225
*,Tallahassee,*,*,*,*,301232,,*,Tallahassee,*,College of Social Science,*,*,794
*,Tallahassee,*,*,*,*,301232,,*,Tallahassee,*,College of Veterinary Medicine,*,*,1965
*,Tallahassee,*,*,*,*,301232,,*,Tallahassee,*,Diversity Fund,*,*,38374
*,Tallahassee,*,*,*,*,301232,,*,Tallahassee,*,Faculty Chair Endowments,*,*,8819
*,Tallahassee,*,*,*,*,301232,,*,Tallahassee,*,Honors Program,*,*,8819
*,Tallahassee,*,*,*,*,301232,,*,Tallahassee,*,In-State Scholarship Fund,*,*,34497
*,Tallahassee,*,*,*,*,301232,,*,Tallahassee,*,Minority Scholarship Fund,*,*,14239
*,Tallahassee,*,*,*,*,301232,,*,Tallahassee,*,Parents Association,*,*,15738
*,Tallahassee,*,*,*,*,301232,,*,Tallahassee,*,Trustees Fund,*,*,35309
*,Tallahassee,*,*,*,*,301232,,*,Tallahassee,*,University Annual Fund,*,*,71044
*,Tallahassee,*,*,*,*,301232,,*,Tallahassee,*,University Libraries,*,*,7614
*,Tucson,*,*,*,*,80893,,*,Tucson,*,Alumni Association,*,*,7196
*,Tucson,*,*,*,*,80893,,*,Tucson,*,College of Arts and Sciences,*,*,8847
*,Tucson,*,*,*,*,80893,,*,Tucson,*,College of Natural Science,*,*,6433
*,Tucson,*,*,*,*,80893,,*,Tucson,*,College of Social Science,*,*,794
*,Tucson,*,*,*,*,80893,,*,Tucson,*,Diversity Fund,*,*,24594
*,Tucson,*,*,*,*,80893,,*,Tucson,*,Faculty Chair Endowments,*,*,3865
*,Tucson,*,*,*,*,80893,,*,Tucson,*,In-State Scholarship Fund,*,*,6830
*,Tucson,*,*,*,*,80893,,*,Tucson,*,Minority Scholarship Fund,*,*,9191
*,Tucson,*,*,*,*,80893,,*,Tucson,*,Parents Association,*,*,2731
*,Tucson,*,*,*,*,80893,,*,Tucson,*,Trustees Fund,*,*,5620
*,Tucson,*,*,*,*,80893,,*,Tucson,*,University Annual Fund,*,*,4792
*,Tulsa,*,*,*,*,71568,,*,Tulsa,*,Athletics,*,*,1633
*,Tulsa,*,*,*,*,71568,,*,Tulsa,*,Campus Museums,*,*,5901
*,Tulsa,*,*,*,*,71568,,*,Tulsa,*,Campus Recreation,*,*,5023
*,Tulsa,*,*,*,*,71568,,*,Tulsa,*,College of Arts and Sciences,*,*,5901
*,Tulsa,*,*,*,*,71568,,*,Tulsa,*,College of Music,*,*,6028
*,Tulsa,*,*,*,*,71568,,*,Tulsa,*,College of Political Science,*,*,1181
*,Tulsa,*,*,*,*,71568,,*,Tulsa,*,College of Social Science,*,*,4857
*,Tulsa,*,*,*,*,71568,,*,Tulsa,*,Honors Program,*,*,5275
*,Tulsa,*,*,*,*,71568,,*,Tulsa,*,Minority Scholarship Fund,*,*,9114
*,Tulsa,*,*,*,*,71568,,*,Tulsa,*,Trustees Fund,*,*,18128
*,Tulsa,*,*,*,*,71568,,*,Tulsa,*,University Libraries,*,*,8527
*,Washington,*,*,*,*,238717,,*,Washington,*,Alumni Association,*,*,676
*,Washington,*,*,*,*,238717,,*,Washington,*,Campus Recreation,*,*,530
*,Washington,*,*,*,*,238717,,*,Washington,*,College of Agriculture and Natural Resources,*,*,13299
*,Washington,*,*,*,*,238717,,*,Washington,*,College of Arts and Sciences,*,*,18641
*,Washington,*,*,*,*,238717,,*,Washington,*,College of Business,*,*,11013
*,Washington,*,*,*,*,238717,,*,Washington,*,College of Education,*,*,8241
*,Washington,*,*,*,*,238717,,*,Washington,*,College of Engineering,*,*,17326
*,Washington,*,*,*,*,238717,,*,Washington,*,College of Music,*,*,5240
*,Washington,*,*,*,*,238717,,*,Washington,*,College of Natural Science,*,*,26118
*,Washington,*,*,*,*,238717,,*,Washington,*,College of Nursing,*,*,1763
*,Washington,*,*,*,*,238717,,*,Washington,*,College of Social Science,*,*,26079
*,Washington,*,*,*,*,238717,,*,Washington,*,Diversity Fund,*,*,11042
*,Washington,*,*,*,*,238717,,*,Washington,*,Faculty Chair Endowments,*,*,11063
*,Washington,*,*,*,*,238717,,*,Washington,*,Honors Program,*,*,3225
*,Washington,*,*,*,*,238717,,*,Washington,*,In-State Scholarship Fund,*,*,5958
*,Washington,*,*,*,*,238717,,*,Washington,*,Minority Scholarship Fund,*,*,5117
*,Washington,*,*,*,*,238717,,*,Washington,*,Parents Association,*,*,8720
*,Washington,*,*,*,*,238717,,*,Washington,*,Trustees Fund,*,*,13353
*,Washington,*,*,*,*,238717,,*,Washington,*,University Annual Fund,*,*,46803
*,Washington,*,*,*,*,238717,,*,Washington,*,University Libraries,*,*,4510
*,West Valley City,*,*,*,*,105250,,*,West Valley City,*,Athletics,*,*,13096
*,West Valley City,*,*,*,*,105250,,*,West Valley City,*,College of Arts and Sciences,*,*,6155
*,West Valley City,*,*,*,*,105250,,*,West Valley City,*,College of Music,*,*,10904
*,West Valley City,*,*,*,*,105250,,*,West Valley City,*,College of Natural Science,*,*,7580
*,West Valley City,*,*,*,*,105250,,*,West Valley City,*,College of Political Science,*,*,7416
*,West Valley City,*,*,*,*,105250,,*,West Valley City,*,Diversity Fund,*,*,8576
*,West Valley City,*,*,*,*,105250,,*,West Valley City,*,Faculty Chair Endowments,*,*,9231
*,West Valley City,*,*,*,*,105250,,*,West Valley City,*,Honors Program,*,*,8176
*,West Valley City,*,*,*,*,105250,,*,West Valley City,*,Minority Scholarship Fund,*,*,6155
*,West Valley City,*,*,*,*,105250,,*,West Valley City,*,Trustees Fund,*,*,12884
*,West Valley City,*,*,*,*,105250,,*,West Valley City,*,University Annual Fund,*,*,15077
*,Wichita,*,*,*,*,191457,,*,Wichita,*,Alumni Association,*,*,4649
*,Wichita,*,*,*,*,191457,,*,Wichita,*,Athletics,*,*,16224
*,Wichita,*,*,*,*,191457,,*,Wichita,*,Campus Museums,*,*,7047
*,Wichita,*,*,*,*,191457,,*,Wichita,*,Campus Recreation,*,*,4240
*,Wichita,*,*,*,*,191457,,*,Wichita,*,College of Agriculture and Natural Resources,*,*,4258
*,Wichita,*,*,*,*,191457,,*,Wichita,*,College of Arts and Sciences,*,*,6405
*,Wichita,*,*,*,*,191457,,*,Wichita,*,College of Education,*,*,8561
*,Wichita,*,*,*,*,191457,,*,Wichita,*,College of Engineering,*,*,5453
*,Wichita,*,*,*,*,191457,,*,Wichita,*,College of Natural Science,*,*,30796
*,Wichita,*,*,*,*,191457,,*,Wichita,*,College of Political Science,*,*,13885
*,Wichita,*,*,*,*,191457,,*,Wichita,*,College of Social Science,*,*,3691
*,Wichita,*,*,*,*,191457,,*,Wichita,*,Diversity Fund,*,*,28723
*,Wichita,*,*,*,*,191457,,*,Wichita,*,Faculty Chair Endowments,*,*,8941
*,Wichita,*,*,*,*,191457,,*,Wichita,*,Minority Scholarship Fund,*,*,8414
*,Wichita,*,*,*,*,191457,,*,Wichita,*,Trustees Fund,*,*,8337
*,Wichita,*,*,*,*,191457,,*,Wichita,*,University Annual Fund,*,*,31833
*,Winston-salem,*,*,*,*,35079,,*,Winston-salem,*,College of Communication Arts and Sciences,*,*,7579
