*,Charleston,College of Natural Science,College of Natural Science,*,Biochemistry and Molecular Biology/Biotechnology,9094,,*,Charleston,College of Natural Science,College of Arts and Sciences,Scholarship,Biochemistry and Molecular Biology/Biotechnology,2960
*,Chicago,College of Social Science,College of Social Science,*,Interdisciplinary Studies in Social Science,28291,,*,Chicago,College of Social Science,Athletics,Campus Resource,Interdisciplinary Studies in Social Science,7004
*,Cincinnati,College of Social Science,College of Social Science,*,Geographic Information Science,19147,,*,Cincinnati,College of Social Science,Campus Museums,Campus Resource,Geographic Information Science,1652
*,Colorado Springs,College of Natural Science,College of Natural Science,*,Zoology,8789,,*,Colorado Springs,College of Natural Science,Campus Museums,Campus Resource,Zoology,1976
*,Kansas City,College of Agriculture and Natural Resources,College of Agriculture and Natural Resources,*,Fisheries and Wildlife,29610,,*,Kansas City,College of Agriculture and Natural Resources,Alumni Association,Campus Resource,Fisheries and Wildlife,8662
*,Los Angeles,College of Natural Science,College of Natural Science,*,Physical Science Interdepartmental,3732,,*,Los Angeles,College of Natural Science,College of Engineering,Scholarship,Physical Science Interdepartmental,600
*,New York,College of Arts and Sciences,College of Arts and Sciences,*,Apparel and Textiles,16563,,*,New York,College of Arts and Sciences,Campus Museums,Campus Resource,Apparel and Textiles,3598
*,Oklahoma City,College of Business,College of Business,*,Marketing,8182,,*,Oklahoma City,College of Business,College of Arts and Sciences,Scholarship,Marketing,862
*,Oklahoma City,College of Natural Science,College of Natural Science,*,Neuroscience,19514,,*,Oklahoma City,College of Natural Science,Alumni Association,Campus Resource,Neuroscience,2873
*,Phoenix,College of Nursing,College of Nursing,*,Nursing,7834,,*,Phoenix,College of Nursing,Campus Recreation,Campus Resource,Nursing,1864
*,San Diego,College of Natural Science,College of Natural Science,*,Environmental Biology/Plant Biol,9131,,*,San Diego,College of Natural Science,College of Communication Arts and Sciences,Scholarship,Environmental Biology/Plant Biol,685
*,San Francisco,College of Education,College of Education,*,Kinesiology,24932,,*,San Francisco,College of Education,College of Agriculture and Natural Resources,Scholarship,Kinesiology,4839
*,St. Louis,College of Natural Science,College of Natural Science,*,Mathematics,225843,,*,St. Louis,College of Natural Science,Campus Museums,Campus Resource,Mathematics,3171
