*,*,College of Agriculture and Natural Resources,*,*,*,3433165.0,,*,Alexandria,College of Agriculture and Natural Resources,*,*,*,17928
*,*,College of Agriculture and Natural Resources,*,*,*,3433165.0,,*,Amarillo,College of Agriculture and Natural Resources,*,*,*,17430
*,*,College of Agriculture and Natural Resources,*,*,*,3433165.0,,*,Anaheim,College of Agriculture and Natural Resources,*,*,*,6156
*,*,College of Agriculture and Natural Resources,*,*,*,3433165.0,,*,Atlanta,College of Agriculture and Natural Resources,*,*,*,24585
*,*,College of Agriculture and Natural Resources,*,*,*,3433165.0,,*,Austin,College of Agriculture and Natural Resources,*,*,*,78706
*,*,College of Agriculture and Natural Resources,*,*,*,3433165.0,,*,Baton Rouge,College of Agriculture and Natural Resources,*,*,*,28424
*,*,College of Agriculture and Natural Resources,*,*,*,3433165.0,,*,Boston,College of Agriculture and Natural Resources,*,*,*,130137
*,*,College of Agriculture and Natural Resources,*,*,*,3433165.0,,*,Cedar Rapids,College of Agriculture and Natural Resources,*,*,*,4539
*,*,College of Agriculture and Natural Resources,*,*,*,3433165.0,,*,Charleston,College of Agriculture and Natural Resources,*,*,*,21520
*,*,College of Agriculture and Natural Resources,*,*,*,3433165.0,,*,Charlotte,College of Agriculture and Natural Resources,*,*,*,7737
*,*,College of Agriculture and Natural Resources,*,*,*,3433165.0,,*,Chicago,College of Agriculture and Natural Resources,*,*,*,94827
*,*,College of Agriculture and Natural Resources,*,*,*,3433165.0,,*,Cincinnati,College of Agriculture and Natural Resources,*,*,*,60316
*,*,College of Agriculture and Natural Resources,*,*,*,3433165.0,,*,Colorado Springs,College of Agriculture and Natural Resources,*,*,*,55088
*,*,College of Agriculture and Natural Resources,*,*,*,3433165.0,,*,Columbia,College of Agriculture and Natural Resources,*,*,*,21561
*,*,College of Agriculture and Natural Resources,*,*,*,3433165.0,,*,Dallas,College of Agriculture and Natural Resources,*,*,*,55883
*,*,College of Agriculture and Natural Resources,*,*,*,3433165.0,,*,Denver,College of Agriculture and Natural Resources,*,*,*,476772.0
*,*,College of Agriculture and Natural Resources,*,*,*,3433165.0,,*,Des Moines,College of Agriculture and Natural Resources,*,*,*,3174
*,*,College of Agriculture and Natural Resources,*,*,*,3433165.0,,*,Detroit,College of Agriculture and Natural Resources,*,*,*,114244
*,*,College of Agriculture and Natural Resources,*,*,*,3433165.0,,*,Durham,College of Agriculture and Natural Resources,*,*,*,26754
*,*,College of Agriculture and Natural Resources,*,*,*,3433165.0,,*,El Paso,College of Agriculture and Natural Resources,*,*,*,290
*,*,College of Agriculture and Natural Resources,*,*,*,3433165.0,,*,Fort Lauderdale,College of Agriculture and Natural Resources,*,*,*,19547
*,*,College of Agriculture and Natural Resources,*,*,*,3433165.0,,*,Fresno,College of Agriculture and Natural Resources,*,*,*,59027
*,*,College of Agriculture and Natural Resources,*,*,*,3433165.0,,*,Grand Rapids,College of Agriculture and Natural Resources,*,*,*,18336
*,*,College of Agriculture and Natural Resources,*,*,*,3433165.0,,*,Hartford,College of Agriculture and Natural Resources,*,*,*,93314
*,*,College of Agriculture and Natural Resources,*,*,*,3433165.0,,*,Henderson,College of Agriculture and Natural Resources,*,*,*,14467
*,*,College of Agriculture and Natural Resources,*,*,*,3433165.0,,*,Houston,College of Agriculture and Natural Resources,*,*,*,63893
*,*,College of Agriculture and Natural Resources,*,*,*,3433165.0,,*,Indianapolis,College of Agriculture and Natural Resources,*,*,*,34262
*,*,College of Agriculture and Natural Resources,*,*,*,3433165.0,,*,Jacksonville,College of Agriculture and Natural Resources,*,*,*,26938
*,*,College of Agriculture and Natural Resources,*,*,*,3433165.0,,*,Kansas City,College of Agriculture and Natural Resources,*,*,*,109608
*,*,College of Agriculture and Natural Resources,*,*,*,3433165.0,,*,Knoxville,College of Agriculture and Natural Resources,*,*,*,17910
*,*,College of Agriculture and Natural Resources,*,*,*,3433165.0,,*,Lansing,College of Agriculture and Natural Resources,*,*,*,25806
*,*,College of Agriculture and Natural Resources,*,*,*,3433165.0,,*,Las Vegas,College of Agriculture and Natural Resources,*,*,*,31833
*,*,College of Agriculture and Natural Resources,*,*,*,3433165.0,,*,Lexington,College of Agriculture and Natural Resources,*,*,*,10970
*,*,College of Agriculture and Natural Resources,*,*,*,3433165.0,,*,Lincoln,College of Agriculture and Natural Resources,*,*,*,16488
*,*,College of Agriculture and Natural Resources,*,*,*,3433165.0,,*,Little Rock,College of Agriculture and Natural Resources,*,*,*,7638
*,*,College of Agriculture and Natural Resources,*,*,*,3433165.0,,*,Los Angeles,College of Agriculture and Natural Resources,*,*,*,193477
*,*,College of Agriculture and Natural Resources,*,*,*,3433165.0,,*,Louisville,College of Agriculture and Natural Resources,*,*,*,7477
*,*,College of Agriculture and Natural Resources,*,*,*,3433165.0,,*,Memphis,College of Agriculture and Natural Resources,*,*,*,55220
*,*,College of Agriculture and Natural Resources,*,*,*,3433165.0,,*,Mesa,College of Agriculture and Natural Resources,*,*,*,60608
*,*,College of Agriculture and Natural Resources,*,*,*,3433165.0,,*,Miami,College of Agriculture and Natural Resources,*,*,*,80218
*,*,College of Agriculture and Natural Resources,*,*,*,3433165.0,,*,Milwaukee,College of Agriculture and Natural Resources,*,*,*,6482
*,*,College of Agriculture and Natural Resources,*,*,*,3433165.0,,*,Minneapolis,College of Agriculture and Natural Resources,*,*,*,9463
*,*,College of Agriculture and Natural Resources,*,*,*,3433165.0,,*,Mobile,College of Agriculture and Natural Resources,*,*,*,24878
*,*,College of Agriculture and Natural Resources,*,*,*,3433165.0,,*,Nashville,College of Agriculture and Natural Resources,*,*,*,14704
*,*,College of Agriculture and Natural Resources,*,*,*,3433165.0,,*,New Orleans,College of Agriculture and Natural Resources,*,*,*,1867
*,*,College of Agriculture and Natural Resources,*,*,*,3433165.0,,*,New York,College of Agriculture and Natural Resources,*,*,*,177383
*,*,College of Agriculture and Natural Resources,*,*,*,3433165.0,,*,North Las Vegas,College of Agriculture and Natural Resources,*,*,*,582
*,*,College of Agriculture and Natural Resources,*,*,*,3433165.0,,*,Oklahoma City,College of Agriculture and Natural Resources,*,*,*,19664
*,*,College of Agriculture and Natural Resources,*,*,*,3433165.0,,*,Omaha,College of Agriculture and Natural Resources,*,*,*,36501
*,*,College of Agriculture and Natural Resources,*,*,*,3433165.0,,*,Orlando,College of Agriculture and Natural Resources,*,*,*,74376
*,*,College of Agriculture and Natural Resources,*,*,*,3433165.0,,*,Overland Park,College of Agriculture and Natural Resources,*,*,*,83048
*,*,College of Agriculture and Natural Resources,*,*,*,3433165.0,,*,Philadelphia,College of Agriculture and Natural Resources,*,*,*,24653
*,*,College of Agriculture and Natural Resources,*,*,*,3433165.0,,*,Phoenix,College of Agriculture and Natural Resources,*,*,*,46432
*,*,College of Agriculture and Natural Resources,*,*,*,3433165.0,,*,Portland,College of Agriculture and Natural Resources,*,*,*,16585
*,*,College of Agriculture and Natural Resources,*,*,*,3433165.0,,*,Providence,College of Agriculture and Natural Resources,*,*,*,15293
*,*,College of Agriculture and Natural Resources,*,*,*,3433165.0,,*,Provo,College of Agriculture and Natural Resources,*,*,*,9635
*,*,College of Agriculture and Natural Resources,*,*,*,3433165.0,,*,Raleigh,College of Agriculture and Natural Resources,*,*,*,1864
*,*,College of Agriculture and Natural Resources,*,*,*,3433165.0,,*,Reno,College of Agriculture and Natural Resources,*,*,*,18680
*,*,College of Agriculture and Natural Resources,*,*,*,3433165.0,,*,Richmond,College of Agriculture and Natural Resources,*,*,*,118408
*,*,College of Agriculture and Natural Resources,*,*,*,3433165.0,,*,Rochester,College of Agriculture and Natural Resources,*,*,*,25231
*,*,College of Agriculture and Natural Resources,*,*,*,3433165.0,,*,Sacramento,College of Agriculture and Natural Resources,*,*,*,14660
*,*,College of Agriculture and Natural Resources,*,*,*,3433165.0,,*,Salem,College of Agriculture and Natural Resources,*,*,*,10056
*,*,College of Agriculture and Natural Resources,*,*,*,3433165.0,,*,Salt Lake City,College of Agriculture and Natural Resources,*,*,*,43797
*,*,College of Agriculture and Natural Resources,*,*,*,3433165.0,,*,San Diego,College of Agriculture and Natural Resources,*,*,*,16050
*,*,College of Agriculture and Natural Resources,*,*,*,3433165.0,,*,San Francisco,College of Agriculture and Natural Resources,*,*,*,99461
*,*,College of Agriculture and Natural Resources,*,*,*,3433165.0,,*,Scottsdale,College of Agriculture and Natural Resources,*,*,*,13219
*,*,College of Agriculture and Natural Resources,*,*,*,3433165.0,,*,Seattle,College of Agriculture and Natural Resources,*,*,*,62856
*,*,College of Agriculture and Natural Resources,*,*,*,3433165.0,,*,Spokane,College of Agriculture and Natural Resources,*,*,*,28563
*,*,College of Agriculture and Natural Resources,*,*,*,3433165.0,,*,Springfield,College of Agriculture and Natural Resources,*,*,*,6838
*,*,College of Agriculture and Natural Resources,*,*,*,3433165.0,,*,St. Louis,College of Agriculture and Natural Resources,*,*,*,38443
*,*,College of Agriculture and Natural Resources,*,*,*,3433165.0,,*,St. Paul,College of Agriculture and Natural Resources,*,*,*,3965
*,*,College of Agriculture and Natural Resources,*,*,*,3433165.0,,*,Syracuse,College of Agriculture and Natural Resources,*,*,*,14622
*,*,College of Agriculture and Natural Resources,*,*,*,3433165.0,,*,Tallahassee,College of Agriculture and Natural Resources,*,*,*,78145
*,*,College of Agriculture and Natural Resources,*,*,*,3433165.0,,*,Tucson,College of Agriculture and Natural Resources,*,*,*,4575
*,*,College of Agriculture and Natural Resources,*,*,*,3433165.0,,*,Tulsa,College of Agriculture and Natural Resources,*,*,*,4857
*,*,College of Agriculture and Natural Resources,*,*,*,3433165.0,,*,Washington,College of Agriculture and Natural Resources,*,*,*,40381
*,*,College of Agriculture and Natural Resources,*,*,*,3433165.0,,*,Wichita,College of Agriculture and Natural Resources,*,*,*,18591
*,*,College of Agriculture and Natural Resources,*,*,*,3433165.0,,*,Winston-salem,College of Agriculture and Natural Resources,*,*,*,15249
*,*,College of Arts and Sciences,*,*,*,4720312.5,,*,Albuquerque,College of Arts and Sciences,*,*,*,29493
*,*,College of Arts and Sciences,*,*,*,4720312.5,,*,Alexandria,College of Arts and Sciences,*,*,*,79547
*,*,College of Arts and Sciences,*,*,*,4720312.5,,*,Amarillo,College of Arts and Sciences,*,*,*,61261
*,*,College of Arts and Sciences,*,*,*,4720312.5,,*,Anaheim,College of Arts and Sciences,*,*,*,32226
*,*,College of Arts and Sciences,*,*,*,4720312.5,,*,Atlanta,College of Arts and Sciences,*,*,*,41428
*,*,College of Arts and Sciences,*,*,*,4720312.5,,*,Austin,College of Arts and Sciences,*,*,*,37577
*,*,College of Arts and Sciences,*,*,*,4720312.5,,*,Baton Rouge,College of Arts and Sciences,*,*,*,14832
*,*,College of Arts and Sciences,*,*,*,4720312.5,,*,Birmingham,College of Arts and Sciences,*,*,*,117963
*,*,College of Arts and Sciences,*,*,*,4720312.5,,*,Boston,College of Arts and Sciences,*,*,*,73955
*,*,College of Arts and Sciences,*,*,*,4720312.5,,*,Casper,College of Arts and Sciences,*,*,*,36999
*,*,College of Arts and Sciences,*,*,*,4720312.5,,*,Cedar Rapids,College of Arts and Sciences,*,*,*,42109
*,*,College of Arts and Sciences,*,*,*,4720312.5,,*,Charleston,College of Arts and Sciences,*,*,*,6657
*,*,College of Arts and Sciences,*,*,*,4720312.5,,*,Charlotte,College of Arts and Sciences,*,*,*,14378
*,*,College of Arts and Sciences,*,*,*,4720312.5,,*,Chicago,College of Arts and Sciences,*,*,*,135223
*,*,College of Arts and Sciences,*,*,*,4720312.5,,*,Cincinnati,College of Arts and Sciences,*,*,*,179514
*,*,College of Arts and Sciences,*,*,*,4720312.5,,*,Cleveland,College of Arts and Sciences,*,*,*,37227
*,*,College of Arts and Sciences,*,*,*,4720312.5,,*,Colorado Springs,College of Arts and Sciences,*,*,*,62800
*,*,College of Arts and Sciences,*,*,*,4720312.5,,*,Columbia,College of Arts and Sciences,*,*,*,51845
*,*,College of Arts and Sciences,*,*,*,4720312.5,,*,Dallas,College of Arts and Sciences,*,*,*,93243
*,*,College of Arts and Sciences,*,*,*,4720312.5,,*,Denver,College of Arts and Sciences,*,*,*,706561.5
*,*,College of Arts and Sciences,*,*,*,4720312.5,,*,Detroit,College of Arts and Sciences,*,*,*,56249
*,*,College of Arts and Sciences,*,*,*,4720312.5,,*,Durham,College of Arts and Sciences,*,*,*,16403
*,*,College of Arts and Sciences,*,*,*,4720312.5,,*,Eugene,College of Arts and Sciences,*,*,*,22121
*,*,College of Arts and Sciences,*,*,*,4720312.5,,*,Fort Lauderdale,College of Arts and Sciences,*,*,*,16195
*,*,College of Arts and Sciences,*,*,*,4720312.5,,*,Fresno,College of Arts and Sciences,*,*,*,44814
*,*,College of Arts and Sciences,*,*,*,4720312.5,,*,Grand Rapids,College of Arts and Sciences,*,*,*,3207
*,*,College of Arts and Sciences,*,*,*,4720312.5,,*,Hartford,College of Arts and Sciences,*,*,*,137818
*,*,College of Arts and Sciences,*,*,*,4720312.5,,*,Henderson,College of Arts and Sciences,*,*,*,8501
*,*,College of Arts and Sciences,*,*,*,4720312.5,,*,Houston,College of Arts and Sciences,*,*,*,134478
*,*,College of Arts and Sciences,*,*,*,4720312.5,,*,Indianapolis,College of Arts and Sciences,*,*,*,58732
*,*,College of Arts and Sciences,*,*,*,4720312.5,,*,Jacksonville,College of Arts and Sciences,*,*,*,16415
*,*,College of Arts and Sciences,*,*,*,4720312.5,,*,Kansas City,College of Arts and Sciences,*,*,*,72000
*,*,College of Arts and Sciences,*,*,*,4720312.5,,*,Knoxville,College of Arts and Sciences,*,*,*,19730
*,*,College of Arts and Sciences,*,*,*,4720312.5,,*,Lansing,College of Arts and Sciences,*,*,*,51137
*,*,College of Arts and Sciences,*,*,*,4720312.5,,*,Las Vegas,College of Arts and Sciences,*,*,*,11058
*,*,College of Arts and Sciences,*,*,*,4720312.5,,*,Lexington,College of Arts and Sciences,*,*,*,6656
*,*,College of Arts and Sciences,*,*,*,4720312.5,,*,Lincoln,College of Arts and Sciences,*,*,*,14473
*,*,College of Arts and Sciences,*,*,*,4720312.5,,*,Little Rock,College of Arts and Sciences,*,*,*,10316
*,*,College of Arts and Sciences,*,*,*,4720312.5,,*,Los Angeles,College of Arts and Sciences,*,*,*,158566
*,*,College of Arts and Sciences,*,*,*,4720312.5,,*,Louisville,College of Arts and Sciences,*,*,*,53981
*,*,College of Arts and Sciences,*,*,*,4720312.5,,*,Madison,College of Arts and Sciences,*,*,*,17240
*,*,College of Arts and Sciences,*,*,*,4720312.5,,*,Manchester,College of Arts and Sciences,*,*,*,91399
*,*,College of Arts and Sciences,*,*,*,4720312.5,,*,Memphis,College of Arts and Sciences,*,*,*,80598
*,*,College of Arts and Sciences,*,*,*,4720312.5,,*,Mesa,College of Arts and Sciences,*,*,*,12610
*,*,College of Arts and Sciences,*,*,*,4720312.5,,*,Miami,College of Arts and Sciences,*,*,*,76032
*,*,College of Arts and Sciences,*,*,*,4720312.5,,*,Milwaukee,College of Arts and Sciences,*,*,*,1879
*,*,College of Arts and Sciences,*,*,*,4720312.5,,*,Minneapolis,College of Arts and Sciences,*,*,*,11510
*,*,College of Arts and Sciences,*,*,*,4720312.5,,*,Mobile,College of Arts and Sciences,*,*,*,4026
*,*,College of Arts and Sciences,*,*,*,4720312.5,,*,Murfreesboro,College of Arts and Sciences,*,*,*,15441
*,*,College of Arts and Sciences,*,*,*,4720312.5,,*,Naperville,College of Arts and Sciences,*,*,*,29982
*,*,College of Arts and Sciences,*,*,*,4720312.5,,*,Nashville,College of Arts and Sciences,*,*,*,5888
*,*,College of Arts and Sciences,*,*,*,4720312.5,,*,New Haven,College of Arts and Sciences,*,*,*,5004
*,*,College of Arts and Sciences,*,*,*,4720312.5,,*,New Orleans,College of Arts and Sciences,*,*,*,54372
*,*,College of Arts and Sciences,*,*,*,4720312.5,,*,New York,College of Arts and Sciences,*,*,*,178990
*,*,College of Arts and Sciences,*,*,*,4720312.5,,*,North Las Vegas,College of Arts and Sciences,*,*,*,41766
*,*,College of Arts and Sciences,*,*,*,4720312.5,,*,Oklahoma City,College of Arts and Sciences,*,*,*,33602
*,*,College of Arts and Sciences,*,*,*,4720312.5,,*,Omaha,College of Arts and Sciences,*,*,*,15438
*,*,College of Arts and Sciences,*,*,*,4720312.5,,*,Orlando,College of Arts and Sciences,*,*,*,49778
*,*,College of Arts and Sciences,*,*,*,4720312.5,,*,Overland Park,College of Arts and Sciences,*,*,*,18490
*,*,College of Arts and Sciences,*,*,*,4720312.5,,*,Philadelphia,College of Arts and Sciences,*,*,*,59040
*,*,College of Arts and Sciences,*,*,*,4720312.5,,*,Phoenix,College of Arts and Sciences,*,*,*,165809
*,*,College of Arts and Sciences,*,*,*,4720312.5,,*,Pittsburgh,College of Arts and Sciences,*,*,*,8451
*,*,College of Arts and Sciences,*,*,*,4720312.5,,*,Portland,College of Arts and Sciences,*,*,*,24465
*,*,College of Arts and Sciences,*,*,*,4720312.5,,*,Providence,College of Arts and Sciences,*,*,*,39448
*,*,College of Arts and Sciences,*,*,*,4720312.5,,*,Provo,College of Arts and Sciences,*,*,*,5433
*,*,College of Arts and Sciences,*,*,*,4720312.5,,*,Raleigh,College of Arts and Sciences,*,*,*,21144
*,*,College of Arts and Sciences,*,*,*,4720312.5,,*,Reno,College of Arts and Sciences,*,*,*,4658
*,*,College of Arts and Sciences,*,*,*,4720312.5,,*,Richmond,College of Arts and Sciences,*,*,*,53156
*,*,College of Arts and Sciences,*,*,*,4720312.5,,*,Rochester,College of Arts and Sciences,*,*,*,57902
*,*,College of Arts and Sciences,*,*,*,4720312.5,,*,Sacramento,College of Arts and Sciences,*,*,*,33921
*,*,College of Arts and Sciences,*,*,*,4720312.5,,*,Salem,College of Arts and Sciences,*,*,*,31734
*,*,College of Arts and Sciences,*,*,*,4720312.5,,*,Salt Lake City,College of Arts and Sciences,*,*,*,11372
*,*,College of Arts and Sciences,*,*,*,4720312.5,,*,San Antonio,College of Arts and Sciences,*,*,*,31398
*,*,College of Arts and Sciences,*,*,*,4720312.5,,*,San Diego,College of Arts and Sciences,*,*,*,59455
*,*,College of Arts and Sciences,*,*,*,4720312.5,,*,San Francisco,College of Arts and Sciences,*,*,*,231819
*,*,College of Arts and Sciences,*,*,*,4720312.5,,*,Savannah,College of Arts and Sciences,*,*,*,764
*,*,College of Arts and Sciences,*,*,*,4720312.5,,*,Scottsdale,College of Arts and Sciences,*,*,*,4635
*,*,College of Arts and Sciences,*,*,*,4720312.5,,*,Seattle,College of Arts and Sciences,*,*,*,116912
*,*,College of Arts and Sciences,*,*,*,4720312.5,,*,Spokane,College of Arts and Sciences,*,*,*,5547
*,*,College of Arts and Sciences,*,*,*,4720312.5,,*,Springfield,College of Arts and Sciences,*,*,*,55564
*,*,College of Arts and Sciences,*,*,*,4720312.5,,*,St. Louis,College of Arts and Sciences,*,*,*,11307
*,*,College of Arts and Sciences,*,*,*,4720312.5,,*,St. Paul,College of Arts and Sciences,*,*,*,1667
*,*,College of Arts and Sciences,*,*,*,4720312.5,,*,Syracuse,College of Arts and Sciences,*,*,*,1913
*,*,College of Arts and Sciences,*,*,*,4720312.5,,*,Tallahassee,College of Arts and Sciences,*,*,*,46908
*,*,College of Arts and Sciences,*,*,*,4720312.5,,*,Tucson,College of Arts and Sciences,*,*,*,12716
*,*,College of Arts and Sciences,*,*,*,4720312.5,,*,Tulsa,College of Arts and Sciences,*,*,*,8527
*,*,College of Arts and Sciences,*,*,*,4720312.5,,*,West Valley City,College of Arts and Sciences,*,*,*,46875
*,*,College of Arts and Sciences,*,*,*,4720312.5,,*,Wichita,College of Arts and Sciences,*,*,*,36209
*,*,College of Arts and Sciences,*,*,*,4720312.5,,*,Winston-salem,College of Arts and Sciences,*,*,*,19830
*,*,College of Business,*,*,*,1400505.0,,*,Amarillo,College of Business,*,*,*,2065
*,*,College of Business,*,*,*,1400505.0,,*,Anaheim,College of Business,*,*,*,18005
*,*,College of Business,*,*,*,1400505.0,,*,Atlanta,College of Business,*,*,*,21687
*,*,College of Business,*,*,*,1400505.0,,*,Austin,College of Business,*,*,*,13277
*,*,College of Business,*,*,*,1400505.0,,*,Baton Rouge,College of Business,*,*,*,47628
*,*,College of Business,*,*,*,1400505.0,,*,Boston,College of Business,*,*,*,46625
*,*,College of Business,*,*,*,1400505.0,,*,Casper,College of Business,*,*,*,9538
*,*,College of Business,*,*,*,1400505.0,,*,Charlotte,College of Business,*,*,*,12501
*,*,College of Business,*,*,*,1400505.0,,*,Chicago,College of Business,*,*,*,60324
*,*,College of Business,*,*,*,1400505.0,,*,Cincinnati,College of Business,*,*,*,33812
*,*,College of Business,*,*,*,1400505.0,,*,Cleveland,College of Business,*,*,*,7147
*,*,College of Business,*,*,*,1400505.0,,*,Colorado Springs,College of Business,*,*,*,7730
*,*,College of Business,*,*,*,1400505.0,,*,Dallas,College of Business,*,*,*,38738
*,*,College of Business,*,*,*,1400505.0,,*,Denver,College of Business,*,*,*,41970.0
*,*,College of Business,*,*,*,1400505.0,,*,Detroit,College of Business,*,*,*,18627
*,*,College of Business,*,*,*,1400505.0,,*,Durham,College of Business,*,*,*,6919
*,*,College of Business,*,*,*,1400505.0,,*,El Paso,College of Business,*,*,*,11555
*,*,College of Business,*,*,*,1400505.0,,*,Grand Rapids,College of Business,*,*,*,8433
*,*,College of Business,*,*,*,1400505.0,,*,Hartford,College of Business,*,*,*,4982
*,*,College of Business,*,*,*,1400505.0,,*,Houston,College of Business,*,*,*,36675
*,*,College of Business,*,*,*,1400505.0,,*,Indianapolis,College of Business,*,*,*,59110
*,*,College of Business,*,*,*,1400505.0,,*,Jacksonville,College of Business,*,*,*,10851
*,*,College of Business,*,*,*,1400505.0,,*,Kansas City,College of Business,*,*,*,20659
*,*,College of Business,*,*,*,1400505.0,,*,Lansing,College of Business,*,*,*,59479
*,*,College of Business,*,*,*,1400505.0,,*,Lexington,College of Business,*,*,*,2639
*,*,College of Business,*,*,*,1400505.0,,*,Lincoln,College of Business,*,*,*,2647
*,*,College of Business,*,*,*,1400505.0,,*,Little Rock,College of Business,*,*,*,18569
*,*,College of Business,*,*,*,1400505.0,,*,Los Angeles,College of Business,*,*,*,80809
*,*,College of Business,*,*,*,1400505.0,,*,Memphis,College of Business,*,*,*,51283
*,*,College of Business,*,*,*,1400505.0,,*,Miami,College of Business,*,*,*,24014
*,*,College of Business,*,*,*,1400505.0,,*,Milwaukee,College of Business,*,*,*,2266
*,*,College of Business,*,*,*,1400505.0,,*,Minneapolis,College of Business,*,*,*,24348
*,*,College of Business,*,*,*,1400505.0,,*,Mobile,College of Business,*,*,*,23197
*,*,College of Business,*,*,*,1400505.0,,*,Naperville,College of Business,*,*,*,9830
*,*,College of Business,*,*,*,1400505.0,,*,Nashville,College of Business,*,*,*,21114
*,*,College of Business,*,*,*,1400505.0,,*,New Orleans,College of Business,*,*,*,19785
*,*,College of Business,*,*,*,1400505.0,,*,New York,College of Business,*,*,*,93696
*,*,College of Business,*,*,*,1400505.0,,*,North Las Vegas,College of Business,*,*,*,17575
*,*,College of Business,*,*,*,1400505.0,,*,Oklahoma City,College of Business,*,*,*,42369
*,*,College of Business,*,*,*,1400505.0,,*,Orlando,College of Business,*,*,*,16687
*,*,College of Business,*,*,*,1400505.0,,*,Overland Park,College of Business,*,*,*,17015
*,*,College of Business,*,*,*,1400505.0,,*,Philadelphia,College of Business,*,*,*,9143
*,*,College of Business,*,*,*,1400505.0,,*,Phoenix,College of Business,*,*,*,58986
*,*,College of Business,*,*,*,1400505.0,,*,Provo,College of Business,*,*,*,15702
*,*,College of Business,*,*,*,1400505.0,,*,Rochester,College of Business,*,*,*,7753
*,*,College of Business,*,*,*,1400505.0,,*,Sacramento,College of Business,*,*,*,10340
*,*,College of Business,*,*,*,1400505.0,,*,Salem,College of Business,*,*,*,2442
*,*,College of Business,*,*,*,1400505.0,,*,Salt Lake City,College of Business,*,*,*,12207
*,*,College of Business,*,*,*,1400505.0,,*,San Antonio,College of Business,*,*,*,44058
*,*,College of Business,*,*,*,1400505.0,,*,San Francisco,College of Business,*,*,*,39735
*,*,College of Business,*,*,*,1400505.0,,*,Seattle,College of Business,*,*,*,44134
*,*,College of Business,*,*,*,1400505.0,,*,St. Louis,College of Business,*,*,*,9373
*,*,College of Business,*,*,*,1400505.0,,*,Tallahassee,College of Business,*,*,*,30295
*,*,College of Business,*,*,*,1400505.0,,*,Tucson,College of Business,*,*,*,23273
*,*,College of Business,*,*,*,1400505.0,,*,Tulsa,College of Business,*,*,*,19817
*,*,College of Business,*,*,*,1400505.0,,*,Wichita,College of Business,*,*,*,7067
*,*,College of Communication Arts and Sciences,*,*,*,577251.0,,*,Albuquerque,College of Communication Arts and Sciences,*,*,*,30808
*,*,College of Communication Arts and Sciences,*,*,*,577251.0,,*,Alexandria,College of Communication Arts and Sciences,*,*,*,4804
*,*,College of Communication Arts and Sciences,*,*,*,577251.0,,*,Amarillo,College of Communication Arts and Sciences,*,*,*,7532
*,*,College of Communication Arts and Sciences,*,*,*,577251.0,,*,Birmingham,College of Communication Arts and Sciences,*,*,*,12006
*,*,College of Communication Arts and Sciences,*,*,*,577251.0,,*,Boston,College of Communication Arts and Sciences,*,*,*,8559
*,*,College of Communication Arts and Sciences,*,*,*,577251.0,,*,Charleston,College of Communication Arts and Sciences,*,*,*,998
*,*,College of Communication Arts and Sciences,*,*,*,577251.0,,*,Chicago,College of Communication Arts and Sciences,*,*,*,13566
*,*,College of Communication Arts and Sciences,*,*,*,577251.0,,*,Cincinnati,College of Communication Arts and Sciences,*,*,*,38786
*,*,College of Communication Arts and Sciences,*,*,*,577251.0,,*,Cleveland,College of Communication Arts and Sciences,*,*,*,6384
*,*,College of Communication Arts and Sciences,*,*,*,577251.0,,*,Columbia,College of Communication Arts and Sciences,*,*,*,6672
*,*,College of Communication Arts and Sciences,*,*,*,577251.0,,*,Dallas,College of Communication Arts and Sciences,*,*,*,1717
*,*,College of Communication Arts and Sciences,*,*,*,577251.0,,*,Denver,College of Communication Arts and Sciences,*,*,*,30540.0
*,*,College of Communication Arts and Sciences,*,*,*,577251.0,,*,Detroit,College of Communication Arts and Sciences,*,*,*,6896
*,*,College of Communication Arts and Sciences,*,*,*,577251.0,,*,El Paso,College of Communication Arts and Sciences,*,*,*,4574
*,*,College of Communication Arts and Sciences,*,*,*,577251.0,,*,Eugene,College of Communication Arts and Sciences,*,*,*,16580
*,*,College of Communication Arts and Sciences,*,*,*,577251.0,,*,Grand Rapids,College of Communication Arts and Sciences,*,*,*,13490
*,*,College of Communication Arts and Sciences,*,*,*,577251.0,,*,Hartford,College of Communication Arts and Sciences,*,*,*,1091
*,*,College of Communication Arts and Sciences,*,*,*,577251.0,,*,Henderson,College of Communication Arts and Sciences,*,*,*,36176
*,*,College of Communication Arts and Sciences,*,*,*,577251.0,,*,Indianapolis,College of Communication Arts and Sciences,*,*,*,5686
*,*,College of Communication Arts and Sciences,*,*,*,577251.0,,*,Jacksonville,College of Communication Arts and Sciences,*,*,*,25771
*,*,College of Communication Arts and Sciences,*,*,*,577251.0,,*,Kansas City,College of Communication Arts and Sciences,*,*,*,6257
*,*,College of Communication Arts and Sciences,*,*,*,577251.0,,*,Knoxville,College of Communication Arts and Sciences,*,*,*,37039
*,*,College of Communication Arts and Sciences,*,*,*,577251.0,,*,Lansing,College of Communication Arts and Sciences,*,*,*,1925
*,*,College of Communication Arts and Sciences,*,*,*,577251.0,,*,Los Angeles,College of Communication Arts and Sciences,*,*,*,13614
*,*,College of Communication Arts and Sciences,*,*,*,577251.0,,*,Louisville,College of Communication Arts and Sciences,*,*,*,17952
*,*,College of Communication Arts and Sciences,*,*,*,577251.0,,*,Miami,College of Communication Arts and Sciences,*,*,*,20422
*,*,College of Communication Arts and Sciences,*,*,*,577251.0,,*,Milwaukee,College of Communication Arts and Sciences,*,*,*,23052
*,*,College of Communication Arts and Sciences,*,*,*,577251.0,,*,Naperville,College of Communication Arts and Sciences,*,*,*,14852
*,*,College of Communication Arts and Sciences,*,*,*,577251.0,,*,New York,College of Communication Arts and Sciences,*,*,*,9
*,*,College of Communication Arts and Sciences,*,*,*,577251.0,,*,Oklahoma City,College of Communication Arts and Sciences,*,*,*,7020
*,*,College of Communication Arts and Sciences,*,*,*,577251.0,,*,Philadelphia,College of Communication Arts and Sciences,*,*,*,5818
*,*,College of Communication Arts and Sciences,*,*,*,577251.0,,*,Phoenix,College of Communication Arts and Sciences,*,*,*,24150
*,*,College of Communication Arts and Sciences,*,*,*,577251.0,,*,Portland,College of Communication Arts and Sciences,*,*,*,17179
*,*,College of Communication Arts and Sciences,*,*,*,577251.0,,*,Providence,College of Communication Arts and Sciences,*,*,*,4090
*,*,College of Communication Arts and Sciences,*,*,*,577251.0,,*,Raleigh,College of Communication Arts and Sciences,*,*,*,19584
*,*,College of Communication Arts and Sciences,*,*,*,577251.0,,*,San Diego,College of Communication Arts and Sciences,*,*,*,5678
*,*,College of Communication Arts and Sciences,*,*,*,577251.0,,*,San Francisco,College of Communication Arts and Sciences,*,*,*,2307
*,*,College of Communication Arts and Sciences,*,*,*,577251.0,,*,Savannah,College of Communication Arts and Sciences,*,*,*,7010
*,*,College of Communication Arts and Sciences,*,*,*,577251.0,,*,Seattle,College of Communication Arts and Sciences,*,*,*,21717
*,*,College of Communication Arts and Sciences,*,*,*,577251.0,,*,Spokane,College of Communication Arts and Sciences,*,*,*,21499
*,*,College of Communication Arts and Sciences,*,*,*,577251.0,,*,St. Louis,College of Communication Arts and Sciences,*,*,*,11808
*,*,College of Communication Arts and Sciences,*,*,*,577251.0,,*,St. Paul,College of Communication Arts and Sciences,*,*,*,3438
*,*,College of Communication Arts and Sciences,*,*,*,577251.0,,*,Tallahassee,College of Communication Arts and Sciences,*,*,*,3118
*,*,College of Communication Arts and Sciences,*,*,*,577251.0,,*,Tucson,College of Communication Arts and Sciences,*,*,*,7730
*,*,College of Communication Arts and Sciences,*,*,*,577251.0,,*,Wichita,College of Communication Arts and Sciences,*,*,*,7347
*,*,College of Education,*,*,*,850369.5,,*,Albuquerque,College of Education,*,*,*,31916
*,*,College of Education,*,*,*,850369.5,,*,Alexandria,College of Education,*,*,*,6706
*,*,College of Education,*,*,*,850369.5,,*,Atlanta,College of Education,*,*,*,2015
*,*,College of Education,*,*,*,850369.5,,*,Baton Rouge,College of Education,*,*,*,21860
*,*,College of Education,*,*,*,850369.5,,*,Charlotte,College of Education,*,*,*,24285
*,*,College of Education,*,*,*,850369.5,,*,Chicago,College of Education,*,*,*,56846
*,*,College of Education,*,*,*,850369.5,,*,Cincinnati,College of Education,*,*,*,12661
*,*,College of Education,*,*,*,850369.5,,*,Colorado Springs,College of Education,*,*,*,9818
*,*,College of Education,*,*,*,850369.5,,*,Dallas,College of Education,*,*,*,14912
*,*,College of Education,*,*,*,850369.5,,*,Denver,College of Education,*,*,*,195121.5
*,*,College of Education,*,*,*,850369.5,,*,Detroit,College of Education,*,*,*,28639
*,*,College of Education,*,*,*,850369.5,,*,Hartford,College of Education,*,*,*,17391
*,*,College of Education,*,*,*,850369.5,,*,Henderson,College of Education,*,*,*,434
*,*,College of Education,*,*,*,850369.5,,*,Houston,College of Education,*,*,*,9124
*,*,College of Education,*,*,*,850369.5,,*,Indianapolis,College of Education,*,*,*,6243
*,*,College of Education,*,*,*,850369.5,,*,Kansas City,College of Education,*,*,*,16057
*,*,College of Education,*,*,*,850369.5,,*,Lansing,College of Education,*,*,*,29539
*,*,College of Education,*,*,*,850369.5,,*,Little Rock,College of Education,*,*,*,1858
*,*,College of Education,*,*,*,850369.5,,*,Los Angeles,College of Education,*,*,*,14129
*,*,College of Education,*,*,*,850369.5,,*,Memphis,College of Education,*,*,*,12925
*,*,College of Education,*,*,*,850369.5,,*,Mesa,College of Education,*,*,*,14988
*,*,College of Education,*,*,*,850369.5,,*,Mobile,College of Education,*,*,*,11353
*,*,College of Education,*,*,*,850369.5,,*,Nashville,College of Education,*,*,*,16788
*,*,College of Education,*,*,*,850369.5,,*,New York,College of Education,*,*,*,48663
*,*,College of Education,*,*,*,850369.5,,*,Overland Park,College of Education,*,*,*,35239
*,*,College of Education,*,*,*,850369.5,,*,Philadelphia,College of Education,*,*,*,3135
*,*,College of Education,*,*,*,850369.5,,*,Pittsburgh,College of Education,*,*,*,10185
*,*,College of Education,*,*,*,850369.5,,*,Portland,College of Education,*,*,*,3254
*,*,College of Education,*,*,*,850369.5,,*,Providence,College of Education,*,*,*,14912
*,*,College of Education,*,*,*,850369.5,,*,Raleigh,College of Education,*,*,*,166
*,*,College of Education,*,*,*,850369.5,,*,Richmond,College of Education,*,*,*,7060
*,*,College of Education,*,*,*,850369.5,,*,Sacramento,College of Education,*,*,*,20652
*,*,College of Education,*,*,*,850369.5,,*,Salt Lake City,College of Education,*,*,*,11223
*,*,College of Education,*,*,*,850369.5,,*,San Antonio,College of Education,*,*,*,4140
*,*,College of Education,*,*,*,850369.5,,*,San Francisco,College of Education,*,*,*,64367
*,*,College of Education,*,*,*,850369.5,,*,Scottsdale,College of Education,*,*,*,14731
*,*,College of Education,*,*,*,850369.5,,*,Seattle,College of Education,*,*,*,4740
*,*,College of Education,*,*,*,850369.5,,*,St. Louis,College of Education,*,*,*,38519
*,*,College of Education,*,*,*,850369.5,,*,Tucson,College of Education,*,*,*,4792
*,*,College of Education,*,*,*,850369.5,,*,Tulsa,College of Education,*,*,*,8983
*,*,College of Engineering,*,*,*,1997955.0,,*,Albuquerque,College of Engineering,*,*,*,8951
*,*,College of Engineering,*,*,*,1997955.0,,*,Alexandria,College of Engineering,*,*,*,21242
*,*,College of Engineering,*,*,*,1997955.0,,*,Atlanta,College of Engineering,*,*,*,14938
*,*,College of Engineering,*,*,*,1997955.0,,*,Austin,College of Engineering,*,*,*,15190
*,*,College of Engineering,*,*,*,1997955.0,,*,Boston,College of Engineering,*,*,*,26792
*,*,College of Engineering,*,*,*,1997955.0,,*,Cedar Rapids,College of Engineering,*,*,*,4693
*,*,College of Engineering,*,*,*,1997955.0,,*,Charleston,College of Engineering,*,*,*,16070
*,*,College of Engineering,*,*,*,1997955.0,,*,Charlotte,College of Engineering,*,*,*,12135
*,*,College of Engineering,*,*,*,1997955.0,,*,Chicago,College of Engineering,*,*,*,535285
*,*,College of Engineering,*,*,*,1997955.0,,*,Cincinnati,College of Engineering,*,*,*,9389
*,*,College of Engineering,*,*,*,1997955.0,,*,Colorado Springs,College of Engineering,*,*,*,22289
*,*,College of Engineering,*,*,*,1997955.0,,*,Dallas,College of Engineering,*,*,*,51063
*,*,College of Engineering,*,*,*,1997955.0,,*,Denver,College of Engineering,*,*,*,129771.0
*,*,College of Engineering,*,*,*,1997955.0,,*,Des Moines,College of Engineering,*,*,*,13287
*,*,College of Engineering,*,*,*,1997955.0,,*,Detroit,College of Engineering,*,*,*,14073
*,*,College of Engineering,*,*,*,1997955.0,,*,Durham,College of Engineering,*,*,*,27250
*,*,College of Engineering,*,*,*,1997955.0,,*,Grand Rapids,College of Engineering,*,*,*,12768
*,*,College of Engineering,*,*,*,1997955.0,,*,Hartford,College of Engineering,*,*,*,46595
*,*,College of Engineering,*,*,*,1997955.0,,*,Houston,College of Engineering,*,*,*,63872
*,*,College of Engineering,*,*,*,1997955.0,,*,Indianapolis,College of Engineering,*,*,*,85241
*,*,College of Engineering,*,*,*,1997955.0,,*,Kansas City,College of Engineering,*,*,*,38796
*,*,College of Engineering,*,*,*,1997955.0,,*,Knoxville,College of Engineering,*,*,*,22061
*,*,College of Engineering,*,*,*,1997955.0,,*,Las Vegas,College of Engineering,*,*,*,62452
*,*,College of Engineering,*,*,*,1997955.0,,*,Lexington,College of Engineering,*,*,*,936
*,*,College of Engineering,*,*,*,1997955.0,,*,Lincoln,College of Engineering,*,*,*,23811
*,*,College of Engineering,*,*,*,1997955.0,,*,Little Rock,College of Engineering,*,*,*,4976
*,*,College of Engineering,*,*,*,1997955.0,,*,Los Angeles,College of Engineering,*,*,*,45595
*,*,College of Engineering,*,*,*,1997955.0,,*,Madison,College of Engineering,*,*,*,3556
*,*,College of Engineering,*,*,*,1997955.0,,*,Manchester,College of Engineering,*,*,*,6508
*,*,College of Engineering,*,*,*,1997955.0,,*,Memphis,College of Engineering,*,*,*,12774
*,*,College of Engineering,*,*,*,1997955.0,,*,Miami,College of Engineering,*,*,*,19486
*,*,College of Engineering,*,*,*,1997955.0,,*,Milwaukee,College of Engineering,*,*,*,4319
*,*,College of Engineering,*,*,*,1997955.0,,*,Mobile,College of Engineering,*,*,*,20092
*,*,College of Engineering,*,*,*,1997955.0,,*,Naperville,College of Engineering,*,*,*,9489
*,*,College of Engineering,*,*,*,1997955.0,,*,Nashville,College of Engineering,*,*,*,1553
*,*,College of Engineering,*,*,*,1997955.0,,*,New Orleans,College of Engineering,*,*,*,14719
*,*,College of Engineering,*,*,*,1997955.0,,*,New York,College of Engineering,*,*,*,5835
*,*,College of Engineering,*,*,*,1997955.0,,*,North Las Vegas,College of Engineering,*,*,*,17366
*,*,College of Engineering,*,*,*,1997955.0,,*,Oklahoma City,College of Engineering,*,*,*,5885
*,*,College of Engineering,*,*,*,1997955.0,,*,Omaha,College of Engineering,*,*,*,24511
*,*,College of Engineering,*,*,*,1997955.0,,*,Orlando,College of Engineering,*,*,*,16520
*,*,College of Engineering,*,*,*,1997955.0,,*,Philadelphia,College of Engineering,*,*,*,20753
*,*,College of Engineering,*,*,*,1997955.0,,*,Phoenix,College of Engineering,*,*,*,81881
*,*,College of Engineering,*,*,*,1997955.0,,*,Richmond,College of Engineering,*,*,*,36748
*,*,College of Engineering,*,*,*,1997955.0,,*,Sacramento,College of Engineering,*,*,*,14712
*,*,College of Engineering,*,*,*,1997955.0,,*,Salem,College of Engineering,*,*,*,3978
*,*,College of Engineering,*,*,*,1997955.0,,*,Salt Lake City,College of Engineering,*,*,*,55857
*,*,College of Engineering,*,*,*,1997955.0,,*,San Diego,College of Engineering,*,*,*,20661
*,*,College of Engineering,*,*,*,1997955.0,,*,San Francisco,College of Engineering,*,*,*,85056
*,*,College of Engineering,*,*,*,1997955.0,,*,Savannah,College of Engineering,*,*,*,9535
*,*,College of Engineering,*,*,*,1997955.0,,*,Scottsdale,College of Engineering,*,*,*,6166
*,*,College of Engineering,*,*,*,1997955.0,,*,Seattle,College of Engineering,*,*,*,51890
*,*,College of Engineering,*,*,*,1997955.0,,*,Springfield,College of Engineering,*,*,*,20121
*,*,College of Engineering,*,*,*,1997955.0,,*,St. Louis,College of Engineering,*,*,*,30543
*,*,College of Engineering,*,*,*,1997955.0,,*,St. Paul,College of Engineering,*,*,*,9394
*,*,College of Engineering,*,*,*,1997955.0,,*,Syracuse,College of Engineering,*,*,*,14108
*,*,College of Engineering,*,*,*,1997955.0,,*,Tallahassee,College of Engineering,*,*,*,11047
*,*,College of Engineering,*,*,*,1997955.0,,*,Washington,College of Engineering,*,*,*,28753
*,*,College of Engineering,*,*,*,1997955.0,,*,Wichita,College of Engineering,*,*,*,4618
*,*,College of Music,*,*,*,1066590.5,,*,Albuquerque,College of Music,*,*,*,6598
*,*,College of Music,*,*,*,1066590.5,,*,Amarillo,College of Music,*,*,*,8078
*,*,College of Music,*,*,*,1066590.5,,*,Anaheim,College of Music,*,*,*,8433
*,*,College of Music,*,*,*,1066590.5,,*,Austin,College of Music,*,*,*,22665
*,*,College of Music,*,*,*,1066590.5,,*,Baton Rouge,College of Music,*,*,*,14331
*,*,College of Music,*,*,*,1066590.5,,*,Boston,College of Music,*,*,*,45710
*,*,College of Music,*,*,*,1066590.5,,*,Cedar Rapids,College of Music,*,*,*,9831
*,*,College of Music,*,*,*,1066590.5,,*,Charleston,College of Music,*,*,*,14955
*,*,College of Music,*,*,*,1066590.5,,*,Charlotte,College of Music,*,*,*,17753
*,*,College of Music,*,*,*,1066590.5,,*,Chicago,College of Music,*,*,*,83878
*,*,College of Music,*,*,*,1066590.5,,*,Cincinnati,College of Music,*,*,*,48825
*,*,College of Music,*,*,*,1066590.5,,*,Cleveland,College of Music,*,*,*,4187
*,*,College of Music,*,*,*,1066590.5,,*,Denver,College of Music,*,*,*,189535.5
*,*,College of Music,*,*,*,1066590.5,,*,Detroit,College of Music,*,*,*,12808
*,*,College of Music,*,*,*,1066590.5,,*,Durham,College of Music,*,*,*,21474
*,*,College of Music,*,*,*,1066590.5,,*,El Paso,College of Music,*,*,*,6971
*,*,College of Music,*,*,*,1066590.5,,*,Eugene,College of Music,*,*,*,7301
*,*,College of Music,*,*,*,1066590.5,,*,Grand Rapids,College of Music,*,*,*,11902
*,*,College of Music,*,*,*,1066590.5,,*,Henderson,College of Music,*,*,*,13916
*,*,College of Music,*,*,*,1066590.5,,*,Houston,College of Music,*,*,*,7952
*,*,College of Music,*,*,*,1066590.5,,*,Kansas City,College of Music,*,*,*,3045
*,*,College of Music,*,*,*,1066590.5,,*,Knoxville,College of Music,*,*,*,5554
*,*,College of Music,*,*,*,1066590.5,,*,Las Vegas,College of Music,*,*,*,6412
*,*,College of Music,*,*,*,1066590.5,,*,Lexington,College of Music,*,*,*,21760
*,*,College of Music,*,*,*,1066590.5,,*,Lincoln,College of Music,*,*,*,9567
*,*,College of Music,*,*,*,1066590.5,,*,Los Angeles,College of Music,*,*,*,56107
*,*,College of Music,*,*,*,1066590.5,,*,Madison,College of Music,*,*,*,9434
*,*,College of Music,*,*,*,1066590.5,,*,Manchester,College of Music,*,*,*,12461
*,*,College of Music,*,*,*,1066590.5,,*,Mesa,College of Music,*,*,*,15071
*,*,College of Music,*,*,*,1066590.5,,*,Miami,College of Music,*,*,*,20717
*,*,College of Music,*,*,*,1066590.5,,*,New Orleans,College of Music,*,*,*,10486
*,*,College of Music,*,*,*,1066590.5,,*,New York,College of Music,*,*,*,23257
*,*,College of Music,*,*,*,1066590.5,,*,North Las Vegas,College of Music,*,*,*,8672
*,*,College of Music,*,*,*,1066590.5,,*,Oklahoma City,College of Music,*,*,*,13339
*,*,College of Music,*,*,*,1066590.5,,*,Omaha,College of Music,*,*,*,6905
*,*,College of Music,*,*,*,1066590.5,,*,Orlando,College of Music,*,*,*,7385
*,*,College of Music,*,*,*,1066590.5,,*,Overland Park,College of Music,*,*,*,32419
*,*,College of Music,*,*,*,1066590.5,,*,Phoenix,College of Music,*,*,*,33979
*,*,College of Music,*,*,*,1066590.5,,*,Providence,College of Music,*,*,*,11813
*,*,College of Music,*,*,*,1066590.5,,*,Provo,College of Music,*,*,*,18939
*,*,College of Music,*,*,*,1066590.5,,*,Raleigh,College of Music,*,*,*,16961
*,*,College of Music,*,*,*,1066590.5,,*,Reno,College of Music,*,*,*,6733
*,*,College of Music,*,*,*,1066590.5,,*,Richmond,College of Music,*,*,*,21639
*,*,College of Music,*,*,*,1066590.5,,*,Salem,College of Music,*,*,*,16790
*,*,College of Music,*,*,*,1066590.5,,*,San Diego,College of Music,*,*,*,41582
*,*,College of Music,*,*,*,1066590.5,,*,San Francisco,College of Music,*,*,*,53992
*,*,College of Music,*,*,*,1066590.5,,*,Seattle,College of Music,*,*,*,13972
*,*,College of Music,*,*,*,1066590.5,,*,Tucson,College of Music,*,*,*,1858
*,*,College of Music,*,*,*,1066590.5,,*,Washington,College of Music,*,*,*,2233
*,*,College of Music,*,*,*,1066590.5,,*,Wichita,College of Music,*,*,*,6405
*,*,College of Natural Science,*,*,*,5136971.5,,*,Albuquerque,College of Natural Science,*,*,*,9189
*,*,College of Natural Science,*,*,*,5136971.5,,*,Alexandria,College of Natural Science,*,*,*,61339
*,*,College of Natural Science,*,*,*,5136971.5,,*,Amarillo,College of Natural Science,*,*,*,4784
*,*,College of Natural Science,*,*,*,5136971.5,,*,Anaheim,College of Natural Science,*,*,*,37463
*,*,College of Natural Science,*,*,*,5136971.5,,*,Atlanta,College of Natural Science,*,*,*,115618
*,*,College of Natural Science,*,*,*,5136971.5,,*,Austin,College of Natural Science,*,*,*,129334
*,*,College of Natural Science,*,*,*,5136971.5,,*,Baton Rouge,College of Natural Science,*,*,*,16837
*,*,College of Natural Science,*,*,*,5136971.5,,*,Billings,College of Natural Science,*,*,*,12076
*,*,College of Natural Science,*,*,*,5136971.5,,*,Birmingham,College of Natural Science,*,*,*,31577
*,*,College of Natural Science,*,*,*,5136971.5,,*,Boston,College of Natural Science,*,*,*,15170
*,*,College of Natural Science,*,*,*,5136971.5,,*,Cedar Rapids,College of Natural Science,*,*,*,38166
*,*,College of Natural Science,*,*,*,5136971.5,,*,Charleston,College of Natural Science,*,*,*,17865
*,*,College of Natural Science,*,*,*,5136971.5,,*,Charlotte,College of Natural Science,*,*,*,43483
*,*,College of Natural Science,*,*,*,5136971.5,,*,Chicago,College of Natural Science,*,*,*,80262
*,*,College of Natural Science,*,*,*,5136971.5,,*,Cincinnati,College of Natural Science,*,*,*,112528
*,*,College of Natural Science,*,*,*,5136971.5,,*,Cleveland,College of Natural Science,*,*,*,44582
*,*,College of Natural Science,*,*,*,5136971.5,,*,Colorado Springs,College of Natural Science,*,*,*,100189
*,*,College of Natural Science,*,*,*,5136971.5,,*,Columbia,College of Natural Science,*,*,*,7290
*,*,College of Natural Science,*,*,*,5136971.5,,*,Dallas,College of Natural Science,*,*,*,182648
*,*,College of Natural Science,*,*,*,5136971.5,,*,Denver,College of Natural Science,*,*,*,421744.5
*,*,College of Natural Science,*,*,*,5136971.5,,*,Detroit,College of Natural Science,*,*,*,42023
*,*,College of Natural Science,*,*,*,5136971.5,,*,Durham,College of Natural Science,*,*,*,110135
*,*,College of Natural Science,*,*,*,5136971.5,,*,El Paso,College of Natural Science,*,*,*,68162
*,*,College of Natural Science,*,*,*,5136971.5,,*,Eugene,College of Natural Science,*,*,*,46832
*,*,College of Natural Science,*,*,*,5136971.5,,*,Fort Lauderdale,College of Natural Science,*,*,*,27370
*,*,College of Natural Science,*,*,*,5136971.5,,*,Fresno,College of Natural Science,*,*,*,33063
*,*,College of Natural Science,*,*,*,5136971.5,,*,Grand Rapids,College of Natural Science,*,*,*,9407
*,*,College of Natural Science,*,*,*,5136971.5,,*,Hartford,College of Natural Science,*,*,*,73271
*,*,College of Natural Science,*,*,*,5136971.5,,*,Henderson,College of Natural Science,*,*,*,55251
*,*,College of Natural Science,*,*,*,5136971.5,,*,Houston,College of Natural Science,*,*,*,135492
*,*,College of Natural Science,*,*,*,5136971.5,,*,Huntsville,College of Natural Science,*,*,*,4142
*,*,College of Natural Science,*,*,*,5136971.5,,*,Indianapolis,College of Natural Science,*,*,*,147029
*,*,College of Natural Science,*,*,*,5136971.5,,*,Jacksonville,College of Natural Science,*,*,*,26288
*,*,College of Natural Science,*,*,*,5136971.5,,*,Kansas City,College of Natural Science,*,*,*,87743
*,*,College of Natural Science,*,*,*,5136971.5,,*,Knoxville,College of Natural Science,*,*,*,9445
*,*,College of Natural Science,*,*,*,5136971.5,,*,Lansing,College of Natural Science,*,*,*,61896
*,*,College of Natural Science,*,*,*,5136971.5,,*,Las Vegas,College of Natural Science,*,*,*,28529
*,*,College of Natural Science,*,*,*,5136971.5,,*,Lexington,College of Natural Science,*,*,*,23021
*,*,College of Natural Science,*,*,*,5136971.5,,*,Lincoln,College of Natural Science,*,*,*,43090
*,*,College of Natural Science,*,*,*,5136971.5,,*,Little Rock,College of Natural Science,*,*,*,59231
*,*,College of Natural Science,*,*,*,5136971.5,,*,Los Angeles,College of Natural Science,*,*,*,229758
*,*,College of Natural Science,*,*,*,5136971.5,,*,Louisville,College of Natural Science,*,*,*,15783
*,*,College of Natural Science,*,*,*,5136971.5,,*,Madison,College of Natural Science,*,*,*,13535
*,*,College of Natural Science,*,*,*,5136971.5,,*,Manchester,College of Natural Science,*,*,*,8877
*,*,College of Natural Science,*,*,*,5136971.5,,*,Memphis,College of Natural Science,*,*,*,134765
*,*,College of Natural Science,*,*,*,5136971.5,,*,Mesa,College of Natural Science,*,*,*,2872
*,*,College of Natural Science,*,*,*,5136971.5,,*,Miami,College of Natural Science,*,*,*,19043
*,*,College of Natural Science,*,*,*,5136971.5,,*,Milwaukee,College of Natural Science,*,*,*,28649
*,*,College of Natural Science,*,*,*,5136971.5,,*,Minneapolis,College of Natural Science,*,*,*,740
*,*,College of Natural Science,*,*,*,5136971.5,,*,Mobile,College of Natural Science,*,*,*,27100
*,*,College of Natural Science,*,*,*,5136971.5,,*,Naperville,College of Natural Science,*,*,*,36522
*,*,College of Natural Science,*,*,*,5136971.5,,*,Nashville,College of Natural Science,*,*,*,11455
*,*,College of Natural Science,*,*,*,5136971.5,,*,New Haven,College of Natural Science,*,*,*,4357
*,*,College of Natural Science,*,*,*,5136971.5,,*,New Orleans,College of Natural Science,*,*,*,10009
*,*,College of Natural Science,*,*,*,5136971.5,,*,New York,College of Natural Science,*,*,*,183345
*,*,College of Natural Science,*,*,*,5136971.5,,*,North Las Vegas,College of Natural Science,*,*,*,30601
*,*,College of Natural Science,*,*,*,5136971.5,,*,Oklahoma City,College of Natural Science,*,*,*,53736
*,*,College of Natural Science,*,*,*,5136971.5,,*,Omaha,College of Natural Science,*,*,*,16149
*,*,College of Natural Science,*,*,*,5136971.5,,*,Orlando,College of Natural Science,*,*,*,92789
*,*,College of Natural Science,*,*,*,5136971.5,,*,Overland Park,College of Natural Science,*,*,*,56404
*,*,College of Natural Science,*,*,*,5136971.5,,*,Paterson,College of Natural Science,*,*,*,45513
*,*,College of Natural Science,*,*,*,5136971.5,,*,Philadelphia,College of Natural Science,*,*,*,42465
*,*,College of Natural Science,*,*,*,5136971.5,,*,Phoenix,College of Natural Science,*,*,*,112610
*,*,College of Natural Science,*,*,*,5136971.5,,*,Pittsburgh,College of Natural Science,*,*,*,43
*,*,College of Natural Science,*,*,*,5136971.5,,*,Portland,College of Natural Science,*,*,*,20995
*,*,College of Natural Science,*,*,*,5136971.5,,*,Providence,College of Natural Science,*,*,*,25899
*,*,College of Natural Science,*,*,*,5136971.5,,*,Provo,College of Natural Science,*,*,*,52333
*,*,College of Natural Science,*,*,*,5136971.5,,*,Raleigh,College of Natural Science,*,*,*,68900
*,*,College of Natural Science,*,*,*,5136971.5,,*,Richmond,College of Natural Science,*,*,*,109151
*,*,College of Natural Science,*,*,*,5136971.5,,*,Salem,College of Natural Science,*,*,*,11504
*,*,College of Natural Science,*,*,*,5136971.5,,*,Salt Lake City,College of Natural Science,*,*,*,33135
*,*,College of Natural Science,*,*,*,5136971.5,,*,San Antonio,College of Natural Science,*,*,*,48106
*,*,College of Natural Science,*,*,*,5136971.5,,*,San Diego,College of Natural Science,*,*,*,48828
*,*,College of Natural Science,*,*,*,5136971.5,,*,San Francisco,College of Natural Science,*,*,*,164781
*,*,College of Natural Science,*,*,*,5136971.5,,*,Savannah,College of Natural Science,*,*,*,86579
*,*,College of Natural Science,*,*,*,5136971.5,,*,Scottsdale,College of Natural Science,*,*,*,50421
*,*,College of Natural Science,*,*,*,5136971.5,,*,Seattle,College of Natural Science,*,*,*,91115
*,*,College of Natural Science,*,*,*,5136971.5,,*,Spokane,College of Natural Science,*,*,*,43253
*,*,College of Natural Science,*,*,*,5136971.5,,*,Springfield,College of Natural Science,*,*,*,2734
*,*,College of Natural Science,*,*,*,5136971.5,,*,St. Louis,College of Natural Science,*,*,*,289869
*,*,College of Natural Science,*,*,*,5136971.5,,*,St. Paul,College of Natural Science,*,*,*,8209
*,*,College of Natural Science,*,*,*,5136971.5,,*,Syracuse,College of Natural Science,*,*,*,33623
*,*,College of Natural Science,*,*,*,5136971.5,,*,Tallahassee,College of Natural Science,*,*,*,78611
*,*,College of Natural Science,*,*,*,5136971.5,,*,Tucson,College of Natural Science,*,*,*,8585
*,*,College of Natural Science,*,*,*,5136971.5,,*,Tulsa,College of Natural Science,*,*,*,6028
*,*,College of Natural Science,*,*,*,5136971.5,,*,Washington,College of Natural Science,*,*,*,26453
*,*,College of Natural Science,*,*,*,5136971.5,,*,West Valley City,College of Natural Science,*,*,*,10341
*,*,College of Natural Science,*,*,*,5136971.5,,*,Wichita,College of Natural Science,*,*,*,66834
*,*,College of Nursing,*,*,*,617842.0,,*,Alexandria,College of Nursing,*,*,*,10199
*,*,College of Nursing,*,*,*,617842.0,,*,Amarillo,College of Nursing,*,*,*,13898
*,*,College of Nursing,*,*,*,617842.0,,*,Atlanta,College of Nursing,*,*,*,11021
*,*,College of Nursing,*,*,*,617842.0,,*,Birmingham,College of Nursing,*,*,*,9833
*,*,College of Nursing,*,*,*,617842.0,,*,Charleston,College of Nursing,*,*,*,8740
*,*,College of Nursing,*,*,*,617842.0,,*,Chicago,College of Nursing,*,*,*,24857
*,*,College of Nursing,*,*,*,617842.0,,*,Cincinnati,College of Nursing,*,*,*,21405
*,*,College of Nursing,*,*,*,617842.0,,*,Colorado Springs,College of Nursing,*,*,*,7050
*,*,College of Nursing,*,*,*,617842.0,,*,Columbia,College of Nursing,*,*,*,8302
*,*,College of Nursing,*,*,*,617842.0,,*,Denver,College of Nursing,*,*,*,89625.0
*,*,College of Nursing,*,*,*,617842.0,,*,Des Moines,College of Nursing,*,*,*,7509
*,*,College of Nursing,*,*,*,617842.0,,*,Detroit,College of Nursing,*,*,*,46091
*,*,College of Nursing,*,*,*,617842.0,,*,Durham,College of Nursing,*,*,*,6894
*,*,College of Nursing,*,*,*,617842.0,,*,Jacksonville,College of Nursing,*,*,*,3010
*,*,College of Nursing,*,*,*,617842.0,,*,Lansing,College of Nursing,*,*,*,30577
*,*,College of Nursing,*,*,*,617842.0,,*,Little Rock,College of Nursing,*,*,*,14925
*,*,College of Nursing,*,*,*,617842.0,,*,Los Angeles,College of Nursing,*,*,*,19403
*,*,College of Nursing,*,*,*,617842.0,,*,Memphis,College of Nursing,*,*,*,8554
*,*,College of Nursing,*,*,*,617842.0,,*,Miami,College of Nursing,*,*,*,303
*,*,College of Nursing,*,*,*,617842.0,,*,New Haven,College of Nursing,*,*,*,14943
*,*,College of Nursing,*,*,*,617842.0,,*,New York,College of Nursing,*,*,*,10271
*,*,College of Nursing,*,*,*,617842.0,,*,Orlando,College of Nursing,*,*,*,1606
*,*,College of Nursing,*,*,*,617842.0,,*,Phoenix,College of Nursing,*,*,*,98470
*,*,College of Nursing,*,*,*,617842.0,,*,Sacramento,College of Nursing,*,*,*,12678
*,*,College of Nursing,*,*,*,617842.0,,*,San Diego,College of Nursing,*,*,*,62000
*,*,College of Nursing,*,*,*,617842.0,,*,San Francisco,College of Nursing,*,*,*,17451
*,*,College of Nursing,*,*,*,617842.0,,*,Springfield,College of Nursing,*,*,*,6076
*,*,College of Nursing,*,*,*,617842.0,,*,St. Louis,College of Nursing,*,*,*,4059
*,*,College of Nursing,*,*,*,617842.0,,*,Tallahassee,College of Nursing,*,*,*,4036
*,*,College of Nursing,*,*,*,617842.0,,*,Washington,College of Nursing,*,*,*,28927
*,*,College of Nursing,*,*,*,617842.0,,*,West Valley City,College of Nursing,*,*,*,3870
*,*,College of Nursing,*,*,*,617842.0,,*,Wichita,College of Nursing,*,*,*,11259
*,*,College of Political Science,*,*,*,934760.5,,*,Alexandria,College of Political Science,*,*,*,25338
*,*,College of Political Science,*,*,*,934760.5,,*,Atlanta,College of Political Science,*,*,*,15512
*,*,College of Political Science,*,*,*,934760.5,,*,Baton Rouge,College of Political Science,*,*,*,13397
*,*,College of Political Science,*,*,*,934760.5,,*,Billings,College of Political Science,*,*,*,9126
*,*,College of Political Science,*,*,*,934760.5,,*,Birmingham,College of Political Science,*,*,*,10675
*,*,College of Political Science,*,*,*,934760.5,,*,Boston,College of Political Science,*,*,*,12363
*,*,College of Political Science,*,*,*,934760.5,,*,Charlotte,College of Political Science,*,*,*,22693
*,*,College of Political Science,*,*,*,934760.5,,*,Chicago,College of Political Science,*,*,*,11375
*,*,College of Political Science,*,*,*,934760.5,,*,Cincinnati,College of Political Science,*,*,*,4327
*,*,College of Political Science,*,*,*,934760.5,,*,Cleveland,College of Political Science,*,*,*,7357
*,*,College of Political Science,*,*,*,934760.5,,*,Colorado Springs,College of Political Science,*,*,*,17884
*,*,College of Political Science,*,*,*,934760.5,,*,Dallas,College of Political Science,*,*,*,58931
*,*,College of Political Science,*,*,*,934760.5,,*,Denver,College of Political Science,*,*,*,30679.5
*,*,College of Political Science,*,*,*,934760.5,,*,Detroit,College of Political Science,*,*,*,96317
*,*,College of Political Science,*,*,*,934760.5,,*,Fresno,College of Political Science,*,*,*,158
*,*,College of Political Science,*,*,*,934760.5,,*,Grand Rapids,College of Political Science,*,*,*,5057
*,*,College of Political Science,*,*,*,934760.5,,*,Hartford,College of Political Science,*,*,*,31169
*,*,College of Political Science,*,*,*,934760.5,,*,Henderson,College of Political Science,*,*,*,8720
*,*,College of Political Science,*,*,*,934760.5,,*,Houston,College of Political Science,*,*,*,15126
*,*,College of Political Science,*,*,*,934760.5,,*,Indianapolis,College of Political Science,*,*,*,25049
*,*,College of Political Science,*,*,*,934760.5,,*,Jacksonville,College of Political Science,*,*,*,11477
*,*,College of Political Science,*,*,*,934760.5,,*,Kansas City,College of Political Science,*,*,*,49725
*,*,College of Political Science,*,*,*,934760.5,,*,Lexington,College of Political Science,*,*,*,888
*,*,College of Political Science,*,*,*,934760.5,,*,Little Rock,College of Political Science,*,*,*,4828
*,*,College of Political Science,*,*,*,934760.5,,*,Los Angeles,College of Political Science,*,*,*,4125
*,*,College of Political Science,*,*,*,934760.5,,*,Madison,College of Political Science,*,*,*,12958
*,*,College of Political Science,*,*,*,934760.5,,*,Memphis,College of Political Science,*,*,*,41368
*,*,College of Political Science,*,*,*,934760.5,,*,Mesa,College of Political Science,*,*,*,20201
*,*,College of Political Science,*,*,*,934760.5,,*,Milwaukee,College of Political Science,*,*,*,16127
*,*,College of Political Science,*,*,*,934760.5,,*,New York,College of Political Science,*,*,*,99176
*,*,College of Political Science,*,*,*,934760.5,,*,Oklahoma City,College of Political Science,*,*,*,8717
*,*,College of Political Science,*,*,*,934760.5,,*,Orlando,College of Political Science,*,*,*,12825
*,*,College of Political Science,*,*,*,934760.5,,*,Overland Park,College of Political Science,*,*,*,714
*,*,College of Political Science,*,*,*,934760.5,,*,Paterson,College of Political Science,*,*,*,6993
*,*,College of Political Science,*,*,*,934760.5,,*,Phoenix,College of Political Science,*,*,*,15409
*,*,College of Political Science,*,*,*,934760.5,,*,Portland,College of Political Science,*,*,*,9828
*,*,College of Political Science,*,*,*,934760.5,,*,Raleigh,College of Political Science,*,*,*,10105
*,*,College of Political Science,*,*,*,934760.5,,*,Richmond,College of Political Science,*,*,*,23210
*,*,College of Political Science,*,*,*,934760.5,,*,Sacramento,College of Political Science,*,*,*,8700
*,*,College of Political Science,*,*,*,934760.5,,*,Salem,College of Political Science,*,*,*,4841
*,*,College of Political Science,*,*,*,934760.5,,*,San Francisco,College of Political Science,*,*,*,54521
*,*,College of Political Science,*,*,*,934760.5,,*,Savannah,College of Political Science,*,*,*,3802
*,*,College of Political Science,*,*,*,934760.5,,*,Seattle,College of Political Science,*,*,*,4089
*,*,College of Political Science,*,*,*,934760.5,,*,St. Paul,College of Political Science,*,*,*,6838
*,*,College of Political Science,*,*,*,934760.5,,*,Syracuse,College of Political Science,*,*,*,8924
*,*,College of Political Science,*,*,*,934760.5,,*,Tallahassee,College of Political Science,*,*,*,37204
*,*,College of Political Science,*,*,*,934760.5,,*,West Valley City,College of Political Science,*,*,*,27065
*,*,College of Political Science,*,*,*,934760.5,,*,Wichita,College of Political Science,*,*,*,8849
*,*,College of Social Science,*,*,*,3694436.5,,*,Albuquerque,College of Social Science,*,*,*,52328
*,*,College of Social Science,*,*,*,3694436.5,,*,Alexandria,College of Social Science,*,*,*,6230
*,*,College of Social Science,*,*,*,3694436.5,,*,Amarillo,College of Social Science,*,*,*,7242
*,*,College of Social Science,*,*,*,3694436.5,,*,Atlanta,College of Social Science,*,*,*,17513
*,*,College of Social Science,*,*,*,3694436.5,,*,Austin,College of Social Science,*,*,*,39590
*,*,College of Social Science,*,*,*,3694436.5,,*,Baton Rouge,College of Social Science,*,*,*,9354
*,*,College of Social Science,*,*,*,3694436.5,,*,Birmingham,College of Social Science,*,*,*,36056
*,*,College of Social Science,*,*,*,3694436.5,,*,Boston,College of Social Science,*,*,*,56996
*,*,College of Social Science,*,*,*,3694436.5,,*,Cedar Rapids,College of Social Science,*,*,*,28820
*,*,College of Social Science,*,*,*,3694436.5,,*,Charleston,College of Social Science,*,*,*,44589
*,*,College of Social Science,*,*,*,3694436.5,,*,Charlotte,College of Social Science,*,*,*,33478
*,*,College of Social Science,*,*,*,3694436.5,,*,Chicago,College of Social Science,*,*,*,112877
*,*,College of Social Science,*,*,*,3694436.5,,*,Cincinnati,College of Social Science,*,*,*,171815
*,*,College of Social Science,*,*,*,3694436.5,,*,Cleveland,College of Social Science,*,*,*,17424
*,*,College of Social Science,*,*,*,3694436.5,,*,Colorado Springs,College of Social Science,*,*,*,44572
*,*,College of Social Science,*,*,*,3694436.5,,*,Columbia,College of Social Science,*,*,*,48340
*,*,College of Social Science,*,*,*,3694436.5,,*,Dallas,College of Social Science,*,*,*,103710
*,*,College of Social Science,*,*,*,3694436.5,,*,Denver,College of Social Science,*,*,*,522835.5
*,*,College of Social Science,*,*,*,3694436.5,,*,Des Moines,College of Social Science,*,*,*,8904
*,*,College of Social Science,*,*,*,3694436.5,,*,Detroit,College of Social Science,*,*,*,19241
*,*,College of Social Science,*,*,*,3694436.5,,*,Durham,College of Social Science,*,*,*,42471
*,*,College of Social Science,*,*,*,3694436.5,,*,El Paso,College of Social Science,*,*,*,22019
*,*,College of Social Science,*,*,*,3694436.5,,*,Eugene,College of Social Science,*,*,*,9678
*,*,College of Social Science,*,*,*,3694436.5,,*,Fresno,College of Social Science,*,*,*,94105
*,*,College of Social Science,*,*,*,3694436.5,,*,Grand Rapids,College of Social Science,*,*,*,13447
*,*,College of Social Science,*,*,*,3694436.5,,*,Hartford,College of Social Science,*,*,*,50911
*,*,College of Social Science,*,*,*,3694436.5,,*,Henderson,College of Social Science,*,*,*,2966
*,*,College of Social Science,*,*,*,3694436.5,,*,Houston,College of Social Science,*,*,*,64247
*,*,College of Social Science,*,*,*,3694436.5,,*,Huntsville,College of Social Science,*,*,*,10222
*,*,College of Social Science,*,*,*,3694436.5,,*,Indianapolis,College of Social Science,*,*,*,71040
*,*,College of Social Science,*,*,*,3694436.5,,*,Jacksonville,College of Social Science,*,*,*,31859
*,*,College of Social Science,*,*,*,3694436.5,,*,Kansas City,College of Social Science,*,*,*,93062
*,*,College of Social Science,*,*,*,3694436.5,,*,Knoxville,College of Social Science,*,*,*,8758
*,*,College of Social Science,*,*,*,3694436.5,,*,Lansing,College of Social Science,*,*,*,37816
*,*,College of Social Science,*,*,*,3694436.5,,*,Lexington,College of Social Science,*,*,*,7150
*,*,College of Social Science,*,*,*,3694436.5,,*,Lincoln,College of Social Science,*,*,*,17923
*,*,College of Social Science,*,*,*,3694436.5,,*,Little Rock,College of Social Science,*,*,*,24825
*,*,College of Social Science,*,*,*,3694436.5,,*,Los Angeles,College of Social Science,*,*,*,107540
*,*,College of Social Science,*,*,*,3694436.5,,*,Louisville,College of Social Science,*,*,*,22168
*,*,College of Social Science,*,*,*,3694436.5,,*,Madison,College of Social Science,*,*,*,14000
*,*,College of Social Science,*,*,*,3694436.5,,*,Manchester,College of Social Science,*,*,*,30637
*,*,College of Social Science,*,*,*,3694436.5,,*,Memphis,College of Social Science,*,*,*,38650
*,*,College of Social Science,*,*,*,3694436.5,,*,Mesa,College of Social Science,*,*,*,10230
*,*,College of Social Science,*,*,*,3694436.5,,*,Miami,College of Social Science,*,*,*,62384
*,*,College of Social Science,*,*,*,3694436.5,,*,Milwaukee,College of Social Science,*,*,*,13045
*,*,College of Social Science,*,*,*,3694436.5,,*,Minneapolis,College of Social Science,*,*,*,12119
*,*,College of Social Science,*,*,*,3694436.5,,*,Mobile,College of Social Science,*,*,*,9097
*,*,College of Social Science,*,*,*,3694436.5,,*,Nashville,College of Social Science,*,*,*,13681
*,*,College of Social Science,*,*,*,3694436.5,,*,New Haven,College of Social Science,*,*,*,9831
*,*,College of Social Science,*,*,*,3694436.5,,*,New Orleans,College of Social Science,*,*,*,32845
*,*,College of Social Science,*,*,*,3694436.5,,*,New York,College of Social Science,*,*,*,90179
*,*,College of Social Science,*,*,*,3694436.5,,*,North Las Vegas,College of Social Science,*,*,*,23655
*,*,College of Social Science,*,*,*,3694436.5,,*,Oklahoma City,College of Social Science,*,*,*,38213
*,*,College of Social Science,*,*,*,3694436.5,,*,Omaha,College of Social Science,*,*,*,47882
*,*,College of Social Science,*,*,*,3694436.5,,*,Orlando,College of Social Science,*,*,*,66195
*,*,College of Social Science,*,*,*,3694436.5,,*,Overland Park,College of Social Science,*,*,*,29173
*,*,College of Social Science,*,*,*,3694436.5,,*,Paterson,College of Social Science,*,*,*,4383
*,*,College of Social Science,*,*,*,3694436.5,,*,Philadelphia,College of Social Science,*,*,*,94399
*,*,College of Social Science,*,*,*,3694436.5,,*,Phoenix,College of Social Science,*,*,*,65858
*,*,College of Social Science,*,*,*,3694436.5,,*,Pittsburgh,College of Social Science,*,*,*,13338
*,*,College of Social Science,*,*,*,3694436.5,,*,Portland,College of Social Science,*,*,*,10861
*,*,College of Social Science,*,*,*,3694436.5,,*,Providence,College of Social Science,*,*,*,31465
*,*,College of Social Science,*,*,*,3694436.5,,*,Provo,College of Social Science,*,*,*,9220
*,*,College of Social Science,*,*,*,3694436.5,,*,Raleigh,College of Social Science,*,*,*,27093
*,*,College of Social Science,*,*,*,3694436.5,,*,Reno,College of Social Science,*,*,*,28277
*,*,College of Social Science,*,*,*,3694436.5,,*,Richmond,College of Social Science,*,*,*,28029
*,*,College of Social Science,*,*,*,3694436.5,,*,Rochester,College of Social Science,*,*,*,9888
*,*,College of Social Science,*,*,*,3694436.5,,*,Sacramento,College of Social Science,*,*,*,16023
*,*,College of Social Science,*,*,*,3694436.5,,*,Salem,College of Social Science,*,*,*,19490
*,*,College of Social Science,*,*,*,3694436.5,,*,Salt Lake City,College of Social Science,*,*,*,10391
*,*,College of Social Science,*,*,*,3694436.5,,*,San Antonio,College of Social Science,*,*,*,11738
*,*,College of Social Science,*,*,*,3694436.5,,*,San Diego,College of Social Science,*,*,*,62917
*,*,College of Social Science,*,*,*,3694436.5,,*,San Francisco,College of Social Science,*,*,*,213857
*,*,College of Social Science,*,*,*,3694436.5,,*,Savannah,College of Social Science,*,*,*,17495
*,*,College of Social Science,*,*,*,3694436.5,,*,Scottsdale,College of Social Science,*,*,*,18667
*,*,College of Social Science,*,*,*,3694436.5,,*,Seattle,College of Social Science,*,*,*,65963
*,*,College of Social Science,*,*,*,3694436.5,,*,Spokane,College of Social Science,*,*,*,40231
*,*,College of Social Science,*,*,*,3694436.5,,*,Springfield,College of Social Science,*,*,*,4604
*,*,College of Social Science,*,*,*,3694436.5,,*,St. Louis,College of Social Science,*,*,*,1715
*,*,College of Social Science,*,*,*,3694436.5,,*,St. Paul,College of Social Science,*,*,*,9377
*,*,College of Social Science,*,*,*,3694436.5,,*,Syracuse,College of Social Science,*,*,*,17285
*,*,College of Social Science,*,*,*,3694436.5,,*,Tallahassee,College of Social Science,*,*,*,11868
*,*,College of Social Science,*,*,*,3694436.5,,*,Tucson,College of Social Science,*,*,*,17364
*,*,College of Social Science,*,*,*,3694436.5,,*,Tulsa,College of Social Science,*,*,*,23356
*,*,College of Social Science,*,*,*,3694436.5,,*,Washington,College of Social Science,*,*,*,111970
*,*,College of Social Science,*,*,*,3694436.5,,*,West Valley City,College of Social Science,*,*,*,17099
*,*,College of Social Science,*,*,*,3694436.5,,*,Wichita,College of Social Science,*,*,*,24278
*,*,College of Veterinary Medicine,*,*,*,242598.0,,*,Cedar Rapids,College of Veterinary Medicine,*,*,*,8860
*,*,College of Veterinary Medicine,*,*,*,242598.0,,*,Chicago,College of Veterinary Medicine,*,*,*,8960
*,*,College of Veterinary Medicine,*,*,*,242598.0,,*,Cincinnati,College of Veterinary Medicine,*,*,*,59282
*,*,College of Veterinary Medicine,*,*,*,242598.0,,*,Cleveland,College of Veterinary Medicine,*,*,*,5872
*,*,College of Veterinary Medicine,*,*,*,242598.0,,*,Dallas,College of Veterinary Medicine,*,*,*,30765
*,*,College of Veterinary Medicine,*,*,*,242598.0,,*,Denver,College of Veterinary Medicine,*,*,*,21339.0
*,*,College of Veterinary Medicine,*,*,*,242598.0,,*,Houston,College of Veterinary Medicine,*,*,*,41899
*,*,College of Veterinary Medicine,*,*,*,242598.0,,*,Lansing,College of Veterinary Medicine,*,*,*,1939
*,*,College of Veterinary Medicine,*,*,*,242598.0,,*,Memphis,College of Veterinary Medicine,*,*,*,5803
*,*,College of Veterinary Medicine,*,*,*,242598.0,,*,Mobile,College of Veterinary Medicine,*,*,*,77
*,*,College of Veterinary Medicine,*,*,*,242598.0,,*,New York,College of Veterinary Medicine,*,*,*,1994
*,*,College of Veterinary Medicine,*,*,*,242598.0,,*,Overland Park,College of Veterinary Medicine,*,*,*,3696
*,*,College of Veterinary Medicine,*,*,*,242598.0,,*,Philadelphia,College of Veterinary Medicine,*,*,*,11284
*,*,College of Veterinary Medicine,*,*,*,242598.0,,*,Phoenix,College of Veterinary Medicine,*,*,*,9077
*,*,College of Veterinary Medicine,*,*,*,242598.0,,*,Richmond,College of Veterinary Medicine,*,*,*,4742
*,*,College of Veterinary Medicine,*,*,*,242598.0,,*,San Diego,College of Veterinary Medicine,*,*,*,9947
*,*,College of Veterinary Medicine,*,*,*,242598.0,,*,San Francisco,College of Veterinary Medicine,*,*,*,2268
*,*,College of Veterinary Medicine,*,*,*,242598.0,,*,Savannah,College of Veterinary Medicine,*,*,*,14794
