AL,Birmingham,College of Arts and Sciences,*,*,*,117963,,AL,Birmingham,College of Arts and Sciences,*,Campus Resource,*,32529
AL,Birmingham,College of Arts and Sciences,*,*,*,117963,,AL,Birmingham,College of Arts and Sciences,*,Endowment,*,38141
AL,Birmingham,College of Political Science,*,*,*,10675,,AL,Birmingham,College of Political Science,*,Endowment,*,1433
AL,Birmingham,College of Social Science,*,*,*,36056,,AL,Birmingham,College of Social Science,*,Campus Resource,*,6325
AL,Birmingham,College of Social Science,*,*,*,36056,,AL,Birmingham,College of Social Science,*,Scholarship,*,8744
AL,Huntsville,College of Social Science,*,*,*,10222,,AL,Huntsville,College of Social Science,*,Campus Resource,*,1248
AL,Mobile,College of Engineering,*,*,*,20092,,AL,Mobile,College of Engineering,*,Scholarship,*,6285
AL,Mobile,College of Natural Science,*,*,*,27100,,AL,Mobile,College of Natural Science,*,Campus Resource,*,1270
AL,Mobile,College of Natural Science,*,*,*,27100,,AL,Mobile,College of Natural Science,*,Scholarship,*,4743
AR,Little Rock,College of Natural Science,*,*,*,59231,,AR,Little Rock,College of Natural Science,*,Endowment,*,12290
AZ,Mesa,College of Agriculture and Natural Resources,*,*,*,60608,,AZ,Mesa,College of Agriculture and Natural Resources,*,Endowment,*,19165
AZ,Mesa,College of Agriculture and Natural Resources,*,*,*,60608,,AZ,Mesa,College of Agriculture and Natural Resources,*,Scholarship,*,17328
AZ,Mesa,College of Arts and Sciences,*,*,*,12610,,AZ,Mesa,College of Arts and Sciences,*,Endowment,*,3373
AZ,Mesa,College of Music,*,*,*,15071,,AZ,Mesa,College of Music,*,Campus Resource,*,1666
AZ,Mesa,College of Political Science,*,*,*,20201,,AZ,Mesa,College of Political Science,*,Endowment,*,6182
AZ,Phoenix,College of Agriculture and Natural Resources,*,*,*,46432,,AZ,Phoenix,College of Agriculture and Natural Resources,*,Campus Resource,*,2697
AZ,Phoenix,College of Arts and Sciences,*,*,*,165809,,AZ,Phoenix,College of Arts and Sciences,*,Campus Resource,*,27272
AZ,Phoenix,College of Business,*,*,*,58986,,AZ,Phoenix,College of Business,*,Campus Resource,*,14488
AZ,Phoenix,College of Business,*,*,*,58986,,AZ,Phoenix,College of Business,*,Endowment,*,11974
AZ,Phoenix,College of Communication Arts and Sciences,*,*,*,24150,,AZ,Phoenix,College of Communication Arts and Sciences,*,Campus Resource,*,3292
AZ,Phoenix,College of Engineering,*,*,*,81881,,AZ,Phoenix,College of Engineering,*,Campus Resource,*,11182
AZ,Phoenix,College of Music,*,*,*,33979,,AZ,Phoenix,College of Music,*,Campus Resource,*,11161
AZ,Phoenix,College of Music,*,*,*,33979,,AZ,Phoenix,College of Music,*,Scholarship,*,4884
AZ,Phoenix,College of Natural Science,*,*,*,112610,,AZ,Phoenix,College of Natural Science,*,Campus Resource,*,23341
AZ,Phoenix,College of Nursing,*,*,*,98470,,AZ,Phoenix,College of Nursing,*,Campus Resource,*,2981
AZ,Phoenix,College of Political Science,*,*,*,15409,,AZ,Phoenix,College of Political Science,*,Campus Resource,*,41
AZ,Phoenix,College of Social Science,*,*,*,65858,,AZ,Phoenix,College of Social Science,*,Campus Resource,*,11669
AZ,Scottsdale,College of Education,*,*,*,14731,,AZ,Scottsdale,College of Education,*,Endowment,*,2679
AZ,Scottsdale,College of Engineering,*,*,*,6166,,AZ,Scottsdale,College of Engineering,*,Campus Resource,*,486
AZ,Scottsdale,College of Natural Science,*,*,*,50421,,AZ,Scottsdale,College of Natural Science,*,Endowment,*,833
AZ,Scottsdale,College of Natural Science,*,*,*,50421,,AZ,Scottsdale,College of Natural Science,*,Scholarship,*,14231
AZ,Tucson,College of Arts and Sciences,*,*,*,12716,,AZ,Tucson,College of Arts and Sciences,*,Campus Resource,*,2731
AZ,Tucson,College of Social Science,*,*,*,17364,,AZ,Tucson,College of Social Science,*,Endowment,*,1321
CA,Anaheim,College of Arts and Sciences,*,*,*,32226,,CA,Anaheim,College of Arts and Sciences,*,Campus Resource,*,10547
CA,Anaheim,College of Arts and Sciences,*,*,*,32226,,CA,Anaheim,College of Arts and Sciences,*,Scholarship,*,5188
CA,Anaheim,College of Business,*,*,*,18005,,CA,Anaheim,College of Business,*,Campus Resource,*,3145
CA,Anaheim,College of Business,*,*,*,18005,,CA,Anaheim,College of Business,*,Scholarship,*,2045
CA,Anaheim,College of Natural Science,*,*,*,37463,,CA,Anaheim,College of Natural Science,*,Campus Resource,*,1491
CA,Anaheim,College of Natural Science,*,*,*,37463,,CA,Anaheim,College of Natural Science,*,Endowment,*,9874
CA,Fresno,College of Agriculture and Natural Resources,*,*,*,59027,,CA,Fresno,College of Agriculture and Natural Resources,*,Endowment,*,14875
CA,Fresno,College of Agriculture and Natural Resources,*,*,*,59027,,CA,Fresno,College of Agriculture and Natural Resources,*,Scholarship,*,15577
CA,Fresno,College of Arts and Sciences,*,*,*,44814,,CA,Fresno,College of Arts and Sciences,*,Campus Resource,*,4750
CA,Fresno,College of Social Science,*,*,*,94105,,CA,Fresno,College of Social Science,*,Endowment,*,26185
CA,Fresno,College of Social Science,*,*,*,94105,,CA,Fresno,College of Social Science,*,Scholarship,*,30205
CA,Los Angeles,College of Agriculture and Natural Resources,*,*,*,193477,,CA,Los Angeles,College of Agriculture and Natural Resources,*,Campus Resource,*,51863
CA,Los Angeles,College of Agriculture and Natural Resources,*,*,*,193477,,CA,Los Angeles,College of Agriculture and Natural Resources,*,Endowment,*,60411
CA,Los Angeles,College of Arts and Sciences,*,*,*,158566,,CA,Los Angeles,College of Arts and Sciences,*,Campus Resource,*,1924
CA,Los Angeles,College of Business,*,*,*,80809,,CA,Los Angeles,College of Business,*,Campus Resource,*,18580
CA,Los Angeles,College of Engineering,*,*,*,45595,,CA,Los Angeles,College of Engineering,*,Campus Resource,*,4462
CA,Los Angeles,College of Music,*,*,*,56107,,CA,Los Angeles,College of Music,*,Endowment,*,9945
CA,Los Angeles,College of Natural Science,*,*,*,229758,,CA,Los Angeles,College of Natural Science,*,Campus Resource,*,56667
CA,Los Angeles,College of Natural Science,*,*,*,229758,,CA,Los Angeles,College of Natural Science,*,Endowment,*,67494
CA,Los Angeles,College of Nursing,*,*,*,19403,,CA,Los Angeles,College of Nursing,*,Endowment,*,584
CA,Los Angeles,College of Social Science,*,*,*,107540,,CA,Los Angeles,College of Social Science,*,Campus Resource,*,12598
CA,Los Angeles,College of Social Science,*,*,*,107540,,CA,Los Angeles,College of Social Science,*,Endowment,*,28122
CA,Sacramento,College of Agriculture and Natural Resources,*,*,*,14660,,CA,Sacramento,College of Agriculture and Natural Resources,*,Scholarship,*,4558
CA,Sacramento,College of Arts and Sciences,*,*,*,33921,,CA,Sacramento,College of Arts and Sciences,*,Scholarship,*,5669
CA,Sacramento,College of Education,*,*,*,20652,,CA,Sacramento,College of Education,*,Scholarship,*,650
CA,Sacramento,College of Engineering,*,*,*,14712,,CA,Sacramento,College of Engineering,*,Endowment,*,3591
CA,San Diego,College of Agriculture and Natural Resources,*,*,*,16050,,CA,San Diego,College of Agriculture and Natural Resources,*,Campus Resource,*,2178
CA,San Diego,College of Arts and Sciences,*,*,*,59455,,CA,San Diego,College of Arts and Sciences,*,Campus Resource,*,4530
CA,San Diego,College of Engineering,*,*,*,20661,,CA,San Diego,College of Engineering,*,Campus Resource,*,3263
CA,San Diego,College of Engineering,*,*,*,20661,,CA,San Diego,College of Engineering,*,Scholarship,*,1570
CA,San Diego,College of Music,*,*,*,41582,,CA,San Diego,College of Music,*,Scholarship,*,12522
CA,San Diego,College of Natural Science,*,*,*,48828,,CA,San Diego,College of Natural Science,*,Campus Resource,*,5223
CA,San Diego,College of Social Science,*,*,*,62917,,CA,San Diego,College of Social Science,*,Campus Resource,*,11303
CA,San Diego,College of Social Science,*,*,*,62917,,CA,San Diego,College of Social Science,*,Scholarship,*,20941
CA,San Francisco,College of Agriculture and Natural Resources,*,*,*,99461,,CA,San Francisco,College of Agriculture and Natural Resources,*,Campus Resource,*,9344
CA,San Francisco,College of Agriculture and Natural Resources,*,*,*,99461,,CA,San Francisco,College of Agriculture and Natural Resources,*,Scholarship,*,21576
CA,San Francisco,College of Arts and Sciences,*,*,*,231819,,CA,San Francisco,College of Arts and Sciences,*,Campus Resource,*,39884
CA,San Francisco,College of Arts and Sciences,*,*,*,231819,,CA,San Francisco,College of Arts and Sciences,*,Scholarship,*,61944
CA,San Francisco,College of Business,*,*,*,39735,,CA,San Francisco,College of Business,*,Campus Resource,*,8686
CA,San Francisco,College of Business,*,*,*,39735,,CA,San Francisco,College of Business,*,Endowment,*,8867
CA,San Francisco,College of Education,*,*,*,64367,,CA,San Francisco,College of Education,*,Endowment,*,17413
CA,San Francisco,College of Engineering,*,*,*,85056,,CA,San Francisco,College of Engineering,*,Campus Resource,*,16340
CA,San Francisco,College of Engineering,*,*,*,85056,,CA,San Francisco,College of Engineering,*,Scholarship,*,20290
CA,San Francisco,College of Music,*,*,*,53992,,CA,San Francisco,College of Music,*,Campus Resource,*,11500
CA,San Francisco,College of Music,*,*,*,53992,,CA,San Francisco,College of Music,*,Endowment,*,7309
CA,San Francisco,College of Natural Science,*,*,*,164781,,CA,San Francisco,College of Natural Science,*,Endowment,*,21677
CA,San Francisco,College of Political Science,*,*,*,54521,,CA,San Francisco,College of Political Science,*,Campus Resource,*,9414
CA,San Francisco,College of Political Science,*,*,*,54521,,CA,San Francisco,College of Political Science,*,Scholarship,*,10881
CA,San Francisco,College of Social Science,*,*,*,213857,,CA,San Francisco,College of Social Science,*,Campus Resource,*,56171
CO,Colorado Springs,College of Agriculture and Natural Resources,*,*,*,55088,,CO,Colorado Springs,College of Agriculture and Natural Resources,*,Campus Resource,*,5864
CO,Colorado Springs,College of Agriculture and Natural Resources,*,*,*,55088,,CO,Colorado Springs,College of Agriculture and Natural Resources,*,Endowment,*,1793
CO,Colorado Springs,College of Arts and Sciences,*,*,*,62800,,CO,Colorado Springs,College of Arts and Sciences,*,Campus Resource,*,10786
CO,Colorado Springs,College of Education,*,*,*,9818,,CO,Colorado Springs,College of Education,*,Endowment,*,850
CO,Colorado Springs,College of Natural Science,*,*,*,100189,,CO,Colorado Springs,College of Natural Science,*,Campus Resource,*,21490
CO,Colorado Springs,College of Social Science,*,*,*,44572,,CO,Colorado Springs,College of Social Science,*,Campus Resource,*,9801
CO,Colorado Springs,College of Social Science,*,*,*,44572,,CO,Colorado Springs,College of Social Science,*,Scholarship,*,9534
CO,Denver,College of Agriculture and Natural Resources,*,*,*,476772.0,,CO,Denver,College of Agriculture and Natural Resources,*,Campus Resource,*,158316.0
CO,Denver,College of Agriculture and Natural Resources,*,*,*,476772.0,,CO,Denver,College of Agriculture and Natural Resources,*,Endowment,*,95593.5
CO,Denver,College of Arts and Sciences,*,*,*,706561.5,,CO,Denver,College of Arts and Sciences,*,Campus Resource,*,138385.5
CO,Denver,College of Business,*,*,*,41970.0,,CO,Denver,College of Business,*,Campus Resource,*,11362.5
CO,Denver,College of Business,*,*,*,41970.0,,CO,Denver,College of Business,*,Endowment,*,13656
CO,Denver,College of Communication Arts and Sciences,*,*,*,30540.0,,CO,Denver,College of Communication Arts and Sciences,*,Endowment,*,696
CO,Denver,College of Communication Arts and Sciences,*,*,*,30540.0,,CO,Denver,College of Communication Arts and Sciences,*,Scholarship,*,1389
CO,Denver,College of Education,*,*,*,195121.5,,CO,Denver,College of Education,*,Campus Resource,*,30153.0
CO,Denver,College of Education,*,*,*,195121.5,,CO,Denver,College of Education,*,Endowment,*,61357.5
CO,Denver,College of Engineering,*,*,*,129771.0,,CO,Denver,College of Engineering,*,Campus Resource,*,27841.5
CO,Denver,College of Music,*,*,*,189535.5,,CO,Denver,College of Music,*,Campus Resource,*,14367
CO,Denver,College of Natural Science,*,*,*,421744.5,,CO,Denver,College of Natural Science,*,Campus Resource,*,98220.0
CO,Denver,College of Natural Science,*,*,*,421744.5,,CO,Denver,College of Natural Science,*,Endowment,*,113493.0
CO,Denver,College of Nursing,*,*,*,89625.0,,CO,Denver,College of Nursing,*,Campus Resource,*,10065
CO,Denver,College of Nursing,*,*,*,89625.0,,CO,Denver,College of Nursing,*,Scholarship,*,25234.5
CO,Denver,College of Political Science,*,*,*,30679.5,,CO,Denver,College of Political Science,*,Scholarship,*,9858.0
CO,Denver,College of Social Science,*,*,*,522835.5,,CO,Denver,College of Social Science,*,Campus Resource,*,93930.0
CO,Denver,College of Social Science,*,*,*,522835.5,,CO,Denver,College of Social Science,*,Endowment,*,124947.0
CT,Hartford,College of Agriculture and Natural Resources,*,*,*,93314,,CT,Hartford,College of Agriculture and Natural Resources,*,Endowment,*,25934
CT,Hartford,College of Arts and Sciences,*,*,*,137818,,CT,Hartford,College of Arts and Sciences,*,Campus Resource,*,11193
CT,Hartford,College of Engineering,*,*,*,46595,,CT,Hartford,College of Engineering,*,Endowment,*,7315
CT,Hartford,College of Natural Science,*,*,*,73271,,CT,Hartford,College of Natural Science,*,Campus Resource,*,2336
CT,Hartford,College of Social Science,*,*,*,50911,,CT,Hartford,College of Social Science,*,Endowment,*,8133
CT,New Haven,College of Social Science,*,*,*,9831,,CT,New Haven,College of Social Science,*,Endowment,*,1106
DC,Washington,College of Agriculture and Natural Resources,*,*,*,40381,,DC,Washington,College of Agriculture and Natural Resources,*,Campus Resource,*,1967
DC,Washington,College of Agriculture and Natural Resources,*,*,*,40381,,DC,Washington,College of Agriculture and Natural Resources,*,Endowment,*,7842
DC,Washington,College of Engineering,*,*,*,28753,,DC,Washington,College of Engineering,*,Campus Resource,*,6526
DC,Washington,College of Engineering,*,*,*,28753,,DC,Washington,College of Engineering,*,Endowment,*,9431
DC,Washington,College of Natural Science,*,*,*,26453,,DC,Washington,College of Natural Science,*,Campus Resource,*,7890
DC,Washington,College of Nursing,*,*,*,28927,,DC,Washington,College of Nursing,*,Campus Resource,*,431
DC,Washington,College of Nursing,*,*,*,28927,,DC,Washington,College of Nursing,*,Endowment,*,5240
DC,Washington,College of Social Science,*,*,*,111970,,DC,Washington,College of Social Science,*,Campus Resource,*,847
FL,Fort Lauderdale,College of Agriculture and Natural Resources,*,*,*,19547,,FL,Fort Lauderdale,College of Agriculture and Natural Resources,*,Endowment,*,3896
FL,Fort Lauderdale,College of Arts and Sciences,*,*,*,16195,,FL,Fort Lauderdale,College of Arts and Sciences,*,Scholarship,*,5107
FL,Fort Lauderdale,College of Natural Science,*,*,*,27370,,FL,Fort Lauderdale,College of Natural Science,*,Campus Resource,*,4018
FL,Fort Lauderdale,College of Natural Science,*,*,*,27370,,FL,Fort Lauderdale,College of Natural Science,*,Endowment,*,4018
FL,Jacksonville,College of Agriculture and Natural Resources,*,*,*,26938,,FL,Jacksonville,College of Agriculture and Natural Resources,*,Scholarship,*,7897
FL,Jacksonville,College of Natural Science,*,*,*,26288,,FL,Jacksonville,College of Natural Science,*,Campus Resource,*,3801
FL,Jacksonville,College of Natural Science,*,*,*,26288,,FL,Jacksonville,College of Natural Science,*,Scholarship,*,3272
FL,Jacksonville,College of Social Science,*,*,*,31859,,FL,Jacksonville,College of Social Science,*,Scholarship,*,2128
FL,Miami,College of Agriculture and Natural Resources,*,*,*,80218,,FL,Miami,College of Agriculture and Natural Resources,*,Campus Resource,*,6519
FL,Miami,College of Agriculture and Natural Resources,*,*,*,80218,,FL,Miami,College of Agriculture and Natural Resources,*,Endowment,*,13048
FL,Miami,College of Arts and Sciences,*,*,*,76032,,FL,Miami,College of Arts and Sciences,*,Campus Resource,*,11519
FL,Miami,College of Business,*,*,*,24014,,FL,Miami,College of Business,*,Scholarship,*,7843
FL,Miami,College of Engineering,*,*,*,19486,,FL,Miami,College of Engineering,*,Scholarship,*,1119
FL,Miami,College of Music,*,*,*,20717,,FL,Miami,College of Music,*,Scholarship,*,3736
FL,Miami,College of Social Science,*,*,*,62384,,FL,Miami,College of Social Science,*,Campus Resource,*,16367
FL,Miami,College of Social Science,*,*,*,62384,,FL,Miami,College of Social Science,*,Endowment,*,7362
FL,Orlando,College of Agriculture and Natural Resources,*,*,*,74376,,FL,Orlando,College of Agriculture and Natural Resources,*,Campus Resource,*,18638
FL,Orlando,College of Arts and Sciences,*,*,*,49778,,FL,Orlando,College of Arts and Sciences,*,Campus Resource,*,9615
FL,Orlando,College of Arts and Sciences,*,*,*,49778,,FL,Orlando,College of Arts and Sciences,*,Endowment,*,14402
FL,Orlando,College of Business,*,*,*,16687,,FL,Orlando,College of Business,*,Campus Resource,*,41
FL,Orlando,College of Natural Science,*,*,*,92789,,FL,Orlando,College of Natural Science,*,Campus Resource,*,3606
FL,Orlando,College of Social Science,*,*,*,66195,,FL,Orlando,College of Social Science,*,Campus Resource,*,5024
FL,Tallahassee,College of Agriculture and Natural Resources,*,*,*,78145,,FL,Tallahassee,College of Agriculture and Natural Resources,*,Campus Resource,*,2982
FL,Tallahassee,College of Agriculture and Natural Resources,*,*,*,78145,,FL,Tallahassee,College of Agriculture and Natural Resources,*,Scholarship,*,17175
FL,Tallahassee,College of Arts and Sciences,*,*,*,46908,,FL,Tallahassee,College of Arts and Sciences,*,Campus Resource,*,7614
FL,Tallahassee,College of Engineering,*,*,*,11047,,FL,Tallahassee,College of Engineering,*,Scholarship,*,3263
FL,Tallahassee,College of Natural Science,*,*,*,78611,,FL,Tallahassee,College of Natural Science,*,Campus Resource,*,15738
FL,Tallahassee,College of Natural Science,*,*,*,78611,,FL,Tallahassee,College of Natural Science,*,Endowment,*,24755
FL,Tallahassee,College of Political Science,*,*,*,37204,,FL,Tallahassee,College of Political Science,*,Campus Resource,*,8819
GA,Atlanta,College of Agriculture and Natural Resources,*,*,*,24585,,GA,Atlanta,College of Agriculture and Natural Resources,*,Endowment,*,7667
GA,Atlanta,College of Agriculture and Natural Resources,*,*,*,24585,,GA,Atlanta,College of Agriculture and Natural Resources,*,Scholarship,*,837
GA,Atlanta,College of Engineering,*,*,*,14938,,GA,Atlanta,College of Engineering,*,Campus Resource,*,313
GA,Atlanta,College of Natural Science,*,*,*,115618,,GA,Atlanta,College of Natural Science,*,Campus Resource,*,16317
GA,Atlanta,College of Political Science,*,*,*,15512,,GA,Atlanta,College of Political Science,*,Campus Resource,*,4709
GA,Savannah,College of Arts and Sciences,*,*,*,764,,GA,Savannah,College of Arts and Sciences,*,Scholarship,*,36
GA,Savannah,College of Natural Science,*,*,*,86579,,GA,Savannah,College of Natural Science,*,Campus Resource,*,10679
GA,Savannah,College of Natural Science,*,*,*,86579,,GA,Savannah,College of Natural Science,*,Scholarship,*,20039
GA,Savannah,College of Social Science,*,*,*,17495,,GA,Savannah,College of Social Science,*,Campus Resource,*,612
IA,Cedar Rapids,College of Arts and Sciences,*,*,*,42109,,IA,Cedar Rapids,College of Arts and Sciences,*,Campus Resource,*,11296
IA,Cedar Rapids,College of Natural Science,*,*,*,38166,,IA,Cedar Rapids,College of Natural Science,*,Campus Resource,*,9344
IA,Cedar Rapids,College of Natural Science,*,*,*,38166,,IA,Cedar Rapids,College of Natural Science,*,Scholarship,*,5165
IA,Cedar Rapids,College of Social Science,*,*,*,28820,,IA,Cedar Rapids,College of Social Science,*,Endowment,*,5013
IA,Cedar Rapids,College of Social Science,*,*,*,28820,,IA,Cedar Rapids,College of Social Science,*,Scholarship,*,8789
IA,Des Moines,College of Engineering,*,*,*,13287,,IA,Des Moines,College of Engineering,*,Endowment,*,31
IA,Des Moines,College of Nursing,*,*,*,7509,,IA,Des Moines,College of Nursing,*,Endowment,*,383
IA,Des Moines,College of Social Science,*,*,*,8904,,IA,Des Moines,College of Social Science,*,Scholarship,*,1532
IL,Chicago,College of Agriculture and Natural Resources,*,*,*,94827,,IL,Chicago,College of Agriculture and Natural Resources,*,Campus Resource,*,3318
IL,Chicago,College of Arts and Sciences,*,*,*,135223,,IL,Chicago,College of Arts and Sciences,*,Endowment,*,30186
IL,Chicago,College of Arts and Sciences,*,*,*,135223,,IL,Chicago,College of Arts and Sciences,*,Scholarship,*,42445
IL,Chicago,College of Business,*,*,*,60324,,IL,Chicago,College of Business,*,Campus Resource,*,17770
IL,Chicago,College of Business,*,*,*,60324,,IL,Chicago,College of Business,*,Scholarship,*,18880
IL,Chicago,College of Education,*,*,*,56846,,IL,Chicago,College of Education,*,Campus Resource,*,16833
IL,Chicago,College of Education,*,*,*,56846,,IL,Chicago,College of Education,*,Endowment,*,15098
IL,Chicago,College of Engineering,*,*,*,535285,,IL,Chicago,College of Engineering,*,Campus Resource,*,15724
IL,Chicago,College of Engineering,*,*,*,535285,,IL,Chicago,College of Engineering,*,Scholarship,*,35852
IL,Chicago,College of Music,*,*,*,83878,,IL,Chicago,College of Music,*,Campus Resource,*,1191
IL,Chicago,College of Natural Science,*,*,*,80262,,IL,Chicago,College of Natural Science,*,Campus Resource,*,7079
IL,Chicago,College of Political Science,*,*,*,11375,,IL,Chicago,College of Political Science,*,Endowment,*,1995
IL,Chicago,College of Social Science,*,*,*,112877,,IL,Chicago,College of Social Science,*,Endowment,*,10053
IL,Naperville,College of Natural Science,*,*,*,36522,,IL,Naperville,College of Natural Science,*,Scholarship,*,1780
IL,Springfield,College of Arts and Sciences,*,*,*,55564,,IL,Springfield,College of Arts and Sciences,*,Campus Resource,*,2877
IL,Springfield,College of Arts and Sciences,*,*,*,55564,,IL,Springfield,College of Arts and Sciences,*,Endowment,*,16257
IL,Springfield,College of Engineering,*,*,*,20121,,IL,Springfield,College of Engineering,*,Scholarship,*,4962
IN,Indianapolis,College of Agriculture and Natural Resources,*,*,*,34262,,IN,Indianapolis,College of Agriculture and Natural Resources,*,Endowment,*,6664
IN,Indianapolis,College of Agriculture and Natural Resources,*,*,*,34262,,IN,Indianapolis,College of Agriculture and Natural Resources,*,Scholarship,*,7159
IN,Indianapolis,College of Arts and Sciences,*,*,*,58732,,IN,Indianapolis,College of Arts and Sciences,*,Campus Resource,*,14194
IN,Indianapolis,College of Arts and Sciences,*,*,*,58732,,IN,Indianapolis,College of Arts and Sciences,*,Scholarship,*,16902
IN,Indianapolis,College of Business,*,*,*,59110,,IN,Indianapolis,College of Business,*,Campus Resource,*,17732
IN,Indianapolis,College of Engineering,*,*,*,85241,,IN,Indianapolis,College of Engineering,*,Campus Resource,*,6331
IN,Indianapolis,College of Engineering,*,*,*,85241,,IN,Indianapolis,College of Engineering,*,Scholarship,*,17231
IN,Indianapolis,College of Natural Science,*,*,*,147029,,IN,Indianapolis,College of Natural Science,*,Campus Resource,*,41423
IN,Indianapolis,College of Natural Science,*,*,*,147029,,IN,Indianapolis,College of Natural Science,*,Endowment,*,23753
IN,Indianapolis,College of Social Science,*,*,*,71040,,IN,Indianapolis,College of Social Science,*,Endowment,*,16114
IN,Indianapolis,College of Social Science,*,*,*,71040,,IN,Indianapolis,College of Social Science,*,Scholarship,*,20554
KS,Kansas City,College of Natural Science,*,*,*,27747,,KS,Kansas City,College of Natural Science,*,Campus Resource,*,6197
KS,Kansas City,College of Natural Science,*,*,*,27747,,KS,Kansas City,College of Natural Science,*,Endowment,*,8352
KS,Kansas City,College of Political Science,*,*,*,42143,,KS,Kansas City,College of Political Science,*,Campus Resource,*,1454
KS,Kansas City,College of Political Science,*,*,*,42143,,KS,Kansas City,College of Political Science,*,Endowment,*,11209
KS,Overland Park,College of Agriculture and Natural Resources,*,*,*,83048,,KS,Overland Park,College of Agriculture and Natural Resources,*,Campus Resource,*,19154
KS,Overland Park,College of Agriculture and Natural Resources,*,*,*,83048,,KS,Overland Park,College of Agriculture and Natural Resources,*,Endowment,*,9422
KS,Overland Park,College of Arts and Sciences,*,*,*,18490,,KS,Overland Park,College of Arts and Sciences,*,Campus Resource,*,5152
KS,Overland Park,College of Arts and Sciences,*,*,*,18490,,KS,Overland Park,College of Arts and Sciences,*,Endowment,*,2861
KS,Overland Park,College of Music,*,*,*,32419,,KS,Overland Park,College of Music,*,Endowment,*,6564
KS,Overland Park,College of Natural Science,*,*,*,56404,,KS,Overland Park,College of Natural Science,*,Campus Resource,*,10390
KS,Overland Park,College of Natural Science,*,*,*,56404,,KS,Overland Park,College of Natural Science,*,Scholarship,*,17644
KS,Wichita,College of Arts and Sciences,*,*,*,36209,,KS,Wichita,College of Arts and Sciences,*,Endowment,*,8310
KS,Wichita,College of Natural Science,*,*,*,66834,,KS,Wichita,College of Natural Science,*,Endowment,*,19818
KS,Wichita,College of Natural Science,*,*,*,66834,,KS,Wichita,College of Natural Science,*,Scholarship,*,22203
KY,Lexington,College of Music,*,*,*,21760,,KY,Lexington,College of Music,*,Campus Resource,*,4605
KY,Lexington,College of Music,*,*,*,21760,,KY,Lexington,College of Music,*,Scholarship,*,4238
KY,Lexington,College of Natural Science,*,*,*,23021,,KY,Lexington,College of Natural Science,*,Scholarship,*,5524
KY,Louisville,College of Arts and Sciences,*,*,*,53981,,KY,Louisville,College of Arts and Sciences,*,Campus Resource,*,8803
LA,Baton Rouge,College of Agriculture and Natural Resources,*,*,*,28424,,LA,Baton Rouge,College of Agriculture and Natural Resources,*,Endowment,*,5578
LA,Baton Rouge,College of Business,*,*,*,47628,,LA,Baton Rouge,College of Business,*,Campus Resource,*,7243
LA,Baton Rouge,College of Business,*,*,*,47628,,LA,Baton Rouge,College of Business,*,Scholarship,*,2414
LA,Baton Rouge,College of Political Science,*,*,*,13397,,LA,Baton Rouge,College of Political Science,*,Campus Resource,*,4083
LA,New Orleans,College of Business,*,*,*,19785,,LA,New Orleans,College of Business,*,Campus Resource,*,4565
LA,New Orleans,College of Natural Science,*,*,*,10009,,LA,New Orleans,College of Natural Science,*,Scholarship,*,2529
MA,Boston,College of Agriculture and Natural Resources,*,*,*,130137,,MA,Boston,College of Agriculture and Natural Resources,*,Campus Resource,*,19532
MA,Boston,College of Agriculture and Natural Resources,*,*,*,130137,,MA,Boston,College of Agriculture and Natural Resources,*,Endowment,*,38351
MA,Boston,College of Business,*,*,*,46625,,MA,Boston,College of Business,*,Campus Resource,*,6493
MA,Boston,College of Engineering,*,*,*,26792,,MA,Boston,College of Engineering,*,Endowment,*,7129
MA,Boston,College of Music,*,*,*,45710,,MA,Boston,College of Music,*,Campus Resource,*,14972
MA,Boston,College of Music,*,*,*,45710,,MA,Boston,College of Music,*,Scholarship,*,14724
MA,Boston,College of Natural Science,*,*,*,15170,,MA,Boston,College of Natural Science,*,Campus Resource,*,701
MA,Boston,College of Natural Science,*,*,*,15170,,MA,Boston,College of Natural Science,*,Scholarship,*,4310
MA,Boston,College of Social Science,*,*,*,56996,,MA,Boston,College of Social Science,*,Campus Resource,*,14445
MA,Boston,College of Social Science,*,*,*,56996,,MA,Boston,College of Social Science,*,Endowment,*,17627
MI,Detroit,College of Agriculture and Natural Resources,*,*,*,114244,,MI,Detroit,College of Agriculture and Natural Resources,*,Campus Resource,*,10864
MI,Detroit,College of Agriculture and Natural Resources,*,*,*,114244,,MI,Detroit,College of Agriculture and Natural Resources,*,Endowment,*,34241
MI,Detroit,College of Arts and Sciences,*,*,*,56249,,MI,Detroit,College of Arts and Sciences,*,Campus Resource,*,14875
MI,Detroit,College of Arts and Sciences,*,*,*,56249,,MI,Detroit,College of Arts and Sciences,*,Endowment,*,10263
MI,Detroit,College of Communication Arts and Sciences,*,*,*,6896,,MI,Detroit,College of Communication Arts and Sciences,*,Endowment,*,1949
MI,Detroit,College of Music,*,*,*,12808,,MI,Detroit,College of Music,*,Scholarship,*,3069
MI,Detroit,College of Natural Science,*,*,*,42023,,MI,Detroit,College of Natural Science,*,Endowment,*,5002
MI,Detroit,College of Political Science,*,*,*,96317,,MI,Detroit,College of Political Science,*,Endowment,*,9919
MI,Grand Rapids,College of Social Science,*,*,*,13447,,MI,Grand Rapids,College of Social Science,*,Scholarship,*,4022
MI,Lansing,College of Agriculture and Natural Resources,*,*,*,25806,,MI,Lansing,College of Agriculture and Natural Resources,*,Campus Resource,*,1599
MI,Lansing,College of Agriculture and Natural Resources,*,*,*,25806,,MI,Lansing,College of Agriculture and Natural Resources,*,Endowment,*,8149
MI,Lansing,College of Arts and Sciences,*,*,*,51137,,MI,Lansing,College of Arts and Sciences,*,Campus Resource,*,9667
MI,Lansing,College of Arts and Sciences,*,*,*,51137,,MI,Lansing,College of Arts and Sciences,*,Endowment,*,11946
MI,Lansing,College of Business,*,*,*,59479,,MI,Lansing,College of Business,*,Campus Resource,*,15680
MI,Lansing,College of Business,*,*,*,59479,,MI,Lansing,College of Business,*,Scholarship,*,9667
MI,Lansing,College of Natural Science,*,*,*,61896,,MI,Lansing,College of Natural Science,*,Campus Resource,*,4123
MI,Lansing,College of Natural Science,*,*,*,61896,,MI,Lansing,College of Natural Science,*,Scholarship,*,19457
MI,Lansing,College of Nursing,*,*,*,30577,,MI,Lansing,College of Nursing,*,Scholarship,*,4340
MI,Lansing,College of Social Science,*,*,*,37816,,MI,Lansing,College of Social Science,*,Campus Resource,*,6074
MI,Lansing,College of Social Science,*,*,*,37816,,MI,Lansing,College of Social Science,*,Scholarship,*,7266
MN,Minneapolis,College of Business,*,*,*,24348,,MN,Minneapolis,College of Business,*,Scholarship,*,6356
MN,St. Paul,College of Agriculture and Natural Resources,*,*,*,3965,,MN,St. Paul,College of Agriculture and Natural Resources,*,Scholarship,*,181
MO,Kansas City,College of Agriculture and Natural Resources,*,*,*,109608,,MO,Kansas City,College of Agriculture and Natural Resources,*,Campus Resource,*,17136
MO,Kansas City,College of Agriculture and Natural Resources,*,*,*,109608,,MO,Kansas City,College of Agriculture and Natural Resources,*,Endowment,*,4895
MO,Kansas City,College of Arts and Sciences,*,*,*,67490,,MO,Kansas City,College of Arts and Sciences,*,Campus Resource,*,7618
MO,Kansas City,College of Arts and Sciences,*,*,*,67490,,MO,Kansas City,College of Arts and Sciences,*,Scholarship,*,16054
MO,Kansas City,College of Communication Arts and Sciences,*,*,*,6257,,MO,Kansas City,College of Communication Arts and Sciences,*,Scholarship,*,600
MO,Kansas City,College of Education,*,*,*,16057,,MO,Kansas City,College of Education,*,Endowment,*,4036
MO,Kansas City,College of Engineering,*,*,*,38796,,MO,Kansas City,College of Engineering,*,Scholarship,*,6526
MO,Kansas City,College of Natural Science,*,*,*,59996,,MO,Kansas City,College of Natural Science,*,Campus Resource,*,18055
MO,Kansas City,College of Natural Science,*,*,*,59996,,MO,Kansas City,College of Natural Science,*,Scholarship,*,17673
MO,Kansas City,College of Social Science,*,*,*,63802,,MO,Kansas City,College of Social Science,*,Endowment,*,15019
MO,Kansas City,College of Social Science,*,*,*,63802,,MO,Kansas City,College of Social Science,*,Scholarship,*,17434
MO,St. Louis,College of Agriculture and Natural Resources,*,*,*,38443,,MO,St. Louis,College of Agriculture and Natural Resources,*,Campus Resource,*,345
MO,St. Louis,College of Arts and Sciences,*,*,*,11307,,MO,St. Louis,College of Arts and Sciences,*,Endowment,*,2402
MO,St. Louis,College of Communication Arts and Sciences,*,*,*,11808,,MO,St. Louis,College of Communication Arts and Sciences,*,Endowment,*,2051
MO,St. Louis,College of Communication Arts and Sciences,*,*,*,11808,,MO,St. Louis,College of Communication Arts and Sciences,*,Scholarship,*,149
MO,St. Louis,College of Education,*,*,*,38519,,MO,St. Louis,College of Education,*,Campus Resource,*,6148
MO,St. Louis,College of Education,*,*,*,38519,,MO,St. Louis,College of Education,*,Endowment,*,8942
MO,St. Louis,College of Engineering,*,*,*,30543,,MO,St. Louis,College of Engineering,*,Endowment,*,5490
MO,St. Louis,College of Engineering,*,*,*,30543,,MO,St. Louis,College of Engineering,*,Scholarship,*,9463
MO,St. Louis,College of Natural Science,*,*,*,289869,,MO,St. Louis,College of Natural Science,*,Campus Resource,*,9366
MO,St. Louis,College of Natural Science,*,*,*,289869,,MO,St. Louis,College of Natural Science,*,Endowment,*,23136
NC,Charlotte,College of Arts and Sciences,*,*,*,14378,,NC,Charlotte,College of Arts and Sciences,*,Campus Resource,*,3423
NC,Charlotte,College of Business,*,*,*,12501,,NC,Charlotte,College of Business,*,Endowment,*,3641
NC,Charlotte,College of Education,*,*,*,24285,,NC,Charlotte,College of Education,*,Scholarship,*,274
NC,Charlotte,College of Music,*,*,*,17753,,NC,Charlotte,College of Music,*,Endowment,*,2585
NC,Charlotte,College of Natural Science,*,*,*,43483,,NC,Charlotte,College of Natural Science,*,Campus Resource,*,9292
NC,Charlotte,College of Political Science,*,*,*,22693,,NC,Charlotte,College of Political Science,*,Campus Resource,*,7098
NC,Charlotte,College of Political Science,*,*,*,22693,,NC,Charlotte,College of Political Science,*,Endowment,*,6608
NC,Charlotte,College of Social Science,*,*,*,33478,,NC,Charlotte,College of Social Science,*,Endowment,*,5068
NC,Durham,College of Agriculture and Natural Resources,*,*,*,26754,,NC,Durham,College of Agriculture and Natural Resources,*,Scholarship,*,267
NC,Durham,College of Arts and Sciences,*,*,*,16403,,NC,Durham,College of Arts and Sciences,*,Endowment,*,4469
NC,Durham,College of Engineering,*,*,*,27250,,NC,Durham,College of Engineering,*,Campus Resource,*,7126
NC,Durham,College of Engineering,*,*,*,27250,,NC,Durham,College of Engineering,*,Scholarship,*,4239
NC,Durham,College of Music,*,*,*,21474,,NC,Durham,College of Music,*,Endowment,*,2931
NC,Durham,College of Natural Science,*,*,*,110135,,NC,Durham,College of Natural Science,*,Campus Resource,*,27072
NC,Durham,College of Social Science,*,*,*,42471,,NC,Durham,College of Social Science,*,Campus Resource,*,11650
NC,Durham,College of Social Science,*,*,*,42471,,NC,Durham,College of Social Science,*,Scholarship,*,8085
NC,Raleigh,College of Communication Arts and Sciences,*,*,*,19584,,NC,Raleigh,College of Communication Arts and Sciences,*,Campus Resource,*,3230
NC,Raleigh,College of Communication Arts and Sciences,*,*,*,19584,,NC,Raleigh,College of Communication Arts and Sciences,*,Endowment,*,4474
NC,Raleigh,College of Natural Science,*,*,*,68900,,NC,Raleigh,College of Natural Science,*,Endowment,*,18255
NC,Raleigh,College of Political Science,*,*,*,10105,,NC,Raleigh,College of Political Science,*,Campus Resource,*,493
NC,Raleigh,College of Social Science,*,*,*,27093,,NC,Raleigh,College of Social Science,*,Scholarship,*,584
NE,Lincoln,College of Arts and Sciences,*,*,*,14473,,NE,Lincoln,College of Arts and Sciences,*,Campus Resource,*,2939
NE,Lincoln,College of Arts and Sciences,*,*,*,14473,,NE,Lincoln,College of Arts and Sciences,*,Scholarship,*,3240
NE,Lincoln,College of Engineering,*,*,*,23811,,NE,Lincoln,College of Engineering,*,Campus Resource,*,6371
NE,Lincoln,College of Natural Science,*,*,*,43090,,NE,Lincoln,College of Natural Science,*,Campus Resource,*,9108
NE,Lincoln,College of Social Science,*,*,*,17923,,NE,Lincoln,College of Social Science,*,Campus Resource,*,3885
NE,Lincoln,College of Social Science,*,*,*,17923,,NE,Lincoln,College of Social Science,*,Scholarship,*,267
NE,Omaha,College of Agriculture and Natural Resources,*,*,*,36501,,NE,Omaha,College of Agriculture and Natural Resources,*,Campus Resource,*,38
NE,Omaha,College of Engineering,*,*,*,24511,,NE,Omaha,College of Engineering,*,Campus Resource,*,4738
NH,Manchester,College of Arts and Sciences,*,*,*,91399,,NH,Manchester,College of Arts and Sciences,*,Campus Resource,*,26327
NH,Manchester,College of Arts and Sciences,*,*,*,91399,,NH,Manchester,College of Arts and Sciences,*,Scholarship,*,26905
NH,Manchester,College of Engineering,*,*,*,6508,,NH,Manchester,College of Engineering,*,Scholarship,*,76
NH,Manchester,College of Music,*,*,*,12461,,NH,Manchester,College of Music,*,Endowment,*,2796
NH,Manchester,College of Social Science,*,*,*,30637,,NH,Manchester,College of Social Science,*,Campus Resource,*,9589
NH,Manchester,College of Social Science,*,*,*,30637,,NH,Manchester,College of Social Science,*,Endowment,*,427
NJ,Paterson,College of Natural Science,*,*,*,45513,,NJ,Paterson,College of Natural Science,*,Endowment,*,7082
NM,Albuquerque,College of Arts and Sciences,*,*,*,29493,,NM,Albuquerque,College of Arts and Sciences,*,Scholarship,*,9062
NM,Albuquerque,College of Communication Arts and Sciences,*,*,*,30808,,NM,Albuquerque,College of Communication Arts and Sciences,*,Campus Resource,*,2646
NM,Albuquerque,College of Social Science,*,*,*,52328,,NM,Albuquerque,College of Social Science,*,Campus Resource,*,7641
NV,Henderson,College of Agriculture and Natural Resources,*,*,*,14467,,NV,Henderson,College of Agriculture and Natural Resources,*,Scholarship,*,3252
NV,Henderson,College of Communication Arts and Sciences,*,*,*,36176,,NV,Henderson,College of Communication Arts and Sciences,*,Campus Resource,*,3271
NV,Henderson,College of Communication Arts and Sciences,*,*,*,36176,,NV,Henderson,College of Communication Arts and Sciences,*,Scholarship,*,5336
NV,Henderson,College of Music,*,*,*,13916,,NV,Henderson,College of Music,*,Campus Resource,*,995
NV,Henderson,College of Music,*,*,*,13916,,NV,Henderson,College of Music,*,Scholarship,*,4217
NV,Las Vegas,College of Agriculture and Natural Resources,*,*,*,31833,,NV,Las Vegas,College of Agriculture and Natural Resources,*,Endowment,*,6246
NV,Las Vegas,College of Agriculture and Natural Resources,*,*,*,31833,,NV,Las Vegas,College of Agriculture and Natural Resources,*,Scholarship,*,9274
NV,Las Vegas,College of Engineering,*,*,*,62452,,NV,Las Vegas,College of Engineering,*,Endowment,*,20205
NV,Las Vegas,College of Engineering,*,*,*,62452,,NV,Las Vegas,College of Engineering,*,Scholarship,*,6400
NV,Las Vegas,College of Natural Science,*,*,*,28529,,NV,Las Vegas,College of Natural Science,*,Scholarship,*,7647
NV,North Las Vegas,College of Arts and Sciences,*,*,*,41766,,NV,North Las Vegas,College of Arts and Sciences,*,Campus Resource,*,2587
NV,North Las Vegas,College of Arts and Sciences,*,*,*,41766,,NV,North Las Vegas,College of Arts and Sciences,*,Endowment,*,10095
NV,North Las Vegas,College of Business,*,*,*,17575,,NV,North Las Vegas,College of Business,*,Endowment,*,2483
NV,North Las Vegas,College of Natural Science,*,*,*,30601,,NV,North Las Vegas,College of Natural Science,*,Campus Resource,*,4091
NV,Reno,College of Agriculture and Natural Resources,*,*,*,18680,,NV,Reno,College of Agriculture and Natural Resources,*,Endowment,*,4948
NV,Reno,College of Social Science,*,*,*,28277,,NV,Reno,College of Social Science,*,Campus Resource,*,7392
NY,New York,College of Agriculture and Natural Resources,*,*,*,177383,,NY,New York,College of Agriculture and Natural Resources,*,Campus Resource,*,37509
NY,New York,College of Agriculture and Natural Resources,*,*,*,177383,,NY,New York,College of Agriculture and Natural Resources,*,Scholarship,*,59079
NY,New York,College of Arts and Sciences,*,*,*,178990,,NY,New York,College of Arts and Sciences,*,Campus Resource,*,27740
NY,New York,College of Arts and Sciences,*,*,*,178990,,NY,New York,College of Arts and Sciences,*,Endowment,*,47761
NY,New York,College of Business,*,*,*,93696,,NY,New York,College of Business,*,Campus Resource,*,10676
NY,New York,College of Business,*,*,*,93696,,NY,New York,College of Business,*,Endowment,*,26072
NY,New York,College of Education,*,*,*,48663,,NY,New York,College of Education,*,Endowment,*,2028
NY,New York,College of Engineering,*,*,*,5835,,NY,New York,College of Engineering,*,Endowment,*,16
NY,New York,College of Engineering,*,*,*,5835,,NY,New York,College of Engineering,*,Scholarship,*,1818
NY,New York,College of Natural Science,*,*,*,183345,,NY,New York,College of Natural Science,*,Campus Resource,*,49099
NY,New York,College of Natural Science,*,*,*,183345,,NY,New York,College of Natural Science,*,Scholarship,*,51568
NY,New York,College of Political Science,*,*,*,99176,,NY,New York,College of Political Science,*,Campus Resource,*,26675
NY,New York,College of Political Science,*,*,*,99176,,NY,New York,College of Political Science,*,Endowment,*,21191
NY,New York,College of Social Science,*,*,*,90179,,NY,New York,College of Social Science,*,Scholarship,*,19590
NY,Rochester,College of Arts and Sciences,*,*,*,57902,,NY,Rochester,College of Arts and Sciences,*,Campus Resource,*,2576
NY,Rochester,College of Arts and Sciences,*,*,*,57902,,NY,Rochester,College of Arts and Sciences,*,Scholarship,*,9583
NY,Syracuse,College of Agriculture and Natural Resources,*,*,*,14622,,NY,Syracuse,College of Agriculture and Natural Resources,*,Campus Resource,*,1920
NY,Syracuse,College of Engineering,*,*,*,14108,,NY,Syracuse,College of Engineering,*,Endowment,*,3957
NY,Syracuse,College of Natural Science,*,*,*,33623,,NY,Syracuse,College of Natural Science,*,Endowment,*,1707
NY,Syracuse,College of Social Science,*,*,*,17285,,NY,Syracuse,College of Social Science,*,Campus Resource,*,1367
NY,Syracuse,College of Social Science,*,*,*,17285,,NY,Syracuse,College of Social Science,*,Endowment,*,2464
OH,Cincinnati,College of Agriculture and Natural Resources,*,*,*,60316,,OH,Cincinnati,College of Agriculture and Natural Resources,*,Campus Resource,*,15776
OH,Cincinnati,College of Arts and Sciences,*,*,*,179514,,OH,Cincinnati,College of Arts and Sciences,*,Campus Resource,*,32181
OH,Cincinnati,College of Arts and Sciences,*,*,*,179514,,OH,Cincinnati,College of Arts and Sciences,*,Endowment,*,55211
OH,Cincinnati,College of Education,*,*,*,12661,,OH,Cincinnati,College of Education,*,Scholarship,*,3029
OH,Cincinnati,College of Music,*,*,*,48825,,OH,Cincinnati,College of Music,*,Endowment,*,5854
OH,Cincinnati,College of Natural Science,*,*,*,112528,,OH,Cincinnati,College of Natural Science,*,Campus Resource,*,14464
OH,Cincinnati,College of Natural Science,*,*,*,112528,,OH,Cincinnati,College of Natural Science,*,Endowment,*,20381
OH,Cincinnati,College of Nursing,*,*,*,21405,,OH,Cincinnati,College of Nursing,*,Campus Resource,*,363
OH,Cincinnati,College of Nursing,*,*,*,21405,,OH,Cincinnati,College of Nursing,*,Endowment,*,4090
OH,Cincinnati,College of Social Science,*,*,*,171815,,OH,Cincinnati,College of Social Science,*,Endowment,*,49938
OH,Cincinnati,College of Social Science,*,*,*,171815,,OH,Cincinnati,College of Social Science,*,Scholarship,*,48377
OH,Cincinnati,College of Veterinary Medicine,*,*,*,59282,,OH,Cincinnati,College of Veterinary Medicine,*,Campus Resource,*,19275
OH,Cincinnati,College of Veterinary Medicine,*,*,*,59282,,OH,Cincinnati,College of Veterinary Medicine,*,Scholarship,*,13049
OH,Cleveland,College of Arts and Sciences,*,*,*,37227,,OH,Cleveland,College of Arts and Sciences,*,Campus Resource,*,9273
OH,Cleveland,College of Business,*,*,*,7147,,OH,Cleveland,College of Business,*,Scholarship,*,1001
OH,Cleveland,College of Natural Science,*,*,*,44582,,OH,Cleveland,College of Natural Science,*,Endowment,*,8502
OK,Oklahoma City,College of Arts and Sciences,*,*,*,33602,,OK,Oklahoma City,College of Arts and Sciences,*,Campus Resource,*,9012
OK,Oklahoma City,College of Arts and Sciences,*,*,*,33602,,OK,Oklahoma City,College of Arts and Sciences,*,Scholarship,*,10384
OK,Oklahoma City,College of Business,*,*,*,42369,,OK,Oklahoma City,College of Business,*,Scholarship,*,9044
OK,Oklahoma City,College of Natural Science,*,*,*,53736,,OK,Oklahoma City,College of Natural Science,*,Campus Resource,*,6222
OK,Oklahoma City,College of Natural Science,*,*,*,53736,,OK,Oklahoma City,College of Natural Science,*,Endowment,*,9390
OK,Oklahoma City,College of Political Science,*,*,*,8717,,OK,Oklahoma City,College of Political Science,*,Scholarship,*,888
OK,Oklahoma City,College of Social Science,*,*,*,38213,,OK,Oklahoma City,College of Social Science,*,Endowment,*,9643
OK,Tulsa,College of Business,*,*,*,19817,,OK,Tulsa,College of Business,*,Campus Resource,*,5901
OK,Tulsa,College of Business,*,*,*,19817,,OK,Tulsa,College of Business,*,Scholarship,*,5901
OK,Tulsa,College of Social Science,*,*,*,23356,,OK,Tulsa,College of Social Science,*,Campus Resource,*,6656
OK,Tulsa,College of Social Science,*,*,*,23356,,OK,Tulsa,College of Social Science,*,Endowment,*,6405
OR,Eugene,College of Natural Science,*,*,*,46832,,OR,Eugene,College of Natural Science,*,Endowment,*,7398
OR,Portland,College of Arts and Sciences,*,*,*,24465,,OR,Portland,College of Arts and Sciences,*,Scholarship,*,4256
OR,Portland,College of Communication Arts and Sciences,*,*,*,17179,,OR,Portland,College of Communication Arts and Sciences,*,Campus Resource,*,4269
OR,Portland,College of Communication Arts and Sciences,*,*,*,17179,,OR,Portland,College of Communication Arts and Sciences,*,Scholarship,*,4269
OR,Portland,College of Natural Science,*,*,*,20995,,OR,Portland,College of Natural Science,*,Campus Resource,*,1395
OR,Portland,College of Natural Science,*,*,*,20995,,OR,Portland,College of Natural Science,*,Scholarship,*,3901
OR,Portland,College of Social Science,*,*,*,10861,,OR,Portland,College of Social Science,*,Campus Resource,*,2634
OR,Salem,College of Arts and Sciences,*,*,*,31734,,OR,Salem,College of Arts and Sciences,*,Campus Resource,*,3724
OR,Salem,College of Music,*,*,*,16790,,OR,Salem,College of Music,*,Campus Resource,*,5309
OR,Salem,College of Natural Science,*,*,*,11504,,OR,Salem,College of Natural Science,*,Scholarship,*,2820
OR,Salem,College of Political Science,*,*,*,4841,,OR,Salem,College of Political Science,*,Campus Resource,*,501
PA,Philadelphia,College of Agriculture and Natural Resources,*,*,*,24653,,PA,Philadelphia,College of Agriculture and Natural Resources,*,Campus Resource,*,7034
PA,Philadelphia,College of Agriculture and Natural Resources,*,*,*,24653,,PA,Philadelphia,College of Agriculture and Natural Resources,*,Endowment,*,8166
PA,Philadelphia,College of Arts and Sciences,*,*,*,59040,,PA,Philadelphia,College of Arts and Sciences,*,Endowment,*,17973
PA,Philadelphia,College of Engineering,*,*,*,20753,,PA,Philadelphia,College of Engineering,*,Campus Resource,*,6556
PA,Philadelphia,College of Engineering,*,*,*,20753,,PA,Philadelphia,College of Engineering,*,Endowment,*,6725
PA,Philadelphia,College of Social Science,*,*,*,94399,,PA,Philadelphia,College of Social Science,*,Endowment,*,20461
PA,Pittsburgh,College of Arts and Sciences,*,*,*,8451,,PA,Pittsburgh,College of Arts and Sciences,*,Endowment,*,1325
PA,Pittsburgh,College of Social Science,*,*,*,13338,,PA,Pittsburgh,College of Social Science,*,Endowment,*,2162
RI,Providence,College of Arts and Sciences,*,*,*,39448,,RI,Providence,College of Arts and Sciences,*,Campus Resource,*,10004
RI,Providence,College of Arts and Sciences,*,*,*,39448,,RI,Providence,College of Arts and Sciences,*,Endowment,*,10450
RI,Providence,College of Social Science,*,*,*,31465,,RI,Providence,College of Social Science,*,Endowment,*,10235
SC,Charleston,College of Agriculture and Natural Resources,*,*,*,21520,,SC,Charleston,College of Agriculture and Natural Resources,*,Campus Resource,*,6762
SC,Charleston,College of Agriculture and Natural Resources,*,*,*,21520,,SC,Charleston,College of Agriculture and Natural Resources,*,Endowment,*,1695
SC,Charleston,College of Natural Science,*,*,*,17865,,SC,Charleston,College of Natural Science,*,Campus Resource,*,5811
SC,Charleston,College of Social Science,*,*,*,44589,,SC,Charleston,College of Social Science,*,Scholarship,*,9970
SC,Columbia,College of Agriculture and Natural Resources,*,*,*,21561,,SC,Columbia,College of Agriculture and Natural Resources,*,Campus Resource,*,4810
SC,Columbia,College of Arts and Sciences,*,*,*,51845,,SC,Columbia,College of Arts and Sciences,*,Campus Resource,*,4356
SC,Columbia,College of Arts and Sciences,*,*,*,51845,,SC,Columbia,College of Arts and Sciences,*,Endowment,*,11040
SC,Columbia,College of Natural Science,*,*,*,7290,,SC,Columbia,College of Natural Science,*,Campus Resource,*,290
SC,Columbia,College of Natural Science,*,*,*,7290,,SC,Columbia,College of Natural Science,*,Endowment,*,309
SC,Columbia,College of Social Science,*,*,*,48340,,SC,Columbia,College of Social Science,*,Campus Resource,*,6464
SC,Columbia,College of Social Science,*,*,*,48340,,SC,Columbia,College of Social Science,*,Endowment,*,15807
TN,Knoxville,College of Arts and Sciences,*,*,*,19730,,TN,Knoxville,College of Arts and Sciences,*,Endowment,*,1137
TN,Knoxville,College of Arts and Sciences,*,*,*,19730,,TN,Knoxville,College of Arts and Sciences,*,Scholarship,*,3897
TN,Knoxville,College of Engineering,*,*,*,22061,,TN,Knoxville,College of Engineering,*,Campus Resource,*,416
TN,Knoxville,College of Natural Science,*,*,*,9445,,TN,Knoxville,College of Natural Science,*,Endowment,*,78
TN,Knoxville,College of Social Science,*,*,*,8758,,TN,Knoxville,College of Social Science,*,Endowment,*,1577
TN,Memphis,College of Agriculture and Natural Resources,*,*,*,55220,,TN,Memphis,College of Agriculture and Natural Resources,*,Scholarship,*,13086
TN,Memphis,College of Arts and Sciences,*,*,*,80598,,TN,Memphis,College of Arts and Sciences,*,Endowment,*,23870
TN,Memphis,College of Business,*,*,*,51283,,TN,Memphis,College of Business,*,Endowment,*,13193
TN,Memphis,College of Engineering,*,*,*,12774,,TN,Memphis,College of Engineering,*,Campus Resource,*,3379
TN,Memphis,College of Natural Science,*,*,*,134765,,TN,Memphis,College of Natural Science,*,Campus Resource,*,42692
TN,Memphis,College of Natural Science,*,*,*,134765,,TN,Memphis,College of Natural Science,*,Endowment,*,20395
TN,Memphis,College of Political Science,*,*,*,41368,,TN,Memphis,College of Political Science,*,Campus Resource,*,9797
TN,Memphis,College of Political Science,*,*,*,41368,,TN,Memphis,College of Political Science,*,Scholarship,*,10857
TN,Memphis,College of Social Science,*,*,*,38650,,TN,Memphis,College of Social Science,*,Scholarship,*,7391
TX,Amarillo,College of Arts and Sciences,*,*,*,61261,,TX,Amarillo,College of Arts and Sciences,*,Campus Resource,*,5085
TX,Amarillo,College of Arts and Sciences,*,*,*,61261,,TX,Amarillo,College of Arts and Sciences,*,Endowment,*,15449
TX,Austin,College of Agriculture and Natural Resources,*,*,*,78706,,TX,Austin,College of Agriculture and Natural Resources,*,Campus Resource,*,11877
TX,Austin,College of Agriculture and Natural Resources,*,*,*,78706,,TX,Austin,College of Agriculture and Natural Resources,*,Endowment,*,14052
TX,Austin,College of Arts and Sciences,*,*,*,37577,,TX,Austin,College of Arts and Sciences,*,Endowment,*,8302
TX,Austin,College of Arts and Sciences,*,*,*,37577,,TX,Austin,College of Arts and Sciences,*,Scholarship,*,11118
TX,Austin,College of Business,*,*,*,13277,,TX,Austin,College of Business,*,Endowment,*,4217
TX,Austin,College of Engineering,*,*,*,15190,,TX,Austin,College of Engineering,*,Endowment,*,4391
TX,Austin,College of Music,*,*,*,22665,,TX,Austin,College of Music,*,Endowment,*,6529
TX,Austin,College of Natural Science,*,*,*,129334,,TX,Austin,College of Natural Science,*,Scholarship,*,24630
TX,Austin,College of Social Science,*,*,*,39590,,TX,Austin,College of Social Science,*,Campus Resource,*,11108
TX,Dallas,College of Agriculture and Natural Resources,*,*,*,55883,,TX,Dallas,College of Agriculture and Natural Resources,*,Campus Resource,*,8879
TX,Dallas,College of Agriculture and Natural Resources,*,*,*,55883,,TX,Dallas,College of Agriculture and Natural Resources,*,Scholarship,*,9518
TX,Dallas,College of Arts and Sciences,*,*,*,93243,,TX,Dallas,College of Arts and Sciences,*,Campus Resource,*,26731
TX,Dallas,College of Arts and Sciences,*,*,*,93243,,TX,Dallas,College of Arts and Sciences,*,Scholarship,*,25824
TX,Dallas,College of Business,*,*,*,38738,,TX,Dallas,College of Business,*,Endowment,*,5811
TX,Dallas,College of Engineering,*,*,*,51063,,TX,Dallas,College of Engineering,*,Endowment,*,4323
TX,Dallas,College of Natural Science,*,*,*,182648,,TX,Dallas,College of Natural Science,*,Endowment,*,30750
TX,Dallas,College of Political Science,*,*,*,58931,,TX,Dallas,College of Political Science,*,Campus Resource,*,11175
TX,Dallas,College of Social Science,*,*,*,103710,,TX,Dallas,College of Social Science,*,Campus Resource,*,7118
TX,Dallas,College of Social Science,*,*,*,103710,,TX,Dallas,College of Social Science,*,Scholarship,*,31446
TX,Dallas,College of Veterinary Medicine,*,*,*,30765,,TX,Dallas,College of Veterinary Medicine,*,Campus Resource,*,3411
TX,Dallas,College of Veterinary Medicine,*,*,*,30765,,TX,Dallas,College of Veterinary Medicine,*,Endowment,*,9945
TX,El Paso,College of Natural Science,*,*,*,68162,,TX,El Paso,College of Natural Science,*,Endowment,*,16194
TX,Houston,College of Agriculture and Natural Resources,*,*,*,63893,,TX,Houston,College of Agriculture and Natural Resources,*,Campus Resource,*,4821
TX,Houston,College of Arts and Sciences,*,*,*,134478,,TX,Houston,College of Arts and Sciences,*,Campus Resource,*,43323
TX,Houston,College of Arts and Sciences,*,*,*,134478,,TX,Houston,College of Arts and Sciences,*,Endowment,*,40615
TX,Houston,College of Business,*,*,*,36675,,TX,Houston,College of Business,*,Campus Resource,*,8196
TX,Houston,College of Business,*,*,*,36675,,TX,Houston,College of Business,*,Scholarship,*,11065
TX,Houston,College of Engineering,*,*,*,63872,,TX,Houston,College of Engineering,*,Campus Resource,*,18923
TX,Houston,College of Engineering,*,*,*,63872,,TX,Houston,College of Engineering,*,Endowment,*,7490
TX,Houston,College of Natural Science,*,*,*,135492,,TX,Houston,College of Natural Science,*,Campus Resource,*,18183
TX,Houston,College of Political Science,*,*,*,15126,,TX,Houston,College of Political Science,*,Campus Resource,*,3038
TX,Houston,College of Political Science,*,*,*,15126,,TX,Houston,College of Political Science,*,Scholarship,*,4785
TX,Houston,College of Social Science,*,*,*,64247,,TX,Houston,College of Social Science,*,Campus Resource,*,21273
TX,Houston,College of Social Science,*,*,*,64247,,TX,Houston,College of Social Science,*,Scholarship,*,14769
TX,San Antonio,College of Arts and Sciences,*,*,*,31398,,TX,San Antonio,College of Arts and Sciences,*,Campus Resource,*,10382
TX,San Antonio,College of Arts and Sciences,*,*,*,31398,,TX,San Antonio,College of Arts and Sciences,*,Endowment,*,4078
TX,San Antonio,College of Business,*,*,*,44058,,TX,San Antonio,College of Business,*,Campus Resource,*,14594
TX,San Antonio,College of Business,*,*,*,44058,,TX,San Antonio,College of Business,*,Scholarship,*,12866
TX,San Antonio,College of Natural Science,*,*,*,48106,,TX,San Antonio,College of Natural Science,*,Campus Resource,*,11162
TX,San Antonio,College of Natural Science,*,*,*,48106,,TX,San Antonio,College of Natural Science,*,Scholarship,*,2798
UT,Provo,College of Social Science,*,*,*,9220,,UT,Provo,College of Social Science,*,Scholarship,*,2264
UT,Salt Lake City,College of Engineering,*,*,*,55857,,UT,Salt Lake City,College of Engineering,*,Campus Resource,*,9695
UT,Salt Lake City,College of Engineering,*,*,*,55857,,UT,Salt Lake City,College of Engineering,*,Scholarship,*,2977
UT,Salt Lake City,College of Social Science,*,*,*,10391,,UT,Salt Lake City,College of Social Science,*,Scholarship,*,2727
UT,West Valley City,College of Arts and Sciences,*,*,*,46875,,UT,West Valley City,College of Arts and Sciences,*,Campus Resource,*,14120
UT,West Valley City,College of Arts and Sciences,*,*,*,46875,,UT,West Valley City,College of Arts and Sciences,*,Endowment,*,9113
UT,West Valley City,College of Natural Science,*,*,*,10341,,UT,West Valley City,College of Natural Science,*,Endowment,*,2925
UT,West Valley City,College of Political Science,*,*,*,27065,,UT,West Valley City,College of Political Science,*,Campus Resource,*,7152
UT,West Valley City,College of Political Science,*,*,*,27065,,UT,West Valley City,College of Political Science,*,Scholarship,*,7152
VA,Alexandria,College of Agriculture and Natural Resources,*,*,*,17928,,VA,Alexandria,College of Agriculture and Natural Resources,*,Campus Resource,*,2449
VA,Alexandria,College of Arts and Sciences,*,*,*,79547,,VA,Alexandria,College of Arts and Sciences,*,Campus Resource,*,10759
VA,Alexandria,College of Education,*,*,*,6706,,VA,Alexandria,College of Education,*,Scholarship,*,543
VA,Alexandria,College of Engineering,*,*,*,21242,,VA,Alexandria,College of Engineering,*,Campus Resource,*,6032
VA,Alexandria,College of Engineering,*,*,*,21242,,VA,Alexandria,College of Engineering,*,Scholarship,*,91
VA,Alexandria,College of Natural Science,*,*,*,61339,,VA,Alexandria,College of Natural Science,*,Campus Resource,*,12660
VA,Alexandria,College of Natural Science,*,*,*,61339,,VA,Alexandria,College of Natural Science,*,Endowment,*,12648
VA,Alexandria,College of Nursing,*,*,*,10199,,VA,Alexandria,College of Nursing,*,Endowment,*,2002
VA,Alexandria,College of Nursing,*,*,*,10199,,VA,Alexandria,College of Nursing,*,Scholarship,*,2002
VA,Alexandria,College of Political Science,*,*,*,25338,,VA,Alexandria,College of Political Science,*,Campus Resource,*,4343
VA,Alexandria,College of Political Science,*,*,*,25338,,VA,Alexandria,College of Political Science,*,Scholarship,*,7479
VA,Richmond,College of Agriculture and Natural Resources,*,*,*,118408,,VA,Richmond,College of Agriculture and Natural Resources,*,Campus Resource,*,22652
VA,Richmond,College of Agriculture and Natural Resources,*,*,*,118408,,VA,Richmond,College of Agriculture and Natural Resources,*,Endowment,*,35904
VA,Richmond,College of Arts and Sciences,*,*,*,53156,,VA,Richmond,College of Arts and Sciences,*,Campus Resource,*,5962
VA,Richmond,College of Arts and Sciences,*,*,*,53156,,VA,Richmond,College of Arts and Sciences,*,Endowment,*,7868
VA,Richmond,College of Engineering,*,*,*,36748,,VA,Richmond,College of Engineering,*,Campus Resource,*,5564
VA,Richmond,College of Natural Science,*,*,*,109151,,VA,Richmond,College of Natural Science,*,Campus Resource,*,9112
VA,Richmond,College of Political Science,*,*,*,23210,,VA,Richmond,College of Political Science,*,Scholarship,*,6904
VA,Richmond,College of Social Science,*,*,*,28029,,VA,Richmond,College of Social Science,*,Campus Resource,*,7672
VA,Richmond,College of Social Science,*,*,*,28029,,VA,Richmond,College of Social Science,*,Endowment,*,2439
WA,Seattle,College of Agriculture and Natural Resources,*,*,*,62856,,WA,Seattle,College of Agriculture and Natural Resources,*,Campus Resource,*,6067
WA,Seattle,College of Arts and Sciences,*,*,*,116912,,WA,Seattle,College of Arts and Sciences,*,Campus Resource,*,9696
WA,Seattle,College of Business,*,*,*,44134,,WA,Seattle,College of Business,*,Campus Resource,*,8893
WA,Seattle,College of Business,*,*,*,44134,,WA,Seattle,College of Business,*,Endowment,*,11324
WA,Seattle,College of Communication Arts and Sciences,*,*,*,21717,,WA,Seattle,College of Communication Arts and Sciences,*,Campus Resource,*,3605
WA,Seattle,College of Communication Arts and Sciences,*,*,*,21717,,WA,Seattle,College of Communication Arts and Sciences,*,Scholarship,*,6370
WA,Seattle,College of Engineering,*,*,*,51890,,WA,Seattle,College of Engineering,*,Campus Resource,*,3403
WA,Seattle,College of Music,*,*,*,13972,,WA,Seattle,College of Music,*,Campus Resource,*,373
WA,Seattle,College of Music,*,*,*,13972,,WA,Seattle,College of Music,*,Endowment,*,508
WA,Seattle,College of Natural Science,*,*,*,91115,,WA,Seattle,College of Natural Science,*,Campus Resource,*,12155
WA,Seattle,College of Social Science,*,*,*,65963,,WA,Seattle,College of Social Science,*,Scholarship,*,20486
WA,Spokane,College of Agriculture and Natural Resources,*,*,*,28563,,WA,Spokane,College of Agriculture and Natural Resources,*,Scholarship,*,669
WA,Spokane,College of Natural Science,*,*,*,43253,,WA,Spokane,College of Natural Science,*,Endowment,*,10967
WA,Spokane,College of Natural Science,*,*,*,43253,,WA,Spokane,College of Natural Science,*,Scholarship,*,8955
WA,Spokane,College of Social Science,*,*,*,40231,,WA,Spokane,College of Social Science,*,Campus Resource,*,3204
WA,Spokane,College of Social Science,*,*,*,40231,,WA,Spokane,College of Social Science,*,Endowment,*,8119
WI,Madison,College of Arts and Sciences,*,*,*,17240,,WI,Madison,College of Arts and Sciences,*,Endowment,*,340
WI,Madison,College of Social Science,*,*,*,14000,,WI,Madison,College of Social Science,*,Endowment,*,453
WI,Madison,College of Social Science,*,*,*,14000,,WI,Madison,College of Social Science,*,Scholarship,*,175
WI,Milwaukee,College of Communication Arts and Sciences,*,*,*,23052,,WI,Milwaukee,College of Communication Arts and Sciences,*,Campus Resource,*,6092
WI,Milwaukee,College of Communication Arts and Sciences,*,*,*,23052,,WI,Milwaukee,College of Communication Arts and Sciences,*,Endowment,*,3064
WI,Milwaukee,College of Natural Science,*,*,*,28649,,WI,Milwaukee,College of Natural Science,*,Scholarship,*,2959
WI,Milwaukee,College of Political Science,*,*,*,16127,,WI,Milwaukee,College of Political Science,*,Scholarship,*,2587
WI,Milwaukee,College of Social Science,*,*,*,13045,,WI,Milwaukee,College of Social Science,*,Endowment,*,4017
WI,Milwaukee,College of Social Science,*,*,*,13045,,WI,Milwaukee,College of Social Science,*,Scholarship,*,2727
WY,Casper,College of Arts and Sciences,*,*,*,36999,,WY,Casper,College of Arts and Sciences,*,Campus Resource,*,9411
