*,Amarillo,College of Arts and Sciences,*,Scholarship,German,34906,,*,Amarillo,College of Arts and Sciences,College of Natural Science,Scholarship,German,1207
*,Amarillo,College of Nursing,*,Campus Resource,Summer Research Program,4979,,*,Amarillo,College of Nursing,University Libraries,Campus Resource,Summer Research Program,1117
*,Anaheim,College of Arts and Sciences,*,Endowment,Global Studies in the Arts and Humanities,6738,,*,Anaheim,College of Arts and Sciences,Diversity Fund,Endowment,Global Studies in the Arts and Humanities,1550
*,Atlanta,College of Agriculture and Natural Resources,*,Endowment,Agribusiness Management,7667,,*,Atlanta,College of Agriculture and Natural Resources,Trustees Fund,Endowment,Agribusiness Management,2048
*,Atlanta,College of Arts and Sciences,*,Scholarship,Philosophy,12112,,*,Atlanta,College of Arts and Sciences,College of Education,Scholarship,Philosophy,3159
*,Austin,College of Agriculture and Natural Resources,*,Scholarship,Fisheries and Wildlife,23463,,*,Austin,College of Agriculture and Natural Resources,College of Arts and Sciences,Scholarship,Fisheries and Wildlife,4635
*,Austin,College of Agriculture and Natural Resources,*,Scholarship,Fisheries and Wildlife,23463,,*,Austin,College of Agriculture and Natural Resources,College of Business,Scholarship,Fisheries and Wildlife,7242
*,Austin,College of Agriculture and Natural Resources,*,Scholarship,Fisheries and Wildlife,23463,,*,Austin,College of Agriculture and Natural Resources,College of Natural Science,Scholarship,Fisheries and Wildlife,6979
*,Austin,College of Agriculture and Natural Resources,*,Scholarship,Fisheries and Wildlife,23463,,*,Austin,College of Agriculture and Natural Resources,College of Political Science,Scholarship,Fisheries and Wildlife,4607
*,Austin,College of Arts and Sciences,*,Scholarship,Apparel and Textiles,7714,,*,Austin,College of Arts and Sciences,College of Natural Science,Scholarship,Apparel and Textiles,1128
*,Austin,College of Engineering,*,Scholarship,Applied Engineering Sciences,10799,,*,Austin,College of Engineering,College of Music,Scholarship,Applied Engineering Sciences,2633
*,Baton Rouge,College of Agriculture and Natural Resources,*,Scholarship,Interior Design,22846,,*,Baton Rouge,College of Agriculture and Natural Resources,College of Communication Arts and Sciences,Scholarship,Interior Design,2069
*,Boston,College of Agriculture and Natural Resources,*,Scholarship,Nutritional Sciences,30237,,*,Boston,College of Agriculture and Natural Resources,College of Natural Science,Scholarship,Nutritional Sciences,9970
*,Boston,College of Agriculture and Natural Resources,*,Scholarship,Nutritional Sciences,30237,,*,Boston,College of Agriculture and Natural Resources,College of Social Science,Scholarship,Nutritional Sciences,2750
*,Boston,College of Music,*,Endowment,Jazz Studies,8527,,*,Boston,College of Music,Trustees Fund,Endowment,Jazz Studies,1634
*,Casper,College of Arts and Sciences,*,Endowment,Studio Art,27588,,*,Casper,College of Arts and Sciences,Trustees Fund,Endowment,Studio Art,4374
*,Cedar Rapids,College of Arts and Sciences,*,Campus Resource,English,9164,,*,Cedar Rapids,College of Arts and Sciences,University Libraries,Campus Resource,English,892
*,Charleston,College of Natural Science,*,Scholarship,Biochemistry and Molecular Biology/Biotechnology,12054,,*,Charleston,College of Natural Science,College of Arts and Sciences,Scholarship,Biochemistry and Molecular Biology/Biotechnology,2960
*,Charleston,College of Social Science,*,Endowment,Criminal Justice,11174,,*,Charleston,College of Social Science,Diversity Fund,Endowment,Criminal Justice,1211
*,Charlotte,College of Political Science,*,Campus Resource,College of Political Science,6117,,*,Charlotte,College of Political Science,Alumni Association,Campus Resource,Social Relations and Policy,981
*,Chicago,College of Business,*,Campus Resource,Accounting,4715,,*,Chicago,College of Business,Campus Recreation,Campus Resource,Accounting,650
*,Chicago,College of Business,*,Endowment,Finance,10610,,*,Chicago,College of Business,University Annual Fund,Endowment,Finance,2764
*,Chicago,College of Business,*,Endowment,Marketing,13064,,*,Chicago,College of Business,Trustees Fund,Endowment,Marketing,3670
*,Chicago,College of Education,*,Campus Resource,Kinesiology,16833,,*,Chicago,College of Education,Alumni Association,Campus Resource,Kinesiology,4358
*,Chicago,College of Education,*,Scholarship,Kinesiology,22592,,*,Chicago,College of Education,College of Arts and Sciences,Scholarship,Kinesiology,3641
*,Chicago,College of Music,*,Scholarship,Composition,1574,,*,Chicago,College of Music,Minority Scholarship Fund,Scholarship,Composition,91
*,Chicago,College of Nursing,*,Endowment,Prenursing,13288,,*,Chicago,College of Nursing,Diversity Fund,Endowment,Prenursing,1858
*,Chicago,College of Nursing,*,Scholarship,Prenursing,8930,,*,Chicago,College of Nursing,College of Natural Science,Scholarship,Prenursing,1648
*,Chicago,College of Nursing,*,Scholarship,Prenursing,8930,,*,Chicago,College of Nursing,College of Social Science,Scholarship,Prenursing,1648
*,Chicago,College of Social Science,*,Scholarship,Urban and Regional Planning,16746,,*,Chicago,College of Social Science,College of Agriculture and Natural Resources,Scholarship,Urban and Regional Planning,1384
*,Cincinnati,College of Agriculture and Natural Resources,*,Campus Resource,Natural Resource Recreation and Tourism,15776,,*,Cincinnati,College of Agriculture and Natural Resources,Athletics,Campus Resource,Natural Resource Recreation and Tourism,3885
*,Cincinnati,College of Agriculture and Natural Resources,*,Campus Resource,Natural Resource Recreation and Tourism,15776,,*,Cincinnati,College of Agriculture and Natural Resources,University Libraries,Campus Resource,Natural Resource Recreation and Tourism,3885
*,Cincinnati,College of Agriculture and Natural Resources,*,Scholarship,Natural Resource Recreation and Tourism,20491,,*,Cincinnati,College of Agriculture and Natural Resources,College of Natural Science,Scholarship,Natural Resource Recreation and Tourism,1737
*,Cincinnati,College of Arts and Sciences,*,Campus Resource,Women's and Gender Studies,11793,,*,Cincinnati,College of Arts and Sciences,Campus Recreation,Campus Resource,Women's and Gender Studies,2780
*,Cincinnati,College of Arts and Sciences,*,Scholarship,Apparel and Textiles,27885,,*,Cincinnati,College of Arts and Sciences,College of Arts and Sciences,Scholarship,Apparel and Textiles,2537
*,Cincinnati,College of Arts and Sciences,*,Scholarship,Professional Writing,6158,,*,Cincinnati,College of Arts and Sciences,College of Agriculture and Natural Resources,Scholarship,Professional Writing,714
*,Cincinnati,College of Arts and Sciences,*,Scholarship,Theatre,17703,,*,Cincinnati,College of Arts and Sciences,College of Arts and Sciences,Scholarship,Theatre,2428
*,Cincinnati,College of Business,*,Scholarship,Human Resource Management,27352,,*,Cincinnati,College of Business,College of Agriculture and Natural Resources,Scholarship,Human Resource Management,1960
*,Cincinnati,College of Communication Arts and Sciences,*,Endowment,Journalism,6766,,*,Cincinnati,College of Communication Arts and Sciences,Trustees Fund,Endowment,Journalism,1778
*,Cincinnati,College of Communication Arts and Sciences,*,Endowment,Media and Information,10054,,*,Cincinnati,College of Communication Arts and Sciences,Diversity Fund,Endowment,Media and Information,2130
*,Cincinnati,College of Natural Science,*,Scholarship,Environmental Biology/Zoology,12108,,*,Cincinnati,College of Natural Science,College of Natural Science,Scholarship,Environmental Biology/Zoology,3240
*,Cincinnati,College of Social Science,*,Campus Resource,Geographic Information Science,9521,,*,Cincinnati,College of Social Science,Campus Museums,Campus Resource,Geographic Information Science,1652
*,Cincinnati,College of Social Science,*,Campus Resource,Political Science,38327,,*,Cincinnati,College of Social Science,Campus Recreation,Campus Resource,Political Science,8960
*,Cleveland,College of Political Science,*,Scholarship,College of Political Science,7357,,*,Cleveland,College of Political Science,College of Arts and Sciences,Scholarship,College of Political Science,600
*,Colorado Springs,College of Agriculture and Natural Resources,*,Scholarship,Horticulture,27839,,*,Colorado Springs,College of Agriculture and Natural Resources,College of Agriculture and Natural Resources,Scholarship,Horticulture,666
*,Colorado Springs,College of Natural Science,*,Campus Resource,Zoology,15972,,*,Colorado Springs,College of Natural Science,Campus Museums,Campus Resource,Zoology,1976
*,Colorado Springs,College of Social Science,*,Campus Resource,History,9801,,*,Colorado Springs,College of Social Science,Alumni Association,Campus Resource,History,2468
*,Columbia,College of Agriculture and Natural Resources,*,Campus Resource,Packaging,4810,,*,Columbia,College of Agriculture and Natural Resources,Parents Association,Campus Resource,Packaging,1162
*,Columbia,College of Agriculture and Natural Resources,*,Scholarship,Packaging,4810,,*,Columbia,College of Agriculture and Natural Resources,College of Communication Arts and Sciences,Scholarship,Packaging,1162
*,Dallas,College of Agriculture and Natural Resources,*,Endowment,Agriculture and Natural Resources-No Preference,25326,,*,Dallas,College of Agriculture and Natural Resources,Faculty Chair Endowments,Endowment,Agriculture and Natural Resources-No Preference,2573
*,Dallas,College of Business,*,Scholarship,Hospitality Business,9099,,*,Dallas,College of Business,College of Agriculture and Natural Resources,Scholarship,Hospitality Business,1757
*,Dallas,College of Engineering,*,Scholarship,Electrical Engineering,44272,,*,Dallas,College of Engineering,College of Agriculture and Natural Resources,Scholarship,Electrical Engineering,11985
*,Dallas,College of Engineering,*,Scholarship,Electrical Engineering,44272,,*,Dallas,College of Engineering,Minority Scholarship Fund,Scholarship,Electrical Engineering,9831
*,Dallas,College of Political Science,*,Campus Resource,College of Political Science,11175,,*,Dallas,College of Political Science,University Libraries,Campus Resource,College of Political Science,1805
*,Dallas,College of Social Science,*,Scholarship,Criminal Justice,6322,,*,Dallas,College of Social Science,College of Natural Science,Scholarship,Criminal Justice,1824
*,Dallas,College of Veterinary Medicine,*,Scholarship,Preveterinary,17409,,*,Dallas,College of Veterinary Medicine,College of Music,Scholarship,Preveterinary,4684
*,Denver,College of Agriculture and Natural Resources,*,Campus Resource,Food Industry Management,31251,,*,Denver,College of Agriculture and Natural Resources,Campus Museums,Campus Resource,Food Industry Management,9567
*,Denver,College of Agriculture and Natural Resources,*,Campus Resource,Interior Design,50826.0,,*,Denver,College of Agriculture and Natural Resources,Athletics,Campus Resource,Interior Design,11158.5
*,Denver,College of Agriculture and Natural Resources,*,Campus Resource,Interior Design,50826.0,,*,Denver,College of Agriculture and Natural Resources,Campus Museums,Campus Resource,Interior Design,14374.5
*,Denver,College of Agriculture and Natural Resources,*,Scholarship,Construction Management,42055.5,,*,Denver,College of Agriculture and Natural Resources,College of Agriculture and Natural Resources,Scholarship,Construction Management,2425.5
*,Denver,College of Arts and Sciences,*,Campus Resource,Art Education,21687,,*,Denver,College of Arts and Sciences,Alumni Association,Campus Resource,Art Education,2718
*,Denver,College of Arts and Sciences,*,Campus Resource,Experience Architecture,24795.0,,*,Denver,College of Arts and Sciences,Campus Recreation,Campus Resource,Experience Architecture,2161.5
*,Denver,College of Arts and Sciences,*,Campus Resource,Japanese,18240.0,,*,Denver,College of Arts and Sciences,Athletics,Campus Resource,Japanese,6054
*,Denver,College of Arts and Sciences,*,Scholarship,Art Education,53835.0,,*,Denver,College of Arts and Sciences,College of Agriculture and Natural Resources,Scholarship,Art Education,13429.5
*,Denver,College of Communication Arts and Sciences,*,Campus Resource,Media and Information,11313.0,,*,Denver,College of Communication Arts and Sciences,Honors Program,Campus Resource,Media and Information,1789.5
*,Denver,College of Education,*,Campus Resource,Special Education-Learning Disabilities,14746.5,,*,Denver,College of Education,Campus Recreation,Campus Resource,Special Education-Learning Disabilities,2155.5
*,Denver,College of Education,*,Scholarship,Athletic Training,27222,,*,Denver,College of Education,College of Education,Scholarship,Athletic Training,6357
*,Denver,College of Engineering,*,Endowment,Mechanical Engineering,21234.0,,*,Denver,College of Engineering,Diversity Fund,Endowment,Mechanical Engineering,3835.5
*,Denver,College of Music,*,Endowment,Composition,67267.5,,*,Denver,College of Music,Trustees Fund,Endowment,Composition,11671.5
*,Denver,College of Music,*,Endowment,Composition,67267.5,,*,Denver,College of Music,University Annual Fund,Endowment,Composition,14575.5
*,Denver,College of Music,*,Scholarship,Composition,55858.5,,*,Denver,College of Music,College of Agriculture and Natural Resources,Scholarship,Composition,14575.5
*,Denver,College of Music,*,Scholarship,Composition,55858.5,,*,Denver,College of Music,College of Engineering,Scholarship,Composition,3621
*,Denver,College of Music,*,Scholarship,Composition,55858.5,,*,Denver,College of Music,College of Nursing,Scholarship,Composition,13674
*,Denver,College of Natural Science,*,Scholarship,Chemical Physics,6078.0,,*,Denver,College of Natural Science,College of Agriculture and Natural Resources,Scholarship,Chemical Physics,88.5
*,Denver,College of Natural Science,*,Scholarship,Neuroscience,16135.5,,*,Denver,College of Natural Science,College of Business,Scholarship,Neuroscience,2695.5
*,Denver,College of Nursing,*,Campus Resource,Nursing,10065,,*,Denver,College of Nursing,Campus Museums,Campus Resource,Nursing,696
*,Denver,College of Nursing,*,Endowment,Nursing,26103,,*,Denver,College of Nursing,Faculty Chair Endowments,Endowment,Nursing,8529
*,Denver,College of Nursing,*,Endowment,Summer Research Program,22821,,*,Denver,College of Nursing,Diversity Fund,Endowment,Summer Research Program,5706
*,Denver,College of Social Science,*,Campus Resource,Criminal Justice,31038.0,,*,Denver,College of Social Science,Campus Museums,Campus Resource,Criminal Justice,8569.5
*,Denver,College of Social Science,*,Campus Resource,Criminal Justice,31038.0,,*,Denver,College of Social Science,Campus Recreation,Campus Resource,Criminal Justice,1890
*,Denver,College of Social Science,*,Scholarship,Economics,14031.0,,*,Denver,College of Social Science,College of Arts and Sciences,Scholarship,Economics,3076.5
*,Denver,College of Social Science,*,Scholarship,History Education,26034,,*,Denver,College of Social Science,College of Agriculture and Natural Resources,Scholarship,History Education,6933
*,Denver,College of Social Science,*,Scholarship,Psychology,13416.0,,*,Denver,College of Social Science,College of Arts and Sciences,Scholarship,Psychology,3397.5
*,Denver,College of Social Science,*,Scholarship,Public Policy,56173.5,,*,Denver,College of Social Science,College of Music,Scholarship,Public Policy,2746.5
*,Denver,College of Social Science,*,Scholarship,Public Policy,56173.5,,*,Denver,College of Social Science,College of Social Science,Scholarship,Public Policy,3486
*,Denver,College of Social Science,*,Scholarship,Urban and Regional Planning,51670.5,,*,Denver,College of Social Science,College of Agriculture and Natural Resources,Scholarship,Urban and Regional Planning,14890.5
*,Denver,College of Veterinary Medicine,*,Endowment,Preveterinary,21339.0,,*,Denver,College of Veterinary Medicine,University Annual Fund,Endowment,Preveterinary,6376.5
*,Detroit,College of Agriculture and Natural Resources,*,Scholarship,Animal Science,12198,,*,Detroit,College of Agriculture and Natural Resources,College of Agriculture and Natural Resources,Scholarship,Animal Science,3485
*,Detroit,College of Nursing,*,Endowment,Summer Research Program,25713,,*,Detroit,College of Nursing,University Annual Fund,Endowment,Summer Research Program,8298
*,Detroit,College of Political Science,*,Campus Resource,College of Political Science,10589,,*,Detroit,College of Political Science,Campus Museums,Campus Resource,College of Political Science,2226
*,Detroit,Social Relations and Policy,*,Campus Resource,College of Political Science,42622,,*,Detroit,Social Relations and Policy,Parents Association,Campus Resource,College of Political Science,13784
*,Detroit,Social Relations and Policy,*,Scholarship,College of Political Science,30961,,*,Detroit,Social Relations and Policy,College of Business,Scholarship,College of Political Science,4371
*,Detroit,College of Social Science,*,Scholarship,Interdisciplinary Studies in Social Science,4269,,*,Detroit,College of Social Science,College of Music,Scholarship,Interdisciplinary Studies in Social Science,554
*,Durham,College of Music,*,Scholarship,Music,18543,,*,Durham,College of Music,College of Communication Arts and Sciences,Scholarship,Music,2732
*,Durham,College of Music,*,Scholarship,Music,18543,,*,Durham,College of Music,College of Engineering,Scholarship,Music,1362
*,Durham,College of Natural Science,*,Endowment,Environmental Biology/Plant Biol,23887,,*,Durham,College of Natural Science,Trustees Fund,Endowment,Environmental Biology/Plant Biol,4487
*,Durham,College of Natural Science,*,Scholarship,Microbiology,21309,,*,Durham,College of Natural Science,In-State Scholarship Fund,Scholarship,Microbiology,1441
*,El Paso,College of Natural Science,*,Campus Resource,Astrophysics,18497,,*,El Paso,College of Natural Science,Campus Museums,Campus Resource,Astrophysics,4649
*,Fresno,College of Agriculture and Natural Resources,*,Campus Resource,Natural Resource Recreation and Tourism,28575,,*,Fresno,College of Agriculture and Natural Resources,Campus Museums,Campus Resource,Natural Resource Recreation and Tourism,7601
*,Fresno,College of Agriculture and Natural Resources,*,Endowment,Natural Resource Recreation and Tourism,14875,,*,Fresno,College of Agriculture and Natural Resources,Trustees Fund,Endowment,Natural Resource Recreation and Tourism,2300
*,Fresno,College of Agriculture and Natural Resources,*,Scholarship,Natural Resource Recreation and Tourism,13181,,*,Fresno,College of Agriculture and Natural Resources,College of Political Science,Scholarship,Natural Resource Recreation and Tourism,2639
*,Fresno,College of Arts and Sciences,*,Campus Resource,Interdisciplinary Humanities,4750,,*,Fresno,College of Arts and Sciences,Alumni Association,Campus Resource,Interdisciplinary Humanities,427
*,Fresno,College of Arts and Sciences,*,Campus Resource,Interdisciplinary Humanities,4750,,*,Fresno,College of Arts and Sciences,Campus Museums,Campus Resource,Interdisciplinary Humanities,427
*,Fresno,College of Arts and Sciences,*,Endowment,Art Education,9187,,*,Fresno,College of Arts and Sciences,Diversity Fund,Endowment,Art Education,970
*,Fresno,College of Social Science,*,Campus Resource,Political Science,20194,,*,Fresno,College of Social Science,Campus Recreation,Campus Resource,Political Science,1538
*,Fresno,College of Social Science,*,Scholarship,Economics,7715,,*,Fresno,College of Social Science,College of Arts and Sciences,Scholarship,Economics,347
*,Hartford,College of Arts and Sciences,*,Endowment,Arts & Letters-General,21342,,*,Hartford,College of Arts and Sciences,University Annual Fund,Endowment,Arts & Letters-General,5223
*,Hartford,College of Arts and Sciences,*,Endowment,Professional Writing,36635,,*,Hartford,College of Arts and Sciences,Trustees Fund,Endowment,Professional Writing,2919
*,Hartford,College of Arts and Sciences,*,Scholarship,Arts & Letters-General,31183,,*,Hartford,College of Arts and Sciences,College of Engineering,Scholarship,Arts & Letters-General,8160
*,Hartford,College of Arts and Sciences,*,Scholarship,Arts & Letters-General,31183,,*,Hartford,College of Arts and Sciences,College of Nursing,Scholarship,Arts & Letters-General,8160
*,Henderson,College of Natural Science,*,Endowment,Chemical Physics,12624,,*,Henderson,College of Natural Science,Trustees Fund,Endowment,Chemical Physics,3912
*,Henderson,College of Natural Science,*,Scholarship,Astrophysics,14171,,*,Henderson,College of Natural Science,College of Communication Arts and Sciences,Scholarship,Astrophysics,1300
*,Houston,College of Arts and Sciences,*,Campus Resource,Women's and Gender Studies,35268,,*,Houston,College of Arts and Sciences,Alumni Association,Campus Resource,Women's and Gender Studies,5687
*,Houston,College of Business,*,Scholarship,Hospitality Business,2165,,*,Houston,College of Business,Minority Scholarship Fund,Scholarship,Hospitality Business,150
*,Houston,College of Social Science,*,Endowment,Interdisciplinary Studies in Social Science - Social Science Education,10069,,*,Houston,College of Social Science,Faculty Chair Endowments,Endowment,Interdisciplinary Studies in Social Science - Social Science Education,1437
*,Houston,College of Veterinary Medicine,*,Endowment,Preveterinary,41899,,*,Houston,College of Veterinary Medicine,Diversity Fund,Endowment,Preveterinary,5722
*,Indianapolis,College of Business,*,Campus Resource,Human Resource Management,9979,,*,Indianapolis,College of Business,Campus Museums,Campus Resource,Human Resource Management,1093
*,Indianapolis,College of Business,*,Scholarship,Hospitality Business,33305,,*,Indianapolis,College of Business,College of Arts and Sciences,Scholarship,Hospitality Business,8373
*,Indianapolis,College of Engineering,*,Endowment,Mechanical Engineering,34774,,*,Indianapolis,College of Engineering,Diversity Fund,Endowment,Mechanical Engineering,8743
*,Indianapolis,College of Natural Science,*,Campus Resource,Mathematics  Advanced,8728,,*,Indianapolis,College of Natural Science,Campus Museums,Campus Resource,Mathematics  Advanced,1381
*,Indianapolis,College of Natural Science,*,Scholarship,Mathematics  Advanced,6327,,*,Indianapolis,College of Natural Science,College of Arts and Sciences,Scholarship,Mathematics  Advanced,1812
*,Indianapolis,College of Natural Science,*,Scholarship,Mathematics  Advanced,6327,,*,Indianapolis,College of Natural Science,College of Communication Arts and Sciences,Scholarship,Mathematics  Advanced,1567
*,Indianapolis,College of Natural Science,*,Scholarship,Mathematics  Advanced,6327,,*,Indianapolis,College of Natural Science,College of Natural Science,Scholarship,Mathematics  Advanced,1381
*,Jacksonville,College of Political Science,*,Scholarship,Political Theory and Constitutional Democracy,6871,,*,Jacksonville,College of Political Science,College of Agriculture and Natural Resources,Scholarship,Political Theory and Constitutional Democracy,2265
*,Kansas City,College of Arts and Sciences,*,Scholarship,Arabic,7827,,*,Kansas City,College of Arts and Sciences,College of Agriculture and Natural Resources,Scholarship,Arabic,473
*,Kansas City,College of Education,*,Scholarship,Kinesiology,12021,,*,Kansas City,College of Education,Minority Scholarship Fund,Scholarship,Kinesiology,3043
*,Kansas City,College of Social Science,*,Campus Resource,Public Policy,28057,,*,Kansas City,College of Social Science,Athletics,Campus Resource,Public Policy,8199
*,Kansas City,College of Social Science,*,Campus Resource,Public Policy,28057,,*,Kansas City,College of Social Science,University Libraries,Campus Resource,Public Policy,1906
*,Kansas City,College of Social Science,*,Endowment,Anthropology,4172,,*,Kansas City,College of Social Science,University Annual Fund,Endowment,Anthropology,368
*,Kansas City,College of Social Science,*,Endowment,Criminal Justice,921,,*,Kansas City,College of Social Science,Diversity Fund,Endowment,Criminal Justice,229
*,Kansas City,College of Social Science,*,Scholarship,Psychology,11739,,*,Kansas City,College of Social Science,College of Natural Science,Scholarship,Psychology,1885
*,Kansas City,College of Social Science,*,Scholarship,Psychology,11739,,*,Kansas City,College of Social Science,College of Nursing,Scholarship,Psychology,3708
*,Knoxville,College of Arts and Sciences,*,Campus Resource,Japanese,13380,,*,Knoxville,College of Arts and Sciences,Campus Museums,Campus Resource,Japanese,3897
*,Lansing,College of Arts and Sciences,*,Campus Resource,Professional Writing,5752,,*,Lansing,College of Arts and Sciences,Alumni Association,Campus Resource,Professional Writing,368
*,Lansing,College of Business,*,Endowment,General Management,26220,,*,Lansing,College of Business,Faculty Chair Endowments,Endowment,General Management,7234
*,Lansing,College of Education,*,Endowment,Athletic Training,29539,,*,Lansing,College of Education,Faculty Chair Endowments,Endowment,Athletic Training,7526
*,Lansing,College of Education,*,Endowment,Athletic Training,29539,,*,Lansing,College of Education,University Annual Fund,Endowment,Athletic Training,6713
*,Lansing,College of Veterinary Medicine,*,Scholarship,Preveterinary,1939,,*,Lansing,College of Veterinary Medicine,College of Social Science,Scholarship,Preveterinary,172
*,Las Vegas,College of Engineering,*,Campus Resource,Environmental Engineering,35847,,*,Las Vegas,College of Engineering,Campus Recreation,Campus Resource,Environmental Engineering,8942
*,Lincoln,College of Music,*,Scholarship,Jazz Studies,9567,,*,Lincoln,College of Music,In-State Scholarship Fund,Scholarship,Jazz Studies,150
*,Lincoln,College of Natural Science,*,Campus Resource,Physical Science Interdepartmental,9108,,*,Lincoln,College of Natural Science,Honors Program,Campus Resource,Physical Science Interdepartmental,2731
*,Lincoln,College of Natural Science,*,Endowment,Biomedical Laboratory Science,4871,,*,Lincoln,College of Natural Science,University Annual Fund,Endowment,Biomedical Laboratory Science,1105
*,Los Angeles,College of Arts and Sciences,*,Scholarship,Apparel and Textile Design,38945,,*,Los Angeles,College of Arts and Sciences,College of Agriculture and Natural Resources,Scholarship,Apparel and Textile Design,7903
*,Los Angeles,College of Arts and Sciences,*,Scholarship,Apparel and Textile Design,38945,,*,Los Angeles,College of Arts and Sciences,College of Arts and Sciences,Scholarship,Apparel and Textile Design,4586
*,Los Angeles,College of Business,*,Scholarship,Marketing,10908,,*,Los Angeles,College of Business,College of Business,Scholarship,Marketing,1896
*,Los Angeles,College of Music,*,Endowment,Jazz Studies,9945,,*,Los Angeles,College of Music,Trustees Fund,Endowment,Jazz Studies,1509
*,Los Angeles,College of Music,*,Scholarship,Jazz Studies,26716,,*,Los Angeles,College of Music,College of Education,Scholarship,Jazz Studies,8436
*,Los Angeles,College of Natural Science,*,Scholarship,Physical Science Interdepartmental,4332,,*,Los Angeles,College of Natural Science,College of Engineering,Scholarship,Physical Science Interdepartmental,600
*,Los Angeles,College of Nursing,*,Scholarship,Summer Research Program,18819,,*,Los Angeles,College of Nursing,College of Arts and Sciences,Scholarship,Summer Research Program,5779
*,Los Angeles,College of Social Science,*,Scholarship,History,22163,,*,Los Angeles,College of Social Science,College of Communication Arts and Sciences,Scholarship,History,2921
*,Louisville,College of Arts and Sciences,*,Scholarship,Apparel and Textiles,7781,,*,Louisville,College of Arts and Sciences,College of Arts and Sciences,Scholarship,Apparel and Textiles,493
*,Manchester,College of Arts and Sciences,*,Campus Resource,Arts & Letters-General,16592,,*,Manchester,College of Arts and Sciences,Campus Museums,Campus Resource,Arts & Letters-General,3263
*,Manchester,College of Arts and Sciences,*,Scholarship,Humanities-Prelaw,10580,,*,Manchester,College of Arts and Sciences,College of Arts and Sciences,Scholarship,Humanities-Prelaw,1463
*,Memphis,College of Business,*,Scholarship,Supply Chain Management,11805,,*,Memphis,College of Business,College of Natural Science,Scholarship,Supply Chain Management,2022
*,Memphis,College of Political Science,*,Scholarship,Social Relations and Policy,10857,,*,Memphis,College of Political Science,Minority Scholarship Fund,Scholarship,Social Relations and Policy,2192
*,Mesa,College of Agriculture and Natural Resources,*,Campus Resource,Interior Design,11604,,*,Mesa,College of Agriculture and Natural Resources,Athletics,Campus Resource,Interior Design,2413
*,Miami,College of Arts and Sciences,*,Campus Resource,Spanish,6025,,*,Miami,College of Arts and Sciences,Campus Museums,Campus Resource,Spanish,1080
*,Miami,College of Communication Arts and Sciences,*,Endowment,Media and Information,20422,,*,Miami,College of Communication Arts and Sciences,Trustees Fund,Endowment,Media and Information,4618
*,Miami,College of Social Science,*,Scholarship,Sociology,10207,,*,Miami,College of Social Science,College of Engineering,Scholarship,Sociology,3326
*,Milwaukee,College of Communication Arts and Sciences,*,Endowment,Advertising,3064,,*,Milwaukee,College of Communication Arts and Sciences,Diversity Fund,Endowment,Advertising,182
*,Minneapolis,College of Business,*,Endowment,Marketing,17992,,*,Minneapolis,College of Business,Diversity Fund,Endowment,Marketing,5818
*,Minneapolis,College of Business,*,Endowment,Marketing,17992,,*,Minneapolis,College of Business,Faculty Chair Endowments,Endowment,Marketing,5818
*,Minneapolis,College of Social Science,*,Endowment,Political Science,12119,,*,Minneapolis,College of Social Science,Trustees Fund,Endowment,Political Science,2587
*,Mobile,College of Agriculture and Natural Resources,*,Scholarship,Packaging,24878,,*,Mobile,College of Agriculture and Natural Resources,College of Social Science,Scholarship,Packaging,6089
*,Mobile,College of Arts and Sciences,*,Scholarship,Professional Writing,2588,,*,Mobile,College of Arts and Sciences,College of Business,Scholarship,Professional Writing,309
*,Mobile,College of Engineering,*,Endowment,Computer Engineering,11283,,*,Mobile,College of Engineering,Faculty Chair Endowments,Endowment,Computer Engineering,2285
*,Naperville,College of Arts and Sciences,*,Scholarship,Experience Architecture,9611,,*,Naperville,College of Arts and Sciences,College of Arts and Sciences,Scholarship,Experience Architecture,632
*,Nashville,College of Agriculture and Natural Resources,*,Campus Resource,Agriculture and Natural Resources-No Preference,6186,,*,Nashville,College of Agriculture and Natural Resources,University Libraries,Campus Resource,Agriculture and Natural Resources-No Preference,1538
*,New Orleans,College of Arts and Sciences,*,Scholarship,Apparel and Textile Design,29594,,*,New Orleans,College of Arts and Sciences,Minority Scholarship Fund,Scholarship,Apparel and Textile Design,946
*,New York,College of Agriculture and Natural Resources,*,Campus Resource,Entomology,10786,,*,New York,College of Agriculture and Natural Resources,Alumni Association,Campus Resource,Entomology,816
*,New York,College of Agriculture and Natural Resources,*,Endowment,Construction Management,29605,,*,New York,College of Agriculture and Natural Resources,Faculty Chair Endowments,Endowment,Construction Management,6334
*,New York,College of Agriculture and Natural Resources,*,Endowment,Interior Design,19403,,*,New York,College of Agriculture and Natural Resources,Diversity Fund,Endowment,Interior Design,383
*,New York,College of Agriculture and Natural Resources,*,Endowment,Interior Design,19403,,*,New York,College of Agriculture and Natural Resources,Faculty Chair Endowments,Endowment,Interior Design,5074
*,New York,College of Agriculture and Natural Resources,*,Endowment,Interior Design,19403,,*,New York,College of Agriculture and Natural Resources,Trustees Fund,Endowment,Interior Design,5002
*,New York,College of Agriculture and Natural Resources,*,Scholarship,Construction Management,26639,,*,New York,College of Agriculture and Natural Resources,College of Communication Arts and Sciences,Scholarship,Construction Management,6334
*,New York,College of Agriculture and Natural Resources,*,Scholarship,Construction Management,26639,,*,New York,College of Agriculture and Natural Resources,In-State Scholarship Fund,Scholarship,Construction Management,8650
*,New York,College of Agriculture and Natural Resources,*,Scholarship,Construction Management,26639,,*,New York,College of Agriculture and Natural Resources,Minority Scholarship Fund,Scholarship,Construction Management,2015
*,New York,College of Agriculture and Natural Resources,*,Scholarship,Entomology,10414,,*,New York,College of Agriculture and Natural Resources,College of Nursing,Scholarship,Entomology,2379
*,New York,College of Arts and Sciences,*,Campus Resource,Studio Art,2802,,*,New York,College of Arts and Sciences,Campus Recreation,Campus Resource,Studio Art,517
*,New York,College of Business,*,Scholarship,Hospitality Business,18203,,*,New York,College of Business,College of Arts and Sciences,Scholarship,Hospitality Business,3678
*,New York,College of Education,*,Campus Resource,Education,18227,,*,New York,College of Education,Alumni Association,Campus Resource,Education,4743
*,New York,College of Music,*,Endowment,Composition,8945,,*,New York,College of Music,Trustees Fund,Endowment,Composition,1001
*,New York,College of Natural Science,*,Campus Resource,Environmental Biology/Microbiology,10942,,*,New York,College of Natural Science,Athletics,Campus Resource,Environmental Biology/Microbiology,1290
*,New York,College of Nursing,*,Endowment,Nursing,10271,,*,New York,College of Nursing,Trustees Fund,Endowment,Nursing,3215
*,New York,College of Political Science,*,Campus Resource,Social Relations and Policy,26675,,*,New York,College of Political Science,Athletics,Campus Resource,Social Relations and Policy,4894
*,New York,College of Political Science,*,Campus Resource,Social Relations and Policy,26675,,*,New York,College of Political Science,Campus Museums,Campus Resource,Social Relations and Policy,2805
*,New York,College of Political Science,*,Endowment,Comparative Cultures and Politics,12117,,*,New York,College of Political Science,Diversity Fund,Endowment,Comparative Cultures and Politics,2307
*,New York,College of Political Science,*,Endowment,Social Relations and Policy,9074,,*,New York,College of Political Science,University Annual Fund,Endowment,Social Relations and Policy,1433
*,North Las Vegas,College of Business,*,Scholarship,Marketing,15092,,*,North Las Vegas,College of Business,Minority Scholarship Fund,Scholarship,Marketing,1557
*,Oklahoma City,College of Business,*,Scholarship,Marketing,9044,,*,Oklahoma City,College of Business,College of Arts and Sciences,Scholarship,Marketing,862
*,Oklahoma City,College of Social Science,*,Scholarship,Political Science-Prelaw,13905,,*,Oklahoma City,College of Social Science,College of Agriculture and Natural Resources,Scholarship,Political Science-Prelaw,2414
*,Omaha,College of Agriculture and Natural Resources,*,Endowment,Natural Resource Recreation and Tourism,10763,,*,Omaha,College of Agriculture and Natural Resources,University Annual Fund,Endowment,Natural Resource Recreation and Tourism,2051
*,Omaha,College of Agriculture and Natural Resources,*,Scholarship,Environmental Studies and Agriscience,8337,,*,Omaha,College of Agriculture and Natural Resources,College of Engineering,Scholarship,Environmental Studies and Agriscience,2305
*,Omaha,College of Agriculture and Natural Resources,*,Scholarship,Food Industry Management,5028,,*,Omaha,College of Agriculture and Natural Resources,In-State Scholarship Fund,Scholarship,Food Industry Management,189
*,Omaha,College of Social Science,*,Endowment,Human Development and Family Studies,40425,,*,Omaha,College of Social Science,Diversity Fund,Endowment,Human Development and Family Studies,1069
*,Orlando,College of Engineering,*,Campus Resource,Materials Science and Engineering,6344,,*,Orlando,College of Engineering,Alumni Association,Campus Resource,Materials Science and Engineering,368
*,Orlando,College of Natural Science,*,Endowment,Neuroscience,36717,,*,Orlando,College of Natural Science,Trustees Fund,Endowment,Neuroscience,10345
*,Orlando,College of Natural Science,*,Scholarship,Neuroscience,10199,,*,Orlando,College of Natural Science,College of Education,Scholarship,Neuroscience,997
*,Overland Park,College of Agriculture and Natural Resources,*,Campus Resource,Nutritional Sciences,7687,,*,Overland Park,College of Agriculture and Natural Resources,Alumni Association,Campus Resource,Nutritional Sciences,605
*,Overland Park,College of Agriculture and Natural Resources,*,Scholarship,Nutritional Sciences,25034,,*,Overland Park,College of Agriculture and Natural Resources,College of Business,Scholarship,Nutritional Sciences,7082
*,Overland Park,College of Music,*,Scholarship,Jazz Studies,25855,,*,Overland Park,College of Music,Minority Scholarship Fund,Scholarship,Jazz Studies,2175
*,Paterson,College of Natural Science,*,Endowment,Zoology,5427,,*,Paterson,College of Natural Science,Trustees Fund,Endowment,Zoology,1601
*,Paterson,College of Natural Science,*,Scholarship,Zoology,38431,,*,Paterson,College of Natural Science,In-State Scholarship Fund,Scholarship,Zoology,8893
*,Philadelphia,College of Arts and Sciences,*,Endowment,Arabic,11427,,*,Philadelphia,College of Arts and Sciences,Trustees Fund,Endowment,Arabic,2639
*,Philadelphia,College of Arts and Sciences,*,Endowment,Experience Architecture,6546,,*,Philadelphia,College of Arts and Sciences,Diversity Fund,Endowment,Experience Architecture,1552
*,Philadelphia,College of Natural Science,*,Endowment,Human Biology,7470,,*,Philadelphia,College of Natural Science,University Annual Fund,Endowment,Human Biology,1322
*,Philadelphia,College of Natural Science,*,Scholarship,Predental,9021,,*,Philadelphia,College of Natural Science,College of Agriculture and Natural Resources,Scholarship,Predental,2873
*,Philadelphia,College of Social Science,*,Scholarship,Geographic Information Science,20773,,*,Philadelphia,College of Social Science,College of Communication Arts and Sciences,Scholarship,Geographic Information Science,6205
*,Phoenix,College of Business,*,Scholarship,General Management,11520,,*,Phoenix,College of Business,College of Engineering,Scholarship,General Management,696
*,Phoenix,College of Communication Arts and Sciences,*,Scholarship,Advertising,5893,,*,Phoenix,College of Communication Arts and Sciences,College of Agriculture and Natural Resources,Scholarship,Advertising,1072
*,Phoenix,College of Engineering,*,Endowment,Electrical Engineering,32747,,*,Phoenix,College of Engineering,University Annual Fund,Endowment,Electrical Engineering,3380
*,Phoenix,College of Engineering,*,Scholarship,Materials Science and Engineering,19202,,*,Phoenix,College of Engineering,College of Natural Science,Scholarship,Materials Science and Engineering,4579
*,Phoenix,College of Natural Science,*,Campus Resource,Preoptometry,3663,,*,Phoenix,College of Natural Science,University Libraries,Campus Resource,Preoptometry,167
*,Phoenix,College of Natural Science,*,Scholarship,Human Biology,3698,,*,Phoenix,College of Natural Science,College of Social Science,Scholarship,Human Biology,1231
*,Phoenix,College of Nursing,*,Scholarship,Nursing,33333,,*,Phoenix,College of Nursing,College of Arts and Sciences,Scholarship,Nursing,2838
*,Phoenix,College of Nursing,*,Scholarship,Nursing,33333,,*,Phoenix,College of Nursing,College of Natural Science,Scholarship,Nursing,7596
*,Phoenix,College of Nursing,*,Scholarship,Nursing,33333,,*,Phoenix,College of Nursing,College of Nursing,Scholarship,Nursing,7834
*,Phoenix,College of Social Science,*,Scholarship,Political Science,5189,,*,Phoenix,College of Social Science,College of Arts and Sciences,Scholarship,Political Science,1467
*,Pittsburgh,College of Education,*,Endowment,Education,10185,,*,Pittsburgh,College of Education,Trustees Fund,Endowment,Education,662
*,Portland,College of Natural Science,*,Endowment,Geological Sciences,4754,,*,Portland,College of Natural Science,Faculty Chair Endowments,Endowment,Geological Sciences,189
*,Providence,College of Arts and Sciences,*,Scholarship,German,8875,,*,Providence,College of Arts and Sciences,College of Arts and Sciences,Scholarship,German,1553
*,Provo,College of Natural Science,*,Endowment,Astrophysics,23023,,*,Provo,College of Natural Science,Trustees Fund,Endowment,Astrophysics,6425
*,Raleigh,College of Communication Arts and Sciences,*,Scholarship,Advertising,11880,,*,Raleigh,College of Communication Arts and Sciences,College of Arts and Sciences,Scholarship,Advertising,3230
*,Raleigh,College of Communication Arts and Sciences,*,Scholarship,Advertising,11880,,*,Raleigh,College of Communication Arts and Sciences,College of Social Science,Scholarship,Advertising,3677
*,Raleigh,College of Music,*,Campus Resource,Music Performance,9914,,*,Raleigh,College of Music,Alumni Association,Campus Resource,Music Performance,1941
*,Raleigh,College of Music,*,Campus Resource,Music Performance,9914,,*,Raleigh,College of Music,Parents Association,Campus Resource,Music Performance,1941
*,Richmond,College of Agriculture and Natural Resources,*,Endowment,Animal Science,21861,,*,Richmond,College of Agriculture and Natural Resources,Faculty Chair Endowments,Endowment,Animal Science,6003
*,Richmond,College of Agriculture and Natural Resources,*,Endowment,Animal Science,21861,,*,Richmond,College of Agriculture and Natural Resources,Trustees Fund,Endowment,Animal Science,4839
*,Richmond,College of Agriculture and Natural Resources,*,Endowment,Animal Science,21861,,*,Richmond,College of Agriculture and Natural Resources,University Annual Fund,Endowment,Animal Science,1858
*,Richmond,College of Agriculture and Natural Resources,*,Endowment,Food Science,7612,,*,Richmond,College of Agriculture and Natural Resources,University Annual Fund,Endowment,Food Science,530
*,Richmond,College of Agriculture and Natural Resources,*,Scholarship,Agribusiness Management,4984,,*,Richmond,College of Agriculture and Natural Resources,College of Natural Science,Scholarship,Agribusiness Management,1022
*,Richmond,College of Arts and Sciences,*,Scholarship,Humanities-Prelaw,16478,,*,Richmond,College of Arts and Sciences,College of Agriculture and Natural Resources,Scholarship,Humanities-Prelaw,4684
*,Richmond,College of Arts and Sciences,*,Scholarship,Humanities-Prelaw,16478,,*,Richmond,College of Arts and Sciences,College of Arts and Sciences,Scholarship,Humanities-Prelaw,4684
*,Richmond,College of Social Science,*,Scholarship,Geography,10114,,*,Richmond,College of Social Science,College of Agriculture and Natural Resources,Scholarship,Geography,1198
*,Rochester,College of Arts and Sciences,*,Endowment,Humanities-Prelaw,18826,,*,Rochester,College of Arts and Sciences,University Annual Fund,Endowment,Humanities-Prelaw,3496
*,Sacramento,College of Education,*,Endowment,Kinesiology,11205,,*,Sacramento,College of Education,Diversity Fund,Endowment,Kinesiology,1758
*,Salt Lake City,College of Agriculture and Natural Resources,*,Scholarship,Interior Design,43797,,*,Salt Lake City,College of Agriculture and Natural Resources,College of Education,Scholarship,Interior Design,11470
*,Salt Lake City,College of Education,*,Scholarship,Kinesiology,11223,,*,Salt Lake City,College of Education,Minority Scholarship Fund,Scholarship,Kinesiology,1887
*,San Antonio,College of Arts and Sciences,*,Scholarship,English,11918,,*,San Antonio,College of Arts and Sciences,College of Arts and Sciences,Scholarship,English,3903
*,San Antonio,College of Business,*,Scholarship,General Management,12866,,*,San Antonio,College of Business,College of Political Science,Scholarship,General Management,4123
*,San Diego,College of Music,*,Endowment,Composition,29060,,*,San Diego,College of Music,Trustees Fund,Endowment,Composition,3596
*,San Diego,College of Natural Science,*,Scholarship,Environmental Biology/Plant Biol,9816,,*,San Diego,College of Natural Science,College of Communication Arts and Sciences,Scholarship,Environmental Biology/Plant Biol,685
*,San Francisco,College of Business,*,Scholarship,Finance,15363,,*,San Francisco,College of Business,In-State Scholarship Fund,Scholarship,Finance,3818
*,San Francisco,College of Education,*,Scholarship,Kinesiology,46954,,*,San Francisco,College of Education,College of Agriculture and Natural Resources,Scholarship,Kinesiology,4839
*,San Francisco,College of Engineering,*,Endowment,Computer Science,40242,,*,San Francisco,College of Engineering,Diversity Fund,Endowment,Computer Science,7776
*,San Francisco,College of Engineering,*,Endowment,Computer Science,40242,,*,San Francisco,College of Engineering,Faculty Chair Endowments,Endowment,Computer Science,8670
*,San Francisco,College of Natural Science,*,Campus Resource,Biochemistry and Molecular Biology/Biotechnology,13070,,*,San Francisco,College of Natural Science,Campus Recreation,Campus Resource,Biochemistry and Molecular Biology/Biotechnology,3847
*,San Francisco,College of Natural Science,*,Campus Resource,Human Biology,25557,,*,San Francisco,College of Natural Science,Alumni Association,Campus Resource,Human Biology,8333
*,San Francisco,College of Natural Science,*,Campus Resource,Human Biology,25557,,*,San Francisco,College of Natural Science,Campus Recreation,Campus Resource,Human Biology,8078
*,San Francisco,College of Natural Science,*,Campus Resource,Zoology,14552,,*,San Francisco,College of Natural Science,Athletics,Campus Resource,Zoology,4788
*,San Francisco,College of Political Science,*,Campus Resource,Social Relations and Policy,9414,,*,San Francisco,College of Political Science,Athletics,Campus Resource,Social Relations and Policy,1824
*,San Francisco,College of Political Science,*,Endowment,Political Theory and Constitutional Democracy,19751,,*,San Francisco,College of Political Science,Faculty Chair Endowments,Endowment,Political Theory and Constitutional Democracy,5165
*,San Francisco,College of Political Science,*,Scholarship,Political Theory and Constitutional Democracy,10881,,*,San Francisco,College of Political Science,College of Veterinary Medicine,Scholarship,Political Theory and Constitutional Democracy,903
*,San Francisco,College of Social Science,*,Scholarship,Geography,12454,,*,San Francisco,College of Social Science,College of Social Science,Scholarship,Geography,1449
*,San Francisco,College of Social Science,*,Scholarship,Political Science-Prelaw,8996,,*,San Francisco,College of Social Science,College of Social Science,Scholarship,Political Science-Prelaw,572
*,Savannah,College of Natural Science,*,Endowment,Earth Science Interdepartmental,21949,,*,Savannah,College of Natural Science,University Annual Fund,Endowment,Earth Science Interdepartmental,3281
*,Savannah,College of Natural Science,*,Scholarship,Human Biology,11976,,*,Savannah,College of Natural Science,College of Social Science,Scholarship,Human Biology,3180
*,Scottsdale,College of Education,*,Scholarship,Special Education-Learning Disabilities,12052,,*,Scottsdale,College of Education,In-State Scholarship Fund,Scholarship,Special Education-Learning Disabilities,692
*,Seattle,College of Arts and Sciences,*,Scholarship,Japanese,15507,,*,Seattle,College of Arts and Sciences,College of Arts and Sciences,Scholarship,Japanese,5165
*,Seattle,College of Education,*,Campus Resource,Education,3150,,*,Seattle,College of Education,Parents Association,Campus Resource,Education,254
*,Spokane,College of Natural Science,*,Campus Resource,Predental,23331,,*,Spokane,College of Natural Science,Parents Association,Campus Resource,Predental,7188
*,St. Louis,College of Agriculture and Natural Resources,*,Scholarship,Agribusiness Management,1729,,*,St. Louis,College of Agriculture and Natural Resources,College of Social Science,Scholarship,Agribusiness Management,345
*,St. Louis,College of Communication Arts and Sciences,*,Campus Resource,Media and Information,9608,,*,St. Louis,College of Communication Arts and Sciences,Campus Museums,Campus Resource,Media and Information,149
*,St. Louis,College of Communication Arts and Sciences,*,Campus Resource,Media and Information,9608,,*,St. Louis,College of Communication Arts and Sciences,Campus Recreation,Campus Resource,Media and Information,267
*,St. Louis,College of Education,*,Scholarship,Education,23429,,*,St. Louis,College of Education,College of Social Science,Scholarship,Education,6148
*,St. Louis,College of Natural Science,*,Scholarship,Human Biology,14966,,*,St. Louis,College of Natural Science,College of Arts and Sciences,Scholarship,Human Biology,4976
*,St. Louis,College of Natural Science,*,Scholarship,Human Biology,14966,,*,St. Louis,College of Natural Science,College of Business,Scholarship,Human Biology,4266
*,Syracuse,College of Natural Science,*,Scholarship,Mathematics,31916,,*,Syracuse,College of Natural Science,College of Arts and Sciences,Scholarship,Mathematics,3896
*,Syracuse,College of Natural Science,*,Scholarship,Mathematics,31916,,*,Syracuse,College of Natural Science,College of Music,Scholarship,Mathematics,9370
*,Syracuse,College of Natural Science,*,Scholarship,Mathematics,31916,,*,Syracuse,College of Natural Science,In-State Scholarship Fund,Scholarship,Mathematics,5656
*,Syracuse,College of Natural Science,*,Scholarship,Mathematics,31916,,*,Syracuse,College of Natural Science,Minority Scholarship Fund,Scholarship,Mathematics,1812
*,Tallahassee,College of Agriculture and Natural Resources,*,Endowment,Environmental Economics and Policy,11873,,*,Tallahassee,College of Agriculture and Natural Resources,Trustees Fund,Endowment,Environmental Economics and Policy,1965
*,Tallahassee,College of Agriculture and Natural Resources,*,Scholarship,Environmental Economics and Policy,11873,,*,Tallahassee,College of Agriculture and Natural Resources,College of Veterinary Medicine,Scholarship,Environmental Economics and Policy,1965
*,Tallahassee,College of Arts and Sciences,*,Endowment,Art History and Visual Culture,12379,,*,Tallahassee,College of Arts and Sciences,Diversity Fund,Endowment,Art History and Visual Culture,3392
*,Tucson,College of Arts and Sciences,*,Scholarship,German,9985,,*,Tucson,College of Arts and Sciences,College of Social Science,Scholarship,German,794
*,Washington,College of Engineering,*,Scholarship,Mechanical Engineering,12796,,*,Washington,College of Engineering,College of Engineering,Scholarship,Mechanical Engineering,2476
*,Washington,College of Natural Science,*,Campus Resource,Biochemistry and Molecular Biology/Biotechnology,5040,,*,Washington,College of Natural Science,Campus Recreation,Campus Resource,Biochemistry and Molecular Biology/Biotechnology,530
*,Washington,College of Nursing,*,Scholarship,Summer Research Program,23256,,*,Washington,College of Nursing,College of Music,Scholarship,Summer Research Program,5240
*,Washington,College of Nursing,*,Scholarship,Summer Research Program,23256,,*,Washington,College of Nursing,In-State Scholarship Fund,Scholarship,Summer Research Program,431
*,West Valley City,College of Political Science,*,Endowment,Political Theory and Constitutional Democracy,12761,,*,West Valley City,College of Political Science,Diversity Fund,Endowment,Political Theory and Constitutional Democracy,3629
*,West Valley City,College of Social Science,*,Endowment,Psychology,17099,,*,West Valley City,College of Social Science,Diversity Fund,Endowment,Psychology,2022
*,Wichita,College of Business,*,Endowment,Finance,7067,,*,Wichita,College of Business,Diversity Fund,Endowment,Finance,1349
*,Wichita,College of Natural Science,*,Campus Resource,Plant Biology,13117,,*,Wichita,College of Natural Science,Campus Recreation,Campus Resource,Plant Biology,4240
*,Wichita,College of Nursing,*,Endowment,Nursing,11259,,*,Wichita,College of Nursing,Trustees Fund,Endowment,Nursing,2731
