*,Atlanta,College of Social Science,College of Social Science,Scholarship,*,2797,,GA,Atlanta,College of Social Science,College of Arts and Sciences,Scholarship,*,784
*,Charleston,College of Natural Science,College of Natural Science,Scholarship,*,9094,,SC,Charleston,College of Natural Science,College of Arts and Sciences,Scholarship,*,2960
*,Chicago,College of Natural Science,College of Agriculture and Natural Resources,Scholarship,*,38934,,IL,Chicago,College of Natural Science,College of Agriculture and Natural Resources,Scholarship,*,319
*,Chicago,College of Arts and Sciences,College of Arts and Sciences,Scholarship,*,24455,,IL,Chicago,College of Arts and Sciences,College of Agriculture and Natural Resources,Scholarship,*,7950
*,Chicago,College of Arts and Sciences,College of Arts and Sciences,Scholarship,*,24455,,IL,Chicago,College of Arts and Sciences,College of Agriculture and Natural Resources,Scholarship,*,4296
*,Chicago,College of Natural Science,College of Arts and Sciences,Scholarship,*,10947,,IL,Chicago,College of Natural Science,College of Arts and Sciences,Scholarship,*,2696
*,Chicago,College of Social Science,College of Arts and Sciences,Scholarship,*,21343,,IL,Chicago,College of Social Science,College of Arts and Sciences,Scholarship,*,2747
*,Chicago,College of Social Science,College of Social Science,Scholarship,*,28291,,IL,Chicago,College of Social Science,College of Arts and Sciences,Scholarship,*,2747
*,Chicago,College of Social Science,College of Social Science,Scholarship,*,28291,,IL,Chicago,College of Social Science,College of Agriculture and Natural Resources,Scholarship,*,1384
*,Chicago,College of Social Science,College of Social Science,Scholarship,*,28291,,IL,Chicago,College of Social Science,College of Music,Scholarship,*,4777
*,Cincinnati,College of Natural Science,College of Natural Science,Scholarship,*,23572,,OH,Cincinnati,College of Natural Science,College of Engineering,Scholarship,*,7374
*,Cincinnati,College of Natural Science,College of Natural Science,Scholarship,*,23572,,OH,Cincinnati,College of Natural Science,College of Agriculture and Natural Resources,Scholarship,*,6195
*,Dallas,College of Business,College of Business,Scholarship,*,6051,,TX,Dallas,College of Business,College of Agriculture and Natural Resources,Scholarship,*,1757
*,Dallas,College of Social Science,College of Arts and Sciences,Scholarship,*,4328,,TX,Dallas,College of Social Science,College of Arts and Sciences,Scholarship,*,109
*,Dallas,College of Social Science,College of Social Science,Scholarship,*,15357,,TX,Dallas,College of Social Science,College of Arts and Sciences,Scholarship,*,109
*,Dallas,College of Social Science,College of Social Science,Scholarship,*,15357,,TX,Dallas,College of Social Science,College of Arts and Sciences,Scholarship,*,4328
*,Denver,College of Social Science,College of Agriculture and Natural Resources,Scholarship,*,67324.5,,CO,Denver,College of Social Science,College of Agriculture and Natural Resources,Scholarship,*,21823.5
*,Denver,College of Arts and Sciences,College of Arts and Sciences,Scholarship,*,42817.5,,CO,Denver,College of Arts and Sciences,College of Agriculture and Natural Resources,Scholarship,*,10374
*,Denver,College of Natural Science,College of Natural Science,Scholarship,*,16284.0,,CO,Denver,College of Natural Science,College of Business,Scholarship,*,2695.5
*,Denver,College of Natural Science,College of Natural Science,Scholarship,*,16284.0,,CO,Denver,College of Natural Science,College of Engineering,Scholarship,*,3829.5
*,Denver,College of Political Science,College of Political Science,Scholarship,*,9858.0,,CO,Denver,College of Political Science,College of Agriculture and Natural Resources,Scholarship,*,2635.5
*,Denver,College of Social Science,College of Arts and Sciences,Scholarship,*,126640.5,,CO,Denver,College of Social Science,College of Arts and Sciences,Scholarship,*,39952.5
*,Detroit,College of Natural Science,College of Natural Science,Scholarship,*,19426,,MI,Detroit,College of Natural Science,College of Arts and Sciences,Scholarship,*,2845
*,Detroit,College of Natural Science,College of Natural Science,Scholarship,*,19426,,MI,Detroit,College of Natural Science,College of Music,Scholarship,*,8
*,Hartford,College of Social Science,College of Social Science,Scholarship,*,9861,,CT,Hartford,College of Social Science,College of Natural Science,Scholarship,*,724
*,Houston,College of Natural Science,College of Natural Science,Scholarship,*,11723,,TX,Houston,College of Natural Science,College of Arts and Sciences,Scholarship,*,892
*,Houston,College of Political Science,College of Political Science,Scholarship,*,4321,,TX,Houston,College of Political Science,College of Engineering,Scholarship,*,464
*,Indianapolis,College of Natural Science,College of Natural Science,Scholarship,*,13198,,IN,Indianapolis,College of Natural Science,College of Communication Arts and Sciences,Scholarship,*,1567
*,Kansas City,College of Arts and Sciences,College of Agriculture and Natural Resources,Scholarship,*,24281,,MO,Kansas City,College of Arts and Sciences,College of Agriculture and Natural Resources,Scholarship,*,473
*,Kansas City,College of Arts and Sciences,College of Arts and Sciences,Scholarship,*,8227,,MO,Kansas City,College of Arts and Sciences,College of Agriculture and Natural Resources,Scholarship,*,473
*,Kansas City,Honors Program,College of Natural Science,Campus Resource,*,7203,,MO,Kansas City,Honors Program,College of Natural Science,Campus Resource,*,1006
*,Kansas City,College of Social Science,College of Nursing,Scholarship,*,13375,,MO,Kansas City,College of Social Science,College of Nursing,Scholarship,*,3708
*,Kansas City,College of Social Science,Diversity Fund,Endowment,*,8871,,MO,Kansas City,College of Social Science,Diversity Fund,Endowment,*,229
*,Kansas City,College of Social Science,Faculty Chair Endowments,Endowment,*,18212,,KS,Kansas City,College of Social Science,Faculty Chair Endowments,Endowment,*,3804
*,Lansing,College of Social Science,College of Arts and Sciences,Scholarship,*,6417,,MI,Lansing,College of Social Science,College of Arts and Sciences,Scholarship,*,313
*,Little Rock,College of Natural Science,College of Natural Science,Scholarship,*,3780,,AR,Little Rock,College of Natural Science,College of Engineering,Scholarship,*,313
*,Los Angeles,College of Arts and Sciences,College of Agriculture and Natural Resources,Scholarship,*,11480,,CA,Los Angeles,College of Arts and Sciences,College of Agriculture and Natural Resources,Scholarship,*,1620
*,Los Angeles,College of Arts and Sciences,College of Arts and Sciences,Scholarship,*,5784,,CA,Los Angeles,College of Arts and Sciences,College of Agriculture and Natural Resources,Scholarship,*,1620
*,Los Angeles,College of Natural Science,College of Business,Scholarship,*,9012,,CA,Los Angeles,College of Natural Science,College of Business,Scholarship,*,998
*,Los Angeles,College of Music,College of Agriculture and Natural Resources,Scholarship,*,18280,,CA,Los Angeles,College of Music,College of Agriculture and Natural Resources,Scholarship,*,1839
*,Los Angeles,College of Natural Science,College of Natural Science,Scholarship,*,25126,,CA,Los Angeles,College of Natural Science,College of Business,Scholarship,*,998
*,Los Angeles,College of Natural Science,College of Natural Science,Scholarship,*,25126,,CA,Los Angeles,College of Natural Science,College of Communication Arts and Sciences,Scholarship,*,4973
*,Los Angeles,College of Natural Science,College of Natural Science,Scholarship,*,25126,,CA,Los Angeles,College of Natural Science,College of Engineering,Scholarship,*,600
*,Los Angeles,College of Social Science,College of Natural Science,Scholarship,*,39671,,CA,Los Angeles,College of Social Science,College of Natural Science,Scholarship,*,7234
*,Memphis,College of Arts and Sciences,College of Agriculture and Natural Resources,Scholarship,*,11886,,TN,Memphis,College of Arts and Sciences,College of Agriculture and Natural Resources,Scholarship,*,3734
*,Memphis,College of Social Science,College of Natural Science,Scholarship,*,7391,,TN,Memphis,College of Social Science,College of Natural Science,Scholarship,*,2405
*,Miami,College of Engineering,College of Arts and Sciences,Scholarship,*,6146,,FL,Miami,College of Engineering,College of Arts and Sciences,Scholarship,*,1119
*,Miami,College of Social Science,College of Social Science,Scholarship,*,19474,,FL,Miami,College of Social Science,College of Arts and Sciences,Scholarship,*,5715
*,Miami,College of Social Science,College of Social Science,Scholarship,*,19474,,FL,Miami,College of Social Science,College of Agriculture and Natural Resources,Scholarship,*,5947
*,Miami,College of Social Science,College of Social Science,Scholarship,*,19474,,FL,Miami,College of Social Science,College of Engineering,Scholarship,*,3326
*,New York,College of Natural Science,College of Natural Science,Scholarship,*,22336,,NY,New York,College of Natural Science,College of Agriculture and Natural Resources,Scholarship,*,5992
*,New York,College of Natural Science,College of Natural Science,Scholarship,*,22336,,NY,New York,College of Natural Science,College of Business,Scholarship,*,6481
*,New York,College of Social Science,College of Arts and Sciences,Scholarship,*,6847,,NY,New York,College of Social Science,College of Arts and Sciences,Scholarship,*,1562
*,New York,College of Social Science,College of Social Science,Scholarship,*,6768,,NY,New York,College of Social Science,College of Arts and Sciences,Scholarship,*,1562
*,Oklahoma City,College of Business,College of Business,Scholarship,*,8182,,OK,Oklahoma City,College of Business,College of Arts and Sciences,Scholarship,*,862
*,Oklahoma City,College of Natural Science,College of Natural Science,Scholarship,*,19514,,OK,Oklahoma City,College of Natural Science,College of Agriculture and Natural Resources,Scholarship,*,3349
*,Phoenix,College of Natural Science,College of Arts and Sciences,Scholarship,*,29439,,AZ,Phoenix,College of Natural Science,College of Arts and Sciences,Scholarship,*,2733
*,Phoenix,College of Social Science,College of Arts and Sciences,Scholarship,*,7821,,AZ,Phoenix,College of Social Science,College of Arts and Sciences,Scholarship,*,1467
*,Phoenix,College of Natural Science,College of Agriculture and Natural Resources,Scholarship,*,4240,,AZ,Phoenix,College of Natural Science,College of Agriculture and Natural Resources,Scholarship,*,167
*,Providence,College of Education,College of Arts and Sciences,Scholarship,*,7456,,RI,Providence,College of Education,College of Arts and Sciences,Scholarship,*,2192
*,Providence,College of Social Science,College of Arts and Sciences,Scholarship,*,18420,,RI,Providence,College of Social Science,College of Arts and Sciences,Scholarship,*,3141
*,Richmond,College of Social Science,College of Social Science,Scholarship,*,7804,,VA,Richmond,College of Social Science,College of Natural Science,Scholarship,*,473
*,Richmond,College of Social Science,College of Social Science,Scholarship,*,7804,,VA,Richmond,College of Social Science,College of Agriculture and Natural Resources,Scholarship,*,1198
*,Salt Lake City,College of Social Science,College of Natural Science,Scholarship,*,9864,,UT,Salt Lake City,College of Social Science,College of Natural Science,Scholarship,*,2727
*,San Diego,College of Natural Science,College of Natural Science,Scholarship,*,9423,,CA,San Diego,College of Natural Science,College of Communication Arts and Sciences,Scholarship,*,685
*,San Diego,College of Social Science,College of Social Science,Scholarship,*,11756,,CA,San Diego,College of Social Science,College of Natural Science,Scholarship,*,531
*,San Francisco,College of Education,College of Education,Scholarship,*,24932,,CA,San Francisco,College of Education,College of Agriculture and Natural Resources,Scholarship,*,6356
*,San Francisco,College of Education,College of Education,Scholarship,*,24932,,CA,San Francisco,College of Education,College of Agriculture and Natural Resources,Scholarship,*,4839
*,San Francisco,College of Natural Science,College of Natural Science,Scholarship,*,19370,,CA,San Francisco,College of Natural Science,College of Business,Scholarship,*,5072
*,San Francisco,College of Natural Science,College of Natural Science,Scholarship,*,19370,,CA,San Francisco,College of Natural Science,College of Music,Scholarship,*,3929
*,San Francisco,College of Political Science,College of Natural Science,Scholarship,*,4989,,CA,San Francisco,College of Political Science,College of Natural Science,Scholarship,*,1617
*,Seattle,College of Natural Science,College of Agriculture and Natural Resources,Scholarship,*,15124,,WA,Seattle,College of Natural Science,College of Agriculture and Natural Resources,Scholarship,*,2585
*,St. Louis,College of Natural Science,College of Natural Science,Scholarship,*,225843,,MO,St. Louis,College of Natural Science,College of Arts and Sciences,Scholarship,*,5581
*,St. Louis,College of Natural Science,College of Natural Science,Scholarship,*,225843,,MO,St. Louis,College of Natural Science,College of Business,Scholarship,*,4266
*,Washington,College of Social Science,College of Social Science,Scholarship,*,21167,,DC,Washington,College of Social Science,College of Agriculture and Natural Resources,Scholarship,*,4912
*,Washington,College of Social Science,College of Social Science,Scholarship,*,21167,,DC,Washington,College of Social Science,College of Agriculture and Natural Resources,Scholarship,*,2544
*,Washington,College of Social Science,College of Social Science,Scholarship,*,21167,,DC,Washington,College of Social Science,College of Arts and Sciences,Scholarship,*,3985
*,Washington,College of Social Science,College of Social Science,Scholarship,*,21167,,DC,Washington,College of Social Science,College of Engineering,Scholarship,*,5506
*,Washington,College of Social Science,College of Social Science,Scholarship,*,21167,,DC,Washington,College of Social Science,College of Natural Science,Scholarship,*,7020
*,Wichita,College of Natural Science,College of Natural Science,Scholarship,*,14254,,KS,Wichita,College of Natural Science,College of Agriculture and Natural Resources,Scholarship,*,4258
