AL,*,College of Arts and Sciences,College of Arts and Sciences,Scholarship,*,2966,,AL,Mobile,College of Arts and Sciences,College of Business,Scholarship,*,309
AL,*,College of Natural Science,College of Arts and Sciences,Scholarship,*,21100,,AL,Mobile,College of Natural Science,College of Arts and Sciences,Scholarship,*,4743
AL,*,College of Natural Science,College of Natural Science,Scholarship,*,14000,,AL,Huntsville,College of Natural Science,College of Business,Scholarship,*,2533
AL,*,College of Natural Science,College of Natural Science,Scholarship,*,14000,,AL,Huntsville,College of Natural Science,College of Natural Science,Scholarship,*,1609
AR,*,College of Natural Science,College of Natural Science,Scholarship,*,3780,,AR,Little Rock,College of Natural Science,College of Engineering,Scholarship,*,313
AZ,*,College of Natural Science,College of Agriculture and Natural Resources,Scholarship,*,4742,,AZ,Phoenix,College of Natural Science,College of Agriculture and Natural Resources,Scholarship,*,167
AZ,*,College of Arts and Sciences,College of Arts and Sciences,Scholarship,*,19600,,AZ,Tucson,College of Arts and Sciences,College of Social Science,Scholarship,*,794
AZ,*,College of Natural Science,College of Arts and Sciences,Scholarship,*,29439,,AZ,Phoenix,College of Natural Science,College of Arts and Sciences,Scholarship,*,2733
AZ,*,College of Social Science,College of Arts and Sciences,Scholarship,*,8615,,AZ,Phoenix,College of Social Science,College of Arts and Sciences,Scholarship,*,1467
AZ,*,University Annual Fund,College of Arts and Sciences,Endowment,*,13664,,AZ,Mesa,University Annual Fund,College of Arts and Sciences,Endowment,*,3373
AZ,*,College of Business,Diversity Fund,Endowment,*,30129,,AZ,Phoenix,College of Business,Diversity Fund,Endowment,*,6856
AZ,*,College of Engineering,Diversity Fund,Endowment,*,35047,,AZ,Scottsdale,College of Engineering,Diversity Fund,Endowment,*,5680
AZ,*,College of Music,Athletics,Campus Resource,*,5873,,AZ,Mesa,College of Music,Athletics,Campus Resource,*,833
AZ,*,College of Music,College of Natural Science,Scholarship,*,6742,,AZ,Tucson,College of Music,College of Natural Science,Scholarship,*,1858
AZ,*,College of Music,Honors Program,Campus Resource,*,6954,,AZ,Mesa,College of Music,Honors Program,Campus Resource,*,833
AZ,*,College of Natural Science,College of Agriculture and Natural Resources,Scholarship,*,4240,,AZ,Phoenix,College of Natural Science,College of Agriculture and Natural Resources,Scholarship,*,167
AZ,*,College of Natural Science,Trustees Fund,Endowment,*,29264,,AZ,Scottsdale,College of Natural Science,Trustees Fund,Endowment,*,833
AZ,*,College of Political Science,University Annual Fund,Endowment,*,6223,,AZ,Phoenix,College of Political Science,University Annual Fund,Endowment,*,41
AZ,*,College of Social Science,College of Arts and Sciences,Scholarship,*,10314,,AZ,Phoenix,College of Social Science,College of Arts and Sciences,Scholarship,*,1467
CA,*,College of Agriculture and Natural Resources,Athletics,Campus Resource,*,28828,,CA,San Francisco,College of Agriculture and Natural Resources,Athletics,Campus Resource,*,7854
CA,*,College of Agriculture and Natural Resources,Campus Museums,Campus Resource,*,25224,,CA,Fresno,College of Agriculture and Natural Resources,Campus Museums,Campus Resource,*,7601
CA,*,College of Agriculture and Natural Resources,College of Agriculture and Natural Resources,Scholarship,*,23122,,CA,Fresno,College of Agriculture and Natural Resources,College of Business,Scholarship,*,2396
CA,*,College of Agriculture and Natural Resources,College of Agriculture and Natural Resources,Scholarship,*,23122,,CA,Fresno,College of Agriculture and Natural Resources,College of Political Science,Scholarship,*,2639
CA,*,College of Agriculture and Natural Resources,College of Agriculture and Natural Resources,Scholarship,*,23122,,CA,Sacramento,College of Agriculture and Natural Resources,College of Arts and Sciences,Scholarship,*,4558
CA,*,College of Agriculture and Natural Resources,College of Agriculture and Natural Resources,Scholarship,*,23122,,CA,San Diego,College of Agriculture and Natural Resources,College of Arts and Sciences,Scholarship,*,3175
CA,*,College of Agriculture and Natural Resources,College of Agriculture and Natural Resources,Scholarship,*,23122,,CA,San Diego,College of Agriculture and Natural Resources,College of Business,Scholarship,*,1724
CA,*,College of Agriculture and Natural Resources,College of Agriculture and Natural Resources,Scholarship,*,23122,,CA,San Diego,College of Agriculture and Natural Resources,College of Education,Scholarship,*,3219
CA,*,College of Arts and Sciences,College of Agriculture and Natural Resources,Scholarship,*,19895,,CA,Los Angeles,College of Arts and Sciences,College of Agriculture and Natural Resources,Scholarship,*,1620
CA,*,College of Arts and Sciences,College of Agriculture and Natural Resources,Scholarship,*,19895,,CA,San Diego,College of Arts and Sciences,College of Agriculture and Natural Resources,Scholarship,*,4948
CA,*,College of Business,College of Agriculture and Natural Resources,Scholarship,*,24352,,CA,San Francisco,College of Business,College of Agriculture and Natural Resources,Scholarship,*,4232
CA,*,College of Education,College of Agriculture and Natural Resources,Scholarship,*,9575,,CA,Sacramento,College of Education,College of Agriculture and Natural Resources,Scholarship,*,650
CA,*,College of Engineering,College of Agriculture and Natural Resources,Scholarship,*,13038,,CA,San Diego,College of Engineering,College of Agriculture and Natural Resources,Scholarship,*,477
CA,*,College of Engineering,College of Agriculture and Natural Resources,Scholarship,*,13038,,CA,San Francisco,College of Engineering,College of Agriculture and Natural Resources,Scholarship,*,1198
CA,*,Diversity Fund,College of Agriculture and Natural Resources,Endowment,*,58837,,CA,San Francisco,Diversity Fund,College of Agriculture and Natural Resources,Endowment,*,17685
CA,*,Trustees Fund,College of Agriculture and Natural Resources,Endowment,*,65995,,CA,Los Angeles,Trustees Fund,College of Agriculture and Natural Resources,Endowment,*,13047
CA,*,College of Arts and Sciences,Alumni Association,Campus Resource,*,8403,,CA,Fresno,College of Arts and Sciences,Alumni Association,Campus Resource,*,427
CA,*,College of Arts and Sciences,Athletics,Campus Resource,*,23015,,CA,Fresno,College of Arts and Sciences,Athletics,Campus Resource,*,3896
CA,*,College of Arts and Sciences,Athletics,Campus Resource,*,23015,,CA,Los Angeles,College of Arts and Sciences,Athletics,Campus Resource,*,1924
CA,*,College of Arts and Sciences,Campus Museums,Campus Resource,*,1549,,CA,Fresno,College of Arts and Sciences,Campus Museums,Campus Resource,*,427
CA,*,College of Arts and Sciences,Campus Recreation,Campus Resource,*,21853,,CA,San Diego,College of Arts and Sciences,Campus Recreation,Campus Resource,*,645
CA,*,College of Arts and Sciences,College of Agriculture and Natural Resources,Scholarship,*,16428,,CA,Los Angeles,College of Arts and Sciences,College of Agriculture and Natural Resources,Scholarship,*,1620
CA,*,College of Arts and Sciences,College of Agriculture and Natural Resources,Scholarship,*,16428,,CA,San Diego,College of Arts and Sciences,College of Agriculture and Natural Resources,Scholarship,*,4948
CA,*,College of Arts and Sciences,College of Arts and Sciences,Scholarship,*,37688,,CA,Anaheim,College of Arts and Sciences,College of Natural Science,Scholarship,*,5188
CA,*,College of Arts and Sciences,College of Arts and Sciences,Scholarship,*,37688,,CA,Anaheim,College of Arts and Sciences,College of Natural Science,Scholarship,*,6892
CA,*,College of Arts and Sciences,College of Arts and Sciences,Scholarship,*,37688,,CA,Los Angeles,College of Arts and Sciences,College of Agriculture and Natural Resources,Scholarship,*,1620
CA,*,College of Arts and Sciences,College of Arts and Sciences,Scholarship,*,37688,,CA,Los Angeles,College of Arts and Sciences,College of Agriculture and Natural Resources,Scholarship,*,11480
CA,*,College of Arts and Sciences,College of Arts and Sciences,Scholarship,*,37688,,CA,Los Angeles,College of Arts and Sciences,College of Arts and Sciences,Scholarship,*,5784
CA,*,College of Arts and Sciences,College of Arts and Sciences,Scholarship,*,37688,,CA,Sacramento,College of Arts and Sciences,College of Communication Arts and Sciences,Scholarship,*,5669
CA,*,College of Arts and Sciences,College of Arts and Sciences,Scholarship,*,37688,,CA,San Diego,College of Arts and Sciences,College of Agriculture and Natural Resources,Scholarship,*,4948
CA,*,College of Arts and Sciences,College of Arts and Sciences,Scholarship,*,37688,,CA,San Diego,College of Arts and Sciences,College of Arts and Sciences,Scholarship,*,11112
CA,*,College of Communication Arts and Sciences,College of Arts and Sciences,Scholarship,*,15070,,CA,San Francisco,College of Communication Arts and Sciences,College of Arts and Sciences,Scholarship,*,3527
CA,*,College of Natural Science,College of Arts and Sciences,Scholarship,*,56157,,CA,Los Angeles,College of Natural Science,College of Arts and Sciences,Scholarship,*,17064
CA,*,College of Natural Science,College of Arts and Sciences,Scholarship,*,56157,,CA,San Francisco,College of Natural Science,College of Arts and Sciences,Scholarship,*,14768
CA,*,College of Natural Science,College of Arts and Sciences,Scholarship,*,56157,,CA,San Francisco,College of Natural Science,College of Arts and Sciences,Scholarship,*,9513
CA,*,College of Social Science,College of Arts and Sciences,Scholarship,*,11222,,CA,Fresno,College of Social Science,College of Arts and Sciences,Scholarship,*,347
CA,*,Diversity Fund,College of Arts and Sciences,Endowment,*,87137,,CA,Los Angeles,Diversity Fund,College of Arts and Sciences,Endowment,*,2775
CA,*,Diversity Fund,College of Arts and Sciences,Endowment,*,87137,,CA,San Diego,Diversity Fund,College of Arts and Sciences,Endowment,*,19333
CA,*,Faculty Chair Endowments,College of Arts and Sciences,Endowment,*,24246,,CA,San Diego,Faculty Chair Endowments,College of Arts and Sciences,Endowment,*,1077
CA,*,University Annual Fund,College of Arts and Sciences,Endowment,*,117704,,CA,Los Angeles,University Annual Fund,College of Arts and Sciences,Endowment,*,25993
CA,*,University Annual Fund,College of Arts and Sciences,Endowment,*,117704,,CA,San Diego,University Annual Fund,College of Arts and Sciences,Endowment,*,8017
CA,*,College of Business,Athletics,Campus Resource,*,10981,,CA,Anaheim,College of Business,Athletics,Campus Resource,*,3145
CA,*,College of Business,Athletics,Campus Resource,*,10981,,CA,Sacramento,College of Business,Athletics,Campus Resource,*,2779
CA,*,College of Business,Campus Recreation,Campus Resource,*,6394,,CA,San Francisco,College of Business,Campus Recreation,Campus Resource,*,612
CA,*,College of Business,College of Arts and Sciences,Scholarship,*,14319,,CA,San Francisco,College of Business,College of Arts and Sciences,Scholarship,*,4614
CA,*,College of Natural Science,College of Business,Scholarship,*,9012,,CA,Los Angeles,College of Natural Science,College of Business,Scholarship,*,998
CA,*,Minority Scholarship Fund,College of Business,Scholarship,*,14497,,CA,Los Angeles,Minority Scholarship Fund,College of Business,Scholarship,*,2952
CA,*,College of Communication Arts and Sciences,College of Communication Arts and Sciences,Scholarship,*,9012,,CA,San Francisco,College of Communication Arts and Sciences,College of Social Science,Scholarship,*,2307
CA,*,College of Education,College of Agriculture and Natural Resources,Scholarship,*,5489,,CA,Sacramento,College of Education,College of Agriculture and Natural Resources,Scholarship,*,650
CA,*,College of Education,College of Education,Scholarship,*,24932,,CA,Los Angeles,College of Education,College of Arts and Sciences,Scholarship,*,6757
CA,*,College of Education,College of Education,Scholarship,*,24932,,CA,Sacramento,College of Education,College of Agriculture and Natural Resources,Scholarship,*,650
CA,*,College of Education,College of Education,Scholarship,*,24932,,CA,San Francisco,College of Education,College of Agriculture and Natural Resources,Scholarship,*,6356
CA,*,College of Education,College of Education,Scholarship,*,24932,,CA,San Francisco,College of Education,College of Agriculture and Natural Resources,Scholarship,*,4839
CA,*,College of Engineering,Alumni Association,Campus Resource,*,7629,,CA,San Diego,College of Engineering,Alumni Association,Campus Resource,*,2390
CA,*,College of Engineering,College of Agriculture and Natural Resources,Scholarship,*,1675,,CA,San Diego,College of Engineering,College of Agriculture and Natural Resources,Scholarship,*,477
CA,*,College of Engineering,College of Arts and Sciences,Scholarship,*,39745,,CA,Los Angeles,College of Engineering,College of Arts and Sciences,Scholarship,*,9612
CA,*,College of Engineering,College of Arts and Sciences,Scholarship,*,39745,,CA,Sacramento,College of Engineering,College of Arts and Sciences,Scholarship,*,11121
CA,*,College of Engineering,College of Arts and Sciences,Scholarship,*,39745,,CA,San Francisco,College of Engineering,College of Arts and Sciences,Scholarship,*,8642
CA,*,College of Engineering,Diversity Fund,Endowment,*,19551,,CA,Sacramento,College of Engineering,Diversity Fund,Endowment,*,3591
CA,*,College of Engineering,University Annual Fund,Endowment,*,32278,,CA,San Diego,College of Engineering,University Annual Fund,Endowment,*,8482
CA,*,College of Music,College of Agriculture and Natural Resources,Scholarship,*,18280,,CA,Los Angeles,College of Music,College of Agriculture and Natural Resources,Scholarship,*,1839
CA,*,College of Music,Faculty Chair Endowments,Endowment,*,11815,,CA,San Francisco,College of Music,Faculty Chair Endowments,Endowment,*,3379
CA,*,College of Music,Trustees Fund,Endowment,*,5105,,CA,Los Angeles,College of Music,Trustees Fund,Endowment,*,1509
CA,*,College of Music,University Annual Fund,Endowment,*,26372,,CA,San Francisco,College of Music,University Annual Fund,Endowment,*,908
CA,*,College of Natural Science,Campus Museums,Campus Resource,*,16053,,CA,Los Angeles,College of Natural Science,Campus Museums,Campus Resource,*,4942
CA,*,College of Natural Science,College of Arts and Sciences,Scholarship,*,37024,,CA,San Francisco,College of Natural Science,College of Arts and Sciences,Scholarship,*,9513
CA,*,College of Natural Science,College of Business,Scholarship,*,6070,,CA,Los Angeles,College of Natural Science,College of Business,Scholarship,*,998
CA,*,College of Natural Science,College of Communication Arts and Sciences,Scholarship,*,5658,,CA,San Diego,College of Natural Science,College of Communication Arts and Sciences,Scholarship,*,685
CA,*,College of Natural Science,College of Natural Science,Scholarship,*,73125,,CA,Anaheim,College of Natural Science,College of Natural Science,Scholarship,*,19206
CA,*,College of Natural Science,College of Natural Science,Scholarship,*,73125,,CA,Los Angeles,College of Natural Science,College of Arts and Sciences,Scholarship,*,17064
CA,*,College of Natural Science,College of Natural Science,Scholarship,*,73125,,CA,Los Angeles,College of Natural Science,College of Business,Scholarship,*,9012
CA,*,College of Natural Science,College of Natural Science,Scholarship,*,73125,,CA,Los Angeles,College of Natural Science,College of Arts and Sciences,Scholarship,*,20619
CA,*,College of Natural Science,College of Natural Science,Scholarship,*,73125,,CA,Los Angeles,College of Natural Science,College of Business,Scholarship,*,998
CA,*,College of Natural Science,College of Natural Science,Scholarship,*,73125,,CA,Los Angeles,College of Natural Science,College of Communication Arts and Sciences,Scholarship,*,4973
CA,*,College of Natural Science,College of Natural Science,Scholarship,*,73125,,CA,Los Angeles,College of Natural Science,College of Engineering,Scholarship,*,600
CA,*,College of Natural Science,College of Natural Science,Scholarship,*,73125,,CA,San Diego,College of Natural Science,College of Communication Arts and Sciences,Scholarship,*,685
CA,*,College of Natural Science,College of Natural Science,Scholarship,*,73125,,CA,San Diego,College of Natural Science,College of Natural Science,Scholarship,*,9423
CA,*,College of Natural Science,College of Natural Science,Scholarship,*,73125,,CA,San Francisco,College of Natural Science,College of Arts and Sciences,Scholarship,*,14768
CA,*,College of Natural Science,College of Natural Science,Scholarship,*,73125,,CA,San Francisco,College of Natural Science,College of Education,Scholarship,*,17183
CA,*,College of Natural Science,College of Natural Science,Scholarship,*,73125,,CA,San Francisco,College of Natural Science,College of Agriculture and Natural Resources,Scholarship,*,14979
CA,*,College of Natural Science,College of Natural Science,Scholarship,*,73125,,CA,San Francisco,College of Natural Science,College of Arts and Sciences,Scholarship,*,9513
CA,*,College of Natural Science,College of Natural Science,Scholarship,*,73125,,CA,San Francisco,College of Natural Science,College of Business,Scholarship,*,5072
CA,*,College of Natural Science,College of Natural Science,Scholarship,*,73125,,CA,San Francisco,College of Natural Science,College of Music,Scholarship,*,3929
CA,*,College of Natural Science,College of Natural Science,Scholarship,*,73125,,CA,San Francisco,College of Natural Science,College of Natural Science,Scholarship,*,19370
CA,*,College of Social Science,College of Natural Science,Scholarship,*,47097,,CA,Fresno,College of Social Science,College of Natural Science,Scholarship,*,6555
CA,*,College of Social Science,College of Natural Science,Scholarship,*,47097,,CA,Los Angeles,College of Social Science,College of Natural Science,Scholarship,*,7234
CA,*,College of Social Science,College of Natural Science,Scholarship,*,47097,,CA,San Diego,College of Social Science,College of Natural Science,Scholarship,*,531
CA,*,College of Social Science,College of Natural Science,Scholarship,*,47097,,CA,San Francisco,College of Social Science,College of Natural Science,Scholarship,*,7426
CA,*,College of Social Science,College of Natural Science,Scholarship,*,47097,,CA,San Francisco,College of Social Science,College of Natural Science,Scholarship,*,10257
CA,*,Diversity Fund,College of Natural Science,Endowment,*,38634,,CA,Anaheim,Diversity Fund,College of Natural Science,Endowment,*,9874
CA,*,Diversity Fund,College of Natural Science,Endowment,*,38634,,CA,San Diego,Diversity Fund,College of Natural Science,Endowment,*,2544
CA,*,Diversity Fund,College of Natural Science,Endowment,*,38634,,CA,San Francisco,Diversity Fund,College of Natural Science,Endowment,*,3847
CA,*,Honors Program,College of Natural Science,Campus Resource,*,52604,,CA,San Diego,Honors Program,College of Natural Science,Campus Resource,*,5223
CA,*,Honors Program,College of Natural Science,Campus Resource,*,52604,,CA,San Francisco,Honors Program,College of Natural Science,Campus Resource,*,7875
CA,*,In-State Scholarship Fund,College of Natural Science,Scholarship,*,39222,,CA,San Francisco,In-State Scholarship Fund,College of Natural Science,Scholarship,*,9533
CA,*,Parents Association,College of Natural Science,Campus Resource,*,5454,,CA,Los Angeles,Parents Association,College of Natural Science,Campus Resource,*,572
CA,*,Trustees Fund,College of Natural Science,Endowment,*,44033,,CA,Los Angeles,Trustees Fund,College of Natural Science,Endowment,*,6902
CA,*,Trustees Fund,College of Natural Science,Endowment,*,44033,,CA,San Diego,Trustees Fund,College of Natural Science,Endowment,*,9649
CA,*,Trustees Fund,College of Natural Science,Endowment,*,44033,,CA,San Francisco,Trustees Fund,College of Natural Science,Endowment,*,9752
CA,*,University Annual Fund,College of Natural Science,Endowment,*,40979,,CA,San Diego,University Annual Fund,College of Natural Science,Endowment,*,5225
CA,*,University Annual Fund,College of Natural Science,Endowment,*,40979,,CA,San Francisco,University Annual Fund,College of Natural Science,Endowment,*,8078
CA,*,University Libraries,College of Natural Science,Campus Resource,*,16984,,CA,Los Angeles,University Libraries,College of Natural Science,Campus Resource,*,2879
CA,*,College of Nursing,Diversity Fund,Endowment,*,3847,,CA,Los Angeles,College of Nursing,Diversity Fund,Endowment,*,584
CA,*,College of Political Science,College of Natural Science,Scholarship,*,4989,,CA,San Francisco,College of Political Science,College of Natural Science,Scholarship,*,1617
CA,*,College of Political Science,Faculty Chair Endowments,Endowment,*,18148,,CA,Fresno,College of Political Science,Faculty Chair Endowments,Endowment,*,158
CA,*,College of Political Science,Faculty Chair Endowments,Endowment,*,18148,,CA,Los Angeles,College of Political Science,Faculty Chair Endowments,Endowment,*,4125
CA,*,College of Political Science,Faculty Chair Endowments,Endowment,*,18148,,CA,San Francisco,College of Political Science,Faculty Chair Endowments,Endowment,*,5165
CA,*,College of Social Science,Campus Recreation,Campus Resource,*,4727,,CA,Fresno,College of Social Science,Campus Recreation,Campus Resource,*,1538
CA,*,College of Social Science,Campus Recreation,Campus Resource,*,4727,,CA,San Diego,College of Social Science,Campus Recreation,Campus Resource,*,1392
CA,*,College of Social Science,College of Arts and Sciences,Scholarship,*,26844,,CA,Fresno,College of Social Science,College of Arts and Sciences,Scholarship,*,347
CA,*,College of Social Science,College of Arts and Sciences,Scholarship,*,26844,,CA,Los Angeles,College of Social Science,College of Arts and Sciences,Scholarship,*,6658
CA,*,College of Social Science,College of Arts and Sciences,Scholarship,*,26844,,CA,San Diego,College of Social Science,College of Arts and Sciences,Scholarship,*,4564
CA,*,College of Social Science,College of Arts and Sciences,Scholarship,*,26844,,CA,San Diego,College of Social Science,College of Arts and Sciences,Scholarship,*,8611
CA,*,College of Social Science,College of Arts and Sciences,Scholarship,*,26844,,CA,San Francisco,College of Social Science,College of Arts and Sciences,Scholarship,*,8424
CA,*,College of Social Science,College of Business,Scholarship,*,11005,,CA,Los Angeles,College of Social Science,College of Business,Scholarship,*,3348
CA,*,College of Social Science,College of Natural Science,Scholarship,*,24577,,CA,Fresno,College of Social Science,College of Natural Science,Scholarship,*,6555
CA,*,College of Social Science,College of Natural Science,Scholarship,*,24577,,CA,Los Angeles,College of Social Science,College of Natural Science,Scholarship,*,7234
CA,*,College of Social Science,College of Natural Science,Scholarship,*,24577,,CA,San Diego,College of Social Science,College of Natural Science,Scholarship,*,531
CA,*,College of Social Science,College of Natural Science,Scholarship,*,24577,,CA,San Francisco,College of Social Science,College of Natural Science,Scholarship,*,7426
CA,*,College of Social Science,College of Political Science,Scholarship,*,25957,,CA,Los Angeles,College of Social Science,College of Political Science,Scholarship,*,4821
CA,*,College of Social Science,College of Social Science,Scholarship,*,13777,,CA,Fresno,College of Social Science,College of Arts and Sciences,Scholarship,*,347
CA,*,College of Social Science,College of Social Science,Scholarship,*,13777,,CA,Los Angeles,College of Social Science,College of Business,Scholarship,*,3348
CA,*,College of Social Science,College of Social Science,Scholarship,*,13777,,CA,San Diego,College of Social Science,College of Arts and Sciences,Scholarship,*,4564
CA,*,College of Social Science,College of Social Science,Scholarship,*,13777,,CA,San Diego,College of Social Science,College of Natural Science,Scholarship,*,531
CA,*,College of Social Science,College of Social Science,Scholarship,*,13777,,CA,San Francisco,College of Social Science,College of Social Science,Scholarship,*,2021
CA,*,Diversity Fund,College of Social Science,Endowment,*,60975,,CA,San Diego,Diversity Fund,College of Social Science,Endowment,*,5416
CA,*,Faculty Chair Endowments,College of Social Science,Endowment,*,39085,,CA,San Diego,Faculty Chair Endowments,College of Social Science,Endowment,*,12588
CA,*,Faculty Chair Endowments,College of Social Science,Endowment,*,39085,,CA,San Francisco,Faculty Chair Endowments,College of Social Science,Endowment,*,10894
CA,*,Honors Program,College of Social Science,Campus Resource,*,21744,,CA,San Diego,Honors Program,College of Social Science,Campus Resource,*,1180
CA,*,Parents Association,College of Social Science,Campus Resource,*,35723,,CA,San Diego,Parents Association,College of Social Science,Campus Resource,*,8731
CA,*,University Annual Fund,College of Social Science,Endowment,*,54749,,CA,San Diego,University Annual Fund,College of Social Science,Endowment,*,12669
CA,*,College of Veterinary Medicine,Diversity Fund,Endowment,*,8719,,CA,San Francisco,College of Veterinary Medicine,Diversity Fund,Endowment,*,2268
CO,*,College of Agriculture and Natural Resources,College of Agriculture and Natural Resources,Scholarship,*,66808.5,,CO,Colorado Springs,College of Agriculture and Natural Resources,College of Agriculture and Natural Resources,Scholarship,*,666
CO,*,College of Social Science,College of Agriculture and Natural Resources,Scholarship,*,67324.5,,CO,Denver,College of Social Science,College of Agriculture and Natural Resources,Scholarship,*,21823.5
CO,*,Faculty Chair Endowments,College of Agriculture and Natural Resources,Endowment,*,37943.0,,CO,Colorado Springs,Faculty Chair Endowments,College of Agriculture and Natural Resources,Endowment,*,1793
CO,*,Parents Association,College of Agriculture and Natural Resources,Campus Resource,*,43855,,CO,Colorado Springs,Parents Association,College of Agriculture and Natural Resources,Campus Resource,*,790
CO,*,University Libraries,College of Agriculture and Natural Resources,Campus Resource,*,31151.5,,CO,Colorado Springs,University Libraries,College of Agriculture and Natural Resources,Campus Resource,*,5074
CO,*,College of Arts and Sciences,College of Agriculture and Natural Resources,Scholarship,*,23137.5,,CO,Colorado Springs,College of Arts and Sciences,College of Agriculture and Natural Resources,Scholarship,*,6032
CO,*,College of Arts and Sciences,College of Arts and Sciences,Scholarship,*,44936.5,,CO,Colorado Springs,College of Arts and Sciences,College of Agriculture and Natural Resources,Scholarship,*,6032
CO,*,College of Arts and Sciences,College of Arts and Sciences,Scholarship,*,44936.5,,CO,Colorado Springs,College of Arts and Sciences,College of Arts and Sciences,Scholarship,*,2119
CO,*,College of Arts and Sciences,College of Arts and Sciences,Scholarship,*,44936.5,,CO,Denver,College of Arts and Sciences,College of Agriculture and Natural Resources,Scholarship,*,10374
CO,*,College of Business,College of Arts and Sciences,Scholarship,*,48166.0,,CO,Colorado Springs,College of Business,College of Arts and Sciences,Scholarship,*,8257
CO,*,College of Engineering,College of Arts and Sciences,Scholarship,*,56661.5,,CO,Colorado Springs,College of Engineering,College of Arts and Sciences,Scholarship,*,1262
CO,*,College of Social Science,College of Arts and Sciences,Scholarship,*,49345.5,,CO,Colorado Springs,College of Social Science,College of Arts and Sciences,Scholarship,*,9393
CO,*,Diversity Fund,College of Arts and Sciences,Endowment,*,68068.0,,CO,Colorado Springs,Diversity Fund,College of Arts and Sciences,Endowment,*,13210
CO,*,Faculty Chair Endowments,College of Arts and Sciences,Endowment,*,116193.0,,CO,Colorado Springs,Faculty Chair Endowments,College of Arts and Sciences,Endowment,*,9066
CO,*,Minority Scholarship Fund,College of Arts and Sciences,Scholarship,*,33020.5,,CO,Colorado Springs,Minority Scholarship Fund,College of Arts and Sciences,Scholarship,*,3820
CO,*,Parents Association,College of Arts and Sciences,Campus Resource,*,33898,,CO,Colorado Springs,Parents Association,College of Arts and Sciences,Campus Resource,*,10786
CO,*,College of Engineering,College of Arts and Sciences,Scholarship,*,38325.0,,CO,Colorado Springs,College of Engineering,College of Arts and Sciences,Scholarship,*,1262
CO,*,College of Engineering,Faculty Chair Endowments,Endowment,*,10658.5,,CO,Colorado Springs,College of Engineering,Faculty Chair Endowments,Endowment,*,2911
CO,*,College of Engineering,Trustees Fund,Endowment,*,20731.5,,CO,Colorado Springs,College of Engineering,Trustees Fund,Endowment,*,3333
CO,*,College of Engineering,University Annual Fund,Endowment,*,27530.0,,CO,Colorado Springs,College of Engineering,University Annual Fund,Endowment,*,995
CO,*,College of Natural Science,Campus Museums,Campus Resource,*,31659.5,,CO,Colorado Springs,College of Natural Science,Campus Museums,Campus Resource,*,1976
CO,*,College of Natural Science,College of Agriculture and Natural Resources,Scholarship,*,47500.5,,CO,Colorado Springs,College of Natural Science,College of Agriculture and Natural Resources,Scholarship,*,13560
CO,*,College of Natural Science,College of Natural Science,Scholarship,*,25073.0,,CO,Denver,College of Natural Science,College of Business,Scholarship,*,2695.5
CO,*,College of Natural Science,College of Natural Science,Scholarship,*,25073.0,,CO,Denver,College of Natural Science,College of Engineering,Scholarship,*,3829.5
CO,*,College of Political Science,College of Natural Science,Scholarship,*,26645.5,,CO,Denver,College of Political Science,College of Natural Science,Scholarship,*,7552.5
CO,*,Diversity Fund,College of Natural Science,Endowment,*,19257.5,,CO,Colorado Springs,Diversity Fund,College of Natural Science,Endowment,*,5546
CO,*,Faculty Chair Endowments,College of Natural Science,Endowment,*,26927,,CO,Colorado Springs,Faculty Chair Endowments,College of Natural Science,Endowment,*,7766
CO,*,College of Political Science,College of Political Science,Scholarship,*,9858.0,,CO,Denver,College of Political Science,College of Agriculture and Natural Resources,Scholarship,*,2635.5
CO,*,College of Social Science,Alumni Association,Campus Resource,*,23046.5,,CO,Colorado Springs,College of Social Science,Alumni Association,Campus Resource,*,2468
CO,*,College of Social Science,Campus Museums,Campus Resource,*,31211.5,,CO,Colorado Springs,College of Social Science,Campus Museums,Campus Resource,*,7333
CO,*,College of Social Science,College of Arts and Sciences,Scholarship,*,126640.5,,CO,Colorado Springs,College of Social Science,College of Arts and Sciences,Scholarship,*,9393
CO,*,College of Social Science,College of Arts and Sciences,Scholarship,*,126640.5,,CO,Denver,College of Social Science,College of Arts and Sciences,Scholarship,*,39952.5
CO,*,College of Social Science,College of Engineering,Scholarship,*,13155.5,,CO,Colorado Springs,College of Social Science,College of Engineering,Scholarship,*,2201
CO,*,College of Social Science,College of Social Science,Scholarship,*,22587,,CO,Colorado Springs,College of Social Science,College of Engineering,Scholarship,*,2201
CO,*,College of Social Science,College of Social Science,Scholarship,*,22587,,CO,Colorado Springs,College of Social Science,In-State Scholarship Fund,Scholarship,*,7333
CT,*,College of Natural Science,University Annual Fund,Endowment,*,19027,,CT,New Haven,College of Natural Science,University Annual Fund,Endowment,*,4357
CT,*,College of Social Science,College of Social Science,Scholarship,*,9861,,CT,Hartford,College of Social Science,College of Natural Science,Scholarship,*,724
DC,*,College of Social Science,College of Social Science,Scholarship,*,21167,,DC,Washington,College of Social Science,College of Agriculture and Natural Resources,Scholarship,*,4912
DC,*,College of Social Science,College of Social Science,Scholarship,*,21167,,DC,Washington,College of Social Science,College of Agriculture and Natural Resources,Scholarship,*,2544
DC,*,College of Social Science,College of Social Science,Scholarship,*,21167,,DC,Washington,College of Social Science,College of Arts and Sciences,Scholarship,*,3985
DC,*,College of Social Science,College of Social Science,Scholarship,*,21167,,DC,Washington,College of Social Science,College of Engineering,Scholarship,*,5506
DC,*,College of Social Science,College of Social Science,Scholarship,*,21167,,DC,Washington,College of Social Science,College of Natural Science,Scholarship,*,7020
FL,*,College of Agriculture and Natural Resources,College of Agriculture and Natural Resources,Scholarship,*,36458,,FL,Fort Lauderdale,College of Agriculture and Natural Resources,College of Arts and Sciences,Scholarship,*,7566
FL,*,College of Agriculture and Natural Resources,College of Agriculture and Natural Resources,Scholarship,*,36458,,FL,Fort Lauderdale,College of Agriculture and Natural Resources,College of Natural Science,Scholarship,*,8085
FL,*,College of Agriculture and Natural Resources,College of Agriculture and Natural Resources,Scholarship,*,36458,,FL,Jacksonville,College of Agriculture and Natural Resources,College of Agriculture and Natural Resources,Scholarship,*,3757
FL,*,College of Agriculture and Natural Resources,College of Agriculture and Natural Resources,Scholarship,*,36458,,FL,Tallahassee,College of Agriculture and Natural Resources,College of Arts and Sciences,Scholarship,*,4672
FL,*,College of Agriculture and Natural Resources,College of Agriculture and Natural Resources,Scholarship,*,36458,,FL,Tallahassee,College of Agriculture and Natural Resources,College of Communication Arts and Sciences,Scholarship,*,630
FL,*,College of Agriculture and Natural Resources,College of Agriculture and Natural Resources,Scholarship,*,36458,,FL,Tallahassee,College of Agriculture and Natural Resources,College of Natural Science,Scholarship,*,9908
FL,*,College of Agriculture and Natural Resources,College of Agriculture and Natural Resources,Scholarship,*,36458,,FL,Tallahassee,College of Agriculture and Natural Resources,College of Veterinary Medicine,Scholarship,*,1965
FL,*,College of Arts and Sciences,College of Agriculture and Natural Resources,Scholarship,*,32157,,FL,Fort Lauderdale,College of Arts and Sciences,College of Agriculture and Natural Resources,Scholarship,*,5107
FL,*,College of Arts and Sciences,College of Agriculture and Natural Resources,Scholarship,*,32157,,FL,Orlando,College of Arts and Sciences,College of Agriculture and Natural Resources,Scholarship,*,7261
FL,*,College of Engineering,College of Agriculture and Natural Resources,Scholarship,*,11304,,FL,Tallahassee,College of Engineering,College of Agriculture and Natural Resources,Scholarship,*,3263
FL,*,College of Natural Science,College of Agriculture and Natural Resources,Scholarship,*,17993,,FL,Jacksonville,College of Natural Science,College of Agriculture and Natural Resources,Scholarship,*,1556
FL,*,Diversity Fund,College of Agriculture and Natural Resources,Endowment,*,26132,,FL,Jacksonville,Diversity Fund,College of Agriculture and Natural Resources,Endowment,*,6906
FL,*,Minority Scholarship Fund,College of Agriculture and Natural Resources,Scholarship,*,27255,,FL,Jacksonville,Minority Scholarship Fund,College of Agriculture and Natural Resources,Scholarship,*,2553
FL,*,Minority Scholarship Fund,College of Agriculture and Natural Resources,Scholarship,*,27255,,FL,Orlando,Minority Scholarship Fund,College of Agriculture and Natural Resources,Scholarship,*,7434
FL,*,Trustees Fund,College of Agriculture and Natural Resources,Endowment,*,53958,,FL,Jacksonville,Trustees Fund,College of Agriculture and Natural Resources,Endowment,*,2553
FL,*,Trustees Fund,College of Agriculture and Natural Resources,Endowment,*,53958,,FL,Miami,Trustees Fund,College of Agriculture and Natural Resources,Endowment,*,13048
FL,*,Trustees Fund,College of Agriculture and Natural Resources,Endowment,*,53958,,FL,Orlando,Trustees Fund,College of Agriculture and Natural Resources,Endowment,*,15947
FL,*,University Annual Fund,College of Agriculture and Natural Resources,Endowment,*,29187,,FL,Orlando,University Annual Fund,College of Agriculture and Natural Resources,Endowment,*,8939
FL,*,College of Arts and Sciences,Campus Museums,Campus Resource,*,4343,,FL,Miami,College of Arts and Sciences,Campus Museums,Campus Resource,*,1080
FL,*,College of Arts and Sciences,College of Arts and Sciences,Scholarship,*,8757,,FL,Tallahassee,College of Arts and Sciences,Minority Scholarship Fund,Scholarship,*,1509
FL,*,College of Engineering,College of Arts and Sciences,Scholarship,*,6146,,FL,Miami,College of Engineering,College of Arts and Sciences,Scholarship,*,1119
FL,*,College of Engineering,College of Arts and Sciences,Scholarship,*,6146,,FL,Orlando,College of Engineering,College of Arts and Sciences,Scholarship,*,173
FL,*,College of Natural Science,College of Arts and Sciences,Scholarship,*,7534,,FL,Jacksonville,College of Natural Science,College of Arts and Sciences,Scholarship,*,1716
FL,*,College of Social Science,College of Arts and Sciences,Scholarship,*,31880,,FL,Jacksonville,College of Social Science,College of Arts and Sciences,Scholarship,*,2128
FL,*,College of Social Science,College of Arts and Sciences,Scholarship,*,31880,,FL,Miami,College of Social Science,College of Arts and Sciences,Scholarship,*,5715
FL,*,College of Social Science,College of Arts and Sciences,Scholarship,*,31880,,FL,Miami,College of Social Science,College of Arts and Sciences,Scholarship,*,9908
FL,*,College of Social Science,College of Arts and Sciences,Scholarship,*,31880,,FL,Tallahassee,College of Social Science,College of Arts and Sciences,Scholarship,*,4048
FL,*,Diversity Fund,College of Arts and Sciences,Endowment,*,25167,,FL,Orlando,Diversity Fund,College of Arts and Sciences,Endowment,*,4713
FL,*,University Annual Fund,College of Arts and Sciences,Endowment,*,16650,,FL,Miami,University Annual Fund,College of Arts and Sciences,Endowment,*,4204
FL,*,University Annual Fund,College of Arts and Sciences,Endowment,*,16650,,FL,Orlando,University Annual Fund,College of Arts and Sciences,Endowment,*,3459
FL,*,College of Communication Arts and Sciences,Trustees Fund,Endowment,*,20481,,FL,Miami,College of Communication Arts and Sciences,Trustees Fund,Endowment,*,4618
FL,*,College of Engineering,College of Agriculture and Natural Resources,Scholarship,*,10617,,FL,Tallahassee,College of Engineering,College of Agriculture and Natural Resources,Scholarship,*,3263
FL,*,College of Engineering,College of Arts and Sciences,Scholarship,*,1292,,FL,Orlando,College of Engineering,College of Arts and Sciences,Scholarship,*,173
FL,*,College of Natural Science,College of Agriculture and Natural Resources,Scholarship,*,24393,,FL,Jacksonville,College of Natural Science,College of Agriculture and Natural Resources,Scholarship,*,1556
FL,*,College of Natural Science,College of Arts and Sciences,Scholarship,*,34809,,FL,Jacksonville,College of Natural Science,College of Arts and Sciences,Scholarship,*,1716
FL,*,College of Social Science,College of Natural Science,Scholarship,*,9996,,FL,Tallahassee,College of Social Science,College of Natural Science,Scholarship,*,794
FL,*,Diversity Fund,College of Natural Science,Endowment,*,37999,,FL,Tallahassee,Diversity Fund,College of Natural Science,Endowment,*,3549
FL,*,University Annual Fund,College of Natural Science,Endowment,*,55706,,FL,Tallahassee,University Annual Fund,College of Natural Science,Endowment,*,14125
FL,*,College of Political Science,College of Political Science,Scholarship,*,7895,,FL,Jacksonville,College of Political Science,College of Agriculture and Natural Resources,Scholarship,*,1587
FL,*,College of Political Science,College of Political Science,Scholarship,*,7895,,FL,Jacksonville,College of Political Science,College of Agriculture and Natural Resources,Scholarship,*,2265
FL,*,College of Social Science,Alumni Association,Campus Resource,*,11517,,FL,Orlando,College of Social Science,Alumni Association,Campus Resource,*,2512
FL,*,College of Social Science,College of Arts and Sciences,Scholarship,*,16084,,FL,Jacksonville,College of Social Science,College of Arts and Sciences,Scholarship,*,2128
FL,*,College of Social Science,College of Arts and Sciences,Scholarship,*,16084,,FL,Tallahassee,College of Social Science,College of Arts and Sciences,Scholarship,*,4048
FL,*,College of Social Science,College of Natural Science,Scholarship,*,8530,,FL,Tallahassee,College of Social Science,College of Natural Science,Scholarship,*,794
FL,*,College of Social Science,College of Social Science,Scholarship,*,19474,,FL,Jacksonville,College of Social Science,College of Arts and Sciences,Scholarship,*,2128
FL,*,College of Social Science,College of Social Science,Scholarship,*,19474,,FL,Miami,College of Social Science,College of Arts and Sciences,Scholarship,*,5715
FL,*,College of Social Science,College of Social Science,Scholarship,*,19474,,FL,Miami,College of Social Science,College of Agriculture and Natural Resources,Scholarship,*,5947
FL,*,College of Social Science,College of Social Science,Scholarship,*,19474,,FL,Miami,College of Social Science,College of Engineering,Scholarship,*,3326
FL,*,College of Social Science,College of Social Science,Scholarship,*,19474,,FL,Orlando,College of Social Science,College of Agriculture and Natural Resources,Scholarship,*,2877
FL,*,College of Social Science,College of Social Science,Scholarship,*,19474,,FL,Tallahassee,College of Social Science,College of Natural Science,Scholarship,*,794
FL,*,College of Social Science,College of Social Science,Scholarship,*,19474,,FL,Tallahassee,College of Social Science,College of Arts and Sciences,Scholarship,*,4048
FL,*,College of Social Science,College of Social Science,Scholarship,*,19474,,FL,Tallahassee,College of Social Science,In-State Scholarship Fund,Scholarship,*,3411
GA,*,College of Arts and Sciences,Diversity Fund,Endowment,*,10452,,GA,Savannah,College of Arts and Sciences,Diversity Fund,Endowment,*,728
GA,*,College of Engineering,College of Natural Science,Scholarship,*,20758,,GA,Savannah,College of Engineering,College of Natural Science,Scholarship,*,6133
GA,*,College of Natural Science,College of Natural Science,Scholarship,*,21075,,GA,Savannah,College of Natural Science,College of Social Science,Scholarship,*,3180
GA,*,Faculty Chair Endowments,College of Natural Science,Endowment,*,23937,,GA,Atlanta,Faculty Chair Endowments,College of Natural Science,Endowment,*,6891
GA,*,College of Social Science,College of Arts and Sciences,Scholarship,*,11822,,GA,Atlanta,College of Social Science,College of Arts and Sciences,Scholarship,*,784
GA,*,College of Social Science,College of Social Science,Scholarship,*,2797,,GA,Atlanta,College of Social Science,College of Arts and Sciences,Scholarship,*,784
IA,*,College of Social Science,College of Social Science,Scholarship,*,8789,,IA,Des Moines,College of Social Science,College of Agriculture and Natural Resources,Scholarship,*,1532
IL,*,College of Natural Science,College of Agriculture and Natural Resources,Scholarship,*,38934,,IL,Chicago,College of Natural Science,College of Agriculture and Natural Resources,Scholarship,*,319
IL,*,College of Natural Science,College of Agriculture and Natural Resources,Scholarship,*,38934,,IL,Naperville,College of Natural Science,College of Agriculture and Natural Resources,Scholarship,*,1780
IL,*,College of Arts and Sciences,College of Arts and Sciences,Scholarship,*,33140,,IL,Chicago,College of Arts and Sciences,College of Agriculture and Natural Resources,Scholarship,*,7950
IL,*,College of Arts and Sciences,College of Arts and Sciences,Scholarship,*,33140,,IL,Chicago,College of Arts and Sciences,College of Agriculture and Natural Resources,Scholarship,*,4296
IL,*,College of Arts and Sciences,College of Arts and Sciences,Scholarship,*,33140,,IL,Naperville,College of Arts and Sciences,College of Arts and Sciences,Scholarship,*,8685
IL,*,College of Arts and Sciences,College of Arts and Sciences,Scholarship,*,33140,,IL,Springfield,College of Arts and Sciences,College of Communication Arts and Sciences,Scholarship,*,8468
IL,*,College of Arts and Sciences,College of Arts and Sciences,Scholarship,*,33140,,IL,Springfield,College of Arts and Sciences,College of Engineering,Scholarship,*,9787
IL,*,College of Arts and Sciences,College of Arts and Sciences,Scholarship,*,33140,,IL,Springfield,College of Arts and Sciences,College of Social Science,Scholarship,*,2002
IL,*,College of Natural Science,College of Arts and Sciences,Scholarship,*,19926,,IL,Chicago,College of Natural Science,College of Arts and Sciences,Scholarship,*,2696
IL,*,College of Engineering,University Annual Fund,Endowment,*,18573,,IL,Chicago,College of Engineering,University Annual Fund,Endowment,*,3414
IL,*,College of Natural Science,College of Agriculture and Natural Resources,Scholarship,*,2099,,IL,Chicago,College of Natural Science,College of Agriculture and Natural Resources,Scholarship,*,319
IL,*,College of Natural Science,Faculty Chair Endowments,Endowment,*,9513,,IL,Naperville,College of Natural Science,Faculty Chair Endowments,Endowment,*,1503
IL,*,College of Natural Science,Trustees Fund,Endowment,*,11411,,IL,Chicago,College of Natural Science,Trustees Fund,Endowment,*,2741
IL,*,College of Social Science,College of Arts and Sciences,Scholarship,*,21343,,IL,Chicago,College of Social Science,College of Arts and Sciences,Scholarship,*,2747
IL,*,College of Social Science,College of Social Science,Scholarship,*,28291,,IL,Chicago,College of Social Science,College of Arts and Sciences,Scholarship,*,2747
IL,*,College of Social Science,College of Social Science,Scholarship,*,28291,,IL,Chicago,College of Social Science,College of Agriculture and Natural Resources,Scholarship,*,1384
IL,*,College of Social Science,College of Social Science,Scholarship,*,28291,,IL,Chicago,College of Social Science,College of Music,Scholarship,*,4777
IN,*,College of Natural Science,College of Natural Science,Scholarship,*,13198,,IN,Indianapolis,College of Natural Science,College of Communication Arts and Sciences,Scholarship,*,1567
KS,*,College of Agriculture and Natural Resources,College of Natural Science,Scholarship,*,30203,,KS,Wichita,College of Agriculture and Natural Resources,College of Natural Science,Scholarship,*,8941
KS,*,College of Agriculture and Natural Resources,Trustees Fund,Endowment,*,10131,,KS,Wichita,College of Agriculture and Natural Resources,Trustees Fund,Endowment,*,709
KS,*,College of Natural Science,College of Agriculture and Natural Resources,Scholarship,*,17456,,KS,Wichita,College of Natural Science,College of Agriculture and Natural Resources,Scholarship,*,4258
KS,*,College of Natural Science,College of Natural Science,Scholarship,*,14254,,KS,Overland Park,College of Natural Science,In-State Scholarship Fund,Scholarship,*,1434
KS,*,College of Natural Science,College of Natural Science,Scholarship,*,14254,,KS,Overland Park,College of Natural Science,Minority Scholarship Fund,Scholarship,*,2136
KS,*,College of Natural Science,College of Natural Science,Scholarship,*,14254,,KS,Wichita,College of Natural Science,College of Agriculture and Natural Resources,Scholarship,*,4258
KS,*,Trustees Fund,College of Natural Science,Endowment,*,17820,,KS,Wichita,Trustees Fund,College of Natural Science,Endowment,*,4897
KS,*,College of Social Science,College of Natural Science,Scholarship,*,14380,,KS,Wichita,College of Social Science,College of Natural Science,Scholarship,*,3691
KS,*,College of Social Science,Faculty Chair Endowments,Endowment,*,14343,,KS,Kansas City,College of Social Science,Faculty Chair Endowments,Endowment,*,3804
LA,*,College of Arts and Sciences,College of Arts and Sciences,Scholarship,*,5177,,LA,New Orleans,College of Arts and Sciences,Minority Scholarship Fund,Scholarship,*,946
LA,*,College of Social Science,College of Arts and Sciences,Scholarship,*,33871,,LA,Baton Rouge,College of Social Science,College of Arts and Sciences,Scholarship,*,9354
LA,*,College of Social Science,College of Arts and Sciences,Scholarship,*,33871,,LA,New Orleans,College of Social Science,College of Arts and Sciences,Scholarship,*,5890
LA,*,Diversity Fund,College of Arts and Sciences,Endowment,*,20514,,LA,Baton Rouge,Diversity Fund,College of Arts and Sciences,Endowment,*,6182
LA,*,College of Business,Faculty Chair Endowments,Endowment,*,30715,,LA,New Orleans,College of Business,Faculty Chair Endowments,Endowment,*,7610
MI,*,College of Veterinary Medicine,College of Agriculture and Natural Resources,Scholarship,*,9813,,MI,Lansing,College of Veterinary Medicine,College of Agriculture and Natural Resources,Scholarship,*,1767
MI,*,College of Arts and Sciences,College of Arts and Sciences,Scholarship,*,12731,,MI,Grand Rapids,College of Arts and Sciences,College of Business,Scholarship,*,3207
MI,*,College of Arts and Sciences,College of Arts and Sciences,Scholarship,*,12731,,MI,Lansing,College of Arts and Sciences,College of Arts and Sciences,Scholarship,*,3915
MI,*,College of Natural Science,College of Arts and Sciences,Scholarship,*,9457,,MI,Detroit,College of Natural Science,College of Arts and Sciences,Scholarship,*,2845
MI,*,College of Social Science,College of Arts and Sciences,Scholarship,*,6417,,MI,Lansing,College of Social Science,College of Arts and Sciences,Scholarship,*,313
MI,*,College of Natural Science,College of Natural Science,Scholarship,*,24613,,MI,Detroit,College of Natural Science,College of Agriculture and Natural Resources,Scholarship,*,7597
MI,*,College of Natural Science,College of Natural Science,Scholarship,*,24613,,MI,Detroit,College of Natural Science,College of Arts and Sciences,Scholarship,*,2845
MI,*,College of Natural Science,College of Natural Science,Scholarship,*,24613,,MI,Detroit,College of Natural Science,College of Music,Scholarship,*,8
MI,*,College of Natural Science,College of Natural Science,Scholarship,*,24613,,MI,Lansing,College of Natural Science,College of Arts and Sciences,Scholarship,*,6612
MI,*,College of Natural Science,College of Natural Science,Scholarship,*,24613,,MI,Lansing,College of Natural Science,College of Natural Science,Scholarship,*,5187
MI,*,College of Social Science,College of Natural Science,Scholarship,*,11874,,MI,Detroit,College of Social Science,College of Natural Science,Scholarship,*,3715
MI,*,College of Social Science,College of Natural Science,Scholarship,*,14690,,MI,Detroit,College of Social Science,College of Natural Science,Scholarship,*,3715
MI,*,College of Social Science,College of Natural Science,Scholarship,*,14690,,MI,Grand Rapids,College of Social Science,College of Natural Science,Scholarship,*,4022
MI,*,College of Social Science,Diversity Fund,Endowment,*,4353,,MI,Lansing,College of Social Science,Diversity Fund,Endowment,*,999
MN,*,College of Arts and Sciences,College of Arts and Sciences,Scholarship,*,8229,,MN,St. Paul,College of Arts and Sciences,College of Arts and Sciences,Scholarship,*,1667
MO,*,College of Agriculture and Natural Resources,College of Agriculture and Natural Resources,Scholarship,*,30718,,MO,St. Louis,College of Agriculture and Natural Resources,College of Arts and Sciences,Scholarship,*,1384
MO,*,College of Agriculture and Natural Resources,College of Agriculture and Natural Resources,Scholarship,*,30718,,MO,St. Louis,College of Agriculture and Natural Resources,College of Social Science,Scholarship,*,345
MO,*,College of Arts and Sciences,College of Agriculture and Natural Resources,Scholarship,*,25665,,MO,Kansas City,College of Arts and Sciences,College of Agriculture and Natural Resources,Scholarship,*,473
MO,*,College of Arts and Sciences,College of Agriculture and Natural Resources,Scholarship,*,25665,,MO,St. Louis,College of Arts and Sciences,College of Agriculture and Natural Resources,Scholarship,*,1858
MO,*,Faculty Chair Endowments,College of Agriculture and Natural Resources,Endowment,*,9968,,MO,Kansas City,Faculty Chair Endowments,College of Agriculture and Natural Resources,Endowment,*,383
MO,*,College of Arts and Sciences,College of Agriculture and Natural Resources,Scholarship,*,2331,,MO,Kansas City,College of Arts and Sciences,College of Agriculture and Natural Resources,Scholarship,*,473
MO,*,College of Arts and Sciences,College of Arts and Sciences,Scholarship,*,8227,,MO,Kansas City,College of Arts and Sciences,College of Agriculture and Natural Resources,Scholarship,*,473
MO,*,College of Arts and Sciences,College of Arts and Sciences,Scholarship,*,8227,,MO,St. Louis,College of Arts and Sciences,College of Agriculture and Natural Resources,Scholarship,*,1858
MO,*,College of Education,College of Agriculture and Natural Resources,Scholarship,*,8942,,MO,Kansas City,College of Education,College of Agriculture and Natural Resources,Scholarship,*,1818
MO,*,College of Natural Science,Campus Museums,Campus Resource,*,18717,,MO,St. Louis,College of Natural Science,Campus Museums,Campus Resource,*,3171
MO,*,College of Natural Science,College of Natural Science,Scholarship,*,237014,,MO,Kansas City,College of Natural Science,College of Agriculture and Natural Resources,Scholarship,*,12128
MO,*,College of Natural Science,College of Natural Science,Scholarship,*,237014,,MO,Kansas City,College of Natural Science,College of Music,Scholarship,*,6502
MO,*,College of Natural Science,College of Natural Science,Scholarship,*,237014,,MO,Kansas City,College of Natural Science,College of Natural Science,Scholarship,*,11171
MO,*,College of Natural Science,College of Natural Science,Scholarship,*,237014,,MO,St. Louis,College of Natural Science,College of Arts and Sciences,Scholarship,*,5581
MO,*,College of Natural Science,College of Natural Science,Scholarship,*,237014,,MO,St. Louis,College of Natural Science,College of Business,Scholarship,*,4266
MO,*,Honors Program,College of Natural Science,Campus Resource,*,7201,,MO,Kansas City,Honors Program,College of Natural Science,Campus Resource,*,1006
NC,*,College of Agriculture and Natural Resources,Campus Recreation,Campus Resource,*,12645,,NC,Charlotte,College of Agriculture and Natural Resources,Campus Recreation,Campus Resource,*,2717
NC,*,College of Engineering,Trustees Fund,Endowment,*,6466,,NC,Charlotte,College of Engineering,Trustees Fund,Endowment,*,103
NC,*,College of Natural Science,Alumni Association,Campus Resource,*,24734,,NC,Durham,College of Natural Science,Alumni Association,Campus Resource,*,6378
NC,*,College of Natural Science,College of Arts and Sciences,Scholarship,*,8327,,NC,Raleigh,College of Natural Science,College of Arts and Sciences,Scholarship,*,2313
NC,*,College of Natural Science,Faculty Chair Endowments,Endowment,*,28295,,NC,Durham,College of Natural Science,Faculty Chair Endowments,Endowment,*,9410
NC,*,College of Natural Science,Minority Scholarship Fund,Scholarship,*,24429,,NC,Raleigh,College of Natural Science,Minority Scholarship Fund,Scholarship,*,2319
NC,*,College of Social Science,College of Social Science,Scholarship,*,3478,,NC,Raleigh,College of Social Science,College of Natural Science,Scholarship,*,584
NE,*,College of Music,In-State Scholarship Fund,Scholarship,*,7055,,NE,Lincoln,College of Music,In-State Scholarship Fund,Scholarship,*,150
NE,*,College of Natural Science,College of Agriculture and Natural Resources,Scholarship,*,8555,,NE,Omaha,College of Natural Science,College of Agriculture and Natural Resources,Scholarship,*,2209
NE,*,College of Social Science,Trustees Fund,Endowment,*,6412,,NE,Omaha,College of Social Science,Trustees Fund,Endowment,*,572
NE,*,College of Social Science,University Annual Fund,Endowment,*,54172,,NE,Lincoln,College of Social Science,University Annual Fund,Endowment,*,7931
NV,*,College of Natural Science,College of Natural Science,Scholarship,*,7647,,NV,Henderson,College of Natural Science,College of Communication Arts and Sciences,Scholarship,*,1300
NV,*,College of Social Science,College of Natural Science,Scholarship,*,11469,,NV,Henderson,College of Social Science,College of Natural Science,Scholarship,*,2966
NY,*,College of Agriculture and Natural Resources,Athletics,Campus Resource,*,23040,,NY,Syracuse,College of Agriculture and Natural Resources,Athletics,Campus Resource,*,1920
NY,*,College of Agriculture and Natural Resources,College of Social Science,Scholarship,*,18329,,NY,Syracuse,College of Agriculture and Natural Resources,College of Social Science,Scholarship,*,5840
NY,*,College of Agriculture and Natural Resources,Faculty Chair Endowments,Endowment,*,22942,,NY,Syracuse,College of Agriculture and Natural Resources,Faculty Chair Endowments,Endowment,*,6862
NY,*,College of Arts and Sciences,College of Arts and Sciences,Scholarship,*,16563,,NY,Rochester,College of Arts and Sciences,College of Agriculture and Natural Resources,Scholarship,*,3496
NY,*,College of Natural Science,College of Arts and Sciences,Scholarship,*,57292,,NY,Syracuse,College of Natural Science,College of Arts and Sciences,Scholarship,*,3896
NY,*,Faculty Chair Endowments,College of Arts and Sciences,Endowment,*,20057,,NY,New York,Faculty Chair Endowments,College of Arts and Sciences,Endowment,*,4727
NY,*,University Annual Fund,College of Arts and Sciences,Endowment,*,44544,,NY,New York,University Annual Fund,College of Arts and Sciences,Endowment,*,14131
NY,*,College of Business,College of Arts and Sciences,Scholarship,*,33322,,NY,Rochester,College of Business,College of Arts and Sciences,Scholarship,*,7753
NY,*,College of Natural Science,College of Natural Science,Scholarship,*,22336,,NY,New York,College of Natural Science,College of Agriculture and Natural Resources,Scholarship,*,5992
NY,*,College of Natural Science,College of Natural Science,Scholarship,*,22336,,NY,New York,College of Natural Science,College of Business,Scholarship,*,6481
NY,*,College of Natural Science,College of Natural Science,Scholarship,*,22336,,NY,Syracuse,College of Natural Science,College of Arts and Sciences,Scholarship,*,3896
NY,*,College of Natural Science,College of Natural Science,Scholarship,*,22336,,NY,Syracuse,College of Natural Science,In-State Scholarship Fund,Scholarship,*,5656
NY,*,College of Natural Science,College of Natural Science,Scholarship,*,22336,,NY,Syracuse,College of Natural Science,Minority Scholarship Fund,Scholarship,*,1812
NY,*,College of Natural Science,College of Natural Science,Scholarship,*,22336,,NY,Syracuse,College of Natural Science,College of Social Science,Scholarship,*,6032
NY,*,College of Political Science,College of Social Science,Scholarship,*,11845,,NY,New York,College of Political Science,College of Social Science,Scholarship,*,2921
NY,*,College of Social Science,College of Arts and Sciences,Scholarship,*,6847,,NY,New York,College of Social Science,College of Arts and Sciences,Scholarship,*,1562
NY,*,College of Social Science,College of Social Science,Scholarship,*,6768,,NY,New York,College of Social Science,College of Arts and Sciences,Scholarship,*,1562
NY,*,University Annual Fund,College of Social Science,Endowment,*,34316,,NY,Syracuse,University Annual Fund,College of Social Science,Endowment,*,2464
OH,*,College of Business,College of Arts and Sciences,Scholarship,*,11515,,OH,Cleveland,College of Business,College of Arts and Sciences,Scholarship,*,1001
OH,*,College of Social Science,College of Arts and Sciences,Scholarship,*,36410,,OH,Cleveland,College of Social Science,College of Arts and Sciences,Scholarship,*,8712
OH,*,College of Business,College of Arts and Sciences,Scholarship,*,6460,,OH,Cleveland,College of Business,College of Arts and Sciences,Scholarship,*,1001
OH,*,College of Natural Science,Alumni Association,Campus Resource,*,9593,,OH,Cincinnati,College of Natural Science,Alumni Association,Campus Resource,*,91
OH,*,College of Natural Science,College of Natural Science,Scholarship,*,23572,,OH,Cincinnati,College of Natural Science,College of Engineering,Scholarship,*,7374
OH,*,College of Natural Science,College of Natural Science,Scholarship,*,23572,,OH,Cincinnati,College of Natural Science,College of Agriculture and Natural Resources,Scholarship,*,6195
OK,*,College of Business,College of Arts and Sciences,Scholarship,*,6763,,OK,Oklahoma City,College of Business,College of Arts and Sciences,Scholarship,*,862
OK,*,College of Business,College of Business,Scholarship,*,8182,,OK,Oklahoma City,College of Business,College of Arts and Sciences,Scholarship,*,862
OK,*,College of Natural Science,College of Natural Science,Scholarship,*,19514,,OK,Oklahoma City,College of Natural Science,College of Agriculture and Natural Resources,Scholarship,*,3349
OK,*,College of Natural Science,College of Natural Science,Scholarship,*,19514,,OK,Tulsa,College of Natural Science,College of Music,Scholarship,*,6028
OR,*,College of Arts and Sciences,University Annual Fund,Endowment,*,13423,,OR,Salem,College of Arts and Sciences,University Annual Fund,Endowment,*,3793
OR,*,College of Natural Science,Campus Museums,Campus Resource,*,11950,,OR,Portland,College of Natural Science,Campus Museums,Campus Resource,*,1395
OR,*,College of Natural Science,College of Social Science,Scholarship,*,12265,,OR,Salem,College of Natural Science,College of Social Science,Scholarship,*,2820
OR,*,College of Political Science,University Annual Fund,Endowment,*,14168,,OR,Salem,College of Political Science,University Annual Fund,Endowment,*,4340
PA,*,College of Arts and Sciences,Faculty Chair Endowments,Endowment,*,10113,,PA,Pittsburgh,College of Arts and Sciences,Faculty Chair Endowments,Endowment,*,1325
PA,*,College of Arts and Sciences,Parents Association,Campus Resource,*,9926,,PA,Philadelphia,College of Arts and Sciences,Parents Association,Campus Resource,*,2800
PA,*,College of Education,Faculty Chair Endowments,Endowment,*,12658,,PA,Philadelphia,College of Education,Faculty Chair Endowments,Endowment,*,3135
RI,*,College of Education,College of Arts and Sciences,Scholarship,*,7456,,RI,Providence,College of Education,College of Arts and Sciences,Scholarship,*,2192
RI,*,College of Social Science,College of Arts and Sciences,Scholarship,*,18420,,RI,Providence,College of Social Science,College of Arts and Sciences,Scholarship,*,3141
SC,*,College of Agriculture and Natural Resources,College of Agriculture and Natural Resources,Scholarship,*,13063,,SC,Columbia,College of Agriculture and Natural Resources,In-State Scholarship Fund,Scholarship,*,3648
SC,*,College of Natural Science,College of Natural Science,Scholarship,*,9094,,SC,Charleston,College of Natural Science,College of Arts and Sciences,Scholarship,*,2960
TN,*,Trustees Fund,College of Agriculture and Natural Resources,Endowment,*,10395,,TN,Memphis,Trustees Fund,College of Agriculture and Natural Resources,Endowment,*,1440
TN,*,College of Arts and Sciences,Campus Museums,Campus Resource,*,18382,,TN,Knoxville,College of Arts and Sciences,Campus Museums,Campus Resource,*,3897
TN,*,College of Arts and Sciences,College of Agriculture and Natural Resources,Scholarship,*,20085,,TN,Memphis,College of Arts and Sciences,College of Agriculture and Natural Resources,Scholarship,*,3734
TN,*,College of Arts and Sciences,College of Agriculture and Natural Resources,Scholarship,*,20085,,TN,Nashville,College of Arts and Sciences,College of Agriculture and Natural Resources,Scholarship,*,3870
TN,*,College of Natural Science,College of Political Science,Scholarship,*,16816,,TN,Nashville,College of Natural Science,College of Political Science,Scholarship,*,4105
TN,*,College of Natural Science,Diversity Fund,Endowment,*,22406,,TN,Nashville,College of Natural Science,Diversity Fund,Endowment,*,4877
TN,*,College of Natural Science,University Annual Fund,Endowment,*,3984,,TN,Knoxville,College of Natural Science,University Annual Fund,Endowment,*,78
TN,*,College of Natural Science,University Libraries,Campus Resource,*,28639,,TN,Knoxville,College of Natural Science,University Libraries,Campus Resource,*,9367
TN,*,College of Social Science,College of Natural Science,Scholarship,*,11525,,TN,Memphis,College of Social Science,College of Natural Science,Scholarship,*,2405
TN,*,College of Social Science,Diversity Fund,Endowment,*,17277,,TN,Knoxville,College of Social Science,Diversity Fund,Endowment,*,1577
TX,*,College of Agriculture and Natural Resources,Campus Museums,Campus Resource,*,4202,,TX,El Paso,College of Agriculture and Natural Resources,Campus Museums,Campus Resource,*,290
TX,*,College of Agriculture and Natural Resources,College of Arts and Sciences,Scholarship,*,28650,,TX,Dallas,College of Agriculture and Natural Resources,College of Arts and Sciences,Scholarship,*,9518
TX,*,College of Agriculture and Natural Resources,Faculty Chair Endowments,Endowment,*,35619,,TX,Amarillo,College of Agriculture and Natural Resources,Faculty Chair Endowments,Endowment,*,6966
TX,*,College of Agriculture and Natural Resources,Faculty Chair Endowments,Endowment,*,35619,,TX,Austin,College of Agriculture and Natural Resources,Faculty Chair Endowments,Endowment,*,6979
TX,*,College of Agriculture and Natural Resources,Faculty Chair Endowments,Endowment,*,35619,,TX,Houston,College of Agriculture and Natural Resources,Faculty Chair Endowments,Endowment,*,8262
TX,*,College of Agriculture and Natural Resources,Trustees Fund,Endowment,*,43614,,TX,Amarillo,College of Agriculture and Natural Resources,Trustees Fund,Endowment,*,9819
TX,*,College of Agriculture and Natural Resources,Trustees Fund,Endowment,*,43614,,TX,Houston,College of Agriculture and Natural Resources,Trustees Fund,Endowment,*,11042
TX,*,College of Agriculture and Natural Resources,University Annual Fund,Endowment,*,1966,,TX,Amarillo,College of Agriculture and Natural Resources,University Annual Fund,Endowment,*,645
TX,*,College of Arts and Sciences,College of Agriculture and Natural Resources,Scholarship,*,26968,,TX,Dallas,College of Arts and Sciences,College of Agriculture and Natural Resources,Scholarship,*,5114
TX,*,College of Arts and Sciences,College of Agriculture and Natural Resources,Scholarship,*,26968,,TX,Houston,College of Arts and Sciences,College of Agriculture and Natural Resources,Scholarship,*,3793
TX,*,College of Arts and Sciences,College of Arts and Sciences,Scholarship,*,25980,,TX,Amarillo,College of Arts and Sciences,College of Music,Scholarship,*,2372
TX,*,College of Arts and Sciences,College of Arts and Sciences,Scholarship,*,25980,,TX,Amarillo,College of Arts and Sciences,College of Natural Science,Scholarship,*,1207
TX,*,College of Arts and Sciences,College of Arts and Sciences,Scholarship,*,25980,,TX,Amarillo,College of Arts and Sciences,Minority Scholarship Fund,Scholarship,*,1634
TX,*,College of Arts and Sciences,College of Arts and Sciences,Scholarship,*,25980,,TX,Austin,College of Arts and Sciences,College of Natural Science,Scholarship,*,1128
TX,*,College of Arts and Sciences,College of Arts and Sciences,Scholarship,*,25980,,TX,Dallas,College of Arts and Sciences,College of Agriculture and Natural Resources,Scholarship,*,5114
TX,*,College of Arts and Sciences,College of Arts and Sciences,Scholarship,*,25980,,TX,Houston,College of Arts and Sciences,College of Agriculture and Natural Resources,Scholarship,*,3793
TX,*,College of Arts and Sciences,College of Arts and Sciences,Scholarship,*,25980,,TX,San Antonio,College of Arts and Sciences,College of Arts and Sciences,Scholarship,*,3903
TX,*,College of Natural Science,College of Arts and Sciences,Scholarship,*,17978,,TX,Houston,College of Natural Science,College of Arts and Sciences,Scholarship,*,892
TX,*,College of Natural Science,College of Arts and Sciences,Scholarship,*,17978,,TX,San Antonio,College of Natural Science,College of Arts and Sciences,Scholarship,*,5020
TX,*,College of Social Science,College of Arts and Sciences,Scholarship,*,9015,,TX,Austin,College of Social Science,College of Arts and Sciences,Scholarship,*,2413
TX,*,College of Social Science,College of Arts and Sciences,Scholarship,*,9015,,TX,Dallas,College of Social Science,College of Arts and Sciences,Scholarship,*,109
TX,*,Faculty Chair Endowments,College of Arts and Sciences,Endowment,*,40626,,TX,Houston,Faculty Chair Endowments,College of Arts and Sciences,Endowment,*,9634
TX,*,Faculty Chair Endowments,College of Arts and Sciences,Endowment,*,40626,,TX,San Antonio,Faculty Chair Endowments,College of Arts and Sciences,Endowment,*,4078
TX,*,Honors Program,College of Arts and Sciences,Campus Resource,*,52902,,TX,Dallas,Honors Program,College of Arts and Sciences,Campus Resource,*,11446
TX,*,Honors Program,College of Arts and Sciences,Campus Resource,*,52902,,TX,San Antonio,Honors Program,College of Arts and Sciences,Campus Resource,*,169
TX,*,In-State Scholarship Fund,College of Arts and Sciences,Scholarship,*,26287,,TX,Houston,In-State Scholarship Fund,College of Arts and Sciences,Scholarship,*,8282
TX,*,In-State Scholarship Fund,College of Arts and Sciences,Scholarship,*,26287,,TX,San Antonio,In-State Scholarship Fund,College of Arts and Sciences,Scholarship,*,8015
TX,*,College of Business,College of Business,Scholarship,*,6051,,TX,Dallas,College of Business,College of Agriculture and Natural Resources,Scholarship,*,1757
TX,*,College of Business,College of Business,Scholarship,*,6051,,TX,Houston,College of Business,College of Agriculture and Natural Resources,Scholarship,*,2015
TX,*,Diversity Fund,College of Business,Endowment,*,18002,,TX,Dallas,Diversity Fund,College of Business,Endowment,*,3861
TX,*,College of Education,College of Social Science,Scholarship,*,11194,,TX,San Antonio,College of Education,College of Social Science,Scholarship,*,2070
TX,*,College of Natural Science,Campus Museums,Campus Resource,*,21262,,TX,El Paso,College of Natural Science,Campus Museums,Campus Resource,*,4649
TX,*,College of Natural Science,Campus Recreation,Campus Resource,*,62125,,TX,San Antonio,College of Natural Science,Campus Recreation,Campus Resource,*,11162
TX,*,College of Natural Science,College of Agriculture and Natural Resources,Scholarship,*,46831,,TX,Dallas,College of Natural Science,College of Agriculture and Natural Resources,Scholarship,*,13614
TX,*,College of Natural Science,College of Agriculture and Natural Resources,Scholarship,*,46831,,TX,El Paso,College of Natural Science,College of Agriculture and Natural Resources,Scholarship,*,11076
TX,*,College of Natural Science,College of Arts and Sciences,Scholarship,*,28821,,TX,Dallas,College of Natural Science,College of Arts and Sciences,Scholarship,*,9379
TX,*,College of Natural Science,College of Arts and Sciences,Scholarship,*,28821,,TX,Houston,College of Natural Science,College of Arts and Sciences,Scholarship,*,892
TX,*,College of Natural Science,College of Arts and Sciences,Scholarship,*,28821,,TX,San Antonio,College of Natural Science,College of Arts and Sciences,Scholarship,*,5020
TX,*,College of Natural Science,College of Education,Scholarship,*,14428,,TX,El Paso,College of Natural Science,College of Education,Scholarship,*,4251
TX,*,College of Natural Science,College of Engineering,Scholarship,*,21092,,TX,Dallas,College of Natural Science,College of Engineering,Scholarship,*,5456
TX,*,College of Natural Science,College of Natural Science,Scholarship,*,21865,,TX,Amarillo,College of Natural Science,In-State Scholarship Fund,Scholarship,*,4784
TX,*,College of Natural Science,College of Natural Science,Scholarship,*,21865,,TX,Austin,College of Natural Science,College of Natural Science,Scholarship,*,2489
TX,*,College of Natural Science,College of Natural Science,Scholarship,*,21865,,TX,Dallas,College of Natural Science,College of Business,Scholarship,*,5510
TX,*,College of Natural Science,College of Natural Science,Scholarship,*,21865,,TX,Dallas,College of Natural Science,College of Engineering,Scholarship,*,5456
TX,*,College of Natural Science,College of Natural Science,Scholarship,*,21865,,TX,Dallas,College of Natural Science,College of Natural Science,Scholarship,*,338
TX,*,College of Natural Science,College of Natural Science,Scholarship,*,21865,,TX,El Paso,College of Natural Science,College of Education,Scholarship,*,4251
TX,*,College of Natural Science,College of Natural Science,Scholarship,*,21865,,TX,Houston,College of Natural Science,College of Arts and Sciences,Scholarship,*,892
TX,*,College of Natural Science,College of Natural Science,Scholarship,*,21865,,TX,San Antonio,College of Natural Science,College of Arts and Sciences,Scholarship,*,5020
TX,*,College of Natural Science,College of Natural Science,Scholarship,*,21865,,TX,San Antonio,College of Natural Science,In-State Scholarship Fund,Scholarship,*,2798
TX,*,College of Political Science,College of Natural Science,Scholarship,*,2684,,TX,El Paso,College of Political Science,College of Natural Science,Scholarship,*,724
TX,*,College of Social Science,College of Natural Science,Scholarship,*,17582,,TX,Houston,College of Social Science,College of Natural Science,Scholarship,*,4359
TX,*,Diversity Fund,College of Natural Science,Endowment,*,69792,,TX,Austin,Diversity Fund,College of Natural Science,Endowment,*,13157
TX,*,Diversity Fund,College of Natural Science,Endowment,*,69792,,TX,Dallas,Diversity Fund,College of Natural Science,Endowment,*,7209
TX,*,Faculty Chair Endowments,College of Natural Science,Endowment,*,12536,,TX,El Paso,Faculty Chair Endowments,College of Natural Science,Endowment,*,724
TX,*,Faculty Chair Endowments,College of Natural Science,Endowment,*,12536,,TX,Houston,Faculty Chair Endowments,College of Natural Science,Endowment,*,582
TX,*,In-State Scholarship Fund,College of Natural Science,Scholarship,*,17179,,TX,Dallas,In-State Scholarship Fund,College of Natural Science,Scholarship,*,2031
TX,*,In-State Scholarship Fund,College of Natural Science,Scholarship,*,17179,,TX,El Paso,In-State Scholarship Fund,College of Natural Science,Scholarship,*,1848
TX,*,In-State Scholarship Fund,College of Natural Science,Scholarship,*,17179,,TX,Houston,In-State Scholarship Fund,College of Natural Science,Scholarship,*,5718
TX,*,Parents Association,College of Natural Science,Campus Resource,*,28801,,TX,Dallas,Parents Association,College of Natural Science,Campus Resource,*,9584
TX,*,Parents Association,College of Natural Science,Campus Resource,*,28801,,TX,Houston,Parents Association,College of Natural Science,Campus Resource,*,9434
TX,*,Trustees Fund,College of Natural Science,Endowment,*,60351,,TX,Dallas,Trustees Fund,College of Natural Science,Endowment,*,10677
TX,*,Trustees Fund,College of Natural Science,Endowment,*,60351,,TX,El Paso,Trustees Fund,College of Natural Science,Endowment,*,9145
TX,*,Trustees Fund,College of Natural Science,Endowment,*,60351,,TX,Houston,Trustees Fund,College of Natural Science,Endowment,*,5717
TX,*,University Annual Fund,College of Natural Science,Endowment,*,51158,,TX,Austin,University Annual Fund,College of Natural Science,Endowment,*,7234
TX,*,University Annual Fund,College of Natural Science,Endowment,*,51158,,TX,Dallas,University Annual Fund,College of Natural Science,Endowment,*,7755
TX,*,University Annual Fund,College of Natural Science,Endowment,*,51158,,TX,El Paso,University Annual Fund,College of Natural Science,Endowment,*,6325
TX,*,University Libraries,College of Natural Science,Campus Resource,*,27166,,TX,Austin,University Libraries,College of Natural Science,Campus Resource,*,1885
TX,*,University Libraries,College of Natural Science,Campus Resource,*,27166,,TX,El Paso,University Libraries,College of Natural Science,Campus Resource,*,8257
TX,*,University Libraries,College of Natural Science,Campus Resource,*,27166,,TX,Houston,University Libraries,College of Natural Science,Campus Resource,*,1010
TX,*,College of Political Science,College of Engineering,Scholarship,*,10552,,TX,Houston,College of Political Science,College of Engineering,Scholarship,*,464
TX,*,College of Political Science,College of Natural Science,Scholarship,*,15309,,TX,El Paso,College of Political Science,College of Natural Science,Scholarship,*,724
TX,*,College of Political Science,College of Natural Science,Scholarship,*,15309,,TX,Houston,College of Political Science,College of Natural Science,Scholarship,*,1960
TX,*,College of Political Science,College of Political Science,Scholarship,*,4321,,TX,El Paso,College of Political Science,College of Natural Science,Scholarship,*,724
TX,*,College of Political Science,College of Political Science,Scholarship,*,4321,,TX,Houston,College of Political Science,College of Engineering,Scholarship,*,464
TX,*,College of Social Science,College of Arts and Sciences,Scholarship,*,12792,,TX,Austin,College of Social Science,College of Arts and Sciences,Scholarship,*,2413
TX,*,College of Social Science,College of Arts and Sciences,Scholarship,*,12792,,TX,Dallas,College of Social Science,College of Arts and Sciences,Scholarship,*,109
TX,*,College of Social Science,College of Natural Science,Scholarship,*,37691,,TX,Dallas,College of Social Science,College of Natural Science,Scholarship,*,7263
TX,*,College of Social Science,College of Natural Science,Scholarship,*,37691,,TX,Houston,College of Social Science,College of Natural Science,Scholarship,*,4359
TX,*,College of Social Science,College of Social Science,Scholarship,*,15357,,TX,Austin,College of Social Science,College of Arts and Sciences,Scholarship,*,2413
TX,*,College of Social Science,College of Social Science,Scholarship,*,15357,,TX,Dallas,College of Social Science,College of Arts and Sciences,Scholarship,*,109
TX,*,College of Social Science,College of Social Science,Scholarship,*,15357,,TX,Dallas,College of Social Science,College of Arts and Sciences,Scholarship,*,4328
TX,*,College of Social Science,College of Social Science,Scholarship,*,15357,,TX,Houston,College of Social Science,College of Natural Science,Scholarship,*,4359
TX,*,College of Social Science,College of Social Science,Scholarship,*,15357,,TX,Houston,College of Social Science,Minority Scholarship Fund,Scholarship,*,4359
TX,*,University Libraries,College of Social Science,Campus Resource,*,28391,,TX,Dallas,University Libraries,College of Social Science,Campus Resource,*,7118
UT,*,College of Natural Science,College of Arts and Sciences,Scholarship,*,20312,,UT,West Valley City,College of Natural Science,College of Arts and Sciences,Scholarship,*,428
UT,*,College of Natural Science,College of Natural Science,Scholarship,*,7327,,UT,West Valley City,College of Natural Science,College of Arts and Sciences,Scholarship,*,428
UT,*,College of Social Science,College of Natural Science,Scholarship,*,9864,,UT,Provo,College of Social Science,College of Natural Science,Scholarship,*,2264
UT,*,College of Social Science,College of Natural Science,Scholarship,*,9864,,UT,Salt Lake City,College of Social Science,College of Natural Science,Scholarship,*,2727
UT,*,College of Social Science,University Annual Fund,Endowment,*,26219,,UT,Provo,College of Social Science,University Annual Fund,Endowment,*,3478
UT,*,College of Social Science,University Annual Fund,Endowment,*,26219,,UT,Salt Lake City,College of Social Science,University Annual Fund,Endowment,*,7664
VA,*,College of Agriculture and Natural Resources,Campus Recreation,Campus Resource,*,13176,,VA,Alexandria,College of Agriculture and Natural Resources,Campus Recreation,Campus Resource,*,2449
VA,*,College of Education,College of Agriculture and Natural Resources,Scholarship,*,14000,,VA,Alexandria,College of Education,College of Agriculture and Natural Resources,Scholarship,*,543
VA,*,College of Natural Science,College of Agriculture and Natural Resources,Scholarship,*,16274,,VA,Alexandria,College of Natural Science,College of Agriculture and Natural Resources,Scholarship,*,2449
VA,*,Faculty Chair Endowments,College of Arts and Sciences,Endowment,*,5180,,VA,Alexandria,Faculty Chair Endowments,College of Arts and Sciences,Endowment,*,1146
VA,*,Trustees Fund,College of Arts and Sciences,Endowment,*,9427,,VA,Richmond,Trustees Fund,College of Arts and Sciences,Endowment,*,361
VA,*,University Annual Fund,College of Arts and Sciences,Endowment,*,15327,,VA,Richmond,University Annual Fund,College of Arts and Sciences,Endowment,*,3473
VA,*,College of Engineering,College of Engineering,Scholarship,*,6980,,VA,Alexandria,College of Engineering,In-State Scholarship Fund,Scholarship,*,91
VA,*,College of Natural Science,College of Arts and Sciences,Scholarship,*,17741,,VA,Alexandria,College of Natural Science,College of Arts and Sciences,Scholarship,*,4999
VA,*,College of Natural Science,College of Natural Science,Scholarship,*,12872,,VA,Alexandria,College of Natural Science,College of Agriculture and Natural Resources,Scholarship,*,2449
VA,*,College of Natural Science,College of Natural Science,Scholarship,*,12872,,VA,Alexandria,College of Natural Science,College of Social Science,Scholarship,*,3281
VA,*,College of Social Science,College of Natural Science,Scholarship,*,3754,,VA,Richmond,College of Social Science,College of Natural Science,Scholarship,*,473
VA,*,College of Political Science,Trustees Fund,Endowment,*,12686,,VA,Alexandria,College of Political Science,Trustees Fund,Endowment,*,2130
VA,*,College of Social Science,College of Social Science,Scholarship,*,7804,,VA,Richmond,College of Social Science,College of Natural Science,Scholarship,*,473
VA,*,College of Social Science,College of Social Science,Scholarship,*,7804,,VA,Richmond,College of Social Science,College of Agriculture and Natural Resources,Scholarship,*,1198
VA,*,Diversity Fund,College of Social Science,Endowment,*,8669,,VA,Richmond,Diversity Fund,College of Social Science,Endowment,*,2439
WA,*,College of Agriculture and Natural Resources,Campus Recreation,Campus Resource,*,21136,,WA,Seattle,College of Agriculture and Natural Resources,Campus Recreation,Campus Resource,*,6067
WA,*,College of Agriculture and Natural Resources,College of Agriculture and Natural Resources,Scholarship,*,10722,,WA,Spokane,College of Agriculture and Natural Resources,College of Music,Scholarship,*,669
WA,*,College of Communication Arts and Sciences,College of Agriculture and Natural Resources,Scholarship,*,6444,,WA,Seattle,College of Communication Arts and Sciences,College of Agriculture and Natural Resources,Scholarship,*,650
WA,*,College of Natural Science,College of Agriculture and Natural Resources,Scholarship,*,15124,,WA,Seattle,College of Natural Science,College of Agriculture and Natural Resources,Scholarship,*,2585
WA,*,College of Social Science,College of Natural Science,Scholarship,*,12502,,WA,Seattle,College of Social Science,College of Natural Science,Scholarship,*,3547
WA,*,Parents Association,College of Natural Science,Campus Resource,*,9834,,WA,Seattle,Parents Association,College of Natural Science,Campus Resource,*,2646
WA,*,Trustees Fund,College of Natural Science,Endowment,*,7941,,WA,Seattle,Trustees Fund,College of Natural Science,Endowment,*,2592
WA,*,College of Social Science,College of Arts and Sciences,Scholarship,*,37302,,WA,Seattle,College of Social Science,College of Arts and Sciences,Scholarship,*,10342
WA,*,College of Social Science,College of Arts and Sciences,Scholarship,*,37302,,WA,Seattle,College of Social Science,College of Arts and Sciences,Scholarship,*,8394
WI,*,College of Arts and Sciences,University Libraries,Campus Resource,*,11718,,WI,Milwaukee,College of Arts and Sciences,University Libraries,Campus Resource,*,1879
WI,*,College of Social Science,Diversity Fund,Endowment,*,4470,,WI,Madison,College of Social Science,Diversity Fund,Endowment,*,453
