AZ,*,College of Agriculture and Natural Resources,*,*,Interior Design,13810,,AZ,Phoenix,College of Agriculture and Natural Resources,*,*,Interior Design,2206
AZ,*,College of Agriculture and Natural Resources,*,*,Landscape Architecture,13553,,AZ,Phoenix,College of Agriculture and Natural Resources,*,*,Landscape Architecture,334
AZ,*,College of Arts and Sciences,*,*,German,14620,,AZ,Scottsdale,College of Arts and Sciences,*,*,German,4635
AZ,*,College of Arts and Sciences,*,*,Women's and Gender Studies,17224,,AZ,Tucson,College of Arts and Sciences,*,*,Women's and Gender Studies,2731
AZ,*,College of Education,*,*,Kinesiology,19780,,AZ,Tucson,College of Education,*,*,Kinesiology,4792
AZ,*,College of Engineering,*,*,Materials Science and Engineering,28331,,AZ,Scottsdale,College of Engineering,*,*,Materials Science and Engineering,6166
AZ,*,College of Music,*,*,Music,16929,,AZ,Tucson,College of Music,*,*,Music,1858
AZ,*,College of Natural Science,*,*,Biochemistry and Molecular Biology/Biotechnology,34335,,AZ,Phoenix,College of Natural Science,*,*,Biochemistry and Molecular Biology/Biotechnology,5661
AZ,*,College of Natural Science,*,*,Earth Science Interdepartmental,9113,,AZ,Tucson,College of Natural Science,*,*,Earth Science Interdepartmental,2965
AZ,*,College of Natural Science,*,*,Plant Biology,6106,,AZ,Phoenix,College of Natural Science,*,*,Plant Biology,486
AZ,*,College of Natural Science,*,*,Preoptometry,21655,,AZ,Phoenix,College of Natural Science,*,*,Preoptometry,6795
AZ,*,College of Political Science,*,*,Social Relations and Policy,12446,,AZ,Phoenix,College of Political Science,*,*,Social Relations and Policy,82
AZ,*,College of Social Science,*,*,Political Science,21232,,AZ,Phoenix,College of Social Science,*,*,Political Science,5189
AZ,*,College of Social Science,*,*,Urban and Regional Planning,20333,,AZ,Mesa,College of Social Science,*,*,Urban and Regional Planning,6165
CA,*,College of Agriculture and Natural Resources,*,*,Agriculture and Natural Resources-No Preference,9592,,CA,San Francisco,College of Agriculture and Natural Resources,*,*,Agriculture and Natural Resources-No Preference,2869
CA,*,College of Agriculture and Natural Resources,*,*,Entomology,17394,,CA,San Diego,College of Agriculture and Natural Resources,*,*,Entomology,5353
CA,*,College of Agriculture and Natural Resources,*,*,Environmental Economics and Policy,47820,,CA,Anaheim,College of Agriculture and Natural Resources,*,*,Environmental Economics and Policy,6156
CA,*,College of Agriculture and Natural Resources,*,*,Food Science,19595,,CA,San Francisco,College of Agriculture and Natural Resources,*,*,Food Science,6083
CA,*,College of Agriculture and Natural Resources,*,*,Interior Design,18779,,CA,Sacramento,College of Agriculture and Natural Resources,*,*,Interior Design,4558
CA,*,College of Agriculture and Natural Resources,*,*,Landscape Architecture,29079,,CA,San Francisco,College of Agriculture and Natural Resources,*,*,Landscape Architecture,5406
CA,*,College of Agriculture and Natural Resources,*,*,Natural Resource Recreation and Tourism,80434,,CA,Los Angeles,College of Agriculture and Natural Resources,*,*,Natural Resource Recreation and Tourism,14552
CA,*,College of Agriculture and Natural Resources,*,*,Natural Resource Recreation and Tourism,80434,,CA,San Diego,College of Agriculture and Natural Resources,*,*,Natural Resource Recreation and Tourism,3219
CA,*,College of Agriculture and Natural Resources,*,*,Natural Resource Recreation and Tourism,80434,,CA,San Francisco,College of Agriculture and Natural Resources,*,*,Natural Resource Recreation and Tourism,6032
CA,*,College of Arts and Sciences,*,*,Apparel and Textile Design,52955,,CA,San Francisco,College of Arts and Sciences,*,*,Apparel and Textile Design,14010
CA,*,College of Arts and Sciences,*,*,Arabic,38079,,CA,San Diego,College of Arts and Sciences,*,*,Arabic,5629
CA,*,College of Arts and Sciences,*,*,Art Education,20335,,CA,Los Angeles,College of Arts and Sciences,*,*,Art Education,1571
CA,*,College of Arts and Sciences,*,*,Art History and Visual Culture,58525,,CA,Los Angeles,College of Arts and Sciences,*,*,Art History and Visual Culture,5619
CA,*,College of Arts and Sciences,*,*,Chinese,21832,,CA,Fresno,College of Arts and Sciences,*,*,Chinese,6638
CA,*,College of Arts and Sciences,*,*,German,25914,,CA,Fresno,College of Arts and Sciences,*,*,German,7844
CA,*,College of Arts and Sciences,*,*,German,25914,,CA,San Francisco,College of Arts and Sciences,*,*,German,6129
CA,*,College of Arts and Sciences,*,*,Global Studies in the Arts and Humanities,26228,,CA,San Diego,College of Arts and Sciences,*,*,Global Studies in the Arts and Humanities,7063
CA,*,College of Arts and Sciences,*,*,Global Studies in the Arts and Humanities,26228,,CA,San Francisco,College of Arts and Sciences,*,*,Global Studies in the Arts and Humanities,7239
CA,*,College of Arts and Sciences,*,*,Interdisciplinary Humanities,37410,,CA,Los Angeles,College of Arts and Sciences,*,*,Interdisciplinary Humanities,11755
CA,*,College of Arts and Sciences,*,*,Interdisciplinary Humanities,37410,,CA,San Francisco,College of Arts and Sciences,*,*,Interdisciplinary Humanities,4510
CA,*,College of Arts and Sciences,*,*,Linguistics,29008,,CA,San Diego,College of Arts and Sciences,*,*,Linguistics,4528
CA,*,College of Arts and Sciences,*,*,Philosophy,38558,,CA,Los Angeles,College of Arts and Sciences,*,*,Philosophy,6368
CA,*,College of Arts and Sciences,*,*,Professional Writing,25287,,CA,Los Angeles,College of Arts and Sciences,*,*,Professional Writing,3791
CA,*,College of Arts and Sciences,*,*,Spanish,34464,,CA,Anaheim,College of Arts and Sciences,*,*,Spanish,9425
CA,*,College of Arts and Sciences,*,*,Spanish,34464,,CA,Los Angeles,College of Arts and Sciences,*,*,Spanish,9087
CA,*,College of Arts and Sciences,*,*,Studio Art,30247,,CA,Sacramento,College of Arts and Sciences,*,*,Studio Art,5669
CA,*,College of Arts and Sciences,*,*,Theatre,26235,,CA,Los Angeles,College of Arts and Sciences,*,*,Theatre,1115
CA,*,College of Business,*,*,General Management,25213,,CA,Sacramento,College of Business,*,*,General Management,4782
CA,*,College of Business,*,*,Human Resource Management,36519,,CA,San Francisco,College of Business,*,*,Human Resource Management,6819
CA,*,College of Business,*,*,Marketing,29353,,CA,Sacramento,College of Business,*,*,Marketing,5558
CA,*,College of Business,*,*,Supply Chain Management,26079,,CA,San Francisco,College of Business,*,*,Supply Chain Management,8074
CA,*,College of Communication Arts and Sciences,*,*,Media and Information,16997,,CA,San Francisco,College of Communication Arts and Sciences,*,*,Media and Information,2307
CA,*,College of Education,*,*,Kinesiology,85019,,CA,Sacramento,College of Education,*,*,Kinesiology,20652
CA,*,College of Engineering,*,*,Applied Engineering Sciences,19703,,CA,San Diego,College of Engineering,*,*,Applied Engineering Sciences,1647
CA,*,College of Engineering,*,*,Computer Engineering,13699,,CA,San Diego,College of Engineering,*,*,Computer Engineering,477
CA,*,College of Engineering,*,*,Electrical Engineering,10574,,CA,San Diego,College of Engineering,*,*,Electrical Engineering,2390
CA,*,College of Engineering,*,*,Materials Science and Engineering,20028,,CA,Los Angeles,College of Engineering,*,*,Materials Science and Engineering,2047
CA,*,College of Engineering,*,*,Materials Science and Engineering,20028,,CA,San Diego,College of Engineering,*,*,Materials Science and Engineering,873
CA,*,College of Engineering,*,*,Materials Science and Engineering,20028,,CA,San Francisco,College of Engineering,*,*,Materials Science and Engineering,2396
CA,*,College of Engineering,*,*,Mechanical Engineering,37647,,CA,Los Angeles,College of Engineering,*,*,Mechanical Engineering,11222
CA,*,College of Engineering,*,*,Mechanical Engineering,37647,,CA,San Diego,College of Engineering,*,*,Mechanical Engineering,7346
CA,*,College of Music,*,*,Composition,58020,,CA,San Francisco,College of Music,*,*,Composition,16438
CA,*,College of Music,*,*,Jazz Studies,75270,,CA,Anaheim,College of Music,*,*,Jazz Studies,8433
CA,*,College of Music,*,*,Jazz Studies,75270,,CA,San Francisco,College of Music,*,*,Jazz Studies,21886
CA,*,College of Music,*,*,Music,16796,,CA,Los Angeles,College of Music,*,*,Music,1128
CA,*,College of Natural Science,*,*,Biological Science Interdepartmental,8003,,CA,Anaheim,College of Natural Science,*,*,Biological Science Interdepartmental,1491
CA,*,College of Natural Science,*,*,Biological Science Interdepartmental,8003,,CA,Los Angeles,College of Natural Science,*,*,Biological Science Interdepartmental,998
CA,*,College of Natural Science,*,*,Biomedical Laboratory Science,11705,,CA,San Diego,College of Natural Science,*,*,Biomedical Laboratory Science,2836
CA,*,College of Natural Science,*,*,Chemistry,6559,,CA,San Francisco,College of Natural Science,*,*,Chemistry,1617
CA,*,College of Natural Science,*,*,Geological Sciences,38135,,CA,San Francisco,College of Natural Science,*,*,Geological Sciences,5072
CA,*,College of Natural Science,*,*,Human Biology,46263,,CA,Los Angeles,College of Natural Science,*,*,Human Biology,5202
CA,*,College of Natural Science,*,*,Microbiology,39503,,CA,San Diego,College of Natural Science,*,*,Microbiology,9649
CA,*,College of Natural Science,*,*,Microbiology,39503,,CA,San Francisco,College of Natural Science,*,*,Microbiology,5558
CA,*,College of Natural Science,*,*,Physical Science Interdepartmental,36992,,CA,Los Angeles,College of Natural Science,*,*,Physical Science Interdepartmental,7444
CA,*,College of Natural Science,*,*,Predental,20806,,CA,San Francisco,College of Natural Science,*,*,Predental,3577
CA,*,College of Natural Science,*,*,Preoptometry,56077,,CA,San Diego,College of Natural Science,*,*,Preoptometry,11958
CA,*,College of Natural Science,*,*,Statistics,24290,,CA,San Francisco,College of Natural Science,*,*,Statistics,6754
CA,*,College of Nursing,*,*,Summer Research Program,84666,,CA,Los Angeles,College of Nursing,*,*,Summer Research Program,19403
CA,*,College of Nursing,*,*,Summer Research Program,84666,,CA,San Francisco,College of Nursing,*,*,Summer Research Program,3263
CA,*,College of Political Science,*,*,College of Political Science,8700,,CA,Fresno,College of Political Science,*,*,Political Theory and Constitutional Democracy,158
CA,*,College of Social Science,*,*,Criminal Justice,15951,,CA,San Diego,College of Social Science,*,*,Criminal Justice,4209
CA,*,College of Social Science,*,*,Economics,18218,,CA,Los Angeles,College of Social Science,*,*,Economics,3977
CA,*,College of Social Science,*,*,Geographic Information Science,30892,,CA,Los Angeles,College of Social Science,*,*,Geographic Information Science,4321
CA,*,College of Social Science,*,*,Geography,34161,,CA,Sacramento,College of Social Science,*,*,Geography,8479
CA,*,College of Social Science,*,*,Geography,34161,,CA,San Diego,College of Social Science,*,*,Geography,531
CA,*,College of Social Science,*,*,Global & Area Studies - Soc Sci,62457,,CA,Sacramento,College of Social Science,*,*,Global & Area Studies - Soc Sci,7544
CA,*,College of Social Science,*,*,Global & Area Studies - Soc Sci,62457,,CA,San Francisco,College of Social Science,*,*,Global & Area Studies - Soc Sci,20070
CA,*,College of Social Science,*,*,History,27599,,CA,San Diego,College of Social Science,*,*,History,1180
CA,*,College of Social Science,*,*,Human Development and Family Studies,14781,,CA,Los Angeles,College of Social Science,*,*,Human Development and Family Studies,3126
CA,*,College of Social Science,*,*,Interdisciplinary Studies in Social Science,18156,,CA,Los Angeles,College of Social Science,*,*,Interdisciplinary Studies in Social Science,3345
CA,*,College of Social Science,*,*,Interdisciplinary Studies in Social Science - Social Science Education,14727,,CA,San Diego,College of Social Science,*,*,Interdisciplinary Studies in Social Science - Social Science Education,2049
CA,*,College of Social Science,*,*,Political Science,55401,,CA,San Diego,College of Social Science,*,*,Political Science,1435
CA,*,College of Social Science,*,*,Political Science,55401,,CA,San Francisco,College of Social Science,*,*,Political Science,15116
CA,*,College of Social Science,*,*,Political Science-Prelaw,61756,,CA,Los Angeles,College of Social Science,*,*,Political Science-Prelaw,15961
CA,*,College of Social Science,*,*,Political Science-Prelaw,61756,,CA,San Diego,College of Social Science,*,*,Political Science-Prelaw,8731
CA,*,College of Social Science,*,*,Public Policy,55073,,CA,Los Angeles,College of Social Science,*,*,Public Policy,3889
CA,*,College of Veterinary Medicine,*,*,Preveterinary,12215,,CA,San Francisco,College of Veterinary Medicine,*,*,Preveterinary,2268
CO,*,College of Agriculture and Natural Resources,*,*,Construction Management,65190.0,,CO,Colorado Springs,College of Agriculture and Natural Resources,*,*,Construction Management,13560
CO,*,College of Agriculture and Natural Resources,*,*,Horticulture,43864.5,,CO,Denver,College of Agriculture and Natural Resources,*,*,Horticulture,10951.5
CO,*,College of Agriculture and Natural Resources,*,*,Natural Resource Recreation and Tourism,19960,,CO,Colorado Springs,College of Agriculture and Natural Resources,*,*,Natural Resource Recreation and Tourism,790
CO,*,College of Arts and Sciences,*,*,Apparel and Textile Design,73957.5,,CO,Colorado Springs,College of Arts and Sciences,*,*,Apparel and Textile Design,11490
CO,*,College of Arts and Sciences,*,*,French,15495.5,,CO,Colorado Springs,College of Arts and Sciences,*,*,French,3440
CO,*,College of Arts and Sciences,*,*,Interdisciplinary Humanities,36734.0,,CO,Colorado Springs,College of Arts and Sciences,*,*,Interdisciplinary Humanities,4238
CO,*,College of Arts and Sciences,*,*,Philosophy,41042.0,,CO,Colorado Springs,College of Arts and Sciences,*,*,Philosophy,1262
CO,*,College of Arts and Sciences,*,*,Spanish,41405.0,,CO,Colorado Springs,College of Arts and Sciences,*,*,Spanish,2768
CO,*,College of Education,*,*,Education,42440.0,,CO,Colorado Springs,College of Education,*,*,Education,9818
CO,*,College of Engineering,*,*,Applied Engineering Sciences,17481.5,,CO,Colorado Springs,College of Engineering,*,*,Applied Engineering Sciences,5822
CO,*,College of Engineering,*,*,Computer Science,25595.5,,CO,Colorado Springs,College of Engineering,*,*,Computer Science,2338
CO,*,College of Engineering,*,*,Electrical Engineering,6691.0,,CO,Colorado Springs,College of Engineering,*,*,Electrical Engineering,1990
CO,*,College of Natural Science,*,*,Human Biology,20355.5,,CO,Colorado Springs,College of Natural Science,*,*,Human Biology,1286
CO,*,College of Social Science,*,*,Interdisciplinary Studies in Social Science,36197.5,,CO,Denver,College of Social Science,*,*,Interdisciplinary Studies in Social Science,11227.5
CT,*,College of Natural Science,*,*,Astrophysics,30200,,CT,New Haven,College of Natural Science,*,*,Astrophysics,4357
CT,*,College of Social Science,*,*,Social Work,12213,,CT,New Haven,College of Social Science,*,*,Social Work,1106
FL,*,College of Agriculture and Natural Resources,*,*,Agribusiness Management,46821,,FL,Orlando,College of Agriculture and Natural Resources,*,*,Agribusiness Management,7434
FL,*,College of Agriculture and Natural Resources,*,*,Agriculture and Natural Resources-No Preference,32389,,FL,Fort Lauderdale,College of Agriculture and Natural Resources,*,*,Agriculture and Natural Resources-No Preference,7566
FL,*,College of Agriculture and Natural Resources,*,*,Packaging,48360,,FL,Fort Lauderdale,College of Agriculture and Natural Resources,*,*,Packaging,11981
FL,*,College of Arts and Sciences,*,*,Arts & Letters-General,23802,,FL,Jacksonville,College of Arts and Sciences,*,*,Arts & Letters-General,7534
FL,*,College of Arts and Sciences,*,*,English,14447,,FL,Orlando,College of Arts and Sciences,*,*,English,3459
FL,*,College of Arts and Sciences,*,*,Experience Architecture,19943,,FL,Fort Lauderdale,College of Arts and Sciences,*,*,Experience Architecture,5107
FL,*,College of Arts and Sciences,*,*,Interdisciplinary Humanities,31954,,FL,Miami,College of Arts and Sciences,*,*,Interdisciplinary Humanities,5107
FL,*,College of Arts and Sciences,*,*,Interdisciplinary Humanities,31954,,FL,Tallahassee,College of Arts and Sciences,*,*,Interdisciplinary Humanities,1509
FL,*,College of Business,*,*,Accounting,7884,,FL,Orlando,College of Business,*,*,Accounting,41
FL,*,College of Engineering,*,*,Computer Science,14575,,FL,Orlando,College of Engineering,*,*,Computer Science,2649
FL,*,College of Engineering,*,*,Engineering-No Major,22698,,FL,Miami,College of Engineering,*,*,Engineering-No Major,7560
FL,*,College of Engineering,*,*,Engineering-No Major,22698,,FL,Orlando,College of Engineering,*,*,Engineering-No Major,7354
FL,*,College of Natural Science,*,*,Environmental Biology/Plant Biol,35724,,FL,Miami,College of Natural Science,*,*,Environmental Biology/Plant Biol,7003
FL,*,College of Natural Science,*,*,Neuroscience,53488,,FL,Tallahassee,College of Natural Science,*,*,Neuroscience,6572
FL,*,College of Nursing,*,*,Summer Research Program,8955,,FL,Miami,College of Nursing,*,*,Summer Research Program,303
FL,*,College of Nursing,*,*,Summer Research Program,8955,,FL,Orlando,College of Nursing,*,*,Summer Research Program,1606
FL,*,College of Social Science,*,*,Psychology,28871,,FL,Tallahassee,College of Social Science,*,*,Psychology,4048
FL,*,College of Social Science,*,*,Public Policy,12297,,FL,Tallahassee,College of Social Science,*,*,Public Policy,3411
FL,*,College of Social Science,*,*,Sociology,31621,,FL,Orlando,College of Social Science,*,*,Sociology,6690
FL,*,College of Social Science,*,*,Urban and Regional Planning,23910,,FL,Miami,College of Social Science,*,*,Urban and Regional Planning,5947
FL,*,College of Social Science,*,*,Urban and Regional Planning,23910,,FL,Tallahassee,College of Social Science,*,*,Urban and Regional Planning,4409
GA,*,College of Arts and Sciences,*,*,Humanities-Prelaw,4537,,GA,Savannah,College of Arts and Sciences,*,*,Humanities-Prelaw,36
GA,*,College of Natural Science,*,*,Earth Science Interdepartmental,29341,,GA,Atlanta,College of Natural Science,*,*,Earth Science Interdepartmental,7392
GA,*,College of Political Science,*,*,College of Political Science,15512,,GA,Savannah,College of Political Science,*,*,Political Theory and Constitutional Democracy,3802
IL,*,College of Arts and Sciences,*,*,Interdisciplinary Humanities,9013,,IL,Chicago,College of Arts and Sciences,*,*,Interdisciplinary Humanities,960
IL,*,College of Arts and Sciences,*,*,Japanese,29315,,IL,Chicago,College of Arts and Sciences,*,*,Japanese,4674
IL,*,College of Engineering,*,*,Applied Engineering Sciences,27070,,IL,Chicago,College of Engineering,*,*,Applied Engineering Sciences,2422
IL,*,College of Engineering,*,*,Computer Engineering,18007,,IL,Springfield,College of Engineering,*,*,Computer Engineering,4962
IL,*,College of Natural Science,*,*,Earth Science Interdepartmental,3550,,IL,Chicago,College of Natural Science,*,*,Earth Science Interdepartmental,267
IL,*,College of Natural Science,*,*,Genomics & Molecular Genetics,11099,,IL,Chicago,College of Natural Science,*,*,Genomics & Molecular Genetics,2429
IL,*,College of Social Science,*,*,Interdisciplinary Studies in Social Science,39899,,IL,Springfield,College of Social Science,*,*,Interdisciplinary Studies in Social Science,4604
KS,*,College of Natural Science,*,*,Biomedical Laboratory Science,13208,,KS,Wichita,College of Natural Science,*,*,Biomedical Laboratory Science,2049
KS,*,College of Natural Science,*,*,Plant Biology,18936,,KS,Overland Park,College of Natural Science,*,*,Plant Biology,5819
KY,*,College of Social Science,*,*,Psychology,10706,,KY,Louisville,College of Social Science,*,*,Psychology,3556
MI,*,College of Agriculture and Natural Resources,*,*,Environmental Economics and Policy,24468,,MI,Detroit,College of Agriculture and Natural Resources,*,*,Environmental Economics and Policy,6132
MI,*,College of Business,*,*,Supply Chain Management,27060,,MI,Grand Rapids,College of Business,*,*,Supply Chain Management,8433
MI,*,College of Music,*,*,Jazz Studies,13534,,MI,Detroit,College of Music,*,*,Jazz Studies,1632
MI,*,College of Natural Science,*,*,Statistics,6545,,MI,Detroit,College of Natural Science,*,*,Statistics,911
MI,*,College of Nursing,*,*,Prenursing,40409,,MI,Detroit,College of Nursing,*,*,Prenursing,9832
MI,*,College of Political Science,*,*,College of Political Science,20929,,MI,Grand Rapids,College of Political Science,*,*,College of Political Science,5057
MI,*,College of Social Science,*,*,Interdisciplinary Studies in Social Science,14547,,MI,Detroit,College of Social Science,*,*,Interdisciplinary Studies in Social Science,4269
MN,*,College of Agriculture and Natural Resources,*,*,Interior Design,9644,,MN,St. Paul,College of Agriculture and Natural Resources,*,*,Interior Design,181
MO,*,College of Engineering,*,*,Computer Science,18146,,MO,Kansas City,College of Engineering,*,*,Computer Science,2556
NC,*,College of Arts and Sciences,*,*,Apparel and Textile Design,14067,,NC,Durham,College of Arts and Sciences,*,*,Apparel and Textile Design,4469
NC,*,College of Engineering,*,*,Materials Science and Engineering,23114,,NC,Charlotte,College of Engineering,*,*,Materials Science and Engineering,103
NC,*,College of Social Science,*,*,Public Policy,7531,,NC,Raleigh,College of Social Science,*,*,Public Policy,584
NE,*,College of Arts and Sciences,*,*,Spanish,14014,,NE,Lincoln,College of Arts and Sciences,*,*,Spanish,3240
NE,*,College of Social Science,*,*,Human Development and Family Studies,44577,,NE,Lincoln,College of Social Science,*,*,Human Development and Family Studies,4152
NV,*,College of Agriculture and Natural Resources,*,*,Environmental Economics and Policy,2479,,NV,North Las Vegas,College of Agriculture and Natural Resources,*,*,Environmental Economics and Policy,582
NV,*,College of Arts and Sciences,*,*,Studio Art,11088,,NV,North Las Vegas,College of Arts and Sciences,*,*,Studio Art,2587
NV,*,College of Engineering,*,*,Computer Science,22358,,NV,North Las Vegas,College of Engineering,*,*,Computer Science,6318
NV,*,College of Music,*,*,Composition,18357,,NV,Henderson,College of Music,*,*,Composition,5212
NY,*,College of Agriculture and Natural Resources,*,*,Food Science,17892,,NY,New York,College of Agriculture and Natural Resources,*,*,Food Science,3270
NY,*,College of Agriculture and Natural Resources,*,*,Landscape Architecture,33954,,NY,New York,College of Agriculture and Natural Resources,*,*,Landscape Architecture,8723
NY,*,College of Arts and Sciences,*,*,Women's and Gender Studies,11419,,NY,Rochester,College of Arts and Sciences,*,*,Women's and Gender Studies,2576
NY,*,College of Social Science,*,*,Global & Area Studies - Soc Sci,11970,,NY,New York,College of Social Science,*,*,Global & Area Studies - Soc Sci,3474
OH,*,College of Arts and Sciences,*,*,German,23009,,OH,Cleveland,College of Arts and Sciences,*,*,German,7050
OH,*,College of Arts and Sciences,*,*,Interdisciplinary Humanities,20322,,OH,Cincinnati,College of Arts and Sciences,*,*,Interdisciplinary Humanities,1328
OH,*,College of Music,*,*,Composition,28228,,OH,Cleveland,College of Music,*,*,Composition,4187
OH,*,College of Social Science,*,*,Economics,54147,,OH,Cleveland,College of Social Science,*,*,Economics,17424
OH,*,College of Veterinary Medicine,*,*,Preveterinary,65154,,OH,Cleveland,College of Veterinary Medicine,*,*,Preveterinary,5872
OR,*,College of Political Science,*,*,Social Relations and Policy,14669,,OR,Salem,College of Political Science,*,*,Social Relations and Policy,4841
PA,*,College of Education,*,*,Education,13320,,PA,Philadelphia,College of Education,*,*,Education,3135
PA,*,College of Social Science,*,*,Geographic Information Science,66589,,PA,Pittsburgh,College of Social Science,*,*,Geographic Information Science,11176
TN,*,College of Arts and Sciences,*,*,Spanish,21196,,TN,Knoxville,College of Arts and Sciences,*,*,Spanish,1316
TN,*,College of Arts and Sciences,*,*,Spanish,21196,,TN,Nashville,College of Arts and Sciences,*,*,Spanish,5888
TN,*,College of Natural Science,*,*,Biological Science Interdepartmental,27877,,TN,Nashville,College of Natural Science,*,*,Biological Science Interdepartmental,2473
TN,*,College of Social Science,*,*,Interdisciplinary Studies in Social Science - Social Science Education,4308,,TN,Memphis,College of Social Science,*,*,Interdisciplinary Studies in Social Science - Social Science Education,174
TN,*,College of Social Science,*,*,Political Science-Prelaw,10119,,TN,Memphis,College of Social Science,*,*,Political Science-Prelaw,1596
TX,*,College of Agriculture and Natural Resources,*,*,Agribusiness Management,9665,,TX,Amarillo,College of Agriculture and Natural Resources,*,*,Agribusiness Management,645
TX,*,College of Agriculture and Natural Resources,*,*,Agriculture and Natural Resources-No Preference,52852,,TX,Austin,College of Agriculture and Natural Resources,*,*,Agriculture and Natural Resources-No Preference,12974
TX,*,College of Agriculture and Natural Resources,*,*,Agriculture and Natural Resources-No Preference,52852,,TX,Houston,College of Agriculture and Natural Resources,*,*,Agriculture and Natural Resources-No Preference,9585
TX,*,College of Agriculture and Natural Resources,*,*,Fisheries and Wildlife,62994,,TX,Houston,College of Agriculture and Natural Resources,*,*,Fisheries and Wildlife,20675
TX,*,College of Agriculture and Natural Resources,*,*,Horticulture,16423,,TX,Austin,College of Agriculture and Natural Resources,*,*,Horticulture,1672
TX,*,College of Arts and Sciences,*,*,Art Education,24869,,TX,Amarillo,College of Arts and Sciences,*,*,Art Education,1815
TX,*,College of Arts and Sciences,*,*,Chinese,12983,,TX,Dallas,College of Arts and Sciences,*,*,Chinese,4062
TX,*,College of Arts and Sciences,*,*,Experience Architecture,17936,,TX,Amarillo,College of Arts and Sciences,*,*,Experience Architecture,3268
TX,*,College of Arts and Sciences,*,*,Experience Architecture,17936,,TX,Dallas,College of Arts and Sciences,*,*,Experience Architecture,1380
TX,*,College of Arts and Sciences,*,*,French,12840,,TX,San Antonio,College of Arts and Sciences,*,*,French,4078
TX,*,College of Arts and Sciences,*,*,German,50219,,TX,Dallas,College of Arts and Sciences,*,*,German,10228
TX,*,College of Arts and Sciences,*,*,Humanities-Prelaw,16258,,TX,Houston,College of Arts and Sciences,*,*,Humanities-Prelaw,892
TX,*,College of Arts and Sciences,*,*,Interdisciplinary Humanities,21552,,TX,Amarillo,College of Arts and Sciences,*,*,Interdisciplinary Humanities,2372
TX,*,College of Arts and Sciences,*,*,Interdisciplinary Humanities,21552,,TX,Houston,College of Arts and Sciences,*,*,Interdisciplinary Humanities,3947
TX,*,College of Arts and Sciences,*,*,Studio Art,44967,,TX,Dallas,College of Arts and Sciences,*,*,Studio Art,8874
TX,*,College of Business,*,*,Finance,15750,,TX,San Antonio,College of Business,*,*,Finance,750
TX,*,College of Business,*,*,Marketing,36146,,TX,Austin,College of Business,*,*,Marketing,4217
TX,*,College of Business,*,*,Marketing,36146,,TX,El Paso,College of Business,*,*,Marketing,11555
TX,*,College of Education,*,*,Athletic Training,19052,,TX,San Antonio,College of Education,*,*,Athletic Training,4140
TX,*,College of Music,*,*,Composition,14344,,TX,Houston,College of Music,*,*,Composition,1286
TX,*,College of Natural Science,*,*,Biochemistry and Molecular Biology,91673,,TX,Amarillo,College of Natural Science,*,*,Biochemistry and Molecular Biology,4784
TX,*,College of Natural Science,*,*,Biochemistry and Molecular Biology,91673,,TX,Dallas,College of Natural Science,*,*,Biochemistry and Molecular Biology,3029
TX,*,College of Natural Science,*,*,Biochemistry and Molecular Biology,91673,,TX,Houston,College of Natural Science,*,*,Biochemistry and Molecular Biology,2646
TX,*,College of Natural Science,*,*,Earth Science Interdepartmental,30969,,TX,Dallas,College of Natural Science,*,*,Earth Science Interdepartmental,4095
TX,*,College of Natural Science,*,*,Earth Science Interdepartmental,30969,,TX,San Antonio,College of Natural Science,*,*,Earth Science Interdepartmental,8584
TX,*,College of Natural Science,*,*,Environmental Biology/Plant Biol,33989,,TX,Dallas,College of Natural Science,*,*,Environmental Biology/Plant Biol,9864
TX,*,College of Natural Science,*,*,Environmental Biology/Zoology,17297,,TX,Houston,College of Natural Science,*,*,Environmental Biology/Zoology,5093
TX,*,College of Natural Science,*,*,Environmental Geosciences,24889,,TX,Houston,College of Natural Science,*,*,Environmental Geosciences,1517
TX,*,College of Natural Science,*,*,Neuroscience,81268,,TX,Dallas,College of Natural Science,*,*,Neuroscience,26338
TX,*,College of Natural Science,*,*,Physical Science Interdepartmental,29706,,TX,Austin,College of Natural Science,*,*,Physical Science Interdepartmental,6049
TX,*,College of Natural Science,*,*,Physical Science Interdepartmental,29706,,TX,Dallas,College of Natural Science,*,*,Physical Science Interdepartmental,8085
TX,*,College of Political Science,*,*,College of Political Science,57747,,TX,Houston,College of Political Science,*,*,College of Political Science,8904
TX,*,Comparative Cultures and Politics,*,*,College of Political Science,11989,,TX,Houston,Comparative Cultures and Politics,*,*,College of Political Science,1901
TX,*,College of Social Science,*,*,History,8664,,TX,Dallas,College of Social Science,*,*,History,1495
TX,*,College of Social Science,*,*,Interdisciplinary Studies in Social Science,72532,,TX,Houston,College of Social Science,*,*,Interdisciplinary Studies in Social Science,15222
TX,*,College of Social Science,*,*,Interdisciplinary Studies in Social Science - Social Science Education,32583,,TX,Dallas,College of Social Science,*,*,Interdisciplinary Studies in Social Science - Social Science Education,5439
TX,*,College of Social Science,*,*,Interdisciplinary Studies in Social Science - Social Science Education,32583,,TX,El Paso,College of Social Science,*,*,Interdisciplinary Studies in Social Science - Social Science Education,8357
TX,*,College of Social Science,*,*,Public Policy,9938,,TX,San Antonio,College of Social Science,*,*,Public Policy,999
TX,*,College of Social Science,*,*,Social Work,7538,,TX,Houston,College of Social Science,*,*,Social Work,2028
TX,*,College of Social Science,*,*,Sociology,27046,,TX,Austin,College of Social Science,*,*,Sociology,4309
TX,*,College of Social Science,*,*,Sociology,27046,,TX,Dallas,College of Social Science,*,*,Sociology,7782
TX,*,College of Social Science,*,*,Sociology,27046,,TX,El Paso,College of Social Science,*,*,Sociology,4216
UT,*,College of Agriculture and Natural Resources,*,*,Interior Design,53432,,UT,Provo,College of Agriculture and Natural Resources,*,*,Interior Design,9635
UT,*,College of Natural Science,*,*,Astrophysics,41664,,UT,Salt Lake City,College of Natural Science,*,*,Astrophysics,7327
VA,*,College of Arts and Sciences,*,*,Apparel and Textiles,25768,,VA,Alexandria,College of Arts and Sciences,*,*,Apparel and Textiles,4999
VA,*,College of Natural Science,*,*,Actuarial Science,14818,,VA,Richmond,College of Natural Science,*,*,Actuarial Science,451
WA,*,College of Communication Arts and Sciences,*,*,Advertising,16790,,WA,Seattle,College of Communication Arts and Sciences,*,*,Advertising,2271
WA,*,College of Natural Science,*,*,Predental,36725,,WA,Seattle,College of Natural Science,*,*,Predental,4439
