AZ,*,College of Nursing,College of Nursing,*,Nursing,7834,,AZ,Phoenix,College of Nursing,Campus Recreation,*,Nursing,1864
AZ,*,College of Political Science,University Annual Fund,*,Social Relations and Policy,6223,,AZ,Phoenix,College of Political Science,University Annual Fund,*,Social Relations and Policy,41
AZ,*,College of Social Science,College of Arts and Sciences,*,Political Science,10314,,AZ,Phoenix,College of Social Science,College of Arts and Sciences,*,Political Science,1467
CA,*,College of Agriculture and Natural Resources,Athletics,*,Natural Resource Recreation and Tourism,27006,,CA,San Francisco,College of Agriculture and Natural Resources,Athletics,*,Natural Resource Recreation and Tourism,6032
CA,*,College of Arts and Sciences,College of Arts and Sciences,*,Global Studies in the Arts and Humanities,7063,,CA,Anaheim,College of Arts and Sciences,Diversity Fund,*,Global Studies in the Arts and Humanities,1550
CA,*,College of Natural Science,College of Arts and Sciences,*,Interdisciplinary Humanities,23386,,CA,Los Angeles,College of Natural Science,College of Arts and Sciences,*,Interdisciplinary Humanities,6377
CA,*,College of Natural Science,College of Arts and Sciences,*,Interdisciplinary Humanities,23386,,CA,San Francisco,College of Natural Science,College of Arts and Sciences,*,Interdisciplinary Humanities,4510
CA,*,University Annual Fund,College of Arts and Sciences,*,German,10173,,CA,Los Angeles,University Annual Fund,College of Arts and Sciences,*,German,2329
CA,*,College of Communication Arts and Sciences,College of Communication Arts and Sciences,*,Media and Information,9012,,CA,San Francisco,College of Communication Arts and Sciences,College of Social Science,*,Media and Information,2307
CA,*,College of Education,College of Agriculture and Natural Resources,*,Kinesiology,5489,,CA,Sacramento,College of Education,College of Agriculture and Natural Resources,*,Kinesiology,650
CA,*,College of Education,College of Education,*,Kinesiology,24932,,CA,Sacramento,College of Education,College of Agriculture and Natural Resources,*,Kinesiology,650
CA,*,College of Education,College of Education,*,Kinesiology,24932,,CA,Sacramento,College of Education,Diversity Fund,*,Kinesiology,1758
CA,*,College of Education,College of Education,*,Kinesiology,24932,,CA,San Francisco,College of Education,College of Agriculture and Natural Resources,*,Kinesiology,4839
CA,*,College of Natural Science,College of Natural Science,*,Biological Science Interdepartmental,3549,,CA,Los Angeles,College of Natural Science,College of Business,*,Biological Science Interdepartmental,998
CA,*,College of Natural Science,College of Natural Science,*,Environmental Biology/Plant Biol,9131,,CA,San Diego,College of Natural Science,College of Communication Arts and Sciences,*,Environmental Biology/Plant Biol,685
CA,*,College of Natural Science,College of Natural Science,*,Physical Science Interdepartmental,3732,,CA,Los Angeles,College of Natural Science,College of Engineering,*,Physical Science Interdepartmental,600
CA,*,Diversity Fund,College of Natural Science,*,Biomedical Laboratory Science,11413,,CA,San Diego,Diversity Fund,College of Natural Science,*,Biomedical Laboratory Science,2544
CA,*,Honors Program,College of Natural Science,*,Preoptometry,25231,,CA,San Diego,Honors Program,College of Natural Science,*,Preoptometry,5223
CA,*,University Annual Fund,College of Natural Science,*,Physical Science Interdepartmental,7737,,CA,Los Angeles,University Annual Fund,College of Natural Science,*,Physical Science Interdepartmental,2512
CA,*,University Libraries,College of Natural Science,*,Biochemistry and Molecular Biology/Biotechnology,12102,,CA,Los Angeles,University Libraries,College of Natural Science,*,Biochemistry and Molecular Biology/Biotechnology,2879
CA,*,College of Nursing,Diversity Fund,*,Summer Research Program,3847,,CA,Los Angeles,College of Nursing,Diversity Fund,*,Summer Research Program,584
CA,*,College of Political Science,Faculty Chair Endowments,*,College of Political Science,8700,,CA,Fresno,College of Political Science,Faculty Chair Endowments,*,Political Theory and Constitutional Democracy,158
CA,*,College of Social Science,College of Natural Science,*,Geography,7086,,CA,San Diego,College of Social Science,College of Natural Science,*,Geography,531
CA,*,College of Veterinary Medicine,Diversity Fund,*,Preveterinary,8719,,CA,San Francisco,College of Veterinary Medicine,Diversity Fund,*,Preveterinary,2268
CO,*,College of Natural Science,College of Natural Science,*,Zoology,8789,,CO,Colorado Springs,College of Natural Science,Campus Museums,*,Zoology,1976
FL,*,College of Agriculture and Natural Resources,College of Agriculture and Natural Resources,*,Packaging,19421,,FL,Fort Lauderdale,College of Agriculture and Natural Resources,Diversity Fund,*,Packaging,3896
FL,*,Minority Scholarship Fund,College of Agriculture and Natural Resources,*,Construction Management,13026,,FL,Jacksonville,Minority Scholarship Fund,College of Agriculture and Natural Resources,*,Construction Management,2553
FL,*,Trustees Fund,College of Agriculture and Natural Resources,*,Construction Management,11114,,FL,Jacksonville,Trustees Fund,College of Agriculture and Natural Resources,*,Construction Management,2553
FL,*,College of Communication Arts and Sciences,Trustees Fund,*,Media and Information,20481,,FL,Miami,College of Communication Arts and Sciences,Trustees Fund,*,Media and Information,4618
FL,*,College of Social Science,College of Natural Science,*,Neuroscience,9996,,FL,Tallahassee,College of Social Science,College of Natural Science,*,Neuroscience,794
FL,*,College of Political Science,College of Political Science,*,Political Theory and Constitutional Democracy,7895,,FL,Jacksonville,College of Political Science,College of Agriculture and Natural Resources,*,Political Theory and Constitutional Democracy,2265
FL,*,College of Social Science,College of Arts and Sciences,*,Psychology,13956,,FL,Tallahassee,College of Social Science,College of Arts and Sciences,*,Psychology,4048
IL,*,College of Arts and Sciences,College of Arts and Sciences,*,Interdisciplinary Humanities,8053,,IL,Chicago,College of Arts and Sciences,College of Agriculture and Natural Resources,*,Interdisciplinary Humanities,960
IL,*,College of Engineering,Trustees Fund,*,Applied Engineering Sciences,11911,,IL,Chicago,College of Engineering,Trustees Fund,*,Applied Engineering Sciences,2422
IL,*,College of Social Science,College of Social Science,*,Interdisciplinary Studies in Social Science,28291,,IL,Chicago,College of Social Science,Athletics,*,Interdisciplinary Studies in Social Science,7004
IL,*,College of Social Science,College of Social Science,*,Interdisciplinary Studies in Social Science,28291,,IL,Springfield,College of Social Science,Diversity Fund,*,Interdisciplinary Studies in Social Science,4604
MO,*,College of Natural Science,College of Natural Science,*,Mathematics,225843,,MO,St. Louis,College of Natural Science,Campus Museums,*,Mathematics,3171
NC,*,College of Engineering,Trustees Fund,*,Materials Science and Engineering,6466,,NC,Charlotte,College of Engineering,Trustees Fund,*,Materials Science and Engineering,103
NV,*,College of Agriculture and Natural Resources,College of Agriculture and Natural Resources,*,Environmental Economics and Policy,1897,,NV,North Las Vegas,College of Agriculture and Natural Resources,Faculty Chair Endowments,*,Environmental Economics and Policy,582
NY,*,College of Arts and Sciences,College of Arts and Sciences,*,Apparel and Textiles,16563,,NY,New York,College of Arts and Sciences,Campus Museums,*,Apparel and Textiles,3598
NY,*,College of Political Science,College of Social Science,*,College of Political Science,8924,,NY,New York,College of Political Science,College of Social Science,*,Social Relations and Policy,2921
OH,*,Faculty Chair Endowments,College of Arts and Sciences,*,Interdisciplinary Humanities,9256,,OH,Cincinnati,Faculty Chair Endowments,College of Arts and Sciences,*,Interdisciplinary Humanities,1328
OH,*,College of Social Science,College of Social Science,*,Geographic Information Science,19147,,OH,Cincinnati,College of Social Science,Campus Museums,*,Geographic Information Science,1652
OK,*,College of Business,College of Business,*,Marketing,8182,,OK,Oklahoma City,College of Business,College of Arts and Sciences,*,Marketing,862
OK,*,College of Natural Science,College of Natural Science,*,Neuroscience,19514,,OK,Oklahoma City,College of Natural Science,Alumni Association,*,Neuroscience,2873
OR,*,College of Political Science,University Annual Fund,*,Social Relations and Policy,14168,,OR,Salem,College of Political Science,University Annual Fund,*,Social Relations and Policy,4340
PA,*,College of Education,Faculty Chair Endowments,*,Education,12658,,PA,Philadelphia,College of Education,Faculty Chair Endowments,*,Education,3135
SC,*,College of Natural Science,College of Natural Science,*,Biochemistry and Molecular Biology/Biotechnology,9094,,SC,Charleston,College of Natural Science,College of Arts and Sciences,*,Biochemistry and Molecular Biology/Biotechnology,2960
SC,*,Faculty Chair Endowments,College of Social Science,*,Criminal Justice,11985,,SC,Columbia,Faculty Chair Endowments,College of Social Science,*,Criminal Justice,2022
TN,*,College of Arts and Sciences,College of Arts and Sciences,*,Spanish,9665,,TN,Knoxville,College of Arts and Sciences,Parents Association,*,Spanish,1316
TX,*,College of Arts and Sciences,College of Agriculture and Natural Resources,*,German,21360,,TX,Dallas,College of Arts and Sciences,College of Agriculture and Natural Resources,*,German,5114
TX,*,University Annual Fund,College of Arts and Sciences,*,Studio Art,10449,,TX,Dallas,University Annual Fund,College of Arts and Sciences,*,Studio Art,2147
TX,*,Parents Association,College of Natural Science,*,Neuroscience,11465,,TX,Dallas,Parents Association,College of Natural Science,*,Neuroscience,2031
TX,*,College of Political Science,College of Natural Science,*,College of Political Science,15309,,TX,El Paso,College of Political Science,College of Natural Science,*,Biochemistry and Molecular Biology/Biotechnology,724
TX,*,College of Political Science,College of Natural Science,*,College of Political Science,15309,,TX,Houston,College of Political Science,College of Natural Science,*,Astrophysics,1960
TX,*,University Annual Fund,College of Social Science,*,History,8664,,TX,Dallas,University Annual Fund,College of Social Science,*,History,1495
TX,*,University Libraries,College of Social Science,*,Interdisciplinary Studies in Social Science,20962,,TX,Dallas,University Libraries,College of Social Science,*,Interdisciplinary Studies in Social Science,5740
VA,*,College of Agriculture and Natural Resources,College of Agriculture and Natural Resources,*,Food Science,13030,,VA,Richmond,College of Agriculture and Natural Resources,University Annual Fund,*,Food Science,530
WA,*,Parents Association,College of Natural Science,*,Predental,9834,,WA,Seattle,Parents Association,College of Natural Science,*,Predental,2646
WA,*,College of Social Science,College of Arts and Sciences,*,Social Work,37302,,WA,Seattle,College of Social Science,College of Arts and Sciences,*,Social Work,8394
