AL,Birmingham,College of Arts and Sciences,*,*,Apparel and Textile Design,16157,,AL,Birmingham,College of Arts and Sciences,*,Campus Resource,Apparel and Textile Design,5163
AL,Birmingham,College of Arts and Sciences,*,*,Apparel and Textile Design,16157,,AL,Birmingham,College of Arts and Sciences,*,Scholarship,Apparel and Textile Design,4777
AL,Birmingham,College of Arts and Sciences,*,*,Art History and Visual Culture,44642,,AL,Birmingham,College of Arts and Sciences,*,Endowment,Art History and Visual Culture,12342
AL,Birmingham,College of Arts and Sciences,*,*,Art History and Visual Culture,44642,,AL,Birmingham,College of Arts and Sciences,*,Scholarship,Art History and Visual Culture,13914
AL,Birmingham,College of Political Science,*,*,College of Political Science,10675,,AL,Birmingham,College of Political Science,*,Endowment,College of Political Science,1433
AL,Birmingham,College of Social Science,*,*,Anthropology,29731,,AL,Birmingham,College of Social Science,*,Scholarship,Anthropology,8744
AR,Little Rock,College of Business,*,*,Accounting,12564,,AR,Little Rock,College of Business,*,Endowment,Accounting,3993
AR,Little Rock,College of Natural Science,*,*,Mathematics  Advanced,38903,,AR,Little Rock,College of Natural Science,*,Endowment,Mathematics  Advanced,4680
AR,Little Rock,College of Natural Science,*,*,Mathematics  Advanced,38903,,AR,Little Rock,College of Natural Science,*,Scholarship,Mathematics  Advanced,12931
AR,Little Rock,College of Natural Science,*,*,Statistics,7923,,AR,Little Rock,College of Natural Science,*,Scholarship,Statistics,313
AZ,Mesa,College of Agriculture and Natural Resources,*,*,Entomology,18364,,AZ,Mesa,College of Agriculture and Natural Resources,*,Campus Resource,Entomology,145
AZ,Mesa,College of Agriculture and Natural Resources,*,*,Entomology,18364,,AZ,Mesa,College of Agriculture and Natural Resources,*,Endowment,Entomology,891
AZ,Mesa,College of Agriculture and Natural Resources,*,*,Environmental Economics and Policy,21240,,AZ,Mesa,College of Agriculture and Natural Resources,*,Campus Resource,Environmental Economics and Policy,2966
AZ,Mesa,College of Music,*,*,Music,15071,,AZ,Mesa,College of Music,*,Campus Resource,Music,1666
AZ,Phoenix,College of Agriculture and Natural Resources,*,*,Construction Management,20503,,AZ,Phoenix,College of Agriculture and Natural Resources,*,Scholarship,Construction Management,6006
AZ,Phoenix,College of Arts and Sciences,*,*,Art Education,27327,,AZ,Phoenix,College of Arts and Sciences,*,Campus Resource,Art Education,7371
AZ,Phoenix,College of Arts and Sciences,*,*,Art Education,27327,,AZ,Phoenix,College of Arts and Sciences,*,Scholarship,Art Education,6245
AZ,Phoenix,College of Arts and Sciences,*,*,English,10473,,AZ,Phoenix,College of Arts and Sciences,*,Endowment,English,1942
AZ,Phoenix,College of Arts and Sciences,*,*,Professional Writing,1414,,AZ,Phoenix,College of Arts and Sciences,*,Campus Resource,Professional Writing,84
AZ,Phoenix,College of Business,*,*,Finance,12251,,AZ,Phoenix,College of Business,*,Campus Resource,Finance,2679
AZ,Phoenix,College of Business,*,*,Finance,12251,,AZ,Phoenix,College of Business,*,Endowment,Finance,2679
AZ,Phoenix,College of Business,*,*,Supply Chain Management,13358,,AZ,Phoenix,College of Business,*,Endowment,Supply Chain Management,2439
AZ,Phoenix,College of Business,*,*,Supply Chain Management,13358,,AZ,Phoenix,College of Business,*,Scholarship,Supply Chain Management,4240
AZ,Phoenix,College of Communication Arts and Sciences,*,*,Media and Information,14965,,AZ,Phoenix,College of Communication Arts and Sciences,*,Scholarship,Media and Information,3392
AZ,Phoenix,College of Engineering,*,*,Computer Science,11516,,AZ,Phoenix,College of Engineering,*,Scholarship,Computer Science,334
AZ,Phoenix,College of Engineering,*,*,Electrical Engineering,48200,,AZ,Phoenix,College of Engineering,*,Scholarship,Electrical Engineering,15453
AZ,Phoenix,College of Engineering,*,*,Materials Science and Engineering,22165,,AZ,Phoenix,College of Engineering,*,Endowment,Materials Science and Engineering,2963
AZ,Phoenix,College of Music,*,*,Jazz Studies,14989,,AZ,Phoenix,College of Music,*,Endowment,Jazz Studies,3984
AZ,Phoenix,College of Music,*,*,Jazz Studies,14989,,AZ,Phoenix,College of Music,*,Scholarship,Jazz Studies,4884
AZ,Phoenix,College of Natural Science,*,*,Biochemistry and Molecular Biology/Biotechnology,5661,,AZ,Phoenix,College of Natural Science,*,Campus Resource,Biochemistry and Molecular Biology/Biotechnology,892
AZ,Phoenix,College of Natural Science,*,*,Biochemistry and Molecular Biology/Biotechnology,5661,,AZ,Phoenix,College of Natural Science,*,Scholarship,Biochemistry and Molecular Biology/Biotechnology,862
AZ,Phoenix,College of Natural Science,*,*,Biological Science Interdepartmental,8592,,AZ,Phoenix,College of Natural Science,*,Scholarship,Biological Science Interdepartmental,2733
AZ,Phoenix,College of Natural Science,*,*,Physical Science Interdepartmental,35578,,AZ,Phoenix,College of Natural Science,*,Endowment,Physical Science Interdepartmental,10466
AZ,Phoenix,College of Nursing,*,*,Nursing,56030,,AZ,Phoenix,College of Nursing,*,Campus Resource,Nursing,2981
AZ,Phoenix,College of Nursing,*,*,Prenursing,41529,,AZ,Phoenix,College of Nursing,*,Scholarship,Prenursing,2977
AZ,Phoenix,College of Social Science,*,*,History Education,6256,,AZ,Phoenix,College of Social Science,*,Scholarship,History Education,1355
AZ,Scottsdale,College of Engineering,*,*,Materials Science and Engineering,6166,,AZ,Scottsdale,College of Engineering,*,Campus Resource,Materials Science and Engineering,486
AZ,Scottsdale,College of Natural Science,*,*,Biochemistry and Molecular Biology/Biotechnology,28674,,AZ,Scottsdale,College of Natural Science,*,Endowment,Biochemistry and Molecular Biology/Biotechnology,833
AZ,Scottsdale,College of Natural Science,*,*,Biochemistry and Molecular Biology/Biotechnology,28674,,AZ,Scottsdale,College of Natural Science,*,Scholarship,Biochemistry and Molecular Biology/Biotechnology,5689
CA,Anaheim,College of Arts and Sciences,*,*,Professional Writing,10875,,CA,Anaheim,College of Arts and Sciences,*,Campus Resource,Professional Writing,1122
CA,Anaheim,College of Business,*,*,Supply Chain Management,18005,,CA,Anaheim,College of Business,*,Campus Resource,Supply Chain Management,3145
CA,Anaheim,College of Business,*,*,Supply Chain Management,18005,,CA,Anaheim,College of Business,*,Scholarship,Supply Chain Management,2045
CA,Anaheim,College of Natural Science,*,*,Neuroscience,35972,,CA,Anaheim,College of Natural Science,*,Endowment,Neuroscience,9874
CA,Fresno,College of Agriculture and Natural Resources,*,*,Natural Resource Recreation and Tourism,56631,,CA,Fresno,College of Agriculture and Natural Resources,*,Endowment,Natural Resource Recreation and Tourism,14875
CA,Fresno,College of Agriculture and Natural Resources,*,*,Natural Resource Recreation and Tourism,56631,,CA,Fresno,College of Agriculture and Natural Resources,*,Scholarship,Natural Resource Recreation and Tourism,13181
CA,Fresno,College of Arts and Sciences,*,*,Interdisciplinary Humanities,21145,,CA,Fresno,College of Arts and Sciences,*,Campus Resource,Interdisciplinary Humanities,4750
CA,Fresno,College of Arts and Sciences,*,*,Interdisciplinary Humanities,21145,,CA,Fresno,College of Arts and Sciences,*,Endowment,Interdisciplinary Humanities,3896
CA,Fresno,College of Social Science,*,*,Global & Area Studies - Soc Sci,34843,,CA,Fresno,College of Social Science,*,Endowment,Global & Area Studies - Soc Sci,10858
CA,Fresno,College of Social Science,*,*,Global & Area Studies - Soc Sci,34843,,CA,Fresno,College of Social Science,*,Scholarship,Global & Area Studies - Soc Sci,6464
CA,Fresno,College of Social Science,*,*,Political Science,38850,,CA,Fresno,College of Social Science,*,Endowment,Political Science,9185
CA,Fresno,College of Social Science,*,*,Political Science,38850,,CA,Fresno,College of Social Science,*,Scholarship,Political Science,9471
CA,Los Angeles,College of Agriculture and Natural Resources,*,*,Animal Science,20975,,CA,Los Angeles,College of Agriculture and Natural Resources,*,Campus Resource,Animal Science,5715
CA,Los Angeles,College of Agriculture and Natural Resources,*,*,Animal Science,20975,,CA,Los Angeles,College of Agriculture and Natural Resources,*,Endowment,Animal Science,1839
CA,Los Angeles,College of Agriculture and Natural Resources,*,*,Environmental Economics and Policy,41664,,CA,Los Angeles,College of Agriculture and Natural Resources,*,Campus Resource,Environmental Economics and Policy,8352
CA,Los Angeles,College of Agriculture and Natural Resources,*,*,Nutritional Sciences,14164,,CA,Los Angeles,College of Agriculture and Natural Resources,*,Scholarship,Nutritional Sciences,2243
CA,Los Angeles,College of Arts and Sciences,*,*,Art Education,1571,,CA,Los Angeles,College of Arts and Sciences,*,Endowment,Art Education,373
CA,Los Angeles,College of Arts and Sciences,*,*,German,11941,,CA,Los Angeles,College of Arts and Sciences,*,Endowment,German,2329
CA,Los Angeles,College of Arts and Sciences,*,*,Studio Art,24578,,CA,Los Angeles,College of Arts and Sciences,*,Scholarship,Studio Art,6658
CA,Los Angeles,College of Business,*,*,Human Resource Management,29700,,CA,Los Angeles,College of Business,*,Campus Resource,Human Resource Management,4869
CA,Los Angeles,College of Business,*,*,Human Resource Management,29700,,CA,Los Angeles,College of Business,*,Scholarship,Human Resource Management,4869
CA,Los Angeles,College of Business,*,*,Marketing,23795,,CA,Los Angeles,College of Business,*,Campus Resource,Marketing,7929
CA,Los Angeles,College of Business,*,*,Marketing,23795,,CA,Los Angeles,College of Business,*,Endowment,Marketing,4958
CA,Los Angeles,College of Engineering,*,*,Materials Science and Engineering,2047,,CA,Los Angeles,College of Engineering,*,Scholarship,Materials Science and Engineering,293
CA,Los Angeles,College of Music,*,*,Jazz Studies,44951,,CA,Los Angeles,College of Music,*,Campus Resource,Jazz Studies,8290
CA,Los Angeles,College of Music,*,*,Jazz Studies,44951,,CA,Los Angeles,College of Music,*,Endowment,Jazz Studies,9945
CA,Los Angeles,College of Natural Science,*,*,Biochemistry and Molecular Biology/Biotechnology,16489,,CA,Los Angeles,College of Natural Science,*,Campus Resource,Biochemistry and Molecular Biology/Biotechnology,2879
CA,Los Angeles,College of Natural Science,*,*,Environmental Geosciences,18624,,CA,Los Angeles,College of Natural Science,*,Endowment,Environmental Geosciences,5375
CA,Los Angeles,College of Natural Science,*,*,Microbiology,24296,,CA,Los Angeles,College of Natural Science,*,Scholarship,Microbiology,4973
CA,Los Angeles,College of Natural Science,*,*,Preoptometry,44119,,CA,Los Angeles,College of Natural Science,*,Endowment,Preoptometry,12452
CA,Los Angeles,College of Natural Science,*,*,Preoptometry,44119,,CA,Los Angeles,College of Natural Science,*,Scholarship,Preoptometry,11659
CA,Los Angeles,College of Nursing,*,*,Summer Research Program,19403,,CA,Los Angeles,College of Nursing,*,Endowment,Summer Research Program,584
CA,Los Angeles,College of Social Science,*,*,Economics,3977,,CA,Los Angeles,College of Social Science,*,Scholarship,Economics,173
CA,Los Angeles,College of Social Science,*,*,History,26419,,CA,Los Angeles,College of Social Science,*,Endowment,History,4256
CA,Los Angeles,College of Social Science,*,*,Political Science-Prelaw,15961,,CA,Los Angeles,College of Social Science,*,Endowment,Political Science-Prelaw,2242
CA,Sacramento,College of Education,*,*,Kinesiology,20652,,CA,Sacramento,College of Education,*,Scholarship,Kinesiology,650
CA,Sacramento,College of Engineering,*,*,Materials Science and Engineering,14712,,CA,Sacramento,College of Engineering,*,Endowment,Materials Science and Engineering,3591
CA,San Diego,College of Agriculture and Natural Resources,*,*,Environmental Studies and Agriscience,7478,,CA,San Diego,College of Agriculture and Natural Resources,*,Scholarship,Environmental Studies and Agriscience,1724
CA,San Diego,College of Arts and Sciences,*,*,French,12597,,CA,San Diego,College of Arts and Sciences,*,Campus Resource,French,3885
CA,San Diego,College of Arts and Sciences,*,*,Linguistics,4528,,CA,San Diego,College of Arts and Sciences,*,Campus Resource,Linguistics,645
CA,San Diego,College of Arts and Sciences,*,*,Russian,6951,,CA,San Diego,College of Arts and Sciences,*,Endowment,Russian,1077
CA,San Diego,College of Music,*,*,Composition,41582,,CA,San Diego,College of Music,*,Scholarship,Composition,12522
CA,San Diego,College of Natural Science,*,*,Biomedical Laboratory Science,2836,,CA,San Diego,College of Natural Science,*,Scholarship,Biomedical Laboratory Science,292
CA,San Diego,College of Social Science,*,*,Political Science,1435,,CA,San Diego,College of Social Science,*,Scholarship,Political Science,43
CA,San Diego,College of Social Science,*,*,Social Work,10914,,CA,San Diego,College of Social Science,*,Endowment,Social Work,3367
CA,San Francisco,College of Agriculture and Natural Resources,*,*,Agribusiness Management,12905,,CA,San Francisco,College of Agriculture and Natural Resources,*,Scholarship,Agribusiness Management,3045
CA,San Francisco,College of Agriculture and Natural Resources,*,*,Animal Science,33822,,CA,San Francisco,College of Agriculture and Natural Resources,*,Campus Resource,Animal Science,1490
CA,San Francisco,College of Agriculture and Natural Resources,*,*,Animal Science,33822,,CA,San Francisco,College of Agriculture and Natural Resources,*,Scholarship,Animal Science,1490
CA,San Francisco,College of Agriculture and Natural Resources,*,*,Horticulture,19403,,CA,San Francisco,College of Agriculture and Natural Resources,*,Scholarship,Horticulture,6356
CA,San Francisco,College of Arts and Sciences,*,*,Apparel and Textile Design,14010,,CA,San Francisco,College of Arts and Sciences,*,Scholarship,Apparel and Textile Design,3527
CA,San Francisco,College of Arts and Sciences,*,*,Art History and Visual Culture,52906,,CA,San Francisco,College of Arts and Sciences,*,Campus Resource,Art History and Visual Culture,14562
CA,San Francisco,College of Arts and Sciences,*,*,Art History and Visual Culture,52906,,CA,San Francisco,College of Arts and Sciences,*,Scholarship,Art History and Visual Culture,14156
CA,San Francisco,College of Arts and Sciences,*,*,Japanese,4765,,CA,San Francisco,College of Arts and Sciences,*,Campus Resource,Japanese,151
CA,San Francisco,College of Business,*,*,Finance,15975,,CA,San Francisco,College of Business,*,Campus Resource,Finance,612
CA,San Francisco,College of Education,*,*,Kinesiology,64367,,CA,San Francisco,College of Education,*,Endowment,Kinesiology,17413
CA,San Francisco,College of Music,*,*,Composition,16438,,CA,San Francisco,College of Music,*,Campus Resource,Composition,3666
CA,San Francisco,College of Music,*,*,Jazz Studies,21886,,CA,San Francisco,College of Music,*,Endowment,Jazz Studies,908
CA,San Francisco,College of Natural Science,*,*,Biochemistry and Molecular Biology/Biotechnology,25773,,CA,San Francisco,College of Natural Science,*,Scholarship,Biochemistry and Molecular Biology/Biotechnology,3892
CA,San Francisco,College of Natural Science,*,*,Environmental Biology/Zoology,11804,,CA,San Francisco,College of Natural Science,*,Scholarship,Environmental Biology/Zoology,3929
CA,San Francisco,College of Natural Science,*,*,Human Biology,41061,,CA,San Francisco,College of Natural Science,*,Endowment,Human Biology,8078
CA,San Francisco,College of Natural Science,*,*,Human Biology,41061,,CA,San Francisco,College of Natural Science,*,Scholarship,Human Biology,7426
CA,San Francisco,College of Natural Science,*,*,Zoology,29907,,CA,San Francisco,College of Natural Science,*,Endowment,Zoology,4788
CA,San Francisco,College of Political Science,*,*,Social Relations and Policy,10042,,CA,San Francisco,College of Political Science,*,Endowment,Social Relations and Policy,628
CA,San Francisco,College of Social Science,*,*,Economics,6526,,CA,San Francisco,College of Social Science,*,Scholarship,Economics,858
CA,San Francisco,College of Social Science,*,*,Human Development and Family Studies,11655,,CA,San Francisco,College of Social Science,*,Scholarship,Human Development and Family Studies,3793
CA,San Francisco,College of Social Science,*,*,Political Science-Prelaw,37064,,CA,San Francisco,College of Social Science,*,Scholarship,Political Science-Prelaw,8996
CA,San Francisco,College of Social Science,*,*,Public Policy,51184,,CA,San Francisco,College of Social Science,*,Campus Resource,Public Policy,9972
CA,San Francisco,College of Social Science,*,*,Public Policy,51184,,CA,San Francisco,College of Social Science,*,Endowment,Public Policy,8935
CA,San Francisco,College of Social Science,*,*,Sociology,8838,,CA,San Francisco,College of Social Science,*,Campus Resource,Sociology,1576
CO,Colorado Springs,College of Agriculture and Natural Resources,*,*,Agriculture and Natural Resources-No Preference,7825,,CO,Colorado Springs,College of Agriculture and Natural Resources,*,Endowment,Agriculture and Natural Resources-No Preference,1793
CO,Colorado Springs,College of Agriculture and Natural Resources,*,*,Horticulture,32913,,CO,Colorado Springs,College of Agriculture and Natural Resources,*,Campus Resource,Horticulture,5074
CO,Colorado Springs,College of Education,*,*,Education,9818,,CO,Colorado Springs,College of Education,*,Endowment,Education,850
CO,Colorado Springs,College of Natural Science,*,*,Zoology,57041,,CO,Colorado Springs,College of Natural Science,*,Campus Resource,Zoology,15972
CO,Colorado Springs,College of Natural Science,*,*,Zoology,57041,,CO,Colorado Springs,College of Natural Science,*,Scholarship,Zoology,18251
CO,Colorado Springs,College of Social Science,*,*,History,19602,,CO,Colorado Springs,College of Social Science,*,Endowment,History,2468
CO,Colorado Springs,College of Social Science,*,*,Interdisciplinary Studies in Social Science,24970,,CO,Colorado Springs,College of Social Science,*,Scholarship,Interdisciplinary Studies in Social Science,2201
CO,Denver,College of Agriculture and Natural Resources,*,*,Agribusiness Management,51708.0,,CO,Denver,College of Agriculture and Natural Resources,*,Endowment,Agribusiness Management,6886.5
CO,Denver,College of Agriculture and Natural Resources,*,*,Construction Management,51630.0,,CO,Denver,College of Agriculture and Natural Resources,*,Endowment,Construction Management,9574.5
CO,Denver,College of Agriculture and Natural Resources,*,*,Environmental Economics and Policy,24801.0,,CO,Denver,College of Agriculture and Natural Resources,*,Scholarship,Environmental Economics and Policy,2635.5
CO,Denver,College of Agriculture and Natural Resources,*,*,Fisheries and Wildlife,28017.0,,CO,Denver,College of Agriculture and Natural Resources,*,Campus Resource,Fisheries and Wildlife,4738.5
CO,Denver,College of Agriculture and Natural Resources,*,*,Fisheries and Wildlife,28017.0,,CO,Denver,College of Agriculture and Natural Resources,*,Endowment,Fisheries and Wildlife,9121.5
CO,Denver,College of Agriculture and Natural Resources,*,*,Food Industry Management,89709.0,,CO,Denver,College of Agriculture and Natural Resources,*,Endowment,Food Industry Management,28338
CO,Denver,College of Agriculture and Natural Resources,*,*,Food Science,29055.0,,CO,Denver,College of Agriculture and Natural Resources,*,Campus Resource,Food Science,7138.5
CO,Denver,College of Agriculture and Natural Resources,*,*,Interior Design,56070.0,,CO,Denver,College of Agriculture and Natural Resources,*,Endowment,Interior Design,5244
CO,Denver,College of Agriculture and Natural Resources,*,*,Nutritional Sciences,8361.0,,CO,Denver,College of Agriculture and Natural Resources,*,Endowment,Nutritional Sciences,2068.5
CO,Denver,College of Arts and Sciences,*,*,Apparel and Textile Design,62467.5,,CO,Denver,College of Arts and Sciences,*,Scholarship,Apparel and Textile Design,15720
CO,Denver,College of Arts and Sciences,*,*,Arabic,118822.5,,CO,Denver,College of Arts and Sciences,*,Campus Resource,Arabic,23562
CO,Denver,College of Arts and Sciences,*,*,Art Education,115039.5,,CO,Denver,College of Arts and Sciences,*,Campus Resource,Art Education,21687
CO,Denver,College of Arts and Sciences,*,*,Art History and Visual Culture,39556.5,,CO,Denver,College of Arts and Sciences,*,Scholarship,Art History and Visual Culture,12073.5
CO,Denver,College of Arts and Sciences,*,*,Experience Architecture,41410.5,,CO,Denver,College of Arts and Sciences,*,Endowment,Experience Architecture,12997.5
CO,Denver,College of Arts and Sciences,*,*,Experience Architecture,41410.5,,CO,Denver,College of Arts and Sciences,*,Scholarship,Experience Architecture,3618
CO,Denver,College of Arts and Sciences,*,*,Humanities-Prelaw,21828.0,,CO,Denver,College of Arts and Sciences,*,Campus Resource,Humanities-Prelaw,5980.5
CO,Denver,College of Arts and Sciences,*,*,Japanese,18490.5,,CO,Denver,College of Arts and Sciences,*,Scholarship,Japanese,250.5
CO,Denver,College of Arts and Sciences,*,*,Russian,9795,,CO,Denver,College of Arts and Sciences,*,Scholarship,Russian,2145
CO,Denver,College of Arts and Sciences,*,*,Spanish,38637.0,,CO,Denver,College of Arts and Sciences,*,Campus Resource,Spanish,11460
CO,Denver,College of Arts and Sciences,*,*,Studio Art,43734.0,,CO,Denver,College of Arts and Sciences,*,Campus Resource,Studio Art,9199.5
CO,Denver,College of Arts and Sciences,*,*,Studio Art,43734.0,,CO,Denver,College of Arts and Sciences,*,Scholarship,Studio Art,13590
CO,Denver,College of Communication Arts and Sciences,*,*,Journalism,2781,,CO,Denver,College of Communication Arts and Sciences,*,Campus Resource,Journalism,696
CO,Denver,College of Communication Arts and Sciences,*,*,Journalism,2781,,CO,Denver,College of Communication Arts and Sciences,*,Endowment,Journalism,696
CO,Denver,College of Education,*,*,Education,32622.0,,CO,Denver,College of Education,*,Campus Resource,Education,4717.5
CO,Denver,College of Education,*,*,Kinesiology,29593.5,,CO,Denver,College of Education,*,Endowment,Kinesiology,7663.5
CO,Denver,College of Education,*,*,Special Education-Learning Disabilities,91764.0,,CO,Denver,College of Education,*,Campus Resource,Special Education-Learning Disabilities,14746.5
CO,Denver,College of Engineering,*,*,Computer Science,23257.5,,CO,Denver,College of Engineering,*,Campus Resource,Computer Science,7546.5
CO,Denver,College of Engineering,*,*,Materials Science and Engineering,25660.5,,CO,Denver,College of Engineering,*,Endowment,Materials Science and Engineering,5397
CO,Denver,College of Engineering,*,*,Mechanical Engineering,27031.5,,CO,Denver,College of Engineering,*,Campus Resource,Mechanical Engineering,5797.5
CO,Denver,College of Music,*,*,Composition,137493.0,,CO,Denver,College of Music,*,Campus Resource,Composition,14367
CO,Denver,College of Music,*,*,Music Performance,27436.5,,CO,Denver,College of Music,*,Scholarship,Music Performance,1476
CO,Denver,College of Natural Science,*,*,Biochemistry and Molecular Biology/Biotechnology,11310,,CO,Denver,College of Natural Science,*,Scholarship,Biochemistry and Molecular Biology/Biotechnology,1329
CO,Denver,College of Natural Science,*,*,Chemical Physics,35281.5,,CO,Denver,College of Natural Science,*,Campus Resource,Chemical Physics,11058
CO,Denver,College of Natural Science,*,*,Chemical Physics,35281.5,,CO,Denver,College of Natural Science,*,Scholarship,Chemical Physics,6078.0
CO,Denver,College of Natural Science,*,*,Earth Science Interdepartmental,44632.5,,CO,Denver,College of Natural Science,*,Scholarship,Earth Science Interdepartmental,7552.5
CO,Denver,College of Natural Science,*,*,Environmental Biology/Zoology,25057.5,,CO,Denver,College of Natural Science,*,Endowment,Environmental Biology/Zoology,5281.5
CO,Denver,College of Natural Science,*,*,Mathematics  Advanced,30594.0,,CO,Denver,College of Natural Science,*,Endowment,Mathematics  Advanced,1035.0
CO,Denver,College of Nursing,*,*,Nursing,43762.5,,CO,Denver,College of Nursing,*,Campus Resource,Nursing,10065
CO,Denver,College of Nursing,*,*,Nursing,43762.5,,CO,Denver,College of Nursing,*,Scholarship,Nursing,7594.5
CO,Denver,College of Nursing,*,*,Summer Research Program,33637.5,,CO,Denver,College of Nursing,*,Scholarship,Summer Research Program,10816.5
CO,Denver,College of Social Science,*,*,Anthropology,32641.5,,CO,Denver,College of Social Science,*,Endowment,Anthropology,9916.5
CO,Denver,College of Social Science,*,*,Criminal Justice,72856.5,,CO,Denver,College of Social Science,*,Endowment,Criminal Justice,21760.5
CO,Denver,College of Social Science,*,*,Criminal Justice,72856.5,,CO,Denver,College of Social Science,*,Scholarship,Criminal Justice,20058
CO,Denver,College of Social Science,*,*,Interdisciplinary Studies in Social Science,11227.5,,CO,Denver,College of Social Science,*,Scholarship,Interdisciplinary Studies in Social Science,1470
CO,Denver,College of Social Science,*,*,Interdisciplinary Studies in Social Science - Social Science Education,13345.5,,CO,Denver,College of Social Science,*,Campus Resource,Interdisciplinary Studies in Social Science - Social Science Education,4381.5
CO,Denver,College of Social Science,*,*,Interdisciplinary Studies in Social Science - Social Science Education,13345.5,,CO,Denver,College of Social Science,*,Scholarship,Interdisciplinary Studies in Social Science - Social Science Education,4381.5
CO,Denver,College of Social Science,*,*,Psychology,17250.0,,CO,Denver,College of Social Science,*,Endowment,Psychology,3834
CO,Denver,College of Social Science,*,*,Public Policy,70369.5,,CO,Denver,College of Social Science,*,Campus Resource,Public Policy,14196
CO,Denver,College of Social Science,*,*,Sociology,36742.5,,CO,Denver,College of Social Science,*,Campus Resource,Sociology,9984
CO,Denver,College of Social Science,*,*,Sociology,36742.5,,CO,Denver,College of Social Science,*,Endowment,Sociology,280.5
CO,Denver,College of Social Science,*,*,Urban and Regional Planning,62236.5,,CO,Denver,College of Social Science,*,Campus Resource,Urban and Regional Planning,6121.5
CO,Denver,College of Social Science,*,*,Urban and Regional Planning,62236.5,,CO,Denver,College of Social Science,*,Endowment,Urban and Regional Planning,4444.5
CO,Denver,College of Social Science,*,*,World Politics,53311.5,,CO,Denver,College of Social Science,*,Campus Resource,World Politics,12645
CO,Denver,College of Social Science,*,*,World Politics,53311.5,,CO,Denver,College of Social Science,*,Endowment,World Politics,13498.5
CT,Hartford,College of Agriculture and Natural Resources,*,*,Agribusiness Management,6995,,CT,Hartford,College of Agriculture and Natural Resources,*,Scholarship,Agribusiness Management,2279
CT,Hartford,College of Agriculture and Natural Resources,*,*,Entomology,36794,,CT,Hartford,College of Agriculture and Natural Resources,*,Endowment,Entomology,10347
CT,Hartford,College of Agriculture and Natural Resources,*,*,Natural Resource Recreation and Tourism,34769,,CT,Hartford,College of Agriculture and Natural Resources,*,Scholarship,Natural Resource Recreation and Tourism,249
CT,Hartford,College of Arts and Sciences,*,*,Theatre,8745,,CT,Hartford,College of Arts and Sciences,*,Scholarship,Theatre,999
CT,Hartford,College of Engineering,*,*,Environmental Engineering,27902,,CT,Hartford,College of Engineering,*,Campus Resource,Environmental Engineering,7315
CT,Hartford,College of Engineering,*,*,Environmental Engineering,27902,,CT,Hartford,College of Engineering,*,Endowment,Environmental Engineering,7315
CT,Hartford,College of Natural Science,*,*,Biological Science Interdepartmental,9814,,CT,Hartford,College of Natural Science,*,Scholarship,Biological Science Interdepartmental,1478
CT,Hartford,College of Social Science,*,*,Criminal Justice,7431,,CT,Hartford,College of Social Science,*,Endowment,Criminal Justice,243
DC,Washington,College of Agriculture and Natural Resources,*,*,Agriculture and Natural Resources-No Preference,14815,,DC,Washington,College of Agriculture and Natural Resources,*,Endowment,Agriculture and Natural Resources-No Preference,2581
DC,Washington,College of Agriculture and Natural Resources,*,*,Environmental Studies and Agriscience,682,,DC,Washington,College of Agriculture and Natural Resources,*,Campus Resource,Environmental Studies and Agriscience,204
DC,Washington,College of Agriculture and Natural Resources,*,*,Packaging,18182,,DC,Washington,College of Agriculture and Natural Resources,*,Campus Resource,Packaging,1763
DC,Washington,College of Nursing,*,*,Summer Research Program,28927,,DC,Washington,College of Nursing,*,Campus Resource,Summer Research Program,431
DC,Washington,College of Nursing,*,*,Summer Research Program,28927,,DC,Washington,College of Nursing,*,Endowment,Summer Research Program,5240
DC,Washington,College of Social Science,*,*,Interdisciplinary Studies in Social Science - Social Science Education,14538,,DC,Washington,College of Social Science,*,Campus Resource,Interdisciplinary Studies in Social Science - Social Science Education,171
DC,Washington,College of Social Science,*,*,Interdisciplinary Studies in Social Science - Social Science Education,14538,,DC,Washington,College of Social Science,*,Endowment,Interdisciplinary Studies in Social Science - Social Science Education,535
DC,Washington,College of Social Science,*,*,Psychology,31771,,DC,Washington,College of Social Science,*,Scholarship,Psychology,5506
DC,Washington,College of Social Science,*,*,Urban and Regional Planning,29140,,DC,Washington,College of Social Science,*,Campus Resource,Urban and Regional Planning,676
FL,Fort Lauderdale,College of Agriculture and Natural Resources,*,*,Packaging,11981,,FL,Fort Lauderdale,College of Agriculture and Natural Resources,*,Endowment,Packaging,3896
FL,Jacksonville,College of Agriculture and Natural Resources,*,*,Construction Management,23181,,FL,Jacksonville,College of Agriculture and Natural Resources,*,Scholarship,Construction Management,4140
FL,Jacksonville,College of Natural Science,*,*,Environmental Geosciences,18887,,FL,Jacksonville,College of Natural Science,*,Campus Resource,Environmental Geosciences,3801
FL,Jacksonville,College of Natural Science,*,*,Environmental Geosciences,18887,,FL,Jacksonville,College of Natural Science,*,Scholarship,Environmental Geosciences,1556
FL,Miami,College of Agriculture and Natural Resources,*,*,Packaging,36379,,FL,Miami,College of Agriculture and Natural Resources,*,Campus Resource,Packaging,6519
FL,Miami,College of Engineering,*,*,Computer Science,11926,,FL,Miami,College of Engineering,*,Endowment,Computer Science,2209
FL,Miami,College of Engineering,*,*,Engineering-No Major,7560,,FL,Miami,College of Engineering,*,Scholarship,Engineering-No Major,1119
FL,Miami,College of Social Science,*,*,Sociology,24931,,FL,Miami,College of Social Science,*,Campus Resource,Sociology,7362
FL,Miami,College of Social Science,*,*,Sociology,24931,,FL,Miami,College of Social Science,*,Endowment,Sociology,7362
FL,Orlando,College of Agriculture and Natural Resources,*,*,Agriculture and Natural Resources-No Preference,24823,,FL,Orlando,College of Agriculture and Natural Resources,*,Campus Resource,Agriculture and Natural Resources-No Preference,1615
FL,Orlando,College of Agriculture and Natural Resources,*,*,Agriculture and Natural Resources-No Preference,24823,,FL,Orlando,College of Agriculture and Natural Resources,*,Scholarship,Agriculture and Natural Resources-No Preference,7261
FL,Orlando,College of Agriculture and Natural Resources,*,*,Fisheries and Wildlife,21443,,FL,Orlando,College of Agriculture and Natural Resources,*,Scholarship,Fisheries and Wildlife,2640
FL,Orlando,College of Arts and Sciences,*,*,Interdisciplinary Humanities,25338,,FL,Orlando,College of Arts and Sciences,*,Endowment,Interdisciplinary Humanities,6230
FL,Orlando,College of Engineering,*,*,Materials Science and Engineering,6517,,FL,Orlando,College of Engineering,*,Scholarship,Materials Science and Engineering,173
FL,Orlando,College of Natural Science,*,*,Environmental Biology/Plant Biol,28721,,FL,Orlando,College of Natural Science,*,Scholarship,Environmental Biology/Plant Biol,8650
FL,Orlando,College of Natural Science,*,*,Neuroscience,46916,,FL,Orlando,College of Natural Science,*,Scholarship,Neuroscience,10199
FL,Tallahassee,College of Agriculture and Natural Resources,*,*,Agribusiness Management,39387,,FL,Tallahassee,College of Agriculture and Natural Resources,*,Campus Resource,Agribusiness Management,2982
FL,Tallahassee,College of Agriculture and Natural Resources,*,*,Agribusiness Management,39387,,FL,Tallahassee,College of Agriculture and Natural Resources,*,Scholarship,Agribusiness Management,630
FL,Tallahassee,College of Agriculture and Natural Resources,*,*,Fisheries and Wildlife,15012,,FL,Tallahassee,College of Agriculture and Natural Resources,*,Scholarship,Fisheries and Wildlife,4672
FL,Tallahassee,College of Arts and Sciences,*,*,Art History and Visual Culture,16103,,FL,Tallahassee,College of Arts and Sciences,*,Scholarship,Art History and Visual Culture,3724
FL,Tallahassee,College of Arts and Sciences,*,*,Experience Architecture,14836,,FL,Tallahassee,College of Arts and Sciences,*,Endowment,Experience Architecture,355
GA,Atlanta,College of Agriculture and Natural Resources,*,*,Agribusiness Management,10948,,GA,Atlanta,College of Agriculture and Natural Resources,*,Campus Resource,Agribusiness Management,3281
GA,Atlanta,College of Business,*,*,Finance,5641,,GA,Atlanta,College of Business,*,Endowment,Finance,883
GA,Atlanta,College of Natural Science,*,*,Mathematics,36016,,GA,Atlanta,College of Natural Science,*,Scholarship,Mathematics,11170
GA,Atlanta,College of Political Science,*,*,College of Political Science,15512,,GA,Atlanta,College of Political Science,*,Campus Resource,College of Political Science,4709
GA,Savannah,College of Natural Science,*,*,Human Biology,32152,,GA,Savannah,College of Natural Science,*,Campus Resource,Human Biology,10679
GA,Savannah,College of Natural Science,*,*,Human Biology,32152,,GA,Savannah,College of Natural Science,*,Endowment,Human Biology,9497
IA,Des Moines,College of Nursing,*,*,Summer Research Program,7509,,IA,Des Moines,College of Nursing,*,Endowment,Summer Research Program,383
IA,Des Moines,College of Social Science,*,*,History,8904,,IA,Des Moines,College of Social Science,*,Scholarship,History,1532
IL,Chicago,College of Agriculture and Natural Resources,*,*,Environmental Studies and Agriscience,21076,,IL,Chicago,College of Agriculture and Natural Resources,*,Endowment,Environmental Studies and Agriscience,6497
IL,Chicago,College of Agriculture and Natural Resources,*,*,Horticulture,9732,,IL,Chicago,College of Agriculture and Natural Resources,*,Campus Resource,Horticulture,1782
IL,Chicago,College of Agriculture and Natural Resources,*,*,Landscape Architecture,10228,,IL,Chicago,College of Agriculture and Natural Resources,*,Endowment,Landscape Architecture,2587
IL,Chicago,College of Arts and Sciences,*,*,Apparel and Textiles,31610,,IL,Chicago,College of Arts and Sciences,*,Endowment,Apparel and Textiles,5874
IL,Chicago,College of Arts and Sciences,*,*,Apparel and Textiles,31610,,IL,Chicago,College of Arts and Sciences,*,Scholarship,Apparel and Textiles,8196
IL,Chicago,College of Arts and Sciences,*,*,Art Education,9934,,IL,Chicago,College of Arts and Sciences,*,Scholarship,Art Education,697
IL,Chicago,College of Arts and Sciences,*,*,Linguistics,33133,,IL,Chicago,College of Arts and Sciences,*,Scholarship,Linguistics,7316
IL,Chicago,College of Arts and Sciences,*,*,Philosophy,12234,,IL,Chicago,College of Arts and Sciences,*,Scholarship,Philosophy,3336
IL,Chicago,College of Arts and Sciences,*,*,Women's and Gender Studies,10953,,IL,Chicago,College of Arts and Sciences,*,Scholarship,Women's and Gender Studies,2747
IL,Chicago,College of Business,*,*,Marketing,36366,,IL,Chicago,College of Business,*,Campus Resource,Marketing,7938
IL,Chicago,College of Education,*,*,Kinesiology,50528,,IL,Chicago,College of Education,*,Campus Resource,Kinesiology,16833
IL,Chicago,College of Education,*,*,Kinesiology,50528,,IL,Chicago,College of Education,*,Endowment,Kinesiology,11103
IL,Chicago,College of Engineering,*,*,Computer Engineering,13045,,IL,Chicago,College of Engineering,*,Endowment,Computer Engineering,3414
IL,Chicago,College of Engineering,*,*,Computer Science,37714,,IL,Chicago,College of Engineering,*,Endowment,Computer Science,10020
IL,Chicago,College of Engineering,*,*,Computer Science,37714,,IL,Chicago,College of Engineering,*,Scholarship,Computer Science,11970
IL,Chicago,College of Engineering,*,*,Engineering-No Major,461329,,IL,Chicago,College of Engineering,*,Scholarship,Engineering-No Major,5508
IL,Chicago,College of Music,*,*,Composition,22107,,IL,Chicago,College of Music,*,Campus Resource,Composition,640
IL,Chicago,College of Music,*,*,Composition,22107,,IL,Chicago,College of Music,*,Scholarship,Composition,1574
IL,Chicago,College of Music,*,*,Music Performance,37102,,IL,Chicago,College of Music,*,Campus Resource,Music Performance,551
IL,Chicago,College of Music,*,*,Music Performance,37102,,IL,Chicago,College of Music,*,Endowment,Music Performance,9411
IL,Chicago,College of Natural Science,*,*,Biochemistry and Molecular Biology/Biotechnology,13038,,IL,Chicago,College of Natural Science,*,Scholarship,Biochemistry and Molecular Biology/Biotechnology,3600
IL,Chicago,College of Natural Science,*,*,Environmental Geosciences,2984,,IL,Chicago,College of Natural Science,*,Scholarship,Environmental Geosciences,319
IL,Chicago,College of Social Science,*,*,Economics,23308,,IL,Chicago,College of Social Science,*,Endowment,Economics,7211
IL,Chicago,College of Social Science,*,*,Economics,23308,,IL,Chicago,College of Social Science,*,Scholarship,Economics,7211
IL,Chicago,College of Social Science,*,*,Geographic Information Science,25913,,IL,Chicago,College of Social Science,*,Endowment,Geographic Information Science,189
IL,Chicago,College of Social Science,*,*,Geographic Information Science,25913,,IL,Chicago,College of Social Science,*,Scholarship,Geographic Information Science,5981
IL,Chicago,College of Social Science,*,*,Interdisciplinary Studies in Social Science,35295,,IL,Chicago,College of Social Science,*,Campus Resource,Interdisciplinary Studies in Social Science,7004
IL,Chicago,College of Social Science,*,*,Urban and Regional Planning,18130,,IL,Chicago,College of Social Science,*,Endowment,Urban and Regional Planning,1384
IL,Springfield,College of Arts and Sciences,*,*,Experience Architecture,8315,,IL,Springfield,College of Arts and Sciences,*,Scholarship,Experience Architecture,2002
IN,Indianapolis,College of Arts and Sciences,*,*,Russian,10033,,IN,Indianapolis,College of Arts and Sciences,*,Endowment,Russian,3263
IN,Indianapolis,College of Business,*,*,Hospitality Business,41058,,IN,Indianapolis,College of Business,*,Campus Resource,Hospitality Business,7753
IN,Indianapolis,College of Natural Science,*,*,Biochemistry and Molecular Biology,16812,,IN,Indianapolis,College of Natural Science,*,Campus Resource,Biochemistry and Molecular Biology,3599
IN,Indianapolis,College of Natural Science,*,*,Biochemistry and Molecular Biology,16812,,IN,Indianapolis,College of Natural Science,*,Scholarship,Biochemistry and Molecular Biology,5010
IN,Indianapolis,College of Natural Science,*,*,Neuroscience,21924,,IN,Indianapolis,College of Natural Science,*,Campus Resource,Neuroscience,465
IN,Indianapolis,College of Natural Science,*,*,Neuroscience,21924,,IN,Indianapolis,College of Natural Science,*,Endowment,Neuroscience,6083
IN,Indianapolis,College of Social Science,*,*,Global & Area Studies - Soc Sci,47435,,IN,Indianapolis,College of Social Science,*,Endowment,Global & Area Studies - Soc Sci,7580
IN,Indianapolis,College of Social Science,*,*,Interdisciplinary Studies in Social Science,5690,,IN,Indianapolis,College of Social Science,*,Campus Resource,Interdisciplinary Studies in Social Science,1778
KS,Kansas City,College of Political Science,*,*,Comparative Cultures and Politics,42143,,KS,Kansas City,College of Political Science,*,Campus Resource,Comparative Cultures and Politics,1454
KS,Kansas City,College of Political Science,*,*,Comparative Cultures and Politics,42143,,KS,Kansas City,College of Political Science,*,Endowment,Comparative Cultures and Politics,11209
KS,Overland Park,College of Agriculture and Natural Resources,*,*,Environmental Economics and Policy,17265,,KS,Overland Park,College of Agriculture and Natural Resources,*,Campus Resource,Environmental Economics and Policy,3278
KS,Overland Park,College of Agriculture and Natural Resources,*,*,Nutritional Sciences,42143,,KS,Overland Park,College of Agriculture and Natural Resources,*,Campus Resource,Nutritional Sciences,7687
KS,Overland Park,College of Agriculture and Natural Resources,*,*,Nutritional Sciences,42143,,KS,Overland Park,College of Agriculture and Natural Resources,*,Endowment,Nutritional Sciences,9422
KS,Overland Park,College of Arts and Sciences,*,*,Global Studies in the Arts and Humanities,11478,,KS,Overland Park,College of Arts and Sciences,*,Campus Resource,Global Studies in the Arts and Humanities,1001
KS,Overland Park,College of Music,*,*,Jazz Studies,32419,,KS,Overland Park,College of Music,*,Endowment,Jazz Studies,6564
KS,Overland Park,College of Natural Science,*,*,Biomedical Laboratory Science,11159,,KS,Overland Park,College of Natural Science,*,Scholarship,Biomedical Laboratory Science,1434
KS,Wichita,College of Natural Science,*,*,Chemical Physics,24209,,KS,Wichita,College of Natural Science,*,Endowment,Chemical Physics,6264
KS,Wichita,College of Natural Science,*,*,Preoptometry,13905,,KS,Wichita,College of Natural Science,*,Scholarship,Preoptometry,2209
KY,Lexington,College of Music,*,*,Music Performance,12441,,KY,Lexington,College of Music,*,Endowment,Music Performance,3598
KY,Louisville,College of Arts and Sciences,*,*,English,15485,,KY,Louisville,College of Arts and Sciences,*,Campus Resource,English,3009
KY,Louisville,College of Arts and Sciences,*,*,English,15485,,KY,Louisville,College of Arts and Sciences,*,Endowment,English,5056
LA,Baton Rouge,College of Agriculture and Natural Resources,*,*,Interior Design,28424,,LA,Baton Rouge,College of Agriculture and Natural Resources,*,Endowment,Interior Design,5578
LA,Baton Rouge,College of Business,*,*,Supply Chain Management,32762,,LA,Baton Rouge,College of Business,*,Campus Resource,Supply Chain Management,7243
LA,Baton Rouge,College of Business,*,*,Supply Chain Management,32762,,LA,Baton Rouge,College of Business,*,Scholarship,Supply Chain Management,2414
LA,Baton Rouge,College of Natural Science,*,*,Zoology,12092,,LA,Baton Rouge,College of Natural Science,*,Scholarship,Zoology,3095
LA,New Orleans,College of Arts and Sciences,*,*,Apparel and Textile Design,40756,,LA,New Orleans,College of Arts and Sciences,*,Endowment,Apparel and Textile Design,11162
LA,New Orleans,College of Business,*,*,General Management,16115,,LA,New Orleans,College of Business,*,Campus Resource,General Management,895
MA,Boston,College of Agriculture and Natural Resources,*,*,Horticulture,32206,,MA,Boston,College of Agriculture and Natural Resources,*,Campus Resource,Horticulture,208
MA,Boston,College of Agriculture and Natural Resources,*,*,Nutritional Sciences,37784,,MA,Boston,College of Agriculture and Natural Resources,*,Campus Resource,Nutritional Sciences,7547
MA,Boston,College of Business,*,*,Accounting,23146,,MA,Boston,College of Business,*,Campus Resource,Accounting,6493
MA,Boston,College of Music,*,*,Jazz Studies,31977,,MA,Boston,College of Music,*,Campus Resource,Jazz Studies,8726
MA,Boston,College of Music,*,*,Jazz Studies,31977,,MA,Boston,College of Music,*,Endowment,Jazz Studies,8527
MA,Boston,College of Natural Science,*,*,Biomedical Laboratory Science,10550,,MA,Boston,College of Natural Science,*,Campus Resource,Biomedical Laboratory Science,701
MA,Boston,College of Social Science,*,*,Economics,4556,,MA,Boston,College of Social Science,*,Scholarship,Economics,292
MI,Detroit,College of Agriculture and Natural Resources,*,*,Entomology,14712,,MI,Detroit,College of Agriculture and Natural Resources,*,Scholarship,Entomology,3848
MI,Detroit,College of Arts and Sciences,*,*,Russian,8735,,MI,Detroit,College of Arts and Sciences,*,Campus Resource,Russian,2729
MI,Detroit,College of Communication Arts and Sciences,*,*,Journalism,6896,,MI,Detroit,College of Communication Arts and Sciences,*,Endowment,Journalism,1949
MI,Detroit,College of Music,*,*,Composition,11176,,MI,Detroit,College of Music,*,Scholarship,Composition,1437
MI,Detroit,College of Natural Science,*,*,Geological Sciences,24428,,MI,Detroit,College of Natural Science,*,Endowment,Geological Sciences,5002
MI,Detroit,College of Natural Science,*,*,Statistics,911,,MI,Detroit,College of Natural Science,*,Scholarship,Statistics,8
MI,Detroit,College of Nursing,*,*,Summer Research Program,34830,,MI,Detroit,College of Nursing,*,Scholarship,Summer Research Program,9117
MI,Detroit,College of Political Science,*,*,College of Political Science,15872,,MI,Detroit,College of Political Science,*,Endowment,College of Political Science,3057
MI,Detroit,College of Political Science,*,*,College of Political Science,15872,,MI,Detroit,College of Political Science,*,Scholarship,College of Political Science,2226
MI,Detroit,Social Relations and Policy,*,*,College of Political Science,80445,,MI,Detroit,Social Relations and Policy,*,Endowment,College of Political Science,6862
MI,Grand Rapids,College of Social Science,*,*,Human Development and Family Studies,13447,,MI,Grand Rapids,College of Social Science,*,Scholarship,Human Development and Family Studies,4022
MI,Lansing,College of Agriculture and Natural Resources,*,*,Interior Design,10963,,MI,Lansing,College of Agriculture and Natural Resources,*,Campus Resource,Interior Design,1599
MI,Lansing,College of Arts and Sciences,*,*,Professional Writing,18332,,MI,Lansing,College of Arts and Sciences,*,Campus Resource,Professional Writing,5752
MI,Lansing,College of Business,*,*,Accounting,9000,,MI,Lansing,College of Business,*,Endowment,Accounting,2639
MI,Lansing,College of Business,*,*,General Management,45206,,MI,Lansing,College of Business,*,Campus Resource,General Management,9319
MI,Lansing,College of Business,*,*,General Management,45206,,MI,Lansing,College of Business,*,Scholarship,General Management,9667
MI,Lansing,College of Natural Science,*,*,Environmental Biology/Zoology,9590,,MI,Lansing,College of Natural Science,*,Endowment,Environmental Biology/Zoology,3071
MI,Lansing,College of Natural Science,*,*,Environmental Biology/Zoology,9590,,MI,Lansing,College of Natural Science,*,Scholarship,Environmental Biology/Zoology,2396
MI,Lansing,College of Nursing,*,*,Prenursing,30577,,MI,Lansing,College of Nursing,*,Scholarship,Prenursing,4340
MI,Lansing,College of Social Science,*,*,History Education,1312,,MI,Lansing,College of Social Science,*,Scholarship,History Education,313
MN,Minneapolis,College of Business,*,*,Marketing,24348,,MN,Minneapolis,College of Business,*,Scholarship,Marketing,6356
MO,Kansas City,College of Agriculture and Natural Resources,*,*,Fisheries and Wildlife,76151,,MO,Kansas City,College of Agriculture and Natural Resources,*,Campus Resource,Fisheries and Wildlife,17136
MO,Kansas City,College of Arts and Sciences,*,*,Arabic,17293,,MO,Kansas City,College of Arts and Sciences,*,Endowment,Arabic,1848
MO,Kansas City,College of Arts and Sciences,*,*,Interdisciplinary Humanities,29263,,MO,Kansas City,College of Arts and Sciences,*,Scholarship,Interdisciplinary Humanities,8227
MO,Kansas City,College of Engineering,*,*,Biosystems Engineering,21768,,MO,Kansas City,College of Engineering,*,Scholarship,Biosystems Engineering,6526
MO,Kansas City,College of Natural Science,*,*,Plant Biology,19712,,MO,Kansas City,College of Natural Science,*,Campus Resource,Plant Biology,6217
MO,Kansas City,College of Social Science,*,*,Criminal Justice,4213,,MO,Kansas City,College of Social Science,*,Endowment,Criminal Justice,921
MO,Kansas City,College of Social Science,*,*,Public Policy,30613,,MO,Kansas City,College of Social Science,*,Scholarship,Public Policy,2556
MO,St. Louis,College of Agriculture and Natural Resources,*,*,Agribusiness Management,17963,,MO,St. Louis,College of Agriculture and Natural Resources,*,Campus Resource,Agribusiness Management,345
MO,St. Louis,College of Agriculture and Natural Resources,*,*,Agribusiness Management,17963,,MO,St. Louis,College of Agriculture and Natural Resources,*,Scholarship,Agribusiness Management,1729
MO,St. Louis,College of Communication Arts and Sciences,*,*,Media and Information,11808,,MO,St. Louis,College of Communication Arts and Sciences,*,Endowment,Media and Information,2051
MO,St. Louis,College of Communication Arts and Sciences,*,*,Media and Information,11808,,MO,St. Louis,College of Communication Arts and Sciences,*,Scholarship,Media and Information,149
MO,St. Louis,College of Education,*,*,Education,38519,,MO,St. Louis,College of Education,*,Campus Resource,Education,6148
MO,St. Louis,College of Education,*,*,Education,38519,,MO,St. Louis,College of Education,*,Endowment,Education,8942
MO,St. Louis,College of Natural Science,*,*,Mathematics,229014,,MO,St. Louis,College of Natural Science,*,Campus Resource,Mathematics,3171
NC,Charlotte,College of Arts and Sciences,*,*,Spanish,14378,,NC,Charlotte,College of Arts and Sciences,*,Campus Resource,Spanish,3423
NC,Charlotte,College of Education,*,*,Special Education-Learning Disabilities,24285,,NC,Charlotte,College of Education,*,Scholarship,Special Education-Learning Disabilities,274
NC,Charlotte,College of Music,*,*,Composition,17753,,NC,Charlotte,College of Music,*,Endowment,Composition,2585
NC,Durham,College of Agriculture and Natural Resources,*,*,Construction Management,2512,,NC,Durham,College of Agriculture and Natural Resources,*,Scholarship,Construction Management,267
NC,Durham,College of Engineering,*,*,Materials Science and Engineering,23011,,NC,Durham,College of Engineering,*,Campus Resource,Materials Science and Engineering,7126
NC,Durham,College of Music,*,*,Music,21474,,NC,Durham,College of Music,*,Endowment,Music,2931
NC,Durham,College of Natural Science,*,*,Actuarial Science,25245,,NC,Durham,College of Natural Science,*,Campus Resource,Actuarial Science,8323
NC,Durham,College of Natural Science,*,*,Actuarial Science,25245,,NC,Durham,College of Natural Science,*,Scholarship,Actuarial Science,8323
NC,Durham,College of Natural Science,*,*,Environmental Biology/Plant Biol,49665,,NC,Durham,College of Natural Science,*,Campus Resource,Environmental Biology/Plant Biol,15788
NC,Durham,College of Natural Science,*,*,Environmental Biology/Plant Biol,49665,,NC,Durham,College of Natural Science,*,Scholarship,Environmental Biology/Plant Biol,9990
NC,Durham,College of Natural Science,*,*,Microbiology,24270,,NC,Durham,College of Natural Science,*,Campus Resource,Microbiology,2961
NC,Durham,College of Social Science,*,*,Geography,22167,,NC,Durham,College of Social Science,*,Campus Resource,Geography,7043
NC,Durham,College of Social Science,*,*,Human Development and Family Studies,4143,,NC,Durham,College of Social Science,*,Endowment,Human Development and Family Studies,665
NC,Raleigh,College of Arts and Sciences,*,*,Apparel and Textiles,11546,,NC,Raleigh,College of Arts and Sciences,*,Endowment,Apparel and Textiles,584
NC,Raleigh,College of Communication Arts and Sciences,*,*,Advertising,19584,,NC,Raleigh,College of Communication Arts and Sciences,*,Campus Resource,Advertising,3230
NC,Raleigh,College of Communication Arts and Sciences,*,*,Advertising,19584,,NC,Raleigh,College of Communication Arts and Sciences,*,Endowment,Advertising,4474
NC,Raleigh,College of Natural Science,*,*,Astrophysics,10175,,NC,Raleigh,College of Natural Science,*,Scholarship,Astrophysics,2319
NC,Raleigh,College of Natural Science,*,*,Predental,11933,,NC,Raleigh,College of Natural Science,*,Scholarship,Predental,2313
NC,Raleigh,College of Political Science,*,*,College of Political Science,10105,,NC,Raleigh,College of Political Science,*,Campus Resource,College of Political Science,493
NE,Lincoln,College of Social Science,*,*,Human Development and Family Studies,4152,,NE,Lincoln,College of Social Science,*,Scholarship,Human Development and Family Studies,267
NE,Omaha,College of Agriculture and Natural Resources,*,*,Environmental Studies and Agriscience,10680,,NE,Omaha,College of Agriculture and Natural Resources,*,Campus Resource,Environmental Studies and Agriscience,38
NE,Omaha,College of Agriculture and Natural Resources,*,*,Environmental Studies and Agriscience,10680,,NE,Omaha,College of Agriculture and Natural Resources,*,Endowment,Environmental Studies and Agriscience,2305
NH,Manchester,College of Arts and Sciences,*,*,Arts & Letters-General,28568,,NH,Manchester,College of Arts and Sciences,*,Endowment,Arts & Letters-General,5988
NH,Manchester,College of Arts and Sciences,*,*,Arts & Letters-General,28568,,NH,Manchester,College of Arts and Sciences,*,Scholarship,Arts & Letters-General,5988
NH,Manchester,College of Arts and Sciences,*,*,Humanities-Prelaw,39684,,NH,Manchester,College of Arts and Sciences,*,Campus Resource,Humanities-Prelaw,9735
NH,Manchester,College of Arts and Sciences,*,*,Humanities-Prelaw,39684,,NH,Manchester,College of Arts and Sciences,*,Scholarship,Humanities-Prelaw,10580
NH,Manchester,College of Music,*,*,Music Performance,10151,,NH,Manchester,College of Music,*,Endowment,Music Performance,486
NH,Manchester,College of Social Science,*,*,Global & Area Studies - Soc Sci,26907,,NH,Manchester,College of Social Science,*,Campus Resource,Global & Area Studies - Soc Sci,6238
NH,Manchester,College of Social Science,*,*,Global & Area Studies - Soc Sci,26907,,NH,Manchester,College of Social Science,*,Endowment,Global & Area Studies - Soc Sci,427
NJ,Paterson,College of Natural Science,*,*,Zoology,43858,,NJ,Paterson,College of Natural Science,*,Endowment,Zoology,5427
NM,Albuquerque,College of Communication Arts and Sciences,*,*,Journalism,20690,,NM,Albuquerque,College of Communication Arts and Sciences,*,Campus Resource,Journalism,2646
NV,Henderson,College of Agriculture and Natural Resources,*,*,Horticulture,7202,,NV,Henderson,College of Agriculture and Natural Resources,*,Scholarship,Horticulture,1355
NV,Henderson,College of Communication Arts and Sciences,*,*,Advertising,35803,,NV,Henderson,College of Communication Arts and Sciences,*,Campus Resource,Advertising,2898
NV,Henderson,College of Communication Arts and Sciences,*,*,Advertising,35803,,NV,Henderson,College of Communication Arts and Sciences,*,Scholarship,Advertising,5336
NV,Henderson,College of Music,*,*,Composition,5212,,NV,Henderson,College of Music,*,Campus Resource,Composition,995
NV,Henderson,College of Natural Science,*,*,Astrophysics,18458,,NV,Henderson,College of Natural Science,*,Endowment,Astrophysics,4287
NV,Las Vegas,College of Engineering,*,*,Environmental Engineering,46412,,NV,Las Vegas,College of Engineering,*,Endowment,Environmental Engineering,10565
NV,North Las Vegas,College of Arts and Sciences,*,*,French,18512,,NV,North Las Vegas,College of Arts and Sciences,*,Endowment,French,160
NV,North Las Vegas,College of Business,*,*,Marketing,17575,,NV,North Las Vegas,College of Business,*,Endowment,Marketing,2483
NV,North Las Vegas,College of Natural Science,*,*,Environmental Biology/Zoology,20133,,NV,North Las Vegas,College of Natural Science,*,Campus Resource,Environmental Biology/Zoology,3784
NY,New York,College of Agriculture and Natural Resources,*,*,Entomology,28419,,NY,New York,College of Agriculture and Natural Resources,*,Endowment,Entomology,7219
NY,New York,College of Agriculture and Natural Resources,*,*,Interior Design,25722,,NY,New York,College of Agriculture and Natural Resources,*,Campus Resource,Interior Design,2553
NY,New York,College of Agriculture and Natural Resources,*,*,Interior Design,25722,,NY,New York,College of Agriculture and Natural Resources,*,Scholarship,Interior Design,3766
NY,New York,College of Agriculture and Natural Resources,*,*,Natural Resource Recreation and Tourism,13319,,NY,New York,College of Agriculture and Natural Resources,*,Campus Resource,Natural Resource Recreation and Tourism,4240
NY,New York,College of Arts and Sciences,*,*,Apparel and Textiles,27135,,NY,New York,College of Arts and Sciences,*,Endowment,Apparel and Textiles,127
NY,New York,College of Arts and Sciences,*,*,Japanese,4905,,NY,New York,College of Arts and Sciences,*,Scholarship,Japanese,1538
NY,New York,College of Arts and Sciences,*,*,Professional Writing,48103,,NY,New York,College of Arts and Sciences,*,Campus Resource,Professional Writing,1278
NY,New York,College of Arts and Sciences,*,*,Professional Writing,48103,,NY,New York,College of Arts and Sciences,*,Endowment,Professional Writing,12619
NY,New York,College of Arts and Sciences,*,*,Theatre,22287,,NY,New York,College of Arts and Sciences,*,Endowment,Theatre,5288
NY,New York,College of Education,*,*,Education,27714,,NY,New York,College of Education,*,Endowment,Education,2028
NY,New York,College of Education,*,*,Education,27714,,NY,New York,College of Education,*,Scholarship,Education,7459
NY,New York,College of Engineering,*,*,Applied Engineering Sciences,1834,,NY,New York,College of Engineering,*,Endowment,Applied Engineering Sciences,16
NY,New York,College of Natural Science,*,*,Chemistry,17262,,NY,New York,College of Natural Science,*,Campus Resource,Chemistry,5717
NY,New York,College of Natural Science,*,*,Earth Science Interdepartmental,20478,,NY,New York,College of Natural Science,*,Endowment,Earth Science Interdepartmental,4466
NY,New York,College of Natural Science,*,*,Geological Sciences,14199,,NY,New York,College of Natural Science,*,Campus Resource,Geological Sciences,4111
NY,New York,College of Natural Science,*,*,Geological Sciences,14199,,NY,New York,College of Natural Science,*,Endowment,Geological Sciences,1791
NY,New York,College of Natural Science,*,*,Preoptometry,16255,,NY,New York,College of Natural Science,*,Scholarship,Preoptometry,3255
NY,New York,College of Political Science,*,*,Comparative Cultures and Politics,57585,,NY,New York,College of Political Science,*,Endowment,Comparative Cultures and Politics,12117
NY,New York,College of Political Science,*,*,Social Relations and Policy,41591,,NY,New York,College of Political Science,*,Endowment,Social Relations and Policy,9074
NY,New York,College of Political Science,*,*,Social Relations and Policy,41591,,NY,New York,College of Political Science,*,Scholarship,Social Relations and Policy,5842
NY,New York,College of Social Science,*,*,Criminal Justice,45306,,NY,New York,College of Social Science,*,Scholarship,Criminal Justice,6768
NY,New York,College of Social Science,*,*,Geography,6094,,NY,New York,College of Social Science,*,Endowment,Geography,984
NY,Rochester,College of Arts and Sciences,*,*,Humanities-Prelaw,22322,,NY,Rochester,College of Arts and Sciences,*,Scholarship,Humanities-Prelaw,3496
NY,Syracuse,College of Agriculture and Natural Resources,*,*,Food Science,14622,,NY,Syracuse,College of Agriculture and Natural Resources,*,Campus Resource,Food Science,1920
NY,Syracuse,College of Engineering,*,*,Materials Science and Engineering,14108,,NY,Syracuse,College of Engineering,*,Endowment,Materials Science and Engineering,3957
NY,Syracuse,College of Social Science,*,*,Global & Area Studies - Soc Sci,8496,,NY,Syracuse,College of Social Science,*,Endowment,Global & Area Studies - Soc Sci,2464
OH,Cincinnati,College of Agriculture and Natural Resources,*,*,Interior Design,11455,,OH,Cincinnati,College of Agriculture and Natural Resources,*,Scholarship,Interior Design,1532
OH,Cincinnati,College of Agriculture and Natural Resources,*,*,Natural Resource Recreation and Tourism,38004,,OH,Cincinnati,College of Agriculture and Natural Resources,*,Endowment,Natural Resource Recreation and Tourism,1737
OH,Cincinnati,College of Arts and Sciences,*,*,Apparel and Textiles,31810,,OH,Cincinnati,College of Arts and Sciences,*,Endowment,Apparel and Textiles,3925
OH,Cincinnati,College of Arts and Sciences,*,*,Global Studies in the Arts and Humanities,35012,,OH,Cincinnati,College of Arts and Sciences,*,Campus Resource,Global Studies in the Arts and Humanities,9909
OH,Cincinnati,College of Arts and Sciences,*,*,Global Studies in the Arts and Humanities,35012,,OH,Cincinnati,College of Arts and Sciences,*,Endowment,Global Studies in the Arts and Humanities,6997
OH,Cincinnati,College of Arts and Sciences,*,*,Professional Writing,23617,,OH,Cincinnati,College of Arts and Sciences,*,Campus Resource,Professional Writing,3404
OH,Cincinnati,College of Arts and Sciences,*,*,Professional Writing,23617,,OH,Cincinnati,College of Arts and Sciences,*,Scholarship,Professional Writing,6158
OH,Cincinnati,College of Arts and Sciences,*,*,Theatre,43604,,OH,Cincinnati,College of Arts and Sciences,*,Campus Resource,Theatre,171
OH,Cincinnati,College of Education,*,*,Athletic Training,12661,,OH,Cincinnati,College of Education,*,Scholarship,Athletic Training,3029
OH,Cincinnati,College of Music,*,*,Composition,24041,,OH,Cincinnati,College of Music,*,Scholarship,Composition,6334
OH,Cincinnati,College of Natural Science,*,*,Earth Science Interdepartmental,8683,,OH,Cincinnati,College of Natural Science,*,Campus Resource,Earth Science Interdepartmental,91
OH,Cincinnati,College of Natural Science,*,*,Environmental Biology/Zoology,15348,,OH,Cincinnati,College of Natural Science,*,Endowment,Environmental Biology/Zoology,3240
OH,Cincinnati,College of Natural Science,*,*,Predental,17512,,OH,Cincinnati,College of Natural Science,*,Endowment,Predental,2891
OH,Cincinnati,College of Nursing,*,*,Prenursing,21405,,OH,Cincinnati,College of Nursing,*,Campus Resource,Prenursing,363
OH,Cincinnati,College of Nursing,*,*,Prenursing,21405,,OH,Cincinnati,College of Nursing,*,Endowment,Prenursing,4090
OH,Cincinnati,College of Social Science,*,*,Geographic Information Science,31923,,OH,Cincinnati,College of Social Science,*,Campus Resource,Geographic Information Science,9521
OH,Cincinnati,College of Social Science,*,*,Geographic Information Science,31923,,OH,Cincinnati,College of Social Science,*,Endowment,Geographic Information Science,3255
OH,Cincinnati,College of Social Science,*,*,Interdisciplinary Studies in Social Science - Social Science Education,22256,,OH,Cincinnati,College of Social Science,*,Endowment,Interdisciplinary Studies in Social Science - Social Science Education,780
OH,Cincinnati,College of Social Science,*,*,Political Science,51217,,OH,Cincinnati,College of Social Science,*,Scholarship,Political Science,12890
OH,Cincinnati,College of Social Science,*,*,Public Policy,8779,,OH,Cincinnati,College of Social Science,*,Endowment,Public Policy,2402
OH,Cincinnati,College of Veterinary Medicine,*,*,Preveterinary,59282,,OH,Cincinnati,College of Veterinary Medicine,*,Campus Resource,Preveterinary,19275
OH,Cincinnati,College of Veterinary Medicine,*,*,Preveterinary,59282,,OH,Cincinnati,College of Veterinary Medicine,*,Scholarship,Preveterinary,13049
OH,Cleveland,College of Arts and Sciences,*,*,Interdisciplinary Humanities,18994,,OH,Cleveland,College of Arts and Sciences,*,Scholarship,Interdisciplinary Humanities,1793
OH,Cleveland,College of Business,*,*,General Management,7147,,OH,Cleveland,College of Business,*,Scholarship,General Management,1001
OK,Oklahoma City,College of Arts and Sciences,*,*,Professional Writing,9723,,OK,Oklahoma City,College of Arts and Sciences,*,Endowment,Professional Writing,711
OK,Oklahoma City,College of Business,*,*,Marketing,42369,,OK,Oklahoma City,College of Business,*,Scholarship,Marketing,9044
OK,Oklahoma City,College of Natural Science,*,*,Neuroscience,22387,,OK,Oklahoma City,College of Natural Science,*,Campus Resource,Neuroscience,2873
OK,Oklahoma City,College of Political Science,*,*,Political Theory and Constitutional Democracy,8717,,OK,Oklahoma City,College of Political Science,*,Scholarship,Political Theory and Constitutional Democracy,888
OK,Tulsa,College of Business,*,*,Supply Chain Management,19817,,OK,Tulsa,College of Business,*,Campus Resource,Supply Chain Management,5901
OK,Tulsa,College of Business,*,*,Supply Chain Management,19817,,OK,Tulsa,College of Business,*,Scholarship,Supply Chain Management,5901
OK,Tulsa,College of Social Science,*,*,Human Development and Family Studies,11700,,OK,Tulsa,College of Social Science,*,Campus Resource,Human Development and Family Studies,1633
OR,Eugene,College of Natural Science,*,*,Biochemistry and Molecular Biology,13009,,OR,Eugene,College of Natural Science,*,Campus Resource,Biochemistry and Molecular Biology,3564
OR,Eugene,College of Natural Science,*,*,Human Biology,26176,,OR,Eugene,College of Natural Science,*,Endowment,Human Biology,7398
OR,Portland,College of Arts and Sciences,*,*,Humanities-Prelaw,13886,,OR,Portland,College of Arts and Sciences,*,Scholarship,Humanities-Prelaw,4256
OR,Portland,College of Natural Science,*,*,Biochemistry and Molecular Biology/Biotechnology,14846,,OR,Portland,College of Natural Science,*,Scholarship,Biochemistry and Molecular Biology/Biotechnology,3901
OR,Portland,College of Social Science,*,*,Geography,10861,,OR,Portland,College of Social Science,*,Campus Resource,Geography,2634
OR,Salem,College of Music,*,*,Jazz Studies,16790,,OR,Salem,College of Music,*,Campus Resource,Jazz Studies,5309
OR,Salem,College of Political Science,*,*,Social Relations and Policy,4841,,OR,Salem,College of Political Science,*,Campus Resource,Social Relations and Policy,501
PA,Philadelphia,College of Arts and Sciences,*,*,Arabic,40880,,PA,Philadelphia,College of Arts and Sciences,*,Endowment,Arabic,11427
PA,Philadelphia,College of Arts and Sciences,*,*,Arabic,40880,,PA,Philadelphia,College of Arts and Sciences,*,Scholarship,Arabic,11784
PA,Philadelphia,College of Social Science,*,*,Geographic Information Science,55413,,PA,Philadelphia,College of Social Science,*,Campus Resource,Geographic Information Science,17320
PA,Philadelphia,College of Social Science,*,*,Geographic Information Science,55413,,PA,Philadelphia,College of Social Science,*,Endowment,Geographic Information Science,17320
PA,Philadelphia,College of Social Science,*,*,Global & Area Studies - Soc Sci,7143,,PA,Philadelphia,College of Social Science,*,Endowment,Global & Area Studies - Soc Sci,1811
PA,Philadelphia,College of Social Science,*,*,Interdisciplinary Studies in Social Science,8748,,PA,Philadelphia,College of Social Science,*,Endowment,Interdisciplinary Studies in Social Science,1330
RI,Providence,College of Arts and Sciences,*,*,Arts & Letters-General,22643,,RI,Providence,College of Arts and Sciences,*,Campus Resource,Arts & Letters-General,2773
RI,Providence,College of Arts and Sciences,*,*,German,16257,,RI,Providence,College of Arts and Sciences,*,Endowment,German,699
RI,Providence,College of Natural Science,*,*,Geological Sciences,14645,,RI,Providence,College of Natural Science,*,Campus Resource,Geological Sciences,4789
RI,Providence,College of Social Science,*,*,History Education,13045,,RI,Providence,College of Social Science,*,Scholarship,History Education,2810
SC,Charleston,College of Natural Science,*,*,Biochemistry and Molecular Biology/Biotechnology,17240,,SC,Charleston,College of Natural Science,*,Campus Resource,Biochemistry and Molecular Biology/Biotechnology,5186
SC,Columbia,College of Arts and Sciences,*,*,Apparel and Textile Design,28544,,SC,Columbia,College of Arts and Sciences,*,Campus Resource,Apparel and Textile Design,4356
SC,Columbia,College of Arts and Sciences,*,*,Apparel and Textile Design,28544,,SC,Columbia,College of Arts and Sciences,*,Endowment,Apparel and Textile Design,5724
SC,Columbia,College of Arts and Sciences,*,*,Women's and Gender Studies,12247,,SC,Columbia,College of Arts and Sciences,*,Endowment,Women's and Gender Studies,3883
SC,Columbia,College of Social Science,*,*,Criminal Justice,11034,,SC,Columbia,College of Social Science,*,Endowment,Criminal Justice,2022
SC,Columbia,College of Social Science,*,*,Sociology,17617,,SC,Columbia,College of Social Science,*,Scholarship,Sociology,5239
TN,Knoxville,College of Arts and Sciences,*,*,Japanese,17277,,TN,Knoxville,College of Arts and Sciences,*,Scholarship,Japanese,3897
TN,Knoxville,College of Communication Arts and Sciences,*,*,Media and Information,31199,,TN,Knoxville,College of Communication Arts and Sciences,*,Scholarship,Media and Information,7344
TN,Knoxville,College of Engineering,*,*,Environmental Engineering,16225,,TN,Knoxville,College of Engineering,*,Campus Resource,Environmental Engineering,416
TN,Knoxville,College of Natural Science,*,*,Genomics & Molecular Genetics,9445,,TN,Knoxville,College of Natural Science,*,Endowment,Genomics & Molecular Genetics,78
TN,Memphis,College of Agriculture and Natural Resources,*,*,Agriculture and Natural Resources-No Preference,13048,,TN,Memphis,College of Agriculture and Natural Resources,*,Scholarship,Agriculture and Natural Resources-No Preference,3734
TN,Memphis,College of Arts and Sciences,*,*,Global Studies in the Arts and Humanities,36676,,TN,Memphis,College of Arts and Sciences,*,Endowment,Global Studies in the Arts and Humanities,10172
TN,Memphis,College of Arts and Sciences,*,*,Global Studies in the Arts and Humanities,36676,,TN,Memphis,College of Arts and Sciences,*,Scholarship,Global Studies in the Arts and Humanities,11886
TN,Memphis,College of Arts and Sciences,*,*,Spanish,13992,,TN,Memphis,College of Arts and Sciences,*,Endowment,Spanish,4327
TN,Memphis,College of Business,*,*,Finance,26486,,TN,Memphis,College of Business,*,Endowment,Finance,8481
TN,Memphis,College of Engineering,*,*,Applied Engineering Sciences,12774,,TN,Memphis,College of Engineering,*,Campus Resource,Applied Engineering Sciences,3379
TN,Memphis,College of Natural Science,*,*,Biological Science Interdepartmental,25404,,TN,Memphis,College of Natural Science,*,Campus Resource,Biological Science Interdepartmental,7220
TN,Memphis,College of Natural Science,*,*,Chemistry,1091,,TN,Memphis,College of Natural Science,*,Campus Resource,Chemistry,41
TN,Memphis,College of Natural Science,*,*,Physical Science Interdepartmental,951,,TN,Memphis,College of Natural Science,*,Scholarship,Physical Science Interdepartmental,251
TN,Memphis,College of Natural Science,*,*,Zoology,28182,,TN,Memphis,College of Natural Science,*,Campus Resource,Zoology,8248
TN,Memphis,College of Natural Science,*,*,Zoology,28182,,TN,Memphis,College of Natural Science,*,Scholarship,Zoology,2405
TN,Memphis,College of Political Science,*,*,Social Relations and Policy,21714,,TN,Memphis,College of Political Science,*,Campus Resource,Social Relations and Policy,2192
TX,Amarillo,College of Arts and Sciences,*,*,German,39991,,TX,Amarillo,College of Arts and Sciences,*,Campus Resource,German,5085
TX,Austin,College of Agriculture and Natural Resources,*,*,Fisheries and Wildlife,42319,,TX,Austin,College of Agriculture and Natural Resources,*,Campus Resource,Fisheries and Wildlife,11877
TX,Austin,College of Agriculture and Natural Resources,*,*,Fisheries and Wildlife,42319,,TX,Austin,College of Agriculture and Natural Resources,*,Endowment,Fisheries and Wildlife,6979
TX,Austin,College of Engineering,*,*,Applied Engineering Sciences,15190,,TX,Austin,College of Engineering,*,Endowment,Applied Engineering Sciences,4391
TX,Austin,College of Natural Science,*,*,Biochemistry and Molecular Biology,81214,,TX,Austin,College of Natural Science,*,Campus Resource,Biochemistry and Molecular Biology,24261
TX,Austin,College of Natural Science,*,*,Biochemistry and Molecular Biology,81214,,TX,Austin,College of Natural Science,*,Scholarship,Biochemistry and Molecular Biology,22141
TX,Austin,College of Natural Science,*,*,Environmental Geosciences,8610,,TX,Austin,College of Natural Science,*,Scholarship,Environmental Geosciences,2489
TX,Austin,College of Social Science,*,*,Interdisciplinary Studies in Social Science,32143,,TX,Austin,College of Social Science,*,Campus Resource,Interdisciplinary Studies in Social Science,7970
TX,Dallas,College of Agriculture and Natural Resources,*,*,Agriculture and Natural Resources-No Preference,30293,,TX,Dallas,College of Agriculture and Natural Resources,*,Campus Resource,Agriculture and Natural Resources-No Preference,4967
TX,Dallas,College of Agriculture and Natural Resources,*,*,Horticulture,14751,,TX,Dallas,College of Agriculture and Natural Resources,*,Campus Resource,Horticulture,3912
TX,Dallas,College of Agriculture and Natural Resources,*,*,Horticulture,14751,,TX,Dallas,College of Agriculture and Natural Resources,*,Endowment,Horticulture,1321
TX,Dallas,College of Arts and Sciences,*,*,Art Education,23054,,TX,Dallas,College of Arts and Sciences,*,Scholarship,Art Education,109
TX,Dallas,College of Arts and Sciences,*,*,Studio Art,8874,,TX,Dallas,College of Arts and Sciences,*,Endowment,Studio Art,2147
TX,Dallas,College of Business,*,*,General Management,23588,,TX,Dallas,College of Business,*,Endowment,General Management,5811
TX,Dallas,College of Natural Science,*,*,Biochemistry and Molecular Biology,3029,,TX,Dallas,College of Natural Science,*,Scholarship,Biochemistry and Molecular Biology,383
TX,Dallas,College of Natural Science,*,*,Geological Sciences,24778,,TX,Dallas,College of Natural Science,*,Endowment,Geological Sciences,2919
TX,Dallas,College of Natural Science,*,*,Neuroscience,26338,,TX,Dallas,College of Natural Science,*,Campus Resource,Neuroscience,6440
TX,Dallas,College of Natural Science,*,*,Neuroscience,26338,,TX,Dallas,College of Natural Science,*,Scholarship,Neuroscience,5271
TX,Dallas,College of Political Science,*,*,College of Political Science,48843,,TX,Dallas,College of Political Science,*,Campus Resource,College of Political Science,11175
TX,Dallas,College of Political Science,*,*,College of Political Science,48843,,TX,Dallas,College of Political Science,*,Scholarship,College of Political Science,15309
TX,Dallas,College of Social Science,*,*,Interdisciplinary Studies in Social Science,25167,,TX,Dallas,College of Social Science,*,Campus Resource,Interdisciplinary Studies in Social Science,5740
TX,Dallas,College of Social Science,*,*,Political Science-Prelaw,1805,,TX,Dallas,College of Social Science,*,Endowment,Political Science-Prelaw,427
TX,Dallas,College of Veterinary Medicine,*,*,Preveterinary,30765,,TX,Dallas,College of Veterinary Medicine,*,Campus Resource,Preveterinary,3411
TX,Dallas,College of Veterinary Medicine,*,*,Preveterinary,30765,,TX,Dallas,College of Veterinary Medicine,*,Endowment,Preveterinary,9945
TX,El Paso,College of Natural Science,*,*,Astrophysics,22748,,TX,El Paso,College of Natural Science,*,Scholarship,Astrophysics,4251
TX,Houston,College of Agriculture and Natural Resources,*,*,Fisheries and Wildlife,20675,,TX,Houston,College of Agriculture and Natural Resources,*,Campus Resource,Fisheries and Wildlife,4821
TX,Houston,College of Agriculture and Natural Resources,*,*,Fisheries and Wildlife,20675,,TX,Houston,College of Agriculture and Natural Resources,*,Scholarship,Fisheries and Wildlife,5981
TX,Houston,College of Agriculture and Natural Resources,*,*,Landscape Architecture,11442,,TX,Houston,College of Agriculture and Natural Resources,*,Scholarship,Landscape Architecture,3180
TX,Houston,College of Agriculture and Natural Resources,*,*,Nutritional Sciences,2181,,TX,Houston,College of Agriculture and Natural Resources,*,Endowment,Nutritional Sciences,52
TX,Houston,College of Arts and Sciences,*,*,Arts & Letters-General,26058,,TX,Houston,College of Arts and Sciences,*,Scholarship,Arts & Letters-General,643
TX,Houston,College of Arts and Sciences,*,*,Women's and Gender Studies,47703,,TX,Houston,College of Arts and Sciences,*,Endowment,Women's and Gender Studies,8642
TX,Houston,College of Arts and Sciences,*,*,Women's and Gender Studies,47703,,TX,Houston,College of Arts and Sciences,*,Scholarship,Women's and Gender Studies,3793
TX,Houston,College of Business,*,*,Hospitality Business,10361,,TX,Houston,College of Business,*,Scholarship,Hospitality Business,2165
TX,Houston,College of Engineering,*,*,Materials Science and Engineering,24749,,TX,Houston,College of Engineering,*,Endowment,Materials Science and Engineering,7490
TX,Houston,College of Engineering,*,*,Materials Science and Engineering,24749,,TX,Houston,College of Engineering,*,Scholarship,Materials Science and Engineering,7490
TX,Houston,College of Natural Science,*,*,Astrophysics,26001,,TX,Houston,College of Natural Science,*,Endowment,Astrophysics,584
TX,Houston,College of Natural Science,*,*,Computational Mathematics,6300,,TX,Houston,College of Natural Science,*,Endowment,Computational Mathematics,582
TX,Houston,College of Natural Science,*,*,Neuroscience,54930,,TX,Houston,College of Natural Science,*,Campus Resource,Neuroscience,9434
TX,Houston,College of Natural Science,*,*,Preoptometry,8058,,TX,Houston,College of Natural Science,*,Campus Resource,Preoptometry,1010
TX,Houston,College of Political Science,*,*,College of Political Science,8904,,TX,Houston,College of Political Science,*,Campus Resource,College of Political Science,1601
TX,Houston,Comparative Cultures and Politics,*,*,College of Political Science,1901,,TX,Houston,Comparative Cultures and Politics,*,Scholarship,College of Political Science,464
TX,San Antonio,College of Arts and Sciences,*,*,English,12087,,TX,San Antonio,College of Arts and Sciences,*,Campus Resource,English,169
TX,San Antonio,College of Arts and Sciences,*,*,Interdisciplinary Humanities,15233,,TX,San Antonio,College of Arts and Sciences,*,Scholarship,Interdisciplinary Humanities,5020
TX,San Antonio,College of Business,*,*,General Management,29316,,TX,San Antonio,College of Business,*,Campus Resource,General Management,8225
TX,San Antonio,College of Business,*,*,General Management,29316,,TX,San Antonio,College of Business,*,Endowment,General Management,8225
TX,San Antonio,College of Natural Science,*,*,Statistics,39522,,TX,San Antonio,College of Natural Science,*,Campus Resource,Statistics,11162
TX,San Antonio,College of Natural Science,*,*,Statistics,39522,,TX,San Antonio,College of Natural Science,*,Scholarship,Statistics,2798
UT,Provo,College of Natural Science,*,*,Astrophysics,34337,,UT,Provo,College of Natural Science,*,Scholarship,Astrophysics,11314
UT,Salt Lake City,College of Engineering,*,*,Biosystems Engineering,34197,,UT,Salt Lake City,College of Engineering,*,Campus Resource,Biosystems Engineering,4782
UT,Salt Lake City,College of Engineering,*,*,Biosystems Engineering,34197,,UT,Salt Lake City,College of Engineering,*,Scholarship,Biosystems Engineering,2977
UT,Salt Lake City,College of Engineering,*,*,Computer Science,21660,,UT,Salt Lake City,College of Engineering,*,Campus Resource,Computer Science,4913
UT,West Valley City,College of Arts and Sciences,*,*,Art History and Visual Culture,24441,,UT,West Valley City,College of Arts and Sciences,*,Endowment,Art History and Visual Culture,5361
UT,West Valley City,College of Natural Science,*,*,Biomedical Laboratory Science,10341,,UT,West Valley City,College of Natural Science,*,Endowment,Biomedical Laboratory Science,2925
UT,West Valley City,College of Political Science,*,*,Political Theory and Constitutional Democracy,27065,,UT,West Valley City,College of Political Science,*,Campus Resource,Political Theory and Constitutional Democracy,7152
UT,West Valley City,College of Political Science,*,*,Political Theory and Constitutional Democracy,27065,,UT,West Valley City,College of Political Science,*,Scholarship,Political Theory and Constitutional Democracy,7152
VA,Alexandria,College of Arts and Sciences,*,*,Arabic,32793,,VA,Alexandria,College of Arts and Sciences,*,Scholarship,Arabic,10212
VA,Alexandria,College of Arts and Sciences,*,*,Professional Writing,25628,,VA,Alexandria,College of Arts and Sciences,*,Campus Resource,Professional Writing,2525
VA,Alexandria,College of Education,*,*,Athletic Training,6706,,VA,Alexandria,College of Education,*,Scholarship,Athletic Training,543
VA,Alexandria,College of Engineering,*,*,Mechanical Engineering,9660,,VA,Alexandria,College of Engineering,*,Scholarship,Mechanical Engineering,91
VA,Alexandria,College of Natural Science,*,*,Computational Mathematics,12613,,VA,Alexandria,College of Natural Science,*,Scholarship,Computational Mathematics,3281
VA,Alexandria,College of Nursing,*,*,Prenursing,10199,,VA,Alexandria,College of Nursing,*,Endowment,Prenursing,2002
VA,Alexandria,College of Nursing,*,*,Prenursing,10199,,VA,Alexandria,College of Nursing,*,Scholarship,Prenursing,2002
VA,Richmond,College of Agriculture and Natural Resources,*,*,Animal Science,45615,,VA,Richmond,College of Agriculture and Natural Resources,*,Campus Resource,Animal Science,1858
VA,Richmond,College of Agriculture and Natural Resources,*,*,Food Science,24564,,VA,Richmond,College of Agriculture and Natural Resources,*,Endowment,Food Science,7612
VA,Richmond,College of Agriculture and Natural Resources,*,*,Food Science,24564,,VA,Richmond,College of Agriculture and Natural Resources,*,Scholarship,Food Science,6225
VA,Richmond,College of Arts and Sciences,*,*,Global Studies in the Arts and Humanities,6474,,VA,Richmond,College of Arts and Sciences,*,Scholarship,Global Studies in the Arts and Humanities,2079
VA,Richmond,College of Engineering,*,*,Engineering-No Major,15978,,VA,Richmond,College of Engineering,*,Campus Resource,Engineering-No Major,3782
VA,Richmond,College of Engineering,*,*,Engineering-No Major,15978,,VA,Richmond,College of Engineering,*,Endowment,Engineering-No Major,5216
VA,Richmond,College of Natural Science,*,*,Biological Science Interdepartmental,12518,,VA,Richmond,College of Natural Science,*,Endowment,Biological Science Interdepartmental,2267
VA,Richmond,College of Natural Science,*,*,Chemical Physics,11353,,VA,Richmond,College of Natural Science,*,Campus Resource,Chemical Physics,2869
WA,Seattle,College of Agriculture and Natural Resources,*,*,Agriculture and Natural Resources-No Preference,10166,,WA,Seattle,College of Agriculture and Natural Resources,*,Scholarship,Agriculture and Natural Resources-No Preference,1655
WA,Seattle,College of Agriculture and Natural Resources,*,*,Packaging,6119,,WA,Seattle,College of Agriculture and Natural Resources,*,Endowment,Packaging,52
WA,Seattle,College of Arts and Sciences,*,*,Apparel and Textile Design,12178,,WA,Seattle,College of Arts and Sciences,*,Endowment,Apparel and Textile Design,1743
WA,Seattle,College of Arts and Sciences,*,*,English,29278,,WA,Seattle,College of Arts and Sciences,*,Campus Resource,English,4894
WA,Seattle,College of Arts and Sciences,*,*,English,29278,,WA,Seattle,College of Arts and Sciences,*,Scholarship,English,9745
WA,Seattle,College of Arts and Sciences,*,*,Japanese,25164,,WA,Seattle,College of Arts and Sciences,*,Campus Resource,Japanese,4802
WA,Seattle,College of Arts and Sciences,*,*,Japanese,25164,,WA,Seattle,College of Arts and Sciences,*,Endowment,Japanese,4855
WA,Seattle,College of Business,*,*,Hospitality Business,29110,,WA,Seattle,College of Business,*,Campus Resource,Hospitality Business,8893
WA,Seattle,College of Business,*,*,Hospitality Business,29110,,WA,Seattle,College of Business,*,Scholarship,Hospitality Business,8893
WA,Seattle,College of Communication Arts and Sciences,*,*,Journalism,10121,,WA,Seattle,College of Communication Arts and Sciences,*,Scholarship,Journalism,650
WA,Seattle,College of Engineering,*,*,Applied Engineering Sciences,19671,,WA,Seattle,College of Engineering,*,Scholarship,Applied Engineering Sciences,2517
WA,Seattle,College of Music,*,*,Music,4751,,WA,Seattle,College of Music,*,Campus Resource,Music,373
WA,Seattle,College of Music,*,*,Music,4751,,WA,Seattle,College of Music,*,Endowment,Music,508
WA,Seattle,College of Natural Science,*,*,Biomedical Laboratory Science,33673,,WA,Seattle,College of Natural Science,*,Scholarship,Biomedical Laboratory Science,7273
WA,Seattle,College of Social Science,*,*,Human Development and Family Studies,18981,,WA,Seattle,College of Social Science,*,Scholarship,Human Development and Family Studies,4517
WA,Seattle,College of Social Science,*,*,Social Work,23516,,WA,Seattle,College of Social Science,*,Campus Resource,Social Work,7597
WA,Seattle,College of Social Science,*,*,Social Work,23516,,WA,Seattle,College of Social Science,*,Endowment,Social Work,7525
WA,Spokane,College of Agriculture and Natural Resources,*,*,Fisheries and Wildlife,20246,,WA,Spokane,College of Agriculture and Natural Resources,*,Endowment,Fisheries and Wildlife,5177
WA,Spokane,College of Agriculture and Natural Resources,*,*,Natural Resource Recreation and Tourism,4418,,WA,Spokane,College of Agriculture and Natural Resources,*,Endowment,Natural Resource Recreation and Tourism,1133
WA,Spokane,College of Natural Science,*,*,Predental,32286,,WA,Spokane,College of Natural Science,*,Scholarship,Predental,8955
WA,Spokane,College of Social Science,*,*,Social Work,37027,,WA,Spokane,College of Social Science,*,Endowment,Social Work,8119
WI,Madison,College of Social Science,*,*,Public Policy,13650,,WI,Madison,College of Social Science,*,Endowment,Public Policy,278
WI,Milwaukee,College of Communication Arts and Sciences,*,*,Advertising,23052,,WI,Milwaukee,College of Communication Arts and Sciences,*,Campus Resource,Advertising,6092
WI,Milwaukee,College of Communication Arts and Sciences,*,*,Advertising,23052,,WI,Milwaukee,College of Communication Arts and Sciences,*,Endowment,Advertising,3064
WI,Milwaukee,College of Political Science,*,*,College of Political Science,16127,,WI,Milwaukee,College of Political Science,*,Scholarship,College of Political Science,2587
WI,Milwaukee,College of Social Science,*,*,Anthropology,13045,,WI,Milwaukee,College of Social Science,*,Endowment,Anthropology,4017
WI,Milwaukee,College of Social Science,*,*,Anthropology,13045,,WI,Milwaukee,College of Social Science,*,Scholarship,Anthropology,2727
WY,Casper,College of Arts and Sciences,*,*,Studio Art,36999,,WY,Casper,College of Arts and Sciences,*,Campus Resource,Studio Art,9411
