*,*,*,*,*,Accounting,117805,,*,*,*,*,Campus Resource,Accounting,20249
*,*,*,*,*,Actuarial Science,121245,,*,*,*,*,Campus Resource,Actuarial Science,23675
*,*,*,*,*,Actuarial Science,121245,,*,*,*,*,Endowment,Actuarial Science,37617
*,*,*,*,*,Advertising,157527,,*,*,*,*,Campus Resource,Advertising,31958
*,*,*,*,*,Agribusiness Management,192603.0,,*,*,*,*,Campus Resource,Agribusiness Management,44128.5
*,*,*,*,*,Agribusiness Management,192603.0,,*,*,*,*,Scholarship,Agribusiness Management,51575.0
*,*,*,*,*,Agriculture and Natural Resources-No Preference,237723,,*,*,*,*,Campus Resource,Agriculture and Natural Resources-No Preference,37853
*,*,*,*,*,Animal Science,288149.5,,*,*,*,*,Campus Resource,Animal Science,49358
*,*,*,*,*,Anthropology,166215.5,,*,*,*,*,Campus Resource,Anthropology,15682
*,*,*,*,*,Apparel and Textile Design,289819.5,,*,*,*,*,Campus Resource,Apparel and Textile Design,34940
*,*,*,*,*,Apparel and Textiles,228402,,*,*,*,*,Campus Resource,Apparel and Textiles,34436
*,*,*,*,*,Apparel and Textiles,228402,,*,*,*,*,Endowment,Apparel and Textiles,33922
*,*,*,*,*,Applied Engineering Sciences,209758.5,,*,*,*,*,Campus Resource,Applied Engineering Sciences,28402
*,*,*,*,*,Arabic,324516.5,,*,*,*,*,Campus Resource,Arabic,62717
*,*,*,*,*,Arabic,324516.5,,*,*,*,*,Scholarship,Arabic,105534.0
*,*,*,*,*,Art Education,220390.5,,*,*,*,*,Campus Resource,Art Education,49433
*,*,*,*,*,Art Education,220390.5,,*,*,*,*,Scholarship,Art Education,63899.0
*,*,*,*,*,Art History and Visual Culture,245935.5,,*,*,*,*,Campus Resource,Art History and Visual Culture,64522.5
*,*,*,*,*,Arts & Letters-General,213453,,*,*,*,*,Campus Resource,Arts & Letters-General,22165
*,*,*,*,*,Astrophysics,208615,,*,*,*,*,Campus Resource,Astrophysics,33432
*,*,*,*,*,Astrophysics,208615,,*,*,*,*,Endowment,Astrophysics,64834
*,*,*,*,*,Biochemistry and Molecular Biology,162189,,*,*,*,*,Campus Resource,Biochemistry and Molecular Biology,34070
*,*,*,*,*,Biochemistry and Molecular Biology/Biotechnology,258225,,*,*,*,*,Campus Resource,Biochemistry and Molecular Biology/Biotechnology,73875
*,*,*,*,*,Biochemistry and Molecular Biology/Biotechnology,258225,,*,*,*,*,Endowment,Biochemistry and Molecular Biology/Biotechnology,74177
*,*,*,*,*,Biological Science Interdepartmental,168134.0,,*,*,*,*,Campus Resource,Biological Science Interdepartmental,31246
*,*,*,*,*,Biomedical Laboratory Science,178227,,*,*,*,*,Campus Resource,Biomedical Laboratory Science,4271
*,*,*,*,*,Biosystems Engineering,130878,,*,*,*,*,Campus Resource,Biosystems Engineering,20035
*,*,*,*,*,Chemical Physics,164625.5,,*,*,*,*,Campus Resource,Chemical Physics,38667
*,*,*,*,*,Chemical Physics,164625.5,,*,*,*,*,Endowment,Chemical Physics,54746.5
*,*,*,*,*,Chemistry,90942,,*,*,*,*,Campus Resource,Chemistry,17710
*,*,*,*,*,Chinese,140326.0,,*,*,*,*,Campus Resource,Chinese,1879
*,*,*,*,*,College of Political Science,225622,,*,*,*,*,Campus Resource,College of Political Science,62537
*,*,*,*,*,College of Political Science,225622,,*,*,*,*,Scholarship,College of Political Science,65154
*,*,*,*,*,Comparative Cultures and Politics,245389.5,,*,*,*,*,Campus Resource,Comparative Cultures and Politics,10728
*,*,*,*,*,Composition,434049.0,,*,*,*,*,Campus Resource,Composition,103569
*,*,*,*,*,Composition,434049.0,,*,*,*,*,Scholarship,Composition,137377.5
*,*,*,*,*,Computational Mathematics,92161.5,,*,*,*,*,Endowment,Computational Mathematics,12087
*,*,*,*,*,Computer Engineering,136511.5,,*,*,*,*,Campus Resource,Computer Engineering,17170
*,*,*,*,*,Computer Science,271068.5,,*,*,*,*,Campus Resource,Computer Science,70990.5
*,*,*,*,*,Computer Science,271068.5,,*,*,*,*,Scholarship,Computer Science,62598
*,*,*,*,*,Construction Management,204369.0,,*,*,*,*,Campus Resource,Construction Management,9582
*,*,*,*,*,Criminal Justice,268061.5,,*,*,*,*,Endowment,Criminal Justice,87548.5
*,*,*,*,*,Criminal Justice,268061.5,,*,*,*,*,Scholarship,Criminal Justice,73242
*,*,*,*,*,Earth Science Interdepartmental,186551.5,,*,*,*,*,Campus Resource,Earth Science Interdepartmental,54674
*,*,*,*,*,Earth Science Interdepartmental,186551.5,,*,*,*,*,Scholarship,Earth Science Interdepartmental,60586.5
*,*,*,*,*,Economics,173615.5,,*,*,*,*,Campus Resource,Economics,32062
*,*,*,*,*,Education,222742.0,,*,*,*,*,Campus Resource,Education,42652.5
*,*,*,*,*,Education,222742.0,,*,*,*,*,Endowment,Education,61254
*,*,*,*,*,Electrical Engineering,178126.0,,*,*,*,*,Campus Resource,Electrical Engineering,20523
*,*,*,*,*,Electrical Engineering,178126.0,,*,*,*,*,Endowment,Electrical Engineering,55903.5
*,*,*,*,*,Engineering-No Major,562518.5,,*,*,*,*,Campus Resource,Engineering-No Major,52110.5
*,*,*,*,*,Engineering-No Major,562518.5,,*,*,*,*,Scholarship,Engineering-No Major,31027
*,*,*,*,*,English,165583.5,,*,*,*,*,Campus Resource,English,41014
*,*,*,*,*,English,165583.5,,*,*,*,*,Endowment,English,40288
*,*,*,*,*,Entomology,214306,,*,*,*,*,Campus Resource,Entomology,32914
*,*,*,*,*,Environmental Biology/Microbiology,107984.0,,*,*,*,*,Endowment,Environmental Biology/Microbiology,13672
*,*,*,*,*,Environmental Biology/Plant Biol,219831,,*,*,*,*,Campus Resource,Environmental Biology/Plant Biol,42729
*,*,*,*,*,Environmental Biology/Zoology,174762.5,,*,*,*,*,Campus Resource,Environmental Biology/Zoology,33122
*,*,*,*,*,Environmental Economics and Policy,213766.0,,*,*,*,*,Campus Resource,Environmental Economics and Policy,68477.5
*,*,*,*,*,Environmental Economics and Policy,213766.0,,*,*,*,*,Endowment,Environmental Economics and Policy,65920
*,*,*,*,*,Environmental Engineering,137120,,*,*,*,*,Endowment,Environmental Engineering,31680
*,*,*,*,*,Environmental Geosciences,198661.5,,*,*,*,*,Campus Resource,Environmental Geosciences,63450
*,*,*,*,*,Environmental Geosciences,198661.5,,*,*,*,*,Scholarship,Environmental Geosciences,45318.5
*,*,*,*,*,Environmental Studies and Agriscience,146284.0,,*,*,*,*,Campus Resource,Environmental Studies and Agriscience,14280
*,*,*,*,*,Experience Architecture,172350.5,,*,*,*,*,Endowment,Experience Architecture,54824.5
*,*,*,*,*,Finance,180494,,*,*,*,*,Campus Resource,Finance,25308
*,*,*,*,*,Fisheries and Wildlife,298198.0,,*,*,*,*,Campus Resource,Fisheries and Wildlife,77711.5
*,*,*,*,*,Fisheries and Wildlife,298198.0,,*,*,*,*,Endowment,Fisheries and Wildlife,78028.5
*,*,*,*,*,Food Industry Management,186668.0,,*,*,*,*,Campus Resource,Food Industry Management,44553
*,*,*,*,*,Food Industry Management,186668.0,,*,*,*,*,Endowment,Food Industry Management,47060
*,*,*,*,*,Food Science,168579.0,,*,*,*,*,Campus Resource,Food Science,29713.5
*,*,*,*,*,Food Science,168579.0,,*,*,*,*,Endowment,Food Science,38329
*,*,*,*,*,French,143225.5,,*,*,*,*,Campus Resource,French,47638
*,*,*,*,*,French,143225.5,,*,*,*,*,Endowment,French,37000.5
*,*,*,*,*,General Management,253875.0,,*,*,*,*,Campus Resource,General Management,65525.5
*,*,*,*,*,Genomics & Molecular Genetics,115405,,*,*,*,*,Campus Resource,Genomics & Molecular Genetics,33822
*,*,*,*,*,Genomics & Molecular Genetics,115405,,*,*,*,*,Scholarship,Genomics & Molecular Genetics,37419
*,*,*,*,*,Geographic Information Science,188935,,*,*,*,*,Endowment,Geographic Information Science,47980
*,*,*,*,*,Geography,189438.5,,*,*,*,*,Campus Resource,Geography,32869.5
*,*,*,*,*,Geological Sciences,192068,,*,*,*,*,Campus Resource,Geological Sciences,46971
*,*,*,*,*,Geological Sciences,192068,,*,*,*,*,Endowment,Geological Sciences,63987
*,*,*,*,*,German,233205,,*,*,*,*,Campus Resource,German,27738
*,*,*,*,*,Global & Area Studies - Soc Sci,212438,,*,*,*,*,Campus Resource,Global & Area Studies - Soc Sci,62756
*,*,*,*,*,Global Studies in the Arts and Humanities,169747,,*,*,*,*,Campus Resource,Global Studies in the Arts and Humanities,28736
*,*,*,*,*,History,135727,,*,*,*,*,Campus Resource,History,26265
*,*,*,*,*,History Education,124912,,*,*,*,*,Campus Resource,History Education,30313
*,*,*,*,*,History Education,124912,,*,*,*,*,Scholarship,History Education,37016
*,*,*,*,*,Horticulture,236126.5,,*,*,*,*,Campus Resource,Horticulture,62122.5
*,*,*,*,*,Horticulture,236126.5,,*,*,*,*,Endowment,Horticulture,60569
*,*,*,*,*,Hospitality Business,163418,,*,*,*,*,Campus Resource,Hospitality Business,33041
*,*,*,*,*,Hospitality Business,163418,,*,*,*,*,Endowment,Hospitality Business,20541
*,*,*,*,*,Human Biology,303318.5,,*,*,*,*,Campus Resource,Human Biology,98320.5
*,*,*,*,*,Human Biology,303318.5,,*,*,*,*,Endowment,Human Biology,94740
*,*,*,*,*,Human Development and Family Studies,223946,,*,*,*,*,Campus Resource,Human Development and Family Studies,28771
*,*,*,*,*,Human Resource Management,174328,,*,*,*,*,Campus Resource,Human Resource Management,29267
*,*,*,*,*,Human Resource Management,174328,,*,*,*,*,Endowment,Human Resource Management,55988
*,*,*,*,*,Humanities-Prelaw,183384.0,,*,*,*,*,Campus Resource,Humanities-Prelaw,29809.5
*,*,*,*,*,Interdisciplinary Humanities,261363.0,,*,*,*,*,Campus Resource,Interdisciplinary Humanities,39795
*,*,*,*,*,Interdisciplinary Studies in Social Science,281516.5,,*,*,*,*,Campus Resource,Interdisciplinary Studies in Social Science,59277
*,*,*,*,*,Interdisciplinary Studies in Social Science - Social Science Education,158687.5,,*,*,*,*,Campus Resource,Interdisciplinary Studies in Social Science - Social Science Education,32333.5
*,*,*,*,*,Interdisciplinary Studies in Social Science - Social Science Education,158687.5,,*,*,*,*,Endowment,Interdisciplinary Studies in Social Science - Social Science Education,44526.5
*,*,*,*,*,Interior Design,313991.0,,*,*,*,*,Campus Resource,Interior Design,78034.0
*,*,*,*,*,Japanese,168158.5,,*,*,*,*,Endowment,Japanese,8673
*,*,*,*,*,Jazz Studies,269456,,*,*,*,*,Campus Resource,Jazz Studies,44915
*,*,*,*,*,Jazz Studies,269456,,*,*,*,*,Endowment,Jazz Studies,52065
*,*,*,*,*,Journalism,137328,,*,*,*,*,Campus Resource,Journalism,7432
*,*,*,*,*,Kinesiology,319227.5,,*,*,*,*,Campus Resource,Kinesiology,63554
*,*,*,*,*,Kinesiology,319227.5,,*,*,*,*,Endowment,Kinesiology,92295.5
*,*,*,*,*,Landscape Architecture,144859,,*,*,*,*,Campus Resource,Landscape Architecture,16921
*,*,*,*,*,Landscape Architecture,144859,,*,*,*,*,Endowment,Landscape Architecture,38489
*,*,*,*,*,Linguistics,129292,,*,*,*,*,Endowment,Linguistics,9633
*,*,*,*,*,Marketing,307911,,*,*,*,*,Campus Resource,Marketing,29851
*,*,*,*,*,Materials Science and Engineering,214450.5,,*,*,*,*,Campus Resource,Materials Science and Engineering,37655
*,*,*,*,*,Mathematics,415783,,*,*,*,*,Campus Resource,Mathematics,10550
*,*,*,*,*,Mathematics,415783,,*,*,*,*,Endowment,Mathematics,72977
*,*,*,*,*,Mathematics  Advanced,132101.0,,*,*,*,*,Campus Resource,Mathematics  Advanced,38501
*,*,*,*,*,Mathematics  Advanced,132101.0,,*,*,*,*,Endowment,Mathematics  Advanced,17776.0
*,*,*,*,*,Mechanical Engineering,157523.5,,*,*,*,*,Campus Resource,Mechanical Engineering,22474.5
*,*,*,*,*,Mechanical Engineering,157523.5,,*,*,*,*,Scholarship,Mechanical Engineering,45035
*,*,*,*,*,Media and Information,282396.0,,*,*,*,*,Campus Resource,Media and Information,79458.0
*,*,*,*,*,Microbiology,146576,,*,*,*,*,Campus Resource,Microbiology,20004
*,*,*,*,*,Music,157279.0,,*,*,*,*,Campus Resource,Music,11001
*,*,*,*,*,Music,157279.0,,*,*,*,*,Endowment,Music,44447.5
*,*,*,*,*,Music Performance,205806.5,,*,*,*,*,Campus Resource,Music Performance,34763
*,*,*,*,*,Natural Resource Recreation and Tourism,268527,,*,*,*,*,Endowment,Natural Resource Recreation and Tourism,57367
*,*,*,*,*,Neuroscience,297518.0,,*,*,*,*,Campus Resource,Neuroscience,39430
*,*,*,*,*,Nursing,176714.5,,*,*,*,*,Campus Resource,Nursing,27939
*,*,*,*,*,Nutritional Sciences,135394.0,,*,*,*,*,Campus Resource,Nutritional Sciences,28190.5
*,*,*,*,*,Nutritional Sciences,135394.0,,*,*,*,*,Endowment,Nutritional Sciences,35734.5
*,*,*,*,*,Packaging,183622,,*,*,*,*,Campus Resource,Packaging,24527
*,*,*,*,*,Packaging,183622,,*,*,*,*,Endowment,Packaging,22996
*,*,*,*,*,Philosophy,181834.0,,*,*,*,*,Campus Resource,Philosophy,27503
*,*,*,*,*,Physical Science Interdepartmental,208962.0,,*,*,*,*,Campus Resource,Physical Science Interdepartmental,64087
*,*,*,*,*,Physical Science Interdepartmental,208962.0,,*,*,*,*,Endowment,Physical Science Interdepartmental,51376
*,*,*,*,*,Plant Biology,203716.5,,*,*,*,*,Campus Resource,Plant Biology,35153
*,*,*,*,*,Plant Biology,203716.5,,*,*,*,*,Scholarship,Plant Biology,62667
*,*,*,*,*,Political Science,192494,,*,*,*,*,Endowment,Political Science,59205
*,*,*,*,*,Political Science,192494,,*,*,*,*,Scholarship,Political Science,47550
*,*,*,*,*,Political Science-Prelaw,147970.5,,*,*,*,*,Campus Resource,Political Science-Prelaw,44125.5
*,*,*,*,*,Political Science-Prelaw,147970.5,,*,*,*,*,Endowment,Political Science-Prelaw,35970
*,*,*,*,*,Political Theory and Constitutional Democracy,224513,,*,*,*,*,Campus Resource,Political Theory and Constitutional Democracy,38607
*,*,*,*,*,Predental,142743,,*,*,*,*,Campus Resource,Predental,33992
*,*,*,*,*,Predental,142743,,*,*,*,*,Endowment,Predental,39034
*,*,*,*,*,Prenursing,177525.0,,*,*,*,*,Campus Resource,Prenursing,13652
*,*,*,*,*,Preoptometry,185944.5,,*,*,*,*,Endowment,Preoptometry,37186
*,*,*,*,*,Preveterinary,242598.0,,*,*,*,*,Campus Resource,Preveterinary,22686
*,*,*,*,*,Professional Writing,252894.5,,*,*,*,*,Campus Resource,Professional Writing,32695
*,*,*,*,*,Psychology,179813.0,,*,*,*,*,Campus Resource,Psychology,12383
*,*,*,*,*,Public Policy,295919.5,,*,*,*,*,Campus Resource,Public Policy,87282
*,*,*,*,*,Public Policy,295919.5,,*,*,*,*,Endowment,Public Policy,65278
*,*,*,*,*,Russian,69337,,*,*,*,*,Campus Resource,Russian,9499
*,*,*,*,*,Social Relations and Policy,239236.0,,*,*,*,*,Endowment,Social Relations and Policy,54746
*,*,*,*,*,Social Work,120492,,*,*,*,*,Campus Resource,Social Work,30642
*,*,*,*,*,Sociology,206209.5,,*,*,*,*,Campus Resource,Sociology,32778
*,*,*,*,*,Spanish,236835.0,,*,*,*,*,Campus Resource,Spanish,40173
*,*,*,*,*,Spanish,236835.0,,*,*,*,*,Endowment,Spanish,65718
*,*,*,*,*,Special Education-Learning Disabilities,175115.0,,*,*,*,*,Campus Resource,Special Education-Learning Disabilities,32608.5
*,*,*,*,*,Statistics,198145.5,,*,*,*,*,Campus Resource,Statistics,27819
*,*,*,*,*,Studio Art,289430.0,,*,*,*,*,Campus Resource,Studio Art,46154.5
*,*,*,*,*,Summer Research Program,263602.5,,*,*,*,*,Campus Resource,Summer Research Program,7016
*,*,*,*,*,Supply Chain Management,202674,,*,*,*,*,Campus Resource,Supply Chain Management,52925
*,*,*,*,*,Supply Chain Management,202674,,*,*,*,*,Scholarship,Supply Chain Management,38622
*,*,*,*,*,Theatre,148562,,*,*,*,*,Campus Resource,Theatre,20937
*,*,*,*,*,Urban and Regional Planning,256242.5,,*,*,*,*,Campus Resource,Urban and Regional Planning,24207.5
*,*,*,*,*,Women's and Gender Studies,252268,,*,*,*,*,Campus Resource,Women's and Gender Studies,67029
*,*,*,*,*,World Politics,171802.5,,*,*,*,*,Campus Resource,World Politics,35775
*,*,*,*,*,World Politics,171802.5,,*,*,*,*,Endowment,World Politics,53486.5
*,*,*,*,*,Zoology,262536,,*,*,*,*,Campus Resource,Zoology,55112
*,*,*,*,*,Zoology,262536,,*,*,*,*,Endowment,Zoology,82498
