*,*,*,Alumni Association,*,College of Political Science,17609,,*,*,Comparative Cultures and Politics,Alumni Association,*,College of Political Science,1454
*,*,*,Campus Recreation,*,College of Political Science,6117,,*,*,Social Relations and Policy,Campus Recreation,*,College of Political Science,1215
*,*,*,College of Agriculture and Natural Resources,*,Agribusiness Management,3045,,*,*,College of Communication Arts and Sciences,College of Agriculture and Natural Resources,*,Agribusiness Management,630
*,*,*,College of Agriculture and Natural Resources,*,Agribusiness Management,3045,,*,*,College of Social Science,College of Agriculture and Natural Resources,*,Agribusiness Management,345
*,*,*,College of Agriculture and Natural Resources,*,Animal Science,31434,,*,*,College of Arts and Sciences,College of Agriculture and Natural Resources,*,Animal Science,9406
*,*,*,College of Agriculture and Natural Resources,*,Animal Science,31434,,*,*,College of Political Science,College of Agriculture and Natural Resources,*,Animal Science,7159
*,*,*,College of Agriculture and Natural Resources,*,Animal Science,31434,,*,*,Parents Association,College of Agriculture and Natural Resources,*,Animal Science,9803
*,*,*,College of Agriculture and Natural Resources,*,Animal Science,31434,,*,*,University Annual Fund,College of Agriculture and Natural Resources,*,Animal Science,1858
*,*,*,College of Agriculture and Natural Resources,*,College of Political Science,8720,,*,*,Political Theory and Constitutional Democracy,College of Agriculture and Natural Resources,*,College of Political Science,2265
*,*,*,College of Agriculture and Natural Resources,*,Construction Management,2425.5,,*,*,College of Nursing,College of Agriculture and Natural Resources,*,Construction Management,267
*,*,*,College of Agriculture and Natural Resources,*,Entomology,10055,,*,*,College of Nursing,College of Agriculture and Natural Resources,*,Entomology,2529
*,*,*,College of Agriculture and Natural Resources,*,Environmental Economics and Policy,22086,,*,*,College of Political Science,College of Agriculture and Natural Resources,*,Environmental Economics and Policy,6630.5
*,*,*,College of Agriculture and Natural Resources,*,Environmental Economics and Policy,22086,,*,*,College of Veterinary Medicine,College of Agriculture and Natural Resources,*,Environmental Economics and Policy,1965
*,*,*,College of Agriculture and Natural Resources,*,Environmental Studies and Agriscience,23969.5,,*,*,College of Business,College of Agriculture and Natural Resources,*,Environmental Studies and Agriscience,1724
*,*,*,College of Agriculture and Natural Resources,*,Environmental Studies and Agriscience,23969.5,,*,*,College of Engineering,College of Agriculture and Natural Resources,*,Environmental Studies and Agriscience,4063
*,*,*,College of Agriculture and Natural Resources,*,Environmental Studies and Agriscience,23969.5,,*,*,College of Political Science,College of Agriculture and Natural Resources,*,Environmental Studies and Agriscience,1270
*,*,*,College of Agriculture and Natural Resources,*,Environmental Studies and Agriscience,23969.5,,*,*,College of Social Science,College of Agriculture and Natural Resources,*,Environmental Studies and Agriscience,7244
*,*,*,College of Agriculture and Natural Resources,*,Environmental Studies and Agriscience,23969.5,,*,*,Honors Program,College of Agriculture and Natural Resources,*,Environmental Studies and Agriscience,204
*,*,*,College of Agriculture and Natural Resources,*,Environmental Studies and Agriscience,23969.5,,*,*,Parents Association,College of Agriculture and Natural Resources,*,Environmental Studies and Agriscience,19
*,*,*,College of Agriculture and Natural Resources,*,Fisheries and Wildlife,43767,,*,*,College of Business,College of Agriculture and Natural Resources,*,Fisheries and Wildlife,11474
*,*,*,College of Agriculture and Natural Resources,*,Fisheries and Wildlife,43767,,*,*,College of Education,College of Agriculture and Natural Resources,*,Fisheries and Wildlife,1828
*,*,*,College of Agriculture and Natural Resources,*,Fisheries and Wildlife,43767,,*,*,College of Engineering,College of Agriculture and Natural Resources,*,Fisheries and Wildlife,6345
*,*,*,College of Agriculture and Natural Resources,*,Fisheries and Wildlife,43767,,*,*,College of Music,College of Agriculture and Natural Resources,*,Fisheries and Wildlife,8662
*,*,*,College of Agriculture and Natural Resources,*,Fisheries and Wildlife,43767,,*,*,College of Political Science,College of Agriculture and Natural Resources,*,Fisheries and Wildlife,4607
*,*,*,College of Agriculture and Natural Resources,*,Fisheries and Wildlife,43767,,*,*,College of Social Science,College of Agriculture and Natural Resources,*,Fisheries and Wildlife,2640
*,*,*,College of Agriculture and Natural Resources,*,Fisheries and Wildlife,43767,,*,*,Trustees Fund,College of Agriculture and Natural Resources,*,Fisheries and Wildlife,12724
*,*,*,College of Agriculture and Natural Resources,*,Fisheries and Wildlife,43767,,*,*,University Libraries,College of Agriculture and Natural Resources,*,Fisheries and Wildlife,4821
*,*,*,College of Agriculture and Natural Resources,*,Food Industry Management,11830,,*,*,College of Political Science,College of Agriculture and Natural Resources,*,Food Industry Management,1867
*,*,*,College of Agriculture and Natural Resources,*,Food Industry Management,11830,,*,*,In-State Scholarship Fund,College of Agriculture and Natural Resources,*,Food Industry Management,189
*,*,*,College of Agriculture and Natural Resources,*,Food Science,28279.5,,*,*,College of Engineering,College of Agriculture and Natural Resources,*,Food Science,659
*,*,*,College of Agriculture and Natural Resources,*,Food Science,28279.5,,*,*,College of Music,College of Agriculture and Natural Resources,*,Food Science,1496
*,*,*,College of Agriculture and Natural Resources,*,Food Science,28279.5,,*,*,College of Nursing,College of Agriculture and Natural Resources,*,Food Science,6225
*,*,*,College of Agriculture and Natural Resources,*,Food Science,28279.5,,*,*,In-State Scholarship Fund,College of Agriculture and Natural Resources,*,Food Science,6682
*,*,*,College of Agriculture and Natural Resources,*,Food Science,28279.5,,*,*,University Annual Fund,College of Agriculture and Natural Resources,*,Food Science,6613
*,*,*,College of Agriculture and Natural Resources,*,Landscape Architecture,14407,,*,*,University Annual Fund,College of Agriculture and Natural Resources,*,Landscape Architecture,1624
*,*,*,College of Agriculture and Natural Resources,*,Packaging,31750,,*,*,College of Communication Arts and Sciences,College of Agriculture and Natural Resources,*,Packaging,1162
*,*,*,College of Agriculture and Natural Resources,*,Packaging,31750,,*,*,College of Engineering,College of Agriculture and Natural Resources,*,Packaging,9440
*,*,*,College of Agriculture and Natural Resources,*,Packaging,31750,,*,*,College of Nursing,College of Agriculture and Natural Resources,*,Packaging,1763
*,*,*,College of Agriculture and Natural Resources,*,Packaging,31750,,*,*,Diversity Fund,College of Agriculture and Natural Resources,*,Packaging,3896
*,*,*,College of Agriculture and Natural Resources,*,Packaging,31750,,*,*,Faculty Chair Endowments,College of Agriculture and Natural Resources,*,Packaging,8218
*,*,*,College of Agriculture and Natural Resources,*,Packaging,31750,,*,*,In-State Scholarship Fund,College of Agriculture and Natural Resources,*,Packaging,3648
*,*,*,College of Agriculture and Natural Resources,*,Packaging,31750,,*,*,Minority Scholarship Fund,College of Agriculture and Natural Resources,*,Packaging,999
*,*,*,College of Agriculture and Natural Resources,*,Packaging,31750,,*,*,Parents Association,College of Agriculture and Natural Resources,*,Packaging,2925
*,*,*,College of Agriculture and Natural Resources,*,Packaging,31750,,*,*,Trustees Fund,College of Agriculture and Natural Resources,*,Packaging,709
*,*,*,College of Agriculture and Natural Resources,*,Packaging,31750,,*,*,University Annual Fund,College of Agriculture and Natural Resources,*,Packaging,10173
*,*,*,College of Arts and Sciences,*,Apparel and Textile Design,33290,,*,*,College of Education,College of Arts and Sciences,*,Apparel and Textile Design,9232
*,*,*,College of Arts and Sciences,*,Apparel and Textile Design,33290,,*,*,College of Music,College of Arts and Sciences,*,Apparel and Textile Design,1743
*,*,*,College of Arts and Sciences,*,Apparel and Textile Design,33290,,*,*,College of Natural Science,College of Arts and Sciences,*,Apparel and Textile Design,9512
*,*,*,College of Arts and Sciences,*,Apparel and Textiles,41415,,*,*,College of Education,College of Arts and Sciences,*,Apparel and Textiles,7288
*,*,*,College of Arts and Sciences,*,Apparel and Textiles,41415,,*,*,College of Natural Science,College of Arts and Sciences,*,Apparel and Textiles,6555
*,*,*,College of Arts and Sciences,*,Apparel and Textiles,41415,,*,*,College of Political Science,College of Arts and Sciences,*,Apparel and Textiles,3110
*,*,*,College of Arts and Sciences,*,Apparel and Textiles,41415,,*,*,Diversity Fund,College of Arts and Sciences,*,Apparel and Textiles,13259
*,*,*,College of Arts and Sciences,*,Apparel and Textiles,41415,,*,*,Faculty Chair Endowments,College of Arts and Sciences,*,Apparel and Textiles,10864
*,*,*,College of Arts and Sciences,*,Apparel and Textiles,41415,,*,*,In-State Scholarship Fund,College of Arts and Sciences,*,Apparel and Textiles,6586
*,*,*,College of Arts and Sciences,*,Apparel and Textiles,41415,,*,*,Minority Scholarship Fund,College of Arts and Sciences,*,Apparel and Textiles,8871
*,*,*,College of Arts and Sciences,*,Apparel and Textiles,41415,,*,*,University Annual Fund,College of Arts and Sciences,*,Apparel and Textiles,9799
*,*,*,College of Arts and Sciences,*,Apparel and Textiles,41415,,*,*,University Libraries,College of Arts and Sciences,*,Apparel and Textiles,9344
*,*,*,College of Arts and Sciences,*,Art Education,7344,,*,*,College of Social Science,College of Arts and Sciences,*,Art Education,109
*,*,*,College of Arts and Sciences,*,Art Education,7344,,*,*,Minority Scholarship Fund,College of Arts and Sciences,*,Art Education,99
*,*,*,College of Arts and Sciences,*,Art History and Visual Culture,22921,,*,*,In-State Scholarship Fund,College of Arts and Sciences,*,Art History and Visual Culture,6991
*,*,*,College of Arts and Sciences,*,Arts & Letters-General,10205,,*,*,Parents Association,College of Arts and Sciences,*,Arts & Letters-General,2800
*,*,*,College of Arts and Sciences,*,Chinese,16203,,*,*,University Annual Fund,College of Arts and Sciences,*,Chinese,4280
*,*,*,College of Arts and Sciences,*,Chinese,16203,,*,*,University Libraries,College of Arts and Sciences,*,Chinese,1879
*,*,*,College of Arts and Sciences,*,English,9397,,*,*,College of Nursing,College of Arts and Sciences,*,English,91
*,*,*,College of Arts and Sciences,*,English,9397,,*,*,Faculty Chair Endowments,College of Arts and Sciences,*,English,2524
*,*,*,College of Arts and Sciences,*,English,9397,,*,*,Honors Program,College of Arts and Sciences,*,English,169
*,*,*,College of Arts and Sciences,*,Experience Architecture,4681,,*,*,Faculty Chair Endowments,College of Arts and Sciences,*,Experience Architecture,1380
*,*,*,College of Arts and Sciences,*,French,13918,,*,*,College of Music,College of Arts and Sciences,*,French,3578
*,*,*,College of Arts and Sciences,*,French,13918,,*,*,Faculty Chair Endowments,College of Arts and Sciences,*,French,4078
*,*,*,College of Arts and Sciences,*,French,13918,,*,*,Parents Association,College of Arts and Sciences,*,French,1720
*,*,*,College of Arts and Sciences,*,Global Studies in the Arts and Humanities,16539,,*,*,College of Business,College of Arts and Sciences,*,Global Studies in the Arts and Humanities,1001
*,*,*,College of Arts and Sciences,*,Global Studies in the Arts and Humanities,16539,,*,*,College of Communication Arts and Sciences,College of Arts and Sciences,*,Global Studies in the Arts and Humanities,361
*,*,*,College of Arts and Sciences,*,Global Studies in the Arts and Humanities,16539,,*,*,Diversity Fund,College of Arts and Sciences,*,Global Studies in the Arts and Humanities,3463
*,*,*,College of Arts and Sciences,*,Global Studies in the Arts and Humanities,16539,,*,*,In-State Scholarship Fund,College of Arts and Sciences,*,Global Studies in the Arts and Humanities,1718
*,*,*,College of Arts and Sciences,*,Global Studies in the Arts and Humanities,16539,,*,*,University Libraries,College of Arts and Sciences,*,Global Studies in the Arts and Humanities,1001
*,*,*,College of Arts and Sciences,*,Interdisciplinary Humanities,21662,,*,*,College of Business,College of Arts and Sciences,*,Interdisciplinary Humanities,5107
*,*,*,College of Arts and Sciences,*,Interdisciplinary Humanities,21662,,*,*,In-State Scholarship Fund,College of Arts and Sciences,*,Interdisciplinary Humanities,2813
*,*,*,College of Arts and Sciences,*,Interdisciplinary Humanities,21662,,*,*,Minority Scholarship Fund,College of Arts and Sciences,*,Interdisciplinary Humanities,1509
*,*,*,College of Arts and Sciences,*,Interdisciplinary Humanities,21662,,*,*,Parents Association,College of Arts and Sciences,*,Interdisciplinary Humanities,451
*,*,*,College of Arts and Sciences,*,Philosophy,10870,,*,*,College of Engineering,College of Arts and Sciences,*,Philosophy,3080
*,*,*,College of Arts and Sciences,*,Professional Writing,21043,,*,*,In-State Scholarship Fund,College of Arts and Sciences,*,Professional Writing,6813
*,*,*,College of Arts and Sciences,*,Professional Writing,21043,,*,*,Parents Association,College of Arts and Sciences,*,Professional Writing,2525
*,*,*,College of Arts and Sciences,*,Spanish,55345.5,,*,*,College of Music,College of Arts and Sciences,*,Spanish,11584
*,*,*,College of Arts and Sciences,*,Spanish,55345.5,,*,*,College of Social Science,College of Arts and Sciences,*,Spanish,11111
*,*,*,College of Arts and Sciences,*,Spanish,55345.5,,*,*,Faculty Chair Endowments,College of Arts and Sciences,*,Spanish,1325
*,*,*,College of Arts and Sciences,*,Spanish,55345.5,,*,*,Honors Program,College of Arts and Sciences,*,Spanish,1176
*,*,*,College of Arts and Sciences,*,Spanish,55345.5,,*,*,In-State Scholarship Fund,College of Arts and Sciences,*,Spanish,10774
*,*,*,College of Arts and Sciences,*,Spanish,55345.5,,*,*,Minority Scholarship Fund,College of Arts and Sciences,*,Spanish,3240
*,*,*,College of Arts and Sciences,*,Spanish,55345.5,,*,*,Parents Association,College of Arts and Sciences,*,Spanish,12148
*,*,*,College of Arts and Sciences,*,Spanish,55345.5,,*,*,University Libraries,College of Arts and Sciences,*,Spanish,4945
*,*,*,College of Arts and Sciences,*,Studio Art,24797,,*,*,College of Communication Arts and Sciences,College of Arts and Sciences,*,Studio Art,5669
*,*,*,College of Arts and Sciences,*,Studio Art,24797,,*,*,College of Natural Science,College of Arts and Sciences,*,Studio Art,5524
*,*,*,College of Arts and Sciences,*,Theatre,9064,,*,*,College of Music,College of Arts and Sciences,*,Theatre,999
*,*,*,College of Arts and Sciences,*,Theatre,9064,,*,*,College of Political Science,College of Arts and Sciences,*,Theatre,447
*,*,*,College of Arts and Sciences,*,Theatre,9064,,*,*,Parents Association,College of Arts and Sciences,*,Theatre,171
*,*,*,College of Arts and Sciences,*,Women's and Gender Studies,16902,,*,*,College of Business,College of Arts and Sciences,*,Women's and Gender Studies,4078
*,*,*,College of Arts and Sciences,*,Women's and Gender Studies,16902,,*,*,College of Natural Science,College of Arts and Sciences,*,Women's and Gender Studies,2886
*,*,*,College of Arts and Sciences,*,Women's and Gender Studies,16902,,*,*,University Libraries,College of Arts and Sciences,*,Women's and Gender Studies,2576
*,*,*,College of Business,*,Finance,11999,,*,*,College of Political Science,College of Business,*,Finance,2647
*,*,*,College of Business,*,Finance,11999,,*,*,Diversity Fund,College of Business,*,Finance,1349
*,*,*,College of Business,*,Finance,11999,,*,*,In-State Scholarship Fund,College of Business,*,Finance,3818
*,*,*,College of Business,*,Finance,11999,,*,*,University Libraries,College of Business,*,Finance,750
*,*,*,College of Communication Arts and Sciences,*,Media and Information,19553,,*,*,College of Nursing,College of Communication Arts and Sciences,*,Media and Information,5794
*,*,*,College of Communication Arts and Sciences,*,Media and Information,19553,,*,*,In-State Scholarship Fund,College of Communication Arts and Sciences,*,Media and Information,3865
*,*,*,College of Communication Arts and Sciences,*,Media and Information,19553,,*,*,Minority Scholarship Fund,College of Communication Arts and Sciences,*,Media and Information,5686
*,*,*,College of Communication Arts and Sciences,*,Media and Information,19553,,*,*,Parents Association,College of Communication Arts and Sciences,*,Media and Information,2402
*,*,*,College of Engineering,*,Engineering-No Major,10383,,*,*,Honors Program,College of Engineering,*,Engineering-No Major,3403
*,*,*,College of Engineering,*,Engineering-No Major,10383,,*,*,Parents Association,College of Engineering,*,Engineering-No Major,3057
*,*,*,College of Engineering,*,Mechanical Engineering,4254,,*,*,In-State Scholarship Fund,College of Engineering,*,Mechanical Engineering,91
*,*,*,College of Music,*,Jazz Studies,6234,,*,*,University Annual Fund,College of Music,*,Jazz Studies,908
*,*,*,College of Music,*,Music Performance,18939,,*,*,Parents Association,College of Music,*,Music Performance,1941
*,*,*,College of Music,*,Music Performance,18939,,*,*,University Libraries,College of Music,*,Music Performance,4605
*,*,*,College of Natural Science,*,Astrophysics,17300,,*,*,College of Political Science,College of Natural Science,*,Astrophysics,1960
*,*,*,College of Natural Science,*,Biochemistry and Molecular Biology,7647,,*,*,Diversity Fund,College of Natural Science,*,Biochemistry and Molecular Biology,1620
*,*,*,College of Natural Science,*,Biochemistry and Molecular Biology/Biotechnology,32445,,*,*,College of Political Science,College of Natural Science,*,Biochemistry and Molecular Biology/Biotechnology,1586
*,*,*,College of Natural Science,*,Biochemistry and Molecular Biology/Biotechnology,32445,,*,*,Parents Association,College of Natural Science,*,Biochemistry and Molecular Biology/Biotechnology,5186
*,*,*,College of Natural Science,*,Biochemistry and Molecular Biology/Biotechnology,32445,,*,*,Trustees Fund,College of Natural Science,*,Biochemistry and Molecular Biology/Biotechnology,5797
*,*,*,College of Natural Science,*,Biological Science Interdepartmental,17673.5,,*,*,Faculty Chair Endowments,College of Natural Science,*,Biological Science Interdepartmental,5866
*,*,*,College of Natural Science,*,Biomedical Laboratory Science,21597,,*,*,Honors Program,College of Natural Science,*,Biomedical Laboratory Science,701
*,*,*,College of Natural Science,*,Biomedical Laboratory Science,21597,,*,*,In-State Scholarship Fund,College of Natural Science,*,Biomedical Laboratory Science,1434
*,*,*,College of Natural Science,*,Biomedical Laboratory Science,21597,,*,*,University Libraries,College of Natural Science,*,Biomedical Laboratory Science,1885
*,*,*,College of Natural Science,*,Chemical Physics,26918,,*,*,Diversity Fund,College of Natural Science,*,Chemical Physics,5965
*,*,*,College of Natural Science,*,Chemical Physics,26918,,*,*,Faculty Chair Endowments,College of Natural Science,*,Chemical Physics,8484
*,*,*,College of Natural Science,*,Chemical Physics,26918,,*,*,In-State Scholarship Fund,College of Natural Science,*,Chemical Physics,8045
*,*,*,College of Natural Science,*,Chemical Physics,26918,,*,*,Minority Scholarship Fund,College of Natural Science,*,Chemical Physics,7895
*,*,*,College of Natural Science,*,Chemical Physics,26918,,*,*,University Libraries,College of Natural Science,*,Chemical Physics,8299
*,*,*,College of Natural Science,*,Chemistry,13590,,*,*,College of Political Science,College of Natural Science,*,Chemistry,1617
*,*,*,College of Natural Science,*,College of Political Science,15309,,*,*,Social Relations and Policy,College of Natural Science,*,College of Political Science,4089
*,*,*,College of Natural Science,*,Environmental Biology/Microbiology,8571,,*,*,Honors Program,College of Natural Science,*,Environmental Biology/Microbiology,2850
*,*,*,College of Natural Science,*,Environmental Biology/Microbiology,8571,,*,*,Trustees Fund,College of Natural Science,*,Environmental Biology/Microbiology,2441
*,*,*,College of Natural Science,*,Environmental Biology/Plant Biol,14040,,*,*,College of Veterinary Medicine,College of Natural Science,*,Environmental Biology/Plant Biol,3301
*,*,*,College of Natural Science,*,Environmental Geosciences,26186.5,,*,*,Honors Program,College of Natural Science,*,Environmental Geosciences,6197
*,*,*,College of Natural Science,*,Environmental Geosciences,26186.5,,*,*,In-State Scholarship Fund,College of Natural Science,*,Environmental Geosciences,7360
*,*,*,College of Natural Science,*,Geological Sciences,27723,,*,*,Honors Program,College of Natural Science,*,Geological Sciences,4573
*,*,*,College of Natural Science,*,Geological Sciences,27723,,*,*,Parents Association,College of Natural Science,*,Geological Sciences,7480
*,*,*,College of Natural Science,*,Mathematics,237013,,*,*,College of Social Science,College of Natural Science,*,Mathematics,29474
*,*,*,College of Natural Science,*,Mathematics,237013,,*,*,Diversity Fund,College of Natural Science,*,Mathematics,7079
*,*,*,College of Natural Science,*,Mathematics,237013,,*,*,In-State Scholarship Fund,College of Natural Science,*,Mathematics,5656
*,*,*,College of Natural Science,*,Mathematics,237013,,*,*,Minority Scholarship Fund,College of Natural Science,*,Mathematics,12417
*,*,*,College of Natural Science,*,Mathematics,237013,,*,*,Trustees Fund,College of Natural Science,*,Mathematics,18765
*,*,*,College of Natural Science,*,Mathematics,237013,,*,*,University Annual Fund,College of Natural Science,*,Mathematics,47133
*,*,*,College of Natural Science,*,Mathematics  Advanced,3223,,*,*,University Annual Fund,College of Natural Science,*,Mathematics  Advanced,517.5
*,*,*,College of Natural Science,*,Neuroscience,50443,,*,*,College of Social Science,College of Natural Science,*,Neuroscience,13236
*,*,*,College of Natural Science,*,Neuroscience,50443,,*,*,Faculty Chair Endowments,College of Natural Science,*,Neuroscience,11192
*,*,*,College of Natural Science,*,Neuroscience,50443,,*,*,Honors Program,College of Natural Science,*,Neuroscience,465
*,*,*,College of Natural Science,*,Neuroscience,50443,,*,*,In-State Scholarship Fund,College of Natural Science,*,Neuroscience,2825
*,*,*,College of Natural Science,*,Neuroscience,50443,,*,*,Parents Association,College of Natural Science,*,Neuroscience,15705
*,*,*,College of Natural Science,*,Neuroscience,50443,,*,*,University Libraries,College of Natural Science,*,Neuroscience,6243
*,*,*,College of Natural Science,*,Physical Science Interdepartmental,11047,,*,*,Honors Program,College of Natural Science,*,Physical Science Interdepartmental,2731
*,*,*,College of Natural Science,*,Plant Biology,6997,,*,*,Parents Association,College of Natural Science,*,Plant Biology,1270
*,*,*,College of Natural Science,*,Statistics,9231,,*,*,University Libraries,College of Natural Science,*,Statistics,903
*,*,*,College of Natural Science,*,Zoology,14906,,*,*,College of Social Science,College of Natural Science,*,Zoology,2405
*,*,*,College of Natural Science,*,Zoology,14906,,*,*,College of Veterinary Medicine,College of Natural Science,*,Zoology,3095
*,*,*,College of Social Science,*,Anthropology,14355,,*,*,In-State Scholarship Fund,College of Social Science,*,Anthropology,2727
*,*,*,College of Social Science,*,College of Political Science,12399,,*,*,Social Relations and Policy,College of Social Science,*,College of Political Science,2921
*,*,*,College of Social Science,*,Criminal Justice,10977,,*,*,Honors Program,College of Social Science,*,Criminal Justice,3292
*,*,*,College of Social Science,*,Geographic Information Science,21944,,*,*,Honors Program,College of Social Science,*,Geographic Information Science,4640
*,*,*,College of Social Science,*,Geographic Information Science,21944,,*,*,Trustees Fund,College of Social Science,*,Geographic Information Science,2886
*,*,*,College of Social Science,*,History Education,20456,,*,*,In-State Scholarship Fund,College of Social Science,*,History Education,3960
*,*,*,College of Social Science,*,Human Development and Family Studies,12267,,*,*,University Libraries,College of Social Science,*,Human Development and Family Studies,3885
*,*,*,College of Social Science,*,Interdisciplinary Studies in Social Science,28291,,*,*,In-State Scholarship Fund,College of Social Science,*,Interdisciplinary Studies in Social Science,1470
*,*,*,College of Social Science,*,Interdisciplinary Studies in Social Science - Social Science Education,18787,,*,*,Faculty Chair Endowments,College of Social Science,*,Interdisciplinary Studies in Social Science - Social Science Education,6201.5
*,*,*,College of Social Science,*,Interdisciplinary Studies in Social Science - Social Science Education,18787,,*,*,Honors Program,College of Social Science,*,Interdisciplinary Studies in Social Science - Social Science Education,4356
*,*,*,College of Social Science,*,Interdisciplinary Studies in Social Science - Social Science Education,18787,,*,*,Parents Association,College of Social Science,*,Interdisciplinary Studies in Social Science - Social Science Education,3351
*,*,*,College of Social Science,*,Interdisciplinary Studies in Social Science - Social Science Education,18787,,*,*,University Annual Fund,College of Social Science,*,Interdisciplinary Studies in Social Science - Social Science Education,353
*,*,*,College of Social Science,*,Political Science,5555,,*,*,College of Veterinary Medicine,College of Social Science,*,Political Science,43
*,*,*,College of Social Science,*,Sociology,11187,,*,*,Honors Program,College of Social Science,*,Sociology,1576
*,*,*,Diversity Fund,*,College of Political Science,12490,,*,*,Political Theory and Constitutional Democracy,Diversity Fund,*,College of Political Science,3629
*,*,*,Diversity Fund,*,College of Political Science,12490,,*,*,Social Relations and Policy,Diversity Fund,*,College of Political Science,628
