*,Charleston,College of Natural Science,College of Natural Science,Scholarship,Biochemistry and Molecular Biology/Biotechnology,9094,,SC,Charleston,College of Natural Science,College of Arts and Sciences,Scholarship,Biochemistry and Molecular Biology/Biotechnology,2960
*,Los Angeles,College of Natural Science,College of Natural Science,Scholarship,Physical Science Interdepartmental,3732,,CA,Los Angeles,College of Natural Science,College of Engineering,Scholarship,Physical Science Interdepartmental,600
*,Oklahoma City,College of Business,College of Business,Scholarship,Marketing,8182,,OK,Oklahoma City,College of Business,College of Arts and Sciences,Scholarship,Marketing,862
*,San Diego,College of Natural Science,College of Natural Science,Scholarship,Environmental Biology/Plant Biol,9131,,CA,San Diego,College of Natural Science,College of Communication Arts and Sciences,Scholarship,Environmental Biology/Plant Biol,685
*,San Francisco,College of Education,College of Education,Scholarship,Kinesiology,24932,,CA,San Francisco,College of Education,College of Agriculture and Natural Resources,Scholarship,Kinesiology,4839
