AL,Birmingham,*,*,Endowment,Environmental Geosciences,6360,,AL,Birmingham,*,Faculty Chair Endowments,Endowment,Environmental Geosciences,1115
AL,Birmingham,*,*,Endowment,Studio Art,19582,,AL,Birmingham,*,Diversity Fund,Endowment,Studio Art,4948
AL,Birmingham,*,*,Endowment,Studio Art,19582,,AL,Birmingham,*,University Annual Fund,Endowment,Studio Art,5969
AL,Birmingham,*,*,Scholarship,Studio Art,17017,,AL,Birmingham,*,College of Natural Science,Scholarship,Studio Art,5524
AL,Mobile,*,*,Endowment,Computer Engineering,11283,,AL,Mobile,*,Faculty Chair Endowments,Endowment,Computer Engineering,2285
AL,Mobile,*,*,Scholarship,Packaging,24878,,AL,Mobile,*,College of Social Science,Scholarship,Packaging,6089
AL,Mobile,*,*,Scholarship,Professional Writing,2588,,AL,Mobile,*,College of Business,Scholarship,Professional Writing,309
AR,Little Rock,*,*,Campus Resource,Mathematics  Advanced,21292,,AR,Little Rock,*,University Libraries,Campus Resource,Mathematics  Advanced,4680
AZ,Mesa,*,*,Campus Resource,Interior Design,11604,,AZ,Mesa,*,Athletics,Campus Resource,Interior Design,2413
AZ,Phoenix,*,*,Campus Resource,Preoptometry,3663,,AZ,Phoenix,*,University Libraries,Campus Resource,Preoptometry,167
AZ,Phoenix,*,*,Endowment,Electrical Engineering,32747,,AZ,Phoenix,*,University Annual Fund,Endowment,Electrical Engineering,3380
AZ,Phoenix,*,*,Endowment,Humanities-Prelaw,3799,,AZ,Phoenix,*,University Annual Fund,Endowment,Humanities-Prelaw,19
AZ,Phoenix,*,*,Endowment,Nursing,19716,,AZ,Phoenix,*,Diversity Fund,Endowment,Nursing,5976
AZ,Phoenix,*,*,Scholarship,Advertising,5893,,AZ,Phoenix,*,College of Agriculture and Natural Resources,Scholarship,Advertising,1072
AZ,Phoenix,*,*,Scholarship,Art Education,6245,,AZ,Phoenix,*,Minority Scholarship Fund,Scholarship,Art Education,99
AZ,Phoenix,*,*,Scholarship,General Management,11520,,AZ,Phoenix,*,College of Engineering,Scholarship,General Management,696
AZ,Phoenix,*,*,Scholarship,Human Biology,3698,,AZ,Phoenix,*,College of Social Science,Scholarship,Human Biology,1231
AZ,Phoenix,*,*,Scholarship,Interdisciplinary Humanities,27397,,AZ,Phoenix,*,College of Engineering,Scholarship,Interdisciplinary Humanities,8942
AZ,Phoenix,*,*,Scholarship,Interdisciplinary Humanities,27397,,AZ,Phoenix,*,College of Natural Science,Scholarship,Interdisciplinary Humanities,7821
AZ,Phoenix,*,*,Scholarship,Interdisciplinary Humanities,27397,,AZ,Phoenix,*,College of Social Science,Scholarship,Interdisciplinary Humanities,7821
AZ,Phoenix,*,*,Scholarship,Interdisciplinary Humanities,27397,,AZ,Phoenix,*,In-State Scholarship Fund,Scholarship,Interdisciplinary Humanities,2813
AZ,Phoenix,*,*,Scholarship,Materials Science and Engineering,19202,,AZ,Phoenix,*,College of Natural Science,Scholarship,Materials Science and Engineering,4579
AZ,Phoenix,*,*,Scholarship,Nursing,33333,,AZ,Phoenix,*,College of Arts and Sciences,Scholarship,Nursing,2838
AZ,Phoenix,*,*,Scholarship,Nursing,33333,,AZ,Phoenix,*,College of Natural Science,Scholarship,Nursing,7596
AZ,Phoenix,*,*,Scholarship,Nursing,33333,,AZ,Phoenix,*,College of Nursing,Scholarship,Nursing,7834
AZ,Phoenix,*,*,Scholarship,Nursing,33333,,AZ,Phoenix,*,College of Veterinary Medicine,Scholarship,Nursing,2838
AZ,Phoenix,*,*,Scholarship,Political Science,5189,,AZ,Phoenix,*,College of Arts and Sciences,Scholarship,Political Science,1467
AZ,Scottsdale,*,*,Scholarship,Special Education-Learning Disabilities,12052,,AZ,Scottsdale,*,In-State Scholarship Fund,Scholarship,Special Education-Learning Disabilities,692
AZ,Tucson,*,*,Scholarship,German,9985,,AZ,Tucson,*,College of Social Science,Scholarship,German,794
CA,Anaheim,*,*,Endowment,Global Studies in the Arts and Humanities,6738,,CA,Anaheim,*,Diversity Fund,Endowment,Global Studies in the Arts and Humanities,1550
CA,Anaheim,*,*,Scholarship,Neuroscience,26098,,CA,Anaheim,*,College of Arts and Sciences,Scholarship,Neuroscience,6892
CA,Fresno,*,*,Campus Resource,Interdisciplinary Humanities,4750,,CA,Fresno,*,Alumni Association,Campus Resource,Interdisciplinary Humanities,427
CA,Fresno,*,*,Campus Resource,Interdisciplinary Humanities,4750,,CA,Fresno,*,Campus Museums,Campus Resource,Interdisciplinary Humanities,427
CA,Fresno,*,*,Campus Resource,Natural Resource Recreation and Tourism,28575,,CA,Fresno,*,Campus Museums,Campus Resource,Natural Resource Recreation and Tourism,7601
CA,Fresno,*,*,Campus Resource,Political Science,20194,,CA,Fresno,*,Campus Recreation,Campus Resource,Political Science,1538
CA,Fresno,*,*,Endowment,Art Education,9187,,CA,Fresno,*,Diversity Fund,Endowment,Art Education,970
CA,Fresno,*,*,Endowment,Natural Resource Recreation and Tourism,14875,,CA,Fresno,*,Trustees Fund,Endowment,Natural Resource Recreation and Tourism,2300
CA,Fresno,*,*,Scholarship,Economics,7715,,CA,Fresno,*,College of Arts and Sciences,Scholarship,Economics,347
CA,Fresno,*,*,Scholarship,Natural Resource Recreation and Tourism,13181,,CA,Fresno,*,College of Political Science,Scholarship,Natural Resource Recreation and Tourism,2639
CA,Los Angeles,*,*,Campus Resource,Microbiology,10311,,CA,Los Angeles,*,Parents Association,Campus Resource,Microbiology,572
CA,Los Angeles,*,*,Endowment,Astrophysics,11329,,CA,Los Angeles,*,Trustees Fund,Endowment,Astrophysics,379
CA,Los Angeles,*,*,Endowment,English,3617,,CA,Los Angeles,*,Trustees Fund,Endowment,English,1093
CA,Los Angeles,*,*,Endowment,Interior Design,14221,,CA,Los Angeles,*,Trustees Fund,Endowment,Interior Design,3071
CA,Los Angeles,*,*,Endowment,Jazz Studies,9945,,CA,Los Angeles,*,Trustees Fund,Endowment,Jazz Studies,1509
CA,Los Angeles,*,*,Endowment,Landscape Architecture,13776,,CA,Los Angeles,*,Trustees Fund,Endowment,Landscape Architecture,1624
CA,Los Angeles,*,*,Endowment,Landscape Architecture,13776,,CA,Los Angeles,*,University Annual Fund,Endowment,Landscape Architecture,1624
CA,Los Angeles,*,*,Endowment,Physical Science Interdepartmental,3112,,CA,Los Angeles,*,Faculty Chair Endowments,Endowment,Physical Science Interdepartmental,600
CA,Los Angeles,*,*,Endowment,Preoptometry,12452,,CA,Los Angeles,*,Trustees Fund,Endowment,Preoptometry,3148
CA,Los Angeles,*,*,Endowment,Studio Art,17920,,CA,Los Angeles,*,Diversity Fund,Endowment,Studio Art,2775
CA,Los Angeles,*,*,Scholarship,Animal Science,13421,,CA,Los Angeles,*,College of Music,Scholarship,Animal Science,1839
CA,Los Angeles,*,*,Scholarship,Animal Science,13421,,CA,Los Angeles,*,Minority Scholarship Fund,Scholarship,Animal Science,3281
CA,Los Angeles,*,*,Scholarship,Apparel and Textile Design,38945,,CA,Los Angeles,*,College of Agriculture and Natural Resources,Scholarship,Apparel and Textile Design,7903
CA,Los Angeles,*,*,Scholarship,Apparel and Textile Design,38945,,CA,Los Angeles,*,College of Arts and Sciences,Scholarship,Apparel and Textile Design,4586
CA,Los Angeles,*,*,Scholarship,Entomology,12041,,CA,Los Angeles,*,College of Social Science,Scholarship,Entomology,2237
CA,Los Angeles,*,*,Scholarship,Environmental Economics and Policy,14658,,CA,Los Angeles,*,College of Arts and Sciences,Scholarship,Environmental Economics and Policy,1620
CA,Los Angeles,*,*,Scholarship,History,22163,,CA,Los Angeles,*,College of Communication Arts and Sciences,Scholarship,History,2921
CA,Los Angeles,*,*,Scholarship,Hospitality Business,12798,,CA,Los Angeles,*,College of Social Science,Scholarship,Hospitality Business,3348
CA,Los Angeles,*,*,Scholarship,Jazz Studies,26716,,CA,Los Angeles,*,College of Education,Scholarship,Jazz Studies,8436
CA,Los Angeles,*,*,Scholarship,Marketing,10908,,CA,Los Angeles,*,College of Business,Scholarship,Marketing,1896
CA,Los Angeles,*,*,Scholarship,Physical Science Interdepartmental,4332,,CA,Los Angeles,*,College of Engineering,Scholarship,Physical Science Interdepartmental,600
CA,Los Angeles,*,*,Scholarship,Summer Research Program,18819,,CA,Los Angeles,*,College of Arts and Sciences,Scholarship,Summer Research Program,5779
CA,Sacramento,*,*,Endowment,Kinesiology,11205,,CA,Sacramento,*,Diversity Fund,Endowment,Kinesiology,1758
CA,San Diego,*,*,Endowment,Composition,29060,,CA,San Diego,*,Trustees Fund,Endowment,Composition,3596
CA,San Diego,*,*,Scholarship,Arabic,5629,,CA,San Diego,*,College of Social Science,Scholarship,Arabic,681
CA,San Diego,*,*,Scholarship,Environmental Biology/Plant Biol,9816,,CA,San Diego,*,College of Communication Arts and Sciences,Scholarship,Environmental Biology/Plant Biol,685
CA,San Francisco,*,*,Campus Resource,Art History and Visual Culture,14562,,CA,San Francisco,*,University Libraries,Campus Resource,Art History and Visual Culture,2779
CA,San Francisco,*,*,Campus Resource,Biochemistry and Molecular Biology/Biotechnology,13070,,CA,San Francisco,*,Campus Recreation,Campus Resource,Biochemistry and Molecular Biology/Biotechnology,3847
CA,San Francisco,*,*,Campus Resource,Geographic Information Science,10176,,CA,San Francisco,*,Honors Program,Campus Resource,Geographic Information Science,2245
CA,San Francisco,*,*,Campus Resource,Human Biology,25557,,CA,San Francisco,*,Alumni Association,Campus Resource,Human Biology,8333
CA,San Francisco,*,*,Campus Resource,Human Biology,25557,,CA,San Francisco,*,Campus Recreation,Campus Resource,Human Biology,8078
CA,San Francisco,*,*,Campus Resource,Social Relations and Policy,9414,,CA,San Francisco,*,Athletics,Campus Resource,Social Relations and Policy,1824
CA,San Francisco,*,*,Campus Resource,Zoology,14552,,CA,San Francisco,*,Athletics,Campus Resource,Zoology,4788
CA,San Francisco,*,*,Endowment,Animal Science,30842,,CA,San Francisco,*,Diversity Fund,Endowment,Animal Science,4638
CA,San Francisco,*,*,Endowment,Art History and Visual Culture,24188,,CA,San Francisco,*,Trustees Fund,Endowment,Art History and Visual Culture,5657
CA,San Francisco,*,*,Endowment,Art History and Visual Culture,24188,,CA,San Francisco,*,University Annual Fund,Endowment,Art History and Visual Culture,5239
CA,San Francisco,*,*,Endowment,Computer Science,40242,,CA,San Francisco,*,Diversity Fund,Endowment,Computer Science,7776
CA,San Francisco,*,*,Endowment,Computer Science,40242,,CA,San Francisco,*,Faculty Chair Endowments,Endowment,Computer Science,8670
CA,San Francisco,*,*,Endowment,Political Theory and Constitutional Democracy,19751,,CA,San Francisco,*,Faculty Chair Endowments,Endowment,Political Theory and Constitutional Democracy,5165
CA,San Francisco,*,*,Endowment,Women's and Gender Studies,10488,,CA,San Francisco,*,Trustees Fund,Endowment,Women's and Gender Studies,3057
CA,San Francisco,*,*,Scholarship,Finance,15363,,CA,San Francisco,*,In-State Scholarship Fund,Scholarship,Finance,3818
CA,San Francisco,*,*,Scholarship,Geography,12454,,CA,San Francisco,*,College of Social Science,Scholarship,Geography,1449
CA,San Francisco,*,*,Scholarship,Kinesiology,46954,,CA,San Francisco,*,College of Agriculture and Natural Resources,Scholarship,Kinesiology,4839
CA,San Francisco,*,*,Scholarship,Political Science-Prelaw,8996,,CA,San Francisco,*,College of Social Science,Scholarship,Political Science-Prelaw,572
CA,San Francisco,*,*,Scholarship,Political Theory and Constitutional Democracy,10881,,CA,San Francisco,*,College of Veterinary Medicine,Scholarship,Political Theory and Constitutional Democracy,903
CO,Colorado Springs,*,*,Campus Resource,History,9801,,CO,Colorado Springs,*,Alumni Association,Campus Resource,History,2468
CO,Colorado Springs,*,*,Campus Resource,Zoology,15972,,CO,Colorado Springs,*,Campus Museums,Campus Resource,Zoology,1976
CO,Colorado Springs,*,*,Endowment,Zoology,22818,,CO,Colorado Springs,*,Faculty Chair Endowments,Endowment,Zoology,6480
CO,Colorado Springs,*,*,Scholarship,Arts & Letters-General,21470,,CO,Colorado Springs,*,Minority Scholarship Fund,Scholarship,Arts & Letters-General,3820
CO,Colorado Springs,*,*,Scholarship,Horticulture,27839,,CO,Colorado Springs,*,College of Agriculture and Natural Resources,Scholarship,Horticulture,666
CO,Denver,*,*,Campus Resource,Arabic,23562,,CO,Denver,*,Parents Association,Campus Resource,Arabic,3192
CO,Denver,*,*,Campus Resource,Art Education,21687,,CO,Denver,*,Alumni Association,Campus Resource,Art Education,2718
CO,Denver,*,*,Campus Resource,Criminal Justice,31038.0,,CO,Denver,*,Campus Museums,Campus Resource,Criminal Justice,8569.5
CO,Denver,*,*,Campus Resource,Criminal Justice,31038.0,,CO,Denver,*,Campus Recreation,Campus Resource,Criminal Justice,1890
CO,Denver,*,*,Campus Resource,Environmental Economics and Policy,22165.5,,CO,Denver,*,Parents Association,Campus Resource,Environmental Economics and Policy,5655
CO,Denver,*,*,Campus Resource,Experience Architecture,24795.0,,CO,Denver,*,Campus Recreation,Campus Resource,Experience Architecture,2161.5
CO,Denver,*,*,Campus Resource,Food Industry Management,31251,,CO,Denver,*,Campus Museums,Campus Resource,Food Industry Management,9567
CO,Denver,*,*,Campus Resource,Food Industry Management,31251,,CO,Denver,*,University Libraries,Campus Resource,Food Industry Management,9567
CO,Denver,*,*,Campus Resource,Interior Design,50826.0,,CO,Denver,*,Athletics,Campus Resource,Interior Design,11158.5
CO,Denver,*,*,Campus Resource,Interior Design,50826.0,,CO,Denver,*,Campus Museums,Campus Resource,Interior Design,14374.5
CO,Denver,*,*,Campus Resource,Japanese,18240.0,,CO,Denver,*,Athletics,Campus Resource,Japanese,6054
CO,Denver,*,*,Campus Resource,Japanese,18240.0,,CO,Denver,*,University Libraries,Campus Resource,Japanese,1657.5
CO,Denver,*,*,Campus Resource,Media and Information,11313.0,,CO,Denver,*,Honors Program,Campus Resource,Media and Information,1789.5
CO,Denver,*,*,Campus Resource,Nursing,10065,,CO,Denver,*,Campus Museums,Campus Resource,Nursing,696
CO,Denver,*,*,Campus Resource,Spanish,11460,,CO,Denver,*,Honors Program,Campus Resource,Spanish,1176
CO,Denver,*,*,Campus Resource,Special Education-Learning Disabilities,14746.5,,CO,Denver,*,Campus Recreation,Campus Resource,Special Education-Learning Disabilities,2155.5
CO,Denver,*,*,Endowment,Agribusiness Management,6886.5,,CO,Denver,*,University Annual Fund,Endowment,Agribusiness Management,2278.5
CO,Denver,*,*,Endowment,Animal Science,23454.0,,CO,Denver,*,Diversity Fund,Endowment,Animal Science,7785
CO,Denver,*,*,Endowment,Apparel and Textile Design,46747.5,,CO,Denver,*,Trustees Fund,Endowment,Apparel and Textile Design,12445.5
CO,Denver,*,*,Endowment,Arabic,40471.5,,CO,Denver,*,Diversity Fund,Endowment,Arabic,10548.0
CO,Denver,*,*,Endowment,Arabic,40471.5,,CO,Denver,*,Trustees Fund,Endowment,Arabic,13347
CO,Denver,*,*,Endowment,Arabic,40471.5,,CO,Denver,*,University Annual Fund,Endowment,Arabic,907.5
CO,Denver,*,*,Endowment,Art Education,39517.5,,CO,Denver,*,Diversity Fund,Endowment,Art Education,7755
CO,Denver,*,*,Endowment,Composition,67267.5,,CO,Denver,*,Trustees Fund,Endowment,Composition,11671.5
CO,Denver,*,*,Endowment,Composition,67267.5,,CO,Denver,*,University Annual Fund,Endowment,Composition,14575.5
CO,Denver,*,*,Endowment,Criminal Justice,21760.5,,CO,Denver,*,University Annual Fund,Endowment,Criminal Justice,3078
CO,Denver,*,*,Endowment,Economics,16273.5,,CO,Denver,*,Faculty Chair Endowments,Endowment,Economics,4942.5
CO,Denver,*,*,Endowment,Human Development and Family Studies,20148,,CO,Denver,*,Faculty Chair Endowments,Endowment,Human Development and Family Studies,6114
CO,Denver,*,*,Endowment,Mechanical Engineering,21234.0,,CO,Denver,*,Diversity Fund,Endowment,Mechanical Engineering,3835.5
CO,Denver,*,*,Endowment,Nursing,26103,,CO,Denver,*,Faculty Chair Endowments,Endowment,Nursing,8529
CO,Denver,*,*,Endowment,Philosophy,39780.0,,CO,Denver,*,Diversity Fund,Endowment,Philosophy,11793
CO,Denver,*,*,Endowment,Philosophy,39780.0,,CO,Denver,*,University Annual Fund,Endowment,Philosophy,12484.5
CO,Denver,*,*,Endowment,Preveterinary,21339.0,,CO,Denver,*,University Annual Fund,Endowment,Preveterinary,6376.5
CO,Denver,*,*,Endowment,Russian,7650,,CO,Denver,*,Trustees Fund,Endowment,Russian,225
CO,Denver,*,*,Endowment,Special Education-Learning Disabilities,39774,,CO,Denver,*,University Annual Fund,Endowment,Special Education-Learning Disabilities,5727
CO,Denver,*,*,Endowment,Studio Art,20944.5,,CO,Denver,*,Diversity Fund,Endowment,Studio Art,5644.5
CO,Denver,*,*,Endowment,Summer Research Program,22821,,CO,Denver,*,Diversity Fund,Endowment,Summer Research Program,5706
CO,Denver,*,*,Scholarship,Agribusiness Management,19869.0,,CO,Denver,*,College of Natural Science,Scholarship,Agribusiness Management,829.5
CO,Denver,*,*,Scholarship,Animal Science,37549.5,,CO,Denver,*,College of Music,Scholarship,Animal Science,9477
CO,Denver,*,*,Scholarship,Arabic,54789.0,,CO,Denver,*,College of Engineering,Scholarship,Arabic,13089
CO,Denver,*,*,Scholarship,Arabic,54789.0,,CO,Denver,*,In-State Scholarship Fund,Scholarship,Arabic,259.5
CO,Denver,*,*,Scholarship,Arabic,54789.0,,CO,Denver,*,Minority Scholarship Fund,Scholarship,Arabic,3633
CO,Denver,*,*,Scholarship,Art Education,53835.0,,CO,Denver,*,College of Agriculture and Natural Resources,Scholarship,Art Education,13429.5
CO,Denver,*,*,Scholarship,Art Education,53835.0,,CO,Denver,*,College of Natural Science,Scholarship,Art Education,14560.5
CO,Denver,*,*,Scholarship,Athletic Training,27222,,CO,Denver,*,College of Education,Scholarship,Athletic Training,6357
CO,Denver,*,*,Scholarship,Athletic Training,27222,,CO,Denver,*,In-State Scholarship Fund,Scholarship,Athletic Training,3873
CO,Denver,*,*,Scholarship,Chemical Physics,6078.0,,CO,Denver,*,College of Agriculture and Natural Resources,Scholarship,Chemical Physics,88.5
CO,Denver,*,*,Scholarship,Composition,55858.5,,CO,Denver,*,College of Agriculture and Natural Resources,Scholarship,Composition,14575.5
CO,Denver,*,*,Scholarship,Composition,55858.5,,CO,Denver,*,College of Engineering,Scholarship,Composition,3621
CO,Denver,*,*,Scholarship,Composition,55858.5,,CO,Denver,*,College of Nursing,Scholarship,Composition,13674
CO,Denver,*,*,Scholarship,Construction Management,42055.5,,CO,Denver,*,College of Agriculture and Natural Resources,Scholarship,Construction Management,2425.5
CO,Denver,*,*,Scholarship,Economics,14031.0,,CO,Denver,*,College of Arts and Sciences,Scholarship,Economics,3076.5
CO,Denver,*,*,Scholarship,Food Industry Management,30120.0,,CO,Denver,*,College of Natural Science,Scholarship,Food Industry Management,2425.5
CO,Denver,*,*,Scholarship,History Education,26034,,CO,Denver,*,College of Agriculture and Natural Resources,Scholarship,History Education,6933
CO,Denver,*,*,Scholarship,Human Development and Family Studies,34326,,CO,Denver,*,Minority Scholarship Fund,Scholarship,Human Development and Family Studies,6237
CO,Denver,*,*,Scholarship,Neuroscience,16135.5,,CO,Denver,*,College of Business,Scholarship,Neuroscience,2695.5
CO,Denver,*,*,Scholarship,Physical Science Interdepartmental,32166.0,,CO,Denver,*,College of Social Science,Scholarship,Physical Science Interdepartmental,9541.5
CO,Denver,*,*,Scholarship,Preoptometry,16984.5,,CO,Denver,*,College of Social Science,Scholarship,Preoptometry,4096.5
CO,Denver,*,*,Scholarship,Professional Writing,10399.5,,CO,Denver,*,College of Natural Science,Scholarship,Professional Writing,204
CO,Denver,*,*,Scholarship,Psychology,13416.0,,CO,Denver,*,College of Arts and Sciences,Scholarship,Psychology,3397.5
CO,Denver,*,*,Scholarship,Public Policy,56173.5,,CO,Denver,*,College of Music,Scholarship,Public Policy,2746.5
CO,Denver,*,*,Scholarship,Public Policy,56173.5,,CO,Denver,*,College of Social Science,Scholarship,Public Policy,3486
CO,Denver,*,*,Scholarship,Public Policy,56173.5,,CO,Denver,*,In-State Scholarship Fund,Scholarship,Public Policy,12558
CO,Denver,*,*,Scholarship,Special Education-Learning Disabilities,37243.5,,CO,Denver,*,College of Engineering,Scholarship,Special Education-Learning Disabilities,7635
CO,Denver,*,*,Scholarship,Statistics,43264.5,,CO,Denver,*,College of Social Science,Scholarship,Statistics,13830
CO,Denver,*,*,Scholarship,Statistics,43264.5,,CO,Denver,*,Minority Scholarship Fund,Scholarship,Statistics,9081
CO,Denver,*,*,Scholarship,Urban and Regional Planning,51670.5,,CO,Denver,*,College of Agriculture and Natural Resources,Scholarship,Urban and Regional Planning,14890.5
CT,Hartford,*,*,Campus Resource,Natural Resource Recreation and Tourism,34520,,CT,Hartford,*,Parents Association,Campus Resource,Natural Resource Recreation and Tourism,11249
CT,Hartford,*,*,Endowment,Arts & Letters-General,21342,,CT,Hartford,*,University Annual Fund,Endowment,Arts & Letters-General,5223
CT,Hartford,*,*,Endowment,Entomology,10347,,CT,Hartford,*,Trustees Fund,Endowment,Entomology,3440
CT,Hartford,*,*,Endowment,Professional Writing,36635,,CT,Hartford,*,Trustees Fund,Endowment,Professional Writing,2919
CT,Hartford,*,*,Scholarship,Arts & Letters-General,31183,,CT,Hartford,*,College of Engineering,Scholarship,Arts & Letters-General,8160
CT,Hartford,*,*,Scholarship,Arts & Letters-General,31183,,CT,Hartford,*,College of Nursing,Scholarship,Arts & Letters-General,8160
CT,Hartford,*,*,Scholarship,Entomology,26447,,CT,Hartford,*,College of Nursing,Scholarship,Entomology,150
CT,Hartford,*,*,Scholarship,Entomology,26447,,CT,Hartford,*,Minority Scholarship Fund,Scholarship,Entomology,6657
DC,Washington,*,*,Campus Resource,Biochemistry and Molecular Biology/Biotechnology,5040,,DC,Washington,*,Campus Recreation,Campus Resource,Biochemistry and Molecular Biology/Biotechnology,530
DC,Washington,*,*,Endowment,Psychology,26265,,DC,Washington,*,Faculty Chair Endowments,Endowment,Psychology,6567
DC,Washington,*,*,Scholarship,Agriculture and Natural Resources-No Preference,12234,,DC,Washington,*,College of Business,Scholarship,Agriculture and Natural Resources-No Preference,1587
DC,Washington,*,*,Scholarship,Agriculture and Natural Resources-No Preference,12234,,DC,Washington,*,In-State Scholarship Fund,Scholarship,Agriculture and Natural Resources-No Preference,1567
DC,Washington,*,*,Scholarship,Mechanical Engineering,12796,,DC,Washington,*,College of Engineering,Scholarship,Mechanical Engineering,2476
DC,Washington,*,*,Scholarship,Packaging,16419,,DC,Washington,*,College of Nursing,Scholarship,Packaging,1763
DC,Washington,*,*,Scholarship,Summer Research Program,23256,,DC,Washington,*,College of Music,Scholarship,Summer Research Program,5240
DC,Washington,*,*,Scholarship,Summer Research Program,23256,,DC,Washington,*,In-State Scholarship Fund,Scholarship,Summer Research Program,431
FL,Jacksonville,*,*,Endowment,Construction Management,9459,,FL,Jacksonville,*,Trustees Fund,Endowment,Construction Management,2553
FL,Jacksonville,*,*,Scholarship,Political Theory and Constitutional Democracy,6871,,FL,Jacksonville,*,College of Agriculture and Natural Resources,Scholarship,Political Theory and Constitutional Democracy,2265
FL,Miami,*,*,Campus Resource,Spanish,6025,,FL,Miami,*,Campus Museums,Campus Resource,Spanish,1080
FL,Miami,*,*,Endowment,Media and Information,20422,,FL,Miami,*,Trustees Fund,Endowment,Media and Information,4618
FL,Miami,*,*,Endowment,Women's and Gender Studies,20911,,FL,Miami,*,University Annual Fund,Endowment,Women's and Gender Studies,4204
FL,Miami,*,*,Scholarship,Construction Management,12337,,FL,Miami,*,College of Engineering,Scholarship,Construction Management,1864
FL,Miami,*,*,Scholarship,Packaging,29860,,FL,Miami,*,College of Engineering,Scholarship,Packaging,9440
FL,Miami,*,*,Scholarship,Packaging,29860,,FL,Miami,*,Minority Scholarship Fund,Scholarship,Packaging,999
FL,Miami,*,*,Scholarship,Sociology,10207,,FL,Miami,*,College of Engineering,Scholarship,Sociology,3326
FL,Miami,*,*,Scholarship,Women's and Gender Studies,20700,,FL,Miami,*,College of Social Science,Scholarship,Women's and Gender Studies,5715
FL,Orlando,*,*,Campus Resource,Interdisciplinary Humanities,9615,,FL,Orlando,*,Parents Association,Campus Resource,Interdisciplinary Humanities,451
FL,Orlando,*,*,Campus Resource,Materials Science and Engineering,6344,,FL,Orlando,*,Alumni Association,Campus Resource,Materials Science and Engineering,368
FL,Orlando,*,*,Endowment,Neuroscience,36717,,FL,Orlando,*,Trustees Fund,Endowment,Neuroscience,10345
FL,Orlando,*,*,Scholarship,Arts & Letters-General,16268,,FL,Orlando,*,College of Music,Scholarship,Arts & Letters-General,5214
FL,Orlando,*,*,Scholarship,Neuroscience,10199,,FL,Orlando,*,College of Education,Scholarship,Neuroscience,997
FL,Tallahassee,*,*,Endowment,Art History and Visual Culture,12379,,FL,Tallahassee,*,Diversity Fund,Endowment,Art History and Visual Culture,3392
FL,Tallahassee,*,*,Endowment,Environmental Economics and Policy,11873,,FL,Tallahassee,*,Trustees Fund,Endowment,Environmental Economics and Policy,1965
FL,Tallahassee,*,*,Scholarship,Environmental Economics and Policy,11873,,FL,Tallahassee,*,College of Veterinary Medicine,Scholarship,Environmental Economics and Policy,1965
FL,Tallahassee,*,*,Scholarship,Mathematics  Advanced,20298,,FL,Tallahassee,*,In-State Scholarship Fund,Scholarship,Mathematics  Advanced,5898
FL,Tallahassee,*,*,Scholarship,Neuroscience,6572,,FL,Tallahassee,*,College of Social Science,Scholarship,Neuroscience,794
FL,Tallahassee,*,*,Scholarship,Neuroscience,6572,,FL,Tallahassee,*,In-State Scholarship Fund,Scholarship,Neuroscience,794
GA,Atlanta,*,*,Endowment,Agribusiness Management,7667,,GA,Atlanta,*,Trustees Fund,Endowment,Agribusiness Management,2048
GA,Atlanta,*,*,Scholarship,Microbiology,9516,,GA,Atlanta,*,Minority Scholarship Fund,Scholarship,Microbiology,2429
GA,Atlanta,*,*,Scholarship,Philosophy,12112,,GA,Atlanta,*,College of Education,Scholarship,Philosophy,3159
GA,Savannah,*,*,Endowment,Earth Science Interdepartmental,21949,,GA,Savannah,*,University Annual Fund,Endowment,Earth Science Interdepartmental,3281
GA,Savannah,*,*,Scholarship,Human Biology,11976,,GA,Savannah,*,College of Social Science,Scholarship,Human Biology,3180
IA,Cedar Rapids,*,*,Campus Resource,English,9164,,IA,Cedar Rapids,*,University Libraries,Campus Resource,English,892
IL,Chicago,*,*,Campus Resource,Accounting,4715,,IL,Chicago,*,Campus Recreation,Campus Resource,Accounting,650
IL,Chicago,*,*,Campus Resource,Geographic Information Science,19743,,IL,Chicago,*,Honors Program,Campus Resource,Geographic Information Science,2395
IL,Chicago,*,*,Campus Resource,Kinesiology,16833,,IL,Chicago,*,Alumni Association,Campus Resource,Kinesiology,4358
IL,Chicago,*,*,Endowment,Finance,10610,,IL,Chicago,*,University Annual Fund,Endowment,Finance,2764
IL,Chicago,*,*,Endowment,Marketing,13064,,IL,Chicago,*,Trustees Fund,Endowment,Marketing,3670
IL,Chicago,*,*,Endowment,Prenursing,13288,,IL,Chicago,*,Diversity Fund,Endowment,Prenursing,1858
IL,Chicago,*,*,Scholarship,Composition,1574,,IL,Chicago,*,Minority Scholarship Fund,Scholarship,Composition,91
IL,Chicago,*,*,Scholarship,Kinesiology,22592,,IL,Chicago,*,College of Arts and Sciences,Scholarship,Kinesiology,3641
IL,Chicago,*,*,Scholarship,Prenursing,8930,,IL,Chicago,*,College of Natural Science,Scholarship,Prenursing,1648
IL,Chicago,*,*,Scholarship,Prenursing,8930,,IL,Chicago,*,College of Social Science,Scholarship,Prenursing,1648
IL,Chicago,*,*,Scholarship,Urban and Regional Planning,16746,,IL,Chicago,*,College of Agriculture and Natural Resources,Scholarship,Urban and Regional Planning,1384
IL,Naperville,*,*,Scholarship,Experience Architecture,9611,,IL,Naperville,*,College of Arts and Sciences,Scholarship,Experience Architecture,632
IN,Indianapolis,*,*,Campus Resource,Human Resource Management,9979,,IN,Indianapolis,*,Campus Museums,Campus Resource,Human Resource Management,1093
IN,Indianapolis,*,*,Campus Resource,Mathematics  Advanced,8728,,IN,Indianapolis,*,Campus Museums,Campus Resource,Mathematics  Advanced,1381
IN,Indianapolis,*,*,Endowment,Mechanical Engineering,34774,,IN,Indianapolis,*,Diversity Fund,Endowment,Mechanical Engineering,8743
IN,Indianapolis,*,*,Scholarship,Biomedical Laboratory Science,3994,,IN,Indianapolis,*,College of Political Science,Scholarship,Biomedical Laboratory Science,115
IN,Indianapolis,*,*,Scholarship,Hospitality Business,33305,,IN,Indianapolis,*,College of Arts and Sciences,Scholarship,Hospitality Business,8373
IN,Indianapolis,*,*,Scholarship,Mathematics  Advanced,6327,,IN,Indianapolis,*,College of Arts and Sciences,Scholarship,Mathematics  Advanced,1812
IN,Indianapolis,*,*,Scholarship,Mathematics  Advanced,6327,,IN,Indianapolis,*,College of Communication Arts and Sciences,Scholarship,Mathematics  Advanced,1567
IN,Indianapolis,*,*,Scholarship,Mathematics  Advanced,6327,,IN,Indianapolis,*,College of Natural Science,Scholarship,Mathematics  Advanced,1381
IN,Indianapolis,*,*,Scholarship,Mathematics  Advanced,6327,,IN,Indianapolis,*,Minority Scholarship Fund,Scholarship,Mathematics  Advanced,1567
KS,Kansas City,*,*,Endowment,Anthropology,4172,,KS,Kansas City,*,University Annual Fund,Endowment,Anthropology,368
KS,Overland Park,*,*,Campus Resource,Nutritional Sciences,7687,,KS,Overland Park,*,Alumni Association,Campus Resource,Nutritional Sciences,605
KS,Overland Park,*,*,Scholarship,Global Studies in the Arts and Humanities,10477,,KS,Overland Park,*,College of Business,Scholarship,Global Studies in the Arts and Humanities,1001
KS,Overland Park,*,*,Scholarship,Jazz Studies,25855,,KS,Overland Park,*,Minority Scholarship Fund,Scholarship,Jazz Studies,2175
KS,Overland Park,*,*,Scholarship,Nutritional Sciences,25034,,KS,Overland Park,*,College of Business,Scholarship,Nutritional Sciences,7082
KS,Wichita,*,*,Campus Resource,Plant Biology,13117,,KS,Wichita,*,Campus Recreation,Campus Resource,Plant Biology,4240
KS,Wichita,*,*,Endowment,Chemical Physics,6264,,KS,Wichita,*,University Annual Fund,Endowment,Chemical Physics,299
KS,Wichita,*,*,Endowment,Finance,7067,,KS,Wichita,*,Diversity Fund,Endowment,Finance,1349
KS,Wichita,*,*,Endowment,Nursing,11259,,KS,Wichita,*,Trustees Fund,Endowment,Nursing,2731
KS,Wichita,*,*,Scholarship,Chemical Physics,17945,,KS,Wichita,*,College of Social Science,Scholarship,Chemical Physics,3691
KY,Louisville,*,*,Scholarship,Apparel and Textiles,7781,,KY,Louisville,*,College of Arts and Sciences,Scholarship,Apparel and Textiles,493
LA,Baton Rouge,*,*,Scholarship,Interior Design,22846,,LA,Baton Rouge,*,College of Communication Arts and Sciences,Scholarship,Interior Design,2069
LA,New Orleans,*,*,Scholarship,Apparel and Textile Design,29594,,LA,New Orleans,*,Minority Scholarship Fund,Scholarship,Apparel and Textile Design,946
MA,Boston,*,*,Endowment,Jazz Studies,8527,,MA,Boston,*,Trustees Fund,Endowment,Jazz Studies,1634
MA,Boston,*,*,Scholarship,Nutritional Sciences,30237,,MA,Boston,*,College of Natural Science,Scholarship,Nutritional Sciences,9970
MA,Boston,*,*,Scholarship,Nutritional Sciences,30237,,MA,Boston,*,College of Social Science,Scholarship,Nutritional Sciences,2750
MI,Detroit,*,*,Campus Resource,College of Political Science,10589,,MI,Detroit,*,Campus Museums,Campus Resource,College of Political Science,2226
MI,Detroit,*,*,Campus Resource,Social Relations and Policy,42622,,MI,Detroit,*,Parents Association,Campus Resource,Social Relations and Policy,13784
MI,Detroit,*,*,Endowment,Summer Research Program,25713,,MI,Detroit,*,University Annual Fund,Endowment,Summer Research Program,8298
MI,Detroit,*,*,Scholarship,Animal Science,12198,,MI,Detroit,*,College of Agriculture and Natural Resources,Scholarship,Animal Science,3485
MI,Detroit,*,*,Scholarship,Animal Science,12198,,MI,Detroit,*,Minority Scholarship Fund,Scholarship,Animal Science,3704
MI,Detroit,*,*,Scholarship,English,4628,,MI,Detroit,*,College of Nursing,Scholarship,English,91
MI,Detroit,*,*,Scholarship,Interdisciplinary Studies in Social Science,4269,,MI,Detroit,*,College of Music,Scholarship,Interdisciplinary Studies in Social Science,554
MI,Detroit,*,*,Scholarship,Social Relations and Policy,30961,,MI,Detroit,*,College of Business,Scholarship,Social Relations and Policy,4371
MI,Lansing,*,*,Campus Resource,Professional Writing,5752,,MI,Lansing,*,Alumni Association,Campus Resource,Professional Writing,368
MI,Lansing,*,*,Endowment,Athletic Training,29539,,MI,Lansing,*,Faculty Chair Endowments,Endowment,Athletic Training,7526
MI,Lansing,*,*,Endowment,Athletic Training,29539,,MI,Lansing,*,University Annual Fund,Endowment,Athletic Training,6713
MI,Lansing,*,*,Endowment,General Management,26220,,MI,Lansing,*,Faculty Chair Endowments,Endowment,General Management,7234
MI,Lansing,*,*,Scholarship,Preveterinary,1939,,MI,Lansing,*,College of Social Science,Scholarship,Preveterinary,172
MN,Minneapolis,*,*,Endowment,Marketing,17992,,MN,Minneapolis,*,Diversity Fund,Endowment,Marketing,5818
MN,Minneapolis,*,*,Endowment,Marketing,17992,,MN,Minneapolis,*,Faculty Chair Endowments,Endowment,Marketing,5818
MN,Minneapolis,*,*,Endowment,Political Science,12119,,MN,Minneapolis,*,Trustees Fund,Endowment,Political Science,2587
MO,Kansas City,*,*,Campus Resource,Public Policy,28057,,MO,Kansas City,*,Athletics,Campus Resource,Public Policy,8199
MO,Kansas City,*,*,Campus Resource,Public Policy,28057,,MO,Kansas City,*,University Libraries,Campus Resource,Public Policy,1906
MO,Kansas City,*,*,Endowment,Criminal Justice,921,,MO,Kansas City,*,Diversity Fund,Endowment,Criminal Justice,229
MO,Kansas City,*,*,Endowment,Interdisciplinary Humanities,21036,,MO,Kansas City,*,University Annual Fund,Endowment,Interdisciplinary Humanities,5574
MO,Kansas City,*,*,Scholarship,Arabic,7827,,MO,Kansas City,*,College of Agriculture and Natural Resources,Scholarship,Arabic,473
MO,Kansas City,*,*,Scholarship,Fisheries and Wildlife,59015,,MO,Kansas City,*,College of Arts and Sciences,Scholarship,Fisheries and Wildlife,18925
MO,Kansas City,*,*,Scholarship,Fisheries and Wildlife,59015,,MO,Kansas City,*,College of Education,Scholarship,Fisheries and Wildlife,1818
MO,Kansas City,*,*,Scholarship,Fisheries and Wildlife,59015,,MO,Kansas City,*,College of Music,Scholarship,Fisheries and Wildlife,8662
MO,Kansas City,*,*,Scholarship,Kinesiology,12021,,MO,Kansas City,*,Minority Scholarship Fund,Scholarship,Kinesiology,3043
MO,Kansas City,*,*,Scholarship,Psychology,11739,,MO,Kansas City,*,College of Natural Science,Scholarship,Psychology,1885
MO,Kansas City,*,*,Scholarship,Psychology,11739,,MO,Kansas City,*,College of Nursing,Scholarship,Psychology,3708
MO,St. Louis,*,*,Campus Resource,Media and Information,9608,,MO,St. Louis,*,Campus Museums,Campus Resource,Media and Information,149
MO,St. Louis,*,*,Campus Resource,Media and Information,9608,,MO,St. Louis,*,Campus Recreation,Campus Resource,Media and Information,267
MO,St. Louis,*,*,Endowment,Human Biology,12590,,MO,St. Louis,*,Diversity Fund,Endowment,Human Biology,2873
MO,St. Louis,*,*,Scholarship,Agribusiness Management,1729,,MO,St. Louis,*,College of Social Science,Scholarship,Agribusiness Management,345
MO,St. Louis,*,*,Scholarship,Education,23429,,MO,St. Louis,*,College of Social Science,Scholarship,Education,6148
MO,St. Louis,*,*,Scholarship,Human Biology,14966,,MO,St. Louis,*,College of Arts and Sciences,Scholarship,Human Biology,4976
MO,St. Louis,*,*,Scholarship,Human Biology,14966,,MO,St. Louis,*,College of Business,Scholarship,Human Biology,4266
NC,Durham,*,*,Endowment,Environmental Biology/Plant Biol,23887,,NC,Durham,*,Trustees Fund,Endowment,Environmental Biology/Plant Biol,4487
NC,Durham,*,*,Endowment,Geography,15124,,NC,Durham,*,Trustees Fund,Endowment,Geography,1576
NC,Durham,*,*,Scholarship,Microbiology,21309,,NC,Durham,*,In-State Scholarship Fund,Scholarship,Microbiology,1441
NC,Durham,*,*,Scholarship,Music,18543,,NC,Durham,*,College of Communication Arts and Sciences,Scholarship,Music,2732
NC,Durham,*,*,Scholarship,Music,18543,,NC,Durham,*,College of Engineering,Scholarship,Music,1362
NC,Raleigh,*,*,Campus Resource,Music Performance,9914,,NC,Raleigh,*,Alumni Association,Campus Resource,Music Performance,1941
NC,Raleigh,*,*,Campus Resource,Music Performance,9914,,NC,Raleigh,*,Parents Association,Campus Resource,Music Performance,1941
NC,Raleigh,*,*,Scholarship,Advertising,11880,,NC,Raleigh,*,College of Arts and Sciences,Scholarship,Advertising,3230
NC,Raleigh,*,*,Scholarship,Advertising,11880,,NC,Raleigh,*,College of Social Science,Scholarship,Advertising,3677
NE,Lincoln,*,*,Campus Resource,Physical Science Interdepartmental,9108,,NE,Lincoln,*,Honors Program,Campus Resource,Physical Science Interdepartmental,2731
NE,Lincoln,*,*,Endowment,Biomedical Laboratory Science,4871,,NE,Lincoln,*,University Annual Fund,Endowment,Biomedical Laboratory Science,1105
NE,Lincoln,*,*,Scholarship,Jazz Studies,9567,,NE,Lincoln,*,In-State Scholarship Fund,Scholarship,Jazz Studies,150
NE,Omaha,*,*,Endowment,Human Development and Family Studies,40425,,NE,Omaha,*,Diversity Fund,Endowment,Human Development and Family Studies,1069
NE,Omaha,*,*,Endowment,Natural Resource Recreation and Tourism,10763,,NE,Omaha,*,University Annual Fund,Endowment,Natural Resource Recreation and Tourism,2051
NE,Omaha,*,*,Scholarship,Environmental Studies and Agriscience,8337,,NE,Omaha,*,College of Engineering,Scholarship,Environmental Studies and Agriscience,2305
NE,Omaha,*,*,Scholarship,Food Industry Management,5028,,NE,Omaha,*,In-State Scholarship Fund,Scholarship,Food Industry Management,189
NH,Manchester,*,*,Campus Resource,Arts & Letters-General,16592,,NH,Manchester,*,Campus Museums,Campus Resource,Arts & Letters-General,3263
NH,Manchester,*,*,Campus Resource,Arts & Letters-General,16592,,NH,Manchester,*,Honors Program,Campus Resource,Arts & Letters-General,5030
NH,Manchester,*,*,Scholarship,Humanities-Prelaw,10580,,NH,Manchester,*,College of Arts and Sciences,Scholarship,Humanities-Prelaw,1463
NH,Manchester,*,*,Scholarship,Philosophy,10337,,NH,Manchester,*,College of Engineering,Scholarship,Philosophy,1818
NJ,Paterson,*,*,Endowment,Zoology,5427,,NJ,Paterson,*,Trustees Fund,Endowment,Zoology,1601
NJ,Paterson,*,*,Scholarship,Zoology,38431,,NJ,Paterson,*,In-State Scholarship Fund,Scholarship,Zoology,8893
NV,Henderson,*,*,Endowment,Chemical Physics,12624,,NV,Henderson,*,Trustees Fund,Endowment,Chemical Physics,3912
NV,Henderson,*,*,Scholarship,Astrophysics,14171,,NV,Henderson,*,College of Communication Arts and Sciences,Scholarship,Astrophysics,1300
NV,Las Vegas,*,*,Campus Resource,Environmental Engineering,35847,,NV,Las Vegas,*,Campus Recreation,Campus Resource,Environmental Engineering,8942
NV,North Las Vegas,*,*,Scholarship,Jazz Studies,8672,,NV,North Las Vegas,*,In-State Scholarship Fund,Scholarship,Jazz Studies,2438
NV,North Las Vegas,*,*,Scholarship,Marketing,15092,,NV,North Las Vegas,*,Minority Scholarship Fund,Scholarship,Marketing,1557
NY,New York,*,*,Campus Resource,Education,18227,,NY,New York,*,Alumni Association,Campus Resource,Education,4743
NY,New York,*,*,Campus Resource,Entomology,10786,,NY,New York,*,Alumni Association,Campus Resource,Entomology,816
NY,New York,*,*,Campus Resource,Environmental Biology/Microbiology,10942,,NY,New York,*,Athletics,Campus Resource,Environmental Biology/Microbiology,1290
NY,New York,*,*,Campus Resource,Social Relations and Policy,26675,,NY,New York,*,Athletics,Campus Resource,Social Relations and Policy,4894
NY,New York,*,*,Campus Resource,Social Relations and Policy,26675,,NY,New York,*,Campus Museums,Campus Resource,Social Relations and Policy,2805
NY,New York,*,*,Campus Resource,Studio Art,2802,,NY,New York,*,Campus Recreation,Campus Resource,Studio Art,517
NY,New York,*,*,Endowment,Chemistry,11545,,NY,New York,*,Trustees Fund,Endowment,Chemistry,2639
NY,New York,*,*,Endowment,Comparative Cultures and Politics,12117,,NY,New York,*,Diversity Fund,Endowment,Comparative Cultures and Politics,2307
NY,New York,*,*,Endowment,Composition,8945,,NY,New York,*,Trustees Fund,Endowment,Composition,1001
NY,New York,*,*,Endowment,Construction Management,29605,,NY,New York,*,Faculty Chair Endowments,Endowment,Construction Management,6334
NY,New York,*,*,Endowment,Geological Sciences,1791,,NY,New York,*,Trustees Fund,Endowment,Geological Sciences,91
NY,New York,*,*,Endowment,Interior Design,19403,,NY,New York,*,Diversity Fund,Endowment,Interior Design,383
NY,New York,*,*,Endowment,Interior Design,19403,,NY,New York,*,Faculty Chair Endowments,Endowment,Interior Design,5074
NY,New York,*,*,Endowment,Interior Design,19403,,NY,New York,*,Trustees Fund,Endowment,Interior Design,5002
NY,New York,*,*,Endowment,Nursing,10271,,NY,New York,*,Trustees Fund,Endowment,Nursing,3215
NY,New York,*,*,Endowment,Preoptometry,13000,,NY,New York,*,University Annual Fund,Endowment,Preoptometry,3499
NY,New York,*,*,Endowment,Social Relations and Policy,9074,,NY,New York,*,University Annual Fund,Endowment,Social Relations and Policy,1433
NY,New York,*,*,Scholarship,Construction Management,26639,,NY,New York,*,College of Communication Arts and Sciences,Scholarship,Construction Management,6334
NY,New York,*,*,Scholarship,Construction Management,26639,,NY,New York,*,In-State Scholarship Fund,Scholarship,Construction Management,8650
NY,New York,*,*,Scholarship,Construction Management,26639,,NY,New York,*,Minority Scholarship Fund,Scholarship,Construction Management,2015
NY,New York,*,*,Scholarship,Entomology,10414,,NY,New York,*,College of Nursing,Scholarship,Entomology,2379
NY,New York,*,*,Scholarship,Hospitality Business,18203,,NY,New York,*,College of Arts and Sciences,Scholarship,Hospitality Business,3678
NY,New York,*,*,Scholarship,Linguistics,7280,,NY,New York,*,College of Social Science,Scholarship,Linguistics,1562
NY,Rochester,*,*,Endowment,Humanities-Prelaw,18826,,NY,Rochester,*,University Annual Fund,Endowment,Humanities-Prelaw,3496
NY,Syracuse,*,*,Scholarship,Mathematics,31916,,NY,Syracuse,*,College of Arts and Sciences,Scholarship,Mathematics,3896
NY,Syracuse,*,*,Scholarship,Mathematics,31916,,NY,Syracuse,*,College of Music,Scholarship,Mathematics,9370
NY,Syracuse,*,*,Scholarship,Mathematics,31916,,NY,Syracuse,*,In-State Scholarship Fund,Scholarship,Mathematics,5656
NY,Syracuse,*,*,Scholarship,Mathematics,31916,,NY,Syracuse,*,Minority Scholarship Fund,Scholarship,Mathematics,1812
OH,Cincinnati,*,*,Campus Resource,Geographic Information Science,9521,,OH,Cincinnati,*,Campus Museums,Campus Resource,Geographic Information Science,1652
OH,Cincinnati,*,*,Campus Resource,Geological Sciences,14373,,OH,Cincinnati,*,Honors Program,Campus Resource,Geological Sciences,4573
OH,Cincinnati,*,*,Campus Resource,Natural Resource Recreation and Tourism,15776,,OH,Cincinnati,*,Athletics,Campus Resource,Natural Resource Recreation and Tourism,3885
OH,Cincinnati,*,*,Campus Resource,Natural Resource Recreation and Tourism,15776,,OH,Cincinnati,*,University Libraries,Campus Resource,Natural Resource Recreation and Tourism,3885
OH,Cincinnati,*,*,Campus Resource,Political Science,38327,,OH,Cincinnati,*,Campus Recreation,Campus Resource,Political Science,8960
OH,Cincinnati,*,*,Campus Resource,Women's and Gender Studies,11793,,OH,Cincinnati,*,Campus Recreation,Campus Resource,Women's and Gender Studies,2780
OH,Cincinnati,*,*,Endowment,Geographic Information Science,3255,,OH,Cincinnati,*,Diversity Fund,Endowment,Geographic Information Science,369
OH,Cincinnati,*,*,Endowment,Journalism,6766,,OH,Cincinnati,*,Trustees Fund,Endowment,Journalism,1778
OH,Cincinnati,*,*,Endowment,Media and Information,10054,,OH,Cincinnati,*,Diversity Fund,Endowment,Media and Information,2130
OH,Cincinnati,*,*,Endowment,Theatre,25730,,OH,Cincinnati,*,Diversity Fund,Endowment,Theatre,2428
OH,Cincinnati,*,*,Endowment,Theatre,25730,,OH,Cincinnati,*,University Annual Fund,Endowment,Theatre,7437
OH,Cincinnati,*,*,Scholarship,Apparel and Textiles,27885,,OH,Cincinnati,*,College of Arts and Sciences,Scholarship,Apparel and Textiles,2537
OH,Cincinnati,*,*,Scholarship,Environmental Biology/Zoology,12108,,OH,Cincinnati,*,College of Natural Science,Scholarship,Environmental Biology/Zoology,3240
OH,Cincinnati,*,*,Scholarship,Global Studies in the Arts and Humanities,18106,,OH,Cincinnati,*,College of Social Science,Scholarship,Global Studies in the Arts and Humanities,3825
OH,Cincinnati,*,*,Scholarship,Human Resource Management,27352,,OH,Cincinnati,*,College of Agriculture and Natural Resources,Scholarship,Human Resource Management,1960
OH,Cincinnati,*,*,Scholarship,Natural Resource Recreation and Tourism,20491,,OH,Cincinnati,*,College of Natural Science,Scholarship,Natural Resource Recreation and Tourism,1737
OH,Cincinnati,*,*,Scholarship,Professional Writing,6158,,OH,Cincinnati,*,College of Agriculture and Natural Resources,Scholarship,Professional Writing,714
OH,Cincinnati,*,*,Scholarship,Theatre,17703,,OH,Cincinnati,*,College of Arts and Sciences,Scholarship,Theatre,2428
OH,Cincinnati,*,*,Scholarship,Theatre,17703,,OH,Cincinnati,*,College of Political Science,Scholarship,Theatre,447
OH,Cleveland,*,*,Scholarship,College of Political Science,7357,,OH,Cleveland,*,College of Arts and Sciences,Scholarship,College of Political Science,600
OK,Oklahoma City,*,*,Endowment,Marketing,33325,,OK,Oklahoma City,*,Trustees Fund,Endowment,Marketing,7933
OK,Oklahoma City,*,*,Scholarship,Marketing,9044,,OK,Oklahoma City,*,College of Arts and Sciences,Scholarship,Marketing,862
OK,Oklahoma City,*,*,Scholarship,Political Science-Prelaw,13905,,OK,Oklahoma City,*,College of Agriculture and Natural Resources,Scholarship,Political Science-Prelaw,2414
OR,Portland,*,*,Endowment,Geological Sciences,4754,,OR,Portland,*,Faculty Chair Endowments,Endowment,Geological Sciences,189
PA,Philadelphia,*,*,Endowment,Arabic,11427,,PA,Philadelphia,*,Trustees Fund,Endowment,Arabic,2639
PA,Philadelphia,*,*,Endowment,Experience Architecture,6546,,PA,Philadelphia,*,Diversity Fund,Endowment,Experience Architecture,1552
PA,Philadelphia,*,*,Endowment,Human Biology,7470,,PA,Philadelphia,*,University Annual Fund,Endowment,Human Biology,1322
PA,Philadelphia,*,*,Scholarship,Geographic Information Science,20773,,PA,Philadelphia,*,College of Communication Arts and Sciences,Scholarship,Geographic Information Science,6205
PA,Philadelphia,*,*,Scholarship,Predental,9021,,PA,Philadelphia,*,College of Agriculture and Natural Resources,Scholarship,Predental,2873
PA,Pittsburgh,*,*,Endowment,Education,10185,,PA,Pittsburgh,*,Trustees Fund,Endowment,Education,662
RI,Providence,*,*,Campus Resource,German,6683,,RI,Providence,*,Honors Program,Campus Resource,German,1553
RI,Providence,*,*,Endowment,Arts & Letters-General,9751,,RI,Providence,*,Diversity Fund,Endowment,Arts & Letters-General,2773
RI,Providence,*,*,Scholarship,Arts & Letters-General,10119,,RI,Providence,*,College of Social Science,Scholarship,Arts & Letters-General,3141
RI,Providence,*,*,Scholarship,German,8875,,RI,Providence,*,College of Arts and Sciences,Scholarship,German,1553
RI,Providence,*,*,Scholarship,German,8875,,RI,Providence,*,College of Education,Scholarship,German,2192
SC,Charleston,*,*,Endowment,Criminal Justice,11174,,SC,Charleston,*,Diversity Fund,Endowment,Criminal Justice,1211
SC,Charleston,*,*,Scholarship,Biochemistry and Molecular Biology/Biotechnology,12054,,SC,Charleston,*,College of Arts and Sciences,Scholarship,Biochemistry and Molecular Biology/Biotechnology,2960
SC,Columbia,*,*,Campus Resource,Packaging,4810,,SC,Columbia,*,Parents Association,Campus Resource,Packaging,1162
SC,Columbia,*,*,Scholarship,Packaging,4810,,SC,Columbia,*,College of Communication Arts and Sciences,Scholarship,Packaging,1162
TN,Knoxville,*,*,Campus Resource,Japanese,13380,,TN,Knoxville,*,Campus Museums,Campus Resource,Japanese,3897
TN,Memphis,*,*,Campus Resource,Environmental Economics and Policy,11933,,TN,Memphis,*,University Libraries,Campus Resource,Environmental Economics and Policy,2523
TN,Memphis,*,*,Endowment,Environmental Studies and Agriscience,14764,,TN,Memphis,*,Trustees Fund,Endowment,Environmental Studies and Agriscience,1440
TN,Memphis,*,*,Endowment,Global Studies in the Arts and Humanities,10172,,TN,Memphis,*,Faculty Chair Endowments,Endowment,Global Studies in the Arts and Humanities,3354
TN,Memphis,*,*,Scholarship,Biological Science Interdepartmental,18184,,TN,Memphis,*,In-State Scholarship Fund,Scholarship,Biological Science Interdepartmental,5473
TN,Memphis,*,*,Scholarship,Social Relations and Policy,10857,,TN,Memphis,*,Minority Scholarship Fund,Scholarship,Social Relations and Policy,2192
TN,Memphis,*,*,Scholarship,Statistics,19925,,TN,Memphis,*,College of Music,Scholarship,Statistics,5151
TN,Memphis,*,*,Scholarship,Supply Chain Management,11805,,TN,Memphis,*,College of Natural Science,Scholarship,Supply Chain Management,2022
TN,Nashville,*,*,Campus Resource,Agriculture and Natural Resources-No Preference,6186,,TN,Nashville,*,University Libraries,Campus Resource,Agriculture and Natural Resources-No Preference,1538
TX,Amarillo,*,*,Campus Resource,Summer Research Program,4979,,TX,Amarillo,*,University Libraries,Campus Resource,Summer Research Program,1117
TX,Amarillo,*,*,Scholarship,German,34906,,TX,Amarillo,*,College of Natural Science,Scholarship,German,1207
TX,Austin,*,*,Scholarship,Apparel and Textiles,7714,,TX,Austin,*,College of Natural Science,Scholarship,Apparel and Textiles,1128
TX,Austin,*,*,Scholarship,Applied Engineering Sciences,10799,,TX,Austin,*,College of Music,Scholarship,Applied Engineering Sciences,2633
TX,Austin,*,*,Scholarship,Fisheries and Wildlife,23463,,TX,Austin,*,College of Arts and Sciences,Scholarship,Fisheries and Wildlife,4635
TX,Austin,*,*,Scholarship,Fisheries and Wildlife,23463,,TX,Austin,*,College of Business,Scholarship,Fisheries and Wildlife,7242
TX,Austin,*,*,Scholarship,Fisheries and Wildlife,23463,,TX,Austin,*,College of Natural Science,Scholarship,Fisheries and Wildlife,6979
TX,Austin,*,*,Scholarship,Fisheries and Wildlife,23463,,TX,Austin,*,College of Political Science,Scholarship,Fisheries and Wildlife,4607
TX,Dallas,*,*,Campus Resource,College of Political Science,11175,,TX,Dallas,*,University Libraries,Campus Resource,College of Political Science,1805
TX,Dallas,*,*,Campus Resource,Neuroscience,6440,,TX,Dallas,*,Parents Association,Campus Resource,Neuroscience,2031
TX,Dallas,*,*,Endowment,Agriculture and Natural Resources-No Preference,25326,,TX,Dallas,*,Faculty Chair Endowments,Endowment,Agriculture and Natural Resources-No Preference,2573
TX,Dallas,*,*,Endowment,Neuroscience,14627,,TX,Dallas,*,Trustees Fund,Endowment,Neuroscience,4409
TX,Dallas,*,*,Scholarship,Criminal Justice,6322,,TX,Dallas,*,College of Natural Science,Scholarship,Criminal Justice,1824
TX,Dallas,*,*,Scholarship,Electrical Engineering,44272,,TX,Dallas,*,College of Agriculture and Natural Resources,Scholarship,Electrical Engineering,11985
TX,Dallas,*,*,Scholarship,Electrical Engineering,44272,,TX,Dallas,*,Minority Scholarship Fund,Scholarship,Electrical Engineering,9831
TX,Dallas,*,*,Scholarship,Hospitality Business,9099,,TX,Dallas,*,College of Agriculture and Natural Resources,Scholarship,Hospitality Business,1757
TX,Dallas,*,*,Scholarship,Plant Biology,13363,,TX,Dallas,*,Minority Scholarship Fund,Scholarship,Plant Biology,3984
TX,Dallas,*,*,Scholarship,Preveterinary,17409,,TX,Dallas,*,College of Music,Scholarship,Preveterinary,4684
TX,El Paso,*,*,Campus Resource,Astrophysics,18497,,TX,El Paso,*,Campus Museums,Campus Resource,Astrophysics,4649
TX,El Paso,*,*,Endowment,Biochemistry and Molecular Biology/Biotechnology,7049,,TX,El Paso,*,Faculty Chair Endowments,Endowment,Biochemistry and Molecular Biology/Biotechnology,724
TX,El Paso,*,*,Scholarship,Biochemistry and Molecular Biology/Biotechnology,4503,,TX,El Paso,*,College of Political Science,Scholarship,Biochemistry and Molecular Biology/Biotechnology,724
TX,Houston,*,*,Campus Resource,Women's and Gender Studies,35268,,TX,Houston,*,Alumni Association,Campus Resource,Women's and Gender Studies,5687
TX,Houston,*,*,Endowment,Arts & Letters-General,25415,,TX,Houston,*,Trustees Fund,Endowment,Arts & Letters-General,6664
TX,Houston,*,*,Endowment,Interdisciplinary Studies in Social Science - Social Science Education,10069,,TX,Houston,*,Faculty Chair Endowments,Endowment,Interdisciplinary Studies in Social Science - Social Science Education,1437
TX,Houston,*,*,Endowment,Plant Biology,10509,,TX,Houston,*,Trustees Fund,Endowment,Plant Biology,784
TX,Houston,*,*,Endowment,Preveterinary,41899,,TX,Houston,*,Diversity Fund,Endowment,Preveterinary,5722
TX,Houston,*,*,Scholarship,Astrophysics,25417,,TX,Houston,*,College of Political Science,Scholarship,Astrophysics,1960
TX,Houston,*,*,Scholarship,Astrophysics,25417,,TX,Houston,*,Minority Scholarship Fund,Scholarship,Astrophysics,7821
TX,Houston,*,*,Scholarship,Hospitality Business,2165,,TX,Houston,*,Minority Scholarship Fund,Scholarship,Hospitality Business,150
TX,San Antonio,*,*,Scholarship,English,11918,,TX,San Antonio,*,College of Arts and Sciences,Scholarship,English,3903
TX,San Antonio,*,*,Scholarship,General Management,12866,,TX,San Antonio,*,College of Political Science,Scholarship,General Management,4123
UT,Provo,*,*,Endowment,Astrophysics,23023,,UT,Provo,*,Trustees Fund,Endowment,Astrophysics,6425
UT,Salt Lake City,*,*,Scholarship,Interior Design,43797,,UT,Salt Lake City,*,College of Education,Scholarship,Interior Design,11470
UT,Salt Lake City,*,*,Scholarship,Kinesiology,11223,,UT,Salt Lake City,*,Minority Scholarship Fund,Scholarship,Kinesiology,1887
UT,West Valley City,*,*,Endowment,Political Theory and Constitutional Democracy,12761,,UT,West Valley City,*,Diversity Fund,Endowment,Political Theory and Constitutional Democracy,3629
UT,West Valley City,*,*,Endowment,Psychology,17099,,UT,West Valley City,*,Diversity Fund,Endowment,Psychology,2022
VA,Alexandria,*,*,Endowment,Arabic,22581,,VA,Alexandria,*,Diversity Fund,Endowment,Arabic,6845
VA,Alexandria,*,*,Endowment,Arabic,22581,,VA,Alexandria,*,Faculty Chair Endowments,Endowment,Arabic,1146
VA,Alexandria,*,*,Endowment,Arabic,22581,,VA,Alexandria,*,University Annual Fund,Endowment,Arabic,5524
VA,Richmond,*,*,Campus Resource,Psychology,5233,,VA,Richmond,*,University Libraries,Campus Resource,Psychology,995
VA,Richmond,*,*,Endowment,Animal Science,21861,,VA,Richmond,*,Faculty Chair Endowments,Endowment,Animal Science,6003
VA,Richmond,*,*,Endowment,Animal Science,21861,,VA,Richmond,*,Trustees Fund,Endowment,Animal Science,4839
VA,Richmond,*,*,Endowment,Animal Science,21861,,VA,Richmond,*,University Annual Fund,Endowment,Animal Science,1858
VA,Richmond,*,*,Endowment,Chemistry,18213,,VA,Richmond,*,Faculty Chair Endowments,Endowment,Chemistry,1624
VA,Richmond,*,*,Endowment,Chemistry,18213,,VA,Richmond,*,University Annual Fund,Endowment,Chemistry,2965
VA,Richmond,*,*,Endowment,Engineering-No Major,5216,,VA,Richmond,*,Trustees Fund,Endowment,Engineering-No Major,1434
VA,Richmond,*,*,Endowment,Food Science,7612,,VA,Richmond,*,University Annual Fund,Endowment,Food Science,530
VA,Richmond,*,*,Endowment,Global Studies in the Arts and Humanities,4395,,VA,Richmond,*,Trustees Fund,Endowment,Global Studies in the Arts and Humanities,361
VA,Richmond,*,*,Endowment,Materials Science and Engineering,7349,,VA,Richmond,*,University Annual Fund,Endowment,Materials Science and Engineering,126
VA,Richmond,*,*,Scholarship,Agribusiness Management,4984,,VA,Richmond,*,College of Natural Science,Scholarship,Agribusiness Management,1022
VA,Richmond,*,*,Scholarship,Biochemistry and Molecular Biology,9948,,VA,Richmond,*,College of Social Science,Scholarship,Biochemistry and Molecular Biology,473
VA,Richmond,*,*,Scholarship,Geography,10114,,VA,Richmond,*,College of Agriculture and Natural Resources,Scholarship,Geography,1198
VA,Richmond,*,*,Scholarship,Global Studies in the Arts and Humanities,2079,,VA,Richmond,*,College of Communication Arts and Sciences,Scholarship,Global Studies in the Arts and Humanities,361
VA,Richmond,*,*,Scholarship,Humanities-Prelaw,16478,,VA,Richmond,*,College of Agriculture and Natural Resources,Scholarship,Humanities-Prelaw,4684
VA,Richmond,*,*,Scholarship,Humanities-Prelaw,16478,,VA,Richmond,*,College of Arts and Sciences,Scholarship,Humanities-Prelaw,4684
WA,Seattle,*,*,Campus Resource,Education,3150,,WA,Seattle,*,Parents Association,Campus Resource,Education,254
WA,Seattle,*,*,Endowment,Agriculture and Natural Resources-No Preference,8511,,WA,Seattle,*,Faculty Chair Endowments,Endowment,Agriculture and Natural Resources-No Preference,1655
WA,Seattle,*,*,Endowment,Biomedical Laboratory Science,26400,,WA,Seattle,*,Diversity Fund,Endowment,Biomedical Laboratory Science,6379
WA,Seattle,*,*,Scholarship,Apparel and Textile Design,10435,,WA,Seattle,*,College of Music,Scholarship,Apparel and Textile Design,1743
WA,Seattle,*,*,Scholarship,Food Industry Management,23132,,WA,Seattle,*,College of Music,Scholarship,Food Industry Management,6205
WA,Seattle,*,*,Scholarship,Food Industry Management,23132,,WA,Seattle,*,College of Nursing,Scholarship,Food Industry Management,6205
WA,Seattle,*,*,Scholarship,Japanese,15507,,WA,Seattle,*,College of Arts and Sciences,Scholarship,Japanese,5165
WA,Spokane,*,*,Campus Resource,Predental,23331,,WA,Spokane,*,Parents Association,Campus Resource,Predental,7188
WI,Milwaukee,*,*,Endowment,Advertising,3064,,WI,Milwaukee,*,Diversity Fund,Endowment,Advertising,182
WY,Casper,*,*,Endowment,Studio Art,27588,,WY,Casper,*,Trustees Fund,Endowment,Studio Art,4374
