AL,*,College of Arts and Sciences,*,*,*,121989,,AL,Mobile,College of Arts and Sciences,*,*,*,4026
AL,*,College of Natural Science,*,*,*,62819,,AL,Huntsville,College of Natural Science,*,*,*,4142
AL,*,College of Social Science,*,*,*,55375,,AL,Huntsville,College of Social Science,*,*,*,10222
AL,*,College of Social Science,*,*,*,55375,,AL,Mobile,College of Social Science,*,*,*,9097
AR,*,College of Natural Science,*,*,*,61965,,AR,Springfield,College of Natural Science,*,*,*,2734
AR,*,College of Nursing,*,*,*,21001,,AR,Springfield,College of Nursing,*,*,*,6076
AZ,*,College of Agriculture and Natural Resources,*,*,*,124834,,AZ,Scottsdale,College of Agriculture and Natural Resources,*,*,*,13219
AZ,*,College of Agriculture and Natural Resources,*,*,*,124834,,AZ,Tucson,College of Agriculture and Natural Resources,*,*,*,4575
AZ,*,College of Arts and Sciences,*,*,*,195770,,AZ,Mesa,College of Arts and Sciences,*,*,*,12610
AZ,*,College of Arts and Sciences,*,*,*,195770,,AZ,Scottsdale,College of Arts and Sciences,*,*,*,4635
AZ,*,College of Arts and Sciences,*,*,*,195770,,AZ,Tucson,College of Arts and Sciences,*,*,*,12716
AZ,*,College of Business,*,*,*,82259,,AZ,Tucson,College of Business,*,*,*,23273
AZ,*,College of Communication Arts and Sciences,*,*,*,31880,,AZ,Tucson,College of Communication Arts and Sciences,*,*,*,7730
AZ,*,College of Education,*,*,*,34511,,AZ,Tucson,College of Education,*,*,*,4792
AZ,*,College of Engineering,*,*,*,88047,,AZ,Scottsdale,College of Engineering,*,*,*,6166
AZ,*,College of Music,*,*,*,50908,,AZ,Mesa,College of Music,*,*,*,15071
AZ,*,College of Music,*,*,*,50908,,AZ,Tucson,College of Music,*,*,*,1858
AZ,*,College of Natural Science,*,*,*,174488,,AZ,Mesa,College of Natural Science,*,*,*,2872
AZ,*,College of Natural Science,*,*,*,174488,,AZ,Scottsdale,College of Natural Science,*,*,*,50421
AZ,*,College of Natural Science,*,*,*,174488,,AZ,Tucson,College of Natural Science,*,*,*,8585
AZ,*,College of Social Science,*,*,*,112119,,AZ,Mesa,College of Social Science,*,*,*,10230
AZ,*,College of Social Science,*,*,*,112119,,AZ,Scottsdale,College of Social Science,*,*,*,18667
AZ,*,College of Social Science,*,*,*,112119,,AZ,Tucson,College of Social Science,*,*,*,17364
CA,*,College of Agriculture and Natural Resources,*,*,*,388831,,CA,Anaheim,College of Agriculture and Natural Resources,*,*,*,6156
CA,*,College of Agriculture and Natural Resources,*,*,*,388831,,CA,Fresno,College of Agriculture and Natural Resources,*,*,*,59027
CA,*,College of Agriculture and Natural Resources,*,*,*,388831,,CA,Sacramento,College of Agriculture and Natural Resources,*,*,*,14660
CA,*,College of Agriculture and Natural Resources,*,*,*,388831,,CA,San Diego,College of Agriculture and Natural Resources,*,*,*,16050
CA,*,College of Agriculture and Natural Resources,*,*,*,388831,,CA,San Francisco,College of Agriculture and Natural Resources,*,*,*,99461
CA,*,College of Arts and Sciences,*,*,*,560801,,CA,Anaheim,College of Arts and Sciences,*,*,*,32226
CA,*,College of Arts and Sciences,*,*,*,560801,,CA,Fresno,College of Arts and Sciences,*,*,*,44814
CA,*,College of Arts and Sciences,*,*,*,560801,,CA,Los Angeles,College of Arts and Sciences,*,*,*,158566
CA,*,College of Arts and Sciences,*,*,*,560801,,CA,Sacramento,College of Arts and Sciences,*,*,*,33921
CA,*,College of Arts and Sciences,*,*,*,560801,,CA,San Diego,College of Arts and Sciences,*,*,*,59455
CA,*,College of Business,*,*,*,148889,,CA,Anaheim,College of Business,*,*,*,18005
CA,*,College of Business,*,*,*,148889,,CA,Sacramento,College of Business,*,*,*,10340
CA,*,College of Business,*,*,*,148889,,CA,San Francisco,College of Business,*,*,*,39735
CA,*,College of Communication Arts and Sciences,*,*,*,21599,,CA,San Diego,College of Communication Arts and Sciences,*,*,*,5678
CA,*,College of Communication Arts and Sciences,*,*,*,21599,,CA,San Francisco,College of Communication Arts and Sciences,*,*,*,2307
CA,*,College of Education,*,*,*,99148,,CA,Los Angeles,College of Education,*,*,*,14129
CA,*,College of Education,*,*,*,99148,,CA,Sacramento,College of Education,*,*,*,20652
CA,*,College of Engineering,*,*,*,166024,,CA,Los Angeles,College of Engineering,*,*,*,45595
CA,*,College of Engineering,*,*,*,166024,,CA,Sacramento,College of Engineering,*,*,*,14712
CA,*,College of Engineering,*,*,*,166024,,CA,San Diego,College of Engineering,*,*,*,20661
CA,*,College of Music,*,*,*,160114,,CA,Anaheim,College of Music,*,*,*,8433
CA,*,College of Music,*,*,*,160114,,CA,San Diego,College of Music,*,*,*,41582
CA,*,College of Natural Science,*,*,*,513893,,CA,Anaheim,College of Natural Science,*,*,*,37463
CA,*,College of Natural Science,*,*,*,513893,,CA,Fresno,College of Natural Science,*,*,*,33063
CA,*,College of Natural Science,*,*,*,513893,,CA,San Diego,College of Natural Science,*,*,*,48828
CA,*,College of Natural Science,*,*,*,513893,,CA,San Francisco,College of Natural Science,*,*,*,164781
CA,*,College of Nursing,*,*,*,111532,,CA,Los Angeles,College of Nursing,*,*,*,19403
CA,*,College of Nursing,*,*,*,111532,,CA,Sacramento,College of Nursing,*,*,*,12678
CA,*,College of Nursing,*,*,*,111532,,CA,San Francisco,College of Nursing,*,*,*,17451
CA,*,College of Political Science,*,*,*,67504,,CA,Fresno,College of Political Science,*,*,*,158
CA,*,College of Political Science,*,*,*,67504,,CA,Los Angeles,College of Political Science,*,*,*,4125
CA,*,College of Political Science,*,*,*,67504,,CA,Sacramento,College of Political Science,*,*,*,8700
CA,*,College of Social Science,*,*,*,494442,,CA,Fresno,College of Social Science,*,*,*,94105
CA,*,College of Social Science,*,*,*,494442,,CA,Los Angeles,College of Social Science,*,*,*,107540
CA,*,College of Social Science,*,*,*,494442,,CA,Sacramento,College of Social Science,*,*,*,16023
CA,*,College of Social Science,*,*,*,494442,,CA,San Diego,College of Social Science,*,*,*,62917
CA,*,College of Veterinary Medicine,*,*,*,12215,,CA,San Francisco,College of Veterinary Medicine,*,*,*,2268
CO,*,College of Agriculture and Natural Resources,*,*,*,531860.0,,CO,Colorado Springs,College of Agriculture and Natural Resources,*,*,*,55088
CO,*,College of Arts and Sciences,*,*,*,769361.5,,CO,Colorado Springs,College of Arts and Sciences,*,*,*,62800
CO,*,College of Business,*,*,*,49700.0,,CO,Colorado Springs,College of Business,*,*,*,7730
CO,*,College of Education,*,*,*,204939.5,,CO,Colorado Springs,College of Education,*,*,*,9818
CO,*,College of Engineering,*,*,*,152060.0,,CO,Colorado Springs,College of Engineering,*,*,*,22289
CO,*,College of Natural Science,*,*,*,521933.5,,CO,Colorado Springs,College of Natural Science,*,*,*,100189
CO,*,College of Nursing,*,*,*,96675.0,,CO,Colorado Springs,College of Nursing,*,*,*,7050
CO,*,College of Social Science,*,*,*,567407.5,,CO,Colorado Springs,College of Social Science,*,*,*,44572
CT,*,College of Arts and Sciences,*,*,*,142822,,CT,New Haven,College of Arts and Sciences,*,*,*,5004
CT,*,College of Natural Science,*,*,*,77628,,CT,New Haven,College of Natural Science,*,*,*,4357
CT,*,College of Social Science,*,*,*,60742,,CT,New Haven,College of Social Science,*,*,*,9831
FL,*,College of Agriculture and Natural Resources,*,*,*,279224,,FL,Fort Lauderdale,College of Agriculture and Natural Resources,*,*,*,19547
FL,*,College of Agriculture and Natural Resources,*,*,*,279224,,FL,Jacksonville,College of Agriculture and Natural Resources,*,*,*,26938
FL,*,College of Agriculture and Natural Resources,*,*,*,279224,,FL,Miami,College of Agriculture and Natural Resources,*,*,*,80218
FL,*,College of Agriculture and Natural Resources,*,*,*,279224,,FL,Orlando,College of Agriculture and Natural Resources,*,*,*,74376
FL,*,College of Agriculture and Natural Resources,*,*,*,279224,,FL,Tallahassee,College of Agriculture and Natural Resources,*,*,*,78145
FL,*,College of Arts and Sciences,*,*,*,205328,,FL,Fort Lauderdale,College of Arts and Sciences,*,*,*,16195
FL,*,College of Arts and Sciences,*,*,*,205328,,FL,Jacksonville,College of Arts and Sciences,*,*,*,16415
FL,*,College of Arts and Sciences,*,*,*,205328,,FL,Orlando,College of Arts and Sciences,*,*,*,49778
FL,*,College of Arts and Sciences,*,*,*,205328,,FL,Tallahassee,College of Arts and Sciences,*,*,*,46908
FL,*,College of Business,*,*,*,81847,,FL,Jacksonville,College of Business,*,*,*,10851
FL,*,College of Business,*,*,*,81847,,FL,Miami,College of Business,*,*,*,24014
FL,*,College of Business,*,*,*,81847,,FL,Orlando,College of Business,*,*,*,16687
FL,*,College of Communication Arts and Sciences,*,*,*,49311,,FL,Tallahassee,College of Communication Arts and Sciences,*,*,*,3118
FL,*,College of Engineering,*,*,*,47053,,FL,Tallahassee,College of Engineering,*,*,*,11047
FL,*,College of Music,*,*,*,28102,,FL,Orlando,College of Music,*,*,*,7385
FL,*,College of Natural Science,*,*,*,244101,,FL,Fort Lauderdale,College of Natural Science,*,*,*,27370
FL,*,College of Natural Science,*,*,*,244101,,FL,Jacksonville,College of Natural Science,*,*,*,26288
FL,*,College of Natural Science,*,*,*,244101,,FL,Miami,College of Natural Science,*,*,*,19043
FL,*,College of Natural Science,*,*,*,244101,,FL,Tallahassee,College of Natural Science,*,*,*,78611
FL,*,College of Nursing,*,*,*,8955,,FL,Miami,College of Nursing,*,*,*,303
FL,*,College of Nursing,*,*,*,8955,,FL,Orlando,College of Nursing,*,*,*,1606
FL,*,College of Political Science,*,*,*,61506,,FL,Jacksonville,College of Political Science,*,*,*,11477
FL,*,College of Political Science,*,*,*,61506,,FL,Orlando,College of Political Science,*,*,*,12825
FL,*,College of Social Science,*,*,*,172306,,FL,Jacksonville,College of Social Science,*,*,*,31859
FL,*,College of Social Science,*,*,*,172306,,FL,Tallahassee,College of Social Science,*,*,*,11868
GA,*,College of Arts and Sciences,*,*,*,42192,,GA,Savannah,College of Arts and Sciences,*,*,*,764
GA,*,College of Political Science,*,*,*,19314,,GA,Savannah,College of Political Science,*,*,*,3802
IA,*,College of Engineering,*,*,*,17980,,IA,Cedar Rapids,College of Engineering,*,*,*,4693
IA,*,College of Social Science,*,*,*,37724,,IA,Des Moines,College of Social Science,*,*,*,8904
IL,*,College of Agriculture and Natural Resources,*,*,*,101665,,IL,Springfield,College of Agriculture and Natural Resources,*,*,*,6838
IL,*,College of Arts and Sciences,*,*,*,220769,,IL,Naperville,College of Arts and Sciences,*,*,*,29982
IL,*,College of Arts and Sciences,*,*,*,220769,,IL,Springfield,College of Arts and Sciences,*,*,*,55564
IL,*,College of Business,*,*,*,70154,,IL,Naperville,College of Business,*,*,*,9830
IL,*,College of Engineering,*,*,*,564895,,IL,Naperville,College of Engineering,*,*,*,9489
IL,*,College of Engineering,*,*,*,564895,,IL,Springfield,College of Engineering,*,*,*,20121
IL,*,College of Natural Science,*,*,*,116784,,IL,Naperville,College of Natural Science,*,*,*,36522
IL,*,College of Social Science,*,*,*,117481,,IL,Springfield,College of Social Science,*,*,*,4604
KS,*,College of Agriculture and Natural Resources,*,*,*,101639,,KS,Wichita,College of Agriculture and Natural Resources,*,*,*,18591
KS,*,College of Arts and Sciences,*,*,*,59209,,KS,Kansas City,College of Arts and Sciences,*,*,*,4510
KS,*,College of Arts and Sciences,*,*,*,59209,,KS,Overland Park,College of Arts and Sciences,*,*,*,18490
KS,*,College of Business,*,*,*,24082,,KS,Wichita,College of Business,*,*,*,7067
KS,*,College of Music,*,*,*,38824,,KS,Wichita,College of Music,*,*,*,6405
KS,*,College of Natural Science,*,*,*,150985,,KS,Kansas City,College of Natural Science,*,*,*,27747
KS,*,College of Political Science,*,*,*,51706,,KS,Overland Park,College of Political Science,*,*,*,714
KS,*,College of Political Science,*,*,*,51706,,KS,Wichita,College of Political Science,*,*,*,8849
KS,*,College of Social Science,*,*,*,82711,,KS,Wichita,College of Social Science,*,*,*,24278
KY,*,College of Arts and Sciences,*,*,*,60637,,KY,Lexington,College of Arts and Sciences,*,*,*,6656
KY,*,College of Social Science,*,*,*,29318,,KY,Lexington,College of Social Science,*,*,*,7150
LA,*,College of Agriculture and Natural Resources,*,*,*,30291,,LA,New Orleans,College of Agriculture and Natural Resources,*,*,*,1867
LA,*,College of Arts and Sciences,*,*,*,69204,,LA,Baton Rouge,College of Arts and Sciences,*,*,*,14832
LA,*,College of Business,*,*,*,67413,,LA,New Orleans,College of Business,*,*,*,19785
LA,*,College of Social Science,*,*,*,42199,,LA,Baton Rouge,College of Social Science,*,*,*,9354
MI,*,College of Agriculture and Natural Resources,*,*,*,158386,,MI,Grand Rapids,College of Agriculture and Natural Resources,*,*,*,18336
MI,*,College of Agriculture and Natural Resources,*,*,*,158386,,MI,Lansing,College of Agriculture and Natural Resources,*,*,*,25806
MI,*,College of Arts and Sciences,*,*,*,110593,,MI,Grand Rapids,College of Arts and Sciences,*,*,*,3207
MI,*,College of Business,*,*,*,86539,,MI,Detroit,College of Business,*,*,*,18627
MI,*,College of Business,*,*,*,86539,,MI,Grand Rapids,College of Business,*,*,*,8433
MI,*,College of Communication Arts and Sciences,*,*,*,22311,,MI,Detroit,College of Communication Arts and Sciences,*,*,*,6896
MI,*,College of Communication Arts and Sciences,*,*,*,22311,,MI,Lansing,College of Communication Arts and Sciences,*,*,*,1925
MI,*,College of Natural Science,*,*,*,113326,,MI,Grand Rapids,College of Natural Science,*,*,*,9407
MI,*,College of Political Science,*,*,*,101374,,MI,Grand Rapids,College of Political Science,*,*,*,5057
MI,*,College of Social Science,*,*,*,70504,,MI,Detroit,College of Social Science,*,*,*,19241
MI,*,College of Social Science,*,*,*,70504,,MI,Grand Rapids,College of Social Science,*,*,*,13447
MN,*,College of Agriculture and Natural Resources,*,*,*,13428,,MN,St. Paul,College of Agriculture and Natural Resources,*,*,*,3965
MN,*,College of Arts and Sciences,*,*,*,13177,,MN,St. Paul,College of Arts and Sciences,*,*,*,1667
MN,*,College of Natural Science,*,*,*,8949,,MN,Minneapolis,College of Natural Science,*,*,*,740
MO,*,College of Agriculture and Natural Resources,*,*,*,148051,,MO,St. Louis,College of Agriculture and Natural Resources,*,*,*,38443
MO,*,College of Arts and Sciences,*,*,*,78797,,MO,St. Louis,College of Arts and Sciences,*,*,*,11307
MO,*,College of Business,*,*,*,30032,,MO,St. Louis,College of Business,*,*,*,9373
MO,*,College of Education,*,*,*,54576,,MO,Kansas City,College of Education,*,*,*,16057
MO,*,College of Natural Science,*,*,*,349865,,MO,Kansas City,College of Natural Science,*,*,*,59996
MO,*,College of Social Science,*,*,*,65517,,MO,St. Louis,College of Social Science,*,*,*,1715
NC,*,College of Agriculture and Natural Resources,*,*,*,51604,,NC,Charlotte,College of Agriculture and Natural Resources,*,*,*,7737
NC,*,College of Agriculture and Natural Resources,*,*,*,51604,,NC,Raleigh,College of Agriculture and Natural Resources,*,*,*,1864
NC,*,College of Agriculture and Natural Resources,*,*,*,51604,,NC,Winston-salem,College of Agriculture and Natural Resources,*,*,*,15249
NC,*,College of Arts and Sciences,*,*,*,71755,,NC,Charlotte,College of Arts and Sciences,*,*,*,14378
NC,*,College of Arts and Sciences,*,*,*,71755,,NC,Durham,College of Arts and Sciences,*,*,*,16403
NC,*,College of Arts and Sciences,*,*,*,71755,,NC,Raleigh,College of Arts and Sciences,*,*,*,21144
NC,*,College of Arts and Sciences,*,*,*,71755,,NC,Winston-salem,College of Arts and Sciences,*,*,*,19830
NC,*,College of Education,*,*,*,24451,,NC,Raleigh,College of Education,*,*,*,166
NC,*,College of Engineering,*,*,*,39385,,NC,Charlotte,College of Engineering,*,*,*,12135
NC,*,College of Music,*,*,*,56188,,NC,Charlotte,College of Music,*,*,*,17753
NC,*,College of Music,*,*,*,56188,,NC,Raleigh,College of Music,*,*,*,16961
NC,*,College of Natural Science,*,*,*,222518,,NC,Charlotte,College of Natural Science,*,*,*,43483
NC,*,College of Natural Science,*,*,*,222518,,NC,Raleigh,College of Natural Science,*,*,*,68900
NC,*,College of Political Science,*,*,*,32798,,NC,Raleigh,College of Political Science,*,*,*,10105
NC,*,College of Social Science,*,*,*,103042,,NC,Charlotte,College of Social Science,*,*,*,33478
NC,*,College of Social Science,*,*,*,103042,,NC,Raleigh,College of Social Science,*,*,*,27093
NE,*,College of Agriculture and Natural Resources,*,*,*,52989,,NE,Lincoln,College of Agriculture and Natural Resources,*,*,*,16488
NE,*,College of Natural Science,*,*,*,59239,,NE,Omaha,College of Natural Science,*,*,*,16149
NE,*,College of Social Science,*,*,*,65805,,NE,Lincoln,College of Social Science,*,*,*,17923
NV,*,College of Agriculture and Natural Resources,*,*,*,65562,,NV,Henderson,College of Agriculture and Natural Resources,*,*,*,14467
NV,*,College of Agriculture and Natural Resources,*,*,*,65562,,NV,North Las Vegas,College of Agriculture and Natural Resources,*,*,*,582
NV,*,College of Agriculture and Natural Resources,*,*,*,65562,,NV,Reno,College of Agriculture and Natural Resources,*,*,*,18680
NV,*,College of Arts and Sciences,*,*,*,65983,,NV,Henderson,College of Arts and Sciences,*,*,*,8501
NV,*,College of Arts and Sciences,*,*,*,65983,,NV,Las Vegas,College of Arts and Sciences,*,*,*,11058
NV,*,College of Arts and Sciences,*,*,*,65983,,NV,Reno,College of Arts and Sciences,*,*,*,4658
NV,*,College of Engineering,*,*,*,79818,,NV,North Las Vegas,College of Engineering,*,*,*,17366
NV,*,College of Music,*,*,*,35733,,NV,Las Vegas,College of Music,*,*,*,6412
NV,*,College of Music,*,*,*,35733,,NV,North Las Vegas,College of Music,*,*,*,8672
NV,*,College of Music,*,*,*,35733,,NV,Reno,College of Music,*,*,*,6733
NV,*,College of Natural Science,*,*,*,114381,,NV,Las Vegas,College of Natural Science,*,*,*,28529
NV,*,College of Natural Science,*,*,*,114381,,NV,North Las Vegas,College of Natural Science,*,*,*,30601
NV,*,College of Social Science,*,*,*,54898,,NV,Henderson,College of Social Science,*,*,*,2966
NY,*,College of Agriculture and Natural Resources,*,*,*,217236,,NY,Rochester,College of Agriculture and Natural Resources,*,*,*,25231
NY,*,College of Agriculture and Natural Resources,*,*,*,217236,,NY,Syracuse,College of Agriculture and Natural Resources,*,*,*,14622
NY,*,College of Arts and Sciences,*,*,*,238805,,NY,Rochester,College of Arts and Sciences,*,*,*,57902
NY,*,College of Arts and Sciences,*,*,*,238805,,NY,Syracuse,College of Arts and Sciences,*,*,*,1913
NY,*,College of Business,*,*,*,101449,,NY,Rochester,College of Business,*,*,*,7753
NY,*,College of Engineering,*,*,*,19943,,NY,New York,College of Engineering,*,*,*,5835
NY,*,College of Natural Science,*,*,*,216968,,NY,Syracuse,College of Natural Science,*,*,*,33623
NY,*,College of Political Science,*,*,*,108100,,NY,Syracuse,College of Political Science,*,*,*,8924
NY,*,College of Social Science,*,*,*,117352,,NY,Rochester,College of Social Science,*,*,*,9888
NY,*,College of Social Science,*,*,*,117352,,NY,Syracuse,College of Social Science,*,*,*,17285
OH,*,College of Arts and Sciences,*,*,*,216741,,OH,Cleveland,College of Arts and Sciences,*,*,*,37227
OH,*,College of Business,*,*,*,40959,,OH,Cleveland,College of Business,*,*,*,7147
OH,*,College of Communication Arts and Sciences,*,*,*,45170,,OH,Cleveland,College of Communication Arts and Sciences,*,*,*,6384
OH,*,College of Music,*,*,*,53012,,OH,Cleveland,College of Music,*,*,*,4187
OH,*,College of Natural Science,*,*,*,157110,,OH,Cleveland,College of Natural Science,*,*,*,44582
OH,*,College of Social Science,*,*,*,189239,,OH,Cleveland,College of Social Science,*,*,*,17424
OH,*,College of Veterinary Medicine,*,*,*,65154,,OH,Cleveland,College of Veterinary Medicine,*,*,*,5872
OK,*,College of Agriculture and Natural Resources,*,*,*,24521,,OK,Tulsa,College of Agriculture and Natural Resources,*,*,*,4857
OK,*,College of Arts and Sciences,*,*,*,42129,,OK,Tulsa,College of Arts and Sciences,*,*,*,8527
OK,*,College of Business,*,*,*,62186,,OK,Tulsa,College of Business,*,*,*,19817
OK,*,College of Natural Science,*,*,*,59764,,OK,Tulsa,College of Natural Science,*,*,*,6028
OR,*,College of Arts and Sciences,*,*,*,78320,,OR,Eugene,College of Arts and Sciences,*,*,*,22121
OR,*,College of Arts and Sciences,*,*,*,78320,,OR,Portland,College of Arts and Sciences,*,*,*,24465
OR,*,College of Music,*,*,*,24091,,OR,Eugene,College of Music,*,*,*,7301
OR,*,College of Natural Science,*,*,*,79331,,OR,Portland,College of Natural Science,*,*,*,20995
OR,*,College of Natural Science,*,*,*,79331,,OR,Salem,College of Natural Science,*,*,*,11504
OR,*,College of Political Science,*,*,*,14669,,OR,Salem,College of Political Science,*,*,*,4841
OR,*,College of Social Science,*,*,*,40029,,OR,Eugene,College of Social Science,*,*,*,9678
OR,*,College of Social Science,*,*,*,40029,,OR,Portland,College of Social Science,*,*,*,10861
PA,*,College of Arts and Sciences,*,*,*,67491,,PA,Pittsburgh,College of Arts and Sciences,*,*,*,8451
PA,*,College of Education,*,*,*,13320,,PA,Philadelphia,College of Education,*,*,*,3135
PA,*,College of Natural Science,*,*,*,42508,,PA,Pittsburgh,College of Natural Science,*,*,*,43
PA,*,College of Social Science,*,*,*,107737,,PA,Pittsburgh,College of Social Science,*,*,*,13338
SC,*,College of Arts and Sciences,*,*,*,58502,,SC,Charleston,College of Arts and Sciences,*,*,*,6657
SC,*,College of Communication Arts and Sciences,*,*,*,7670,,SC,Charleston,College of Communication Arts and Sciences,*,*,*,998
SC,*,College of Natural Science,*,*,*,25155,,SC,Columbia,College of Natural Science,*,*,*,7290
TN,*,College of Agriculture and Natural Resources,*,*,*,87834,,TN,Knoxville,College of Agriculture and Natural Resources,*,*,*,17910
TN,*,College of Agriculture and Natural Resources,*,*,*,87834,,TN,Nashville,College of Agriculture and Natural Resources,*,*,*,14704
TN,*,College of Arts and Sciences,*,*,*,121657,,TN,Knoxville,College of Arts and Sciences,*,*,*,19730
TN,*,College of Arts and Sciences,*,*,*,121657,,TN,Murfreesboro,College of Arts and Sciences,*,*,*,15441
TN,*,College of Arts and Sciences,*,*,*,121657,,TN,Nashville,College of Arts and Sciences,*,*,*,5888
TN,*,College of Business,*,*,*,72397,,TN,Nashville,College of Business,*,*,*,21114
TN,*,College of Engineering,*,*,*,36388,,TN,Nashville,College of Engineering,*,*,*,1553
TN,*,College of Natural Science,*,*,*,155665,,TN,Knoxville,College of Natural Science,*,*,*,9445
TN,*,College of Natural Science,*,*,*,155665,,TN,Nashville,College of Natural Science,*,*,*,11455
TN,*,College of Social Science,*,*,*,61089,,TN,Knoxville,College of Social Science,*,*,*,8758
TN,*,College of Social Science,*,*,*,61089,,TN,Nashville,College of Social Science,*,*,*,13681
TX,*,College of Agriculture and Natural Resources,*,*,*,216202,,TX,Amarillo,College of Agriculture and Natural Resources,*,*,*,17430
TX,*,College of Agriculture and Natural Resources,*,*,*,216202,,TX,Dallas,College of Agriculture and Natural Resources,*,*,*,55883
TX,*,College of Agriculture and Natural Resources,*,*,*,216202,,TX,El Paso,College of Agriculture and Natural Resources,*,*,*,290
TX,*,College of Agriculture and Natural Resources,*,*,*,216202,,TX,Houston,College of Agriculture and Natural Resources,*,*,*,63893
TX,*,College of Arts and Sciences,*,*,*,357957,,TX,Amarillo,College of Arts and Sciences,*,*,*,61261
TX,*,College of Arts and Sciences,*,*,*,357957,,TX,Austin,College of Arts and Sciences,*,*,*,37577
TX,*,College of Arts and Sciences,*,*,*,357957,,TX,Dallas,College of Arts and Sciences,*,*,*,93243
TX,*,College of Arts and Sciences,*,*,*,357957,,TX,San Antonio,College of Arts and Sciences,*,*,*,31398
TX,*,College of Business,*,*,*,146368,,TX,Amarillo,College of Business,*,*,*,2065
TX,*,College of Business,*,*,*,146368,,TX,Austin,College of Business,*,*,*,13277
TX,*,College of Business,*,*,*,146368,,TX,Dallas,College of Business,*,*,*,38738
TX,*,College of Business,*,*,*,146368,,TX,El Paso,College of Business,*,*,*,11555
TX,*,College of Business,*,*,*,146368,,TX,Houston,College of Business,*,*,*,36675
TX,*,College of Business,*,*,*,146368,,TX,San Antonio,College of Business,*,*,*,44058
TX,*,College of Communication Arts and Sciences,*,*,*,13823,,TX,Dallas,College of Communication Arts and Sciences,*,*,*,1717
TX,*,College of Communication Arts and Sciences,*,*,*,13823,,TX,El Paso,College of Communication Arts and Sciences,*,*,*,4574
TX,*,College of Education,*,*,*,28176,,TX,Houston,College of Education,*,*,*,9124
TX,*,College of Education,*,*,*,28176,,TX,San Antonio,College of Education,*,*,*,4140
TX,*,College of Engineering,*,*,*,130125,,TX,Austin,College of Engineering,*,*,*,15190
TX,*,College of Music,*,*,*,45666,,TX,Amarillo,College of Music,*,*,*,8078
TX,*,College of Music,*,*,*,45666,,TX,El Paso,College of Music,*,*,*,6971
TX,*,College of Music,*,*,*,45666,,TX,Houston,College of Music,*,*,*,7952
TX,*,College of Natural Science,*,*,*,568526,,TX,Amarillo,College of Natural Science,*,*,*,4784
TX,*,College of Natural Science,*,*,*,568526,,TX,Austin,College of Natural Science,*,*,*,129334
TX,*,College of Natural Science,*,*,*,568526,,TX,Dallas,College of Natural Science,*,*,*,182648
TX,*,College of Natural Science,*,*,*,568526,,TX,El Paso,College of Natural Science,*,*,*,68162
TX,*,College of Natural Science,*,*,*,568526,,TX,Houston,College of Natural Science,*,*,*,135492
TX,*,College of Natural Science,*,*,*,568526,,TX,San Antonio,College of Natural Science,*,*,*,48106
TX,*,College of Political Science,*,*,*,74057,,TX,Houston,College of Political Science,*,*,*,15126
TX,*,College of Social Science,*,*,*,248546,,TX,Amarillo,College of Social Science,*,*,*,7242
TX,*,College of Social Science,*,*,*,248546,,TX,Austin,College of Social Science,*,*,*,39590
TX,*,College of Social Science,*,*,*,248546,,TX,El Paso,College of Social Science,*,*,*,22019
TX,*,College of Social Science,*,*,*,248546,,TX,Houston,College of Social Science,*,*,*,64247
TX,*,College of Social Science,*,*,*,248546,,TX,San Antonio,College of Social Science,*,*,*,11738
UT,*,College of Agriculture and Natural Resources,*,*,*,53432,,UT,Provo,College of Agriculture and Natural Resources,*,*,*,9635
UT,*,College of Arts and Sciences,*,*,*,63680,,UT,Provo,College of Arts and Sciences,*,*,*,5433
UT,*,College of Arts and Sciences,*,*,*,63680,,UT,Salt Lake City,College of Arts and Sciences,*,*,*,11372
UT,*,College of Natural Science,*,*,*,95809,,UT,West Valley City,College of Natural Science,*,*,*,10341
UT,*,College of Social Science,*,*,*,36710,,UT,Provo,College of Social Science,*,*,*,9220
UT,*,College of Social Science,*,*,*,36710,,UT,Salt Lake City,College of Social Science,*,*,*,10391
VA,*,College of Agriculture and Natural Resources,*,*,*,136336,,VA,Alexandria,College of Agriculture and Natural Resources,*,*,*,17928
VA,*,College of Social Science,*,*,*,34259,,VA,Alexandria,College of Social Science,*,*,*,6230
WA,*,College of Agriculture and Natural Resources,*,*,*,91419,,WA,Spokane,College of Agriculture and Natural Resources,*,*,*,28563
WA,*,College of Arts and Sciences,*,*,*,122459,,WA,Spokane,College of Arts and Sciences,*,*,*,5547
WA,*,College of Natural Science,*,*,*,134368,,WA,Spokane,College of Natural Science,*,*,*,43253
WI,*,College of Arts and Sciences,*,*,*,19119,,WI,Milwaukee,College of Arts and Sciences,*,*,*,1879
WI,*,College of Natural Science,*,*,*,42184,,WI,Madison,College of Natural Science,*,*,*,13535
