AL,*,*,College of Natural Science,*,Environmental Geosciences,3820,,AL,*,Faculty Chair Endowments,College of Natural Science,*,Environmental Geosciences,1115
AZ,*,*,College of Arts and Sciences,*,Art Education,6146,,AZ,*,Minority Scholarship Fund,College of Arts and Sciences,*,Art Education,99
AZ,*,*,College of Nursing,*,Nursing,7834,,AZ,*,University Libraries,College of Nursing,*,Nursing,1117
CA,*,*,College of Arts and Sciences,*,Art Education,1198,,CA,*,Faculty Chair Endowments,College of Arts and Sciences,*,Art Education,373
CA,*,*,College of Arts and Sciences,*,Art History and Visual Culture,14156,,CA,*,University Libraries,College of Arts and Sciences,*,Art History and Visual Culture,2779
CA,*,*,College of Arts and Sciences,*,Global Studies in the Arts and Humanities,7063,,CA,*,Diversity Fund,College of Arts and Sciences,*,Global Studies in the Arts and Humanities,1550
CA,*,*,College of Arts and Sciences,*,Theatre,6636,,CA,*,Faculty Chair Endowments,College of Arts and Sciences,*,Theatre,1115
CA,*,*,College of Communication Arts and Sciences,*,Media and Information,9012,,CA,*,College of Social Science,College of Communication Arts and Sciences,*,Media and Information,2307
CA,*,*,College of Natural Science,*,Physical Science Interdepartmental,3732,,CA,*,Faculty Chair Endowments,College of Natural Science,*,Physical Science Interdepartmental,600
CO,*,*,College of Arts and Sciences,*,Spanish,13507.5,,CO,*,College of Music,College of Arts and Sciences,*,Spanish,2768
CO,*,*,College of Arts and Sciences,*,Spanish,13507.5,,CO,*,Honors Program,College of Arts and Sciences,*,Spanish,1176
CT,*,*,College of Agriculture and Natural Resources,*,Entomology,10055,,CT,*,College of Nursing,College of Agriculture and Natural Resources,*,Entomology,150
DC,*,*,College of Social Science,*,Interdisciplinary Studies in Social Science - Social Science Education,6812,,DC,*,Faculty Chair Endowments,College of Social Science,*,Interdisciplinary Studies in Social Science - Social Science Education,182
DC,*,*,College of Social Science,*,Interdisciplinary Studies in Social Science - Social Science Education,6812,,DC,*,Honors Program,College of Social Science,*,Interdisciplinary Studies in Social Science - Social Science Education,171
DC,*,*,College of Social Science,*,Interdisciplinary Studies in Social Science - Social Science Education,6812,,DC,*,University Annual Fund,College of Social Science,*,Interdisciplinary Studies in Social Science - Social Science Education,353
FL,*,*,College of Agriculture and Natural Resources,*,Animal Science,13280,,FL,*,College of Arts and Sciences,College of Agriculture and Natural Resources,*,Animal Science,4014
FL,*,*,College of Agriculture and Natural Resources,*,Packaging,19421,,FL,*,Diversity Fund,College of Agriculture and Natural Resources,*,Packaging,3896
FL,*,*,College of Agriculture and Natural Resources,*,Packaging,19421,,FL,*,Minority Scholarship Fund,College of Agriculture and Natural Resources,*,Packaging,999
FL,*,*,College of Arts and Sciences,*,Interdisciplinary Humanities,3263,,FL,*,Parents Association,College of Arts and Sciences,*,Interdisciplinary Humanities,451
IL,*,*,College of Social Science,*,Interdisciplinary Studies in Social Science,28291,,IL,*,Diversity Fund,College of Social Science,*,Interdisciplinary Studies in Social Science,4604
IN,*,*,College of Natural Science,*,Biomedical Laboratory Science,3879,,IN,*,College of Political Science,College of Natural Science,*,Biomedical Laboratory Science,115
KS,*,*,College of Arts and Sciences,*,Global Studies in the Arts and Humanities,9476,,KS,*,College of Business,College of Arts and Sciences,*,Global Studies in the Arts and Humanities,1001
KS,*,*,College of Arts and Sciences,*,Global Studies in the Arts and Humanities,9476,,KS,*,University Libraries,College of Arts and Sciences,*,Global Studies in the Arts and Humanities,1001
KS,*,*,College of Natural Science,*,Chemical Physics,14254,,KS,*,College of Social Science,College of Natural Science,*,Chemical Physics,3691
KS,*,*,College of Natural Science,*,Chemical Physics,14254,,KS,*,University Annual Fund,College of Natural Science,*,Chemical Physics,299
MA,*,*,Honors Program,*,College of Political Science,9788,,MA,*,Social Relations and Policy,Honors Program,*,College of Political Science,2575
MI,*,*,College of Natural Science,*,Geological Sciences,19426,,MI,*,Trustees Fund,College of Natural Science,*,Geological Sciences,5002
MO,*,*,College of Agriculture and Natural Resources,*,Fisheries and Wildlife,29610,,MO,*,College of Education,College of Agriculture and Natural Resources,*,Fisheries and Wildlife,1818
MO,*,*,College of Agriculture and Natural Resources,*,Fisheries and Wildlife,29610,,MO,*,College of Music,College of Agriculture and Natural Resources,*,Fisheries and Wildlife,8662
MO,*,*,College of Agriculture and Natural Resources,*,Fisheries and Wildlife,29610,,MO,*,Honors Program,College of Agriculture and Natural Resources,*,Fisheries and Wildlife,8474
NC,*,*,College of Social Science,*,Human Development and Family Studies,3478,,NC,*,University Annual Fund,College of Social Science,*,Human Development and Family Studies,665
NV,*,*,College of Agriculture and Natural Resources,*,Environmental Economics and Policy,1897,,NV,*,Faculty Chair Endowments,College of Agriculture and Natural Resources,*,Environmental Economics and Policy,582
NY,*,*,College of Arts and Sciences,*,Apparel and Textiles,16563,,NY,*,Faculty Chair Endowments,College of Arts and Sciences,*,Apparel and Textiles,127
NY,*,*,College of Natural Science,*,Geological Sciences,8297,,NY,*,Diversity Fund,College of Natural Science,*,Geological Sciences,1700
NY,*,*,College of Natural Science,*,Geological Sciences,8297,,NY,*,Trustees Fund,College of Natural Science,*,Geological Sciences,91
NY,*,*,College of Social Science,*,College of Political Science,8924,,NY,*,Social Relations and Policy,College of Social Science,*,College of Political Science,2921
OH,*,*,College of Arts and Sciences,*,Theatre,2428,,OH,*,College of Political Science,College of Arts and Sciences,*,Theatre,447
OH,*,*,College of Arts and Sciences,*,Theatre,2428,,OH,*,Parents Association,College of Arts and Sciences,*,Theatre,171
OH,*,*,College of Social Science,*,Geographic Information Science,19147,,OH,*,Diversity Fund,College of Social Science,*,Geographic Information Science,369
OH,*,*,College of Social Science,*,Geographic Information Science,19147,,OH,*,Trustees Fund,College of Social Science,*,Geographic Information Science,2886
TN,*,*,College of Agriculture and Natural Resources,*,Environmental Economics and Policy,9352,,TN,*,University Libraries,College of Agriculture and Natural Resources,*,Environmental Economics and Policy,2523
TN,*,*,College of Arts and Sciences,*,Spanish,9665,,TN,*,Parents Association,College of Arts and Sciences,*,Spanish,1316
TX,*,*,College of Arts and Sciences,*,English,3903,,TX,*,Honors Program,College of Arts and Sciences,*,English,169
TX,*,*,College of Natural Science,*,Neuroscience,11723,,TX,*,College of Social Science,College of Natural Science,*,Neuroscience,3240
TX,*,*,College of Natural Science,*,Neuroscience,11723,,TX,*,In-State Scholarship Fund,College of Natural Science,*,Neuroscience,2031
VA,*,*,College of Agriculture and Natural Resources,*,Food Science,13030,,VA,*,University Annual Fund,College of Agriculture and Natural Resources,*,Food Science,530
VA,*,*,College of Arts and Sciences,*,Professional Writing,9006,,VA,*,Parents Association,College of Arts and Sciences,*,Professional Writing,2525
VA,*,*,College of Engineering,*,Engineering-No Major,6980,,VA,*,Trustees Fund,College of Engineering,*,Engineering-No Major,1434
VA,*,*,College of Natural Science,*,Chemistry,8403,,VA,*,Faculty Chair Endowments,College of Natural Science,*,Chemistry,1624
