*,*,College of Agriculture and Natural Resources,*,*,*,3433165.0,,*,*,College of Agriculture and Natural Resources,Alumni Association,*,*,86451.0
*,*,College of Agriculture and Natural Resources,*,*,*,3433165.0,,*,*,College of Agriculture and Natural Resources,Athletics,*,*,93579.5
*,*,College of Agriculture and Natural Resources,*,*,*,3433165.0,,*,*,College of Agriculture and Natural Resources,Campus Museums,*,*,121180.5
*,*,College of Agriculture and Natural Resources,*,*,*,3433165.0,,*,*,College of Agriculture and Natural Resources,Campus Recreation,*,*,92253.5
*,*,College of Agriculture and Natural Resources,*,*,*,3433165.0,,*,*,College of Agriculture and Natural Resources,College of Agriculture and Natural Resources,*,*,241516.5
*,*,College of Arts and Sciences,*,*,*,4720312.5,,*,*,College of Arts and Sciences,College of Agriculture and Natural Resources,*,*,264128
*,*,College of Arts and Sciences,*,*,*,4720312.5,,*,*,College of Arts and Sciences,Alumni Association,*,*,98206
*,*,College of Arts and Sciences,*,*,*,4720312.5,,*,*,College of Arts and Sciences,Athletics,*,*,172092.5
*,*,College of Arts and Sciences,*,*,*,4720312.5,,*,*,College of Arts and Sciences,Campus Museums,*,*,81205.5
*,*,College of Arts and Sciences,*,*,*,4720312.5,,*,*,College of Arts and Sciences,Campus Recreation,*,*,123802.5
*,*,College of Arts and Sciences,*,*,*,4720312.5,,*,*,College of Arts and Sciences,College of Agriculture and Natural Resources,*,*,234574.5
*,*,College of Arts and Sciences,*,*,*,4720312.5,,*,*,College of Arts and Sciences,College of Arts and Sciences,*,*,361932.5
*,*,College of Business,*,*,*,1400505.0,,*,*,College of Business,College of Agriculture and Natural Resources,*,*,68455.5
*,*,College of Business,*,*,*,1400505.0,,*,*,College of Business,College of Arts and Sciences,*,*,78913.0
*,*,College of Business,*,*,*,1400505.0,,*,*,College of Business,Alumni Association,*,*,13141
*,*,College of Business,*,*,*,1400505.0,,*,*,College of Business,Athletics,*,*,46883
*,*,College of Business,*,*,*,1400505.0,,*,*,College of Business,Campus Museums,*,*,51104
*,*,College of Business,*,*,*,1400505.0,,*,*,College of Business,Campus Recreation,*,*,17708
*,*,College of Business,*,*,*,1400505.0,,*,*,College of Business,College of Agriculture and Natural Resources,*,*,65203
*,*,College of Business,*,*,*,1400505.0,,*,*,College of Business,College of Arts and Sciences,*,*,119591
*,*,College of Business,*,*,*,1400505.0,,*,*,College of Business,College of Business,*,*,28128
*,*,College of Communication Arts and Sciences,*,*,*,577251.0,,*,*,College of Communication Arts and Sciences,College of Agriculture and Natural Resources,*,*,45872
*,*,College of Communication Arts and Sciences,*,*,*,577251.0,,*,*,College of Communication Arts and Sciences,College of Arts and Sciences,*,*,59715
*,*,College of Communication Arts and Sciences,*,*,*,577251.0,,*,*,College of Communication Arts and Sciences,College of Business,*,*,13403
*,*,College of Communication Arts and Sciences,*,*,*,577251.0,,*,*,College of Communication Arts and Sciences,Alumni Association,*,*,57762.5
*,*,College of Communication Arts and Sciences,*,*,*,577251.0,,*,*,College of Communication Arts and Sciences,Athletics,*,*,14405
*,*,College of Communication Arts and Sciences,*,*,*,577251.0,,*,*,College of Communication Arts and Sciences,Campus Museums,*,*,9430
*,*,College of Communication Arts and Sciences,*,*,*,577251.0,,*,*,College of Communication Arts and Sciences,Campus Recreation,*,*,267
*,*,College of Communication Arts and Sciences,*,*,*,577251.0,,*,*,College of Communication Arts and Sciences,College of Agriculture and Natural Resources,*,*,18950
*,*,College of Communication Arts and Sciences,*,*,*,577251.0,,*,*,College of Communication Arts and Sciences,College of Arts and Sciences,*,*,35111
*,*,College of Communication Arts and Sciences,*,*,*,577251.0,,*,*,College of Communication Arts and Sciences,College of Business,*,*,4269
*,*,College of Communication Arts and Sciences,*,*,*,577251.0,,*,*,College of Communication Arts and Sciences,College of Communication Arts and Sciences,*,*,19553
*,*,College of Education,*,*,*,850369.5,,*,*,College of Education,College of Agriculture and Natural Resources,*,*,57208
*,*,College of Education,*,*,*,850369.5,,*,*,College of Education,College of Arts and Sciences,*,*,69147
*,*,College of Education,*,*,*,850369.5,,*,*,College of Education,College of Business,*,*,25302
*,*,College of Education,*,*,*,850369.5,,*,*,College of Education,Alumni Association,*,*,11997
*,*,College of Education,*,*,*,850369.5,,*,*,College of Education,Athletics,*,*,434
*,*,College of Education,*,*,*,850369.5,,*,*,College of Education,Campus Museums,*,*,21554.5
*,*,College of Education,*,*,*,850369.5,,*,*,College of Education,Campus Recreation,*,*,11783.5
*,*,College of Education,*,*,*,850369.5,,*,*,College of Education,College of Agriculture and Natural Resources,*,*,35148.5
*,*,College of Education,*,*,*,850369.5,,*,*,College of Education,College of Arts and Sciences,*,*,56099
*,*,College of Education,*,*,*,850369.5,,*,*,College of Education,College of Business,*,*,5680
*,*,College of Education,*,*,*,850369.5,,*,*,College of Education,College of Communication Arts and Sciences,*,*,17594
*,*,College of Education,*,*,*,850369.5,,*,*,College of Education,College of Education,*,*,31289
*,*,College of Engineering,*,*,*,1997955.0,,*,*,College of Engineering,College of Agriculture and Natural Resources,*,*,80557
*,*,College of Engineering,*,*,*,1997955.0,,*,*,College of Engineering,College of Arts and Sciences,*,*,148072.5
*,*,College of Engineering,*,*,*,1997955.0,,*,*,College of Engineering,College of Business,*,*,22983
*,*,College of Engineering,*,*,*,1997955.0,,*,*,College of Engineering,College of Education,*,*,7635
*,*,College of Engineering,*,*,*,1997955.0,,*,*,College of Engineering,Alumni Association,*,*,24983.5
*,*,College of Engineering,*,*,*,1997955.0,,*,*,College of Engineering,Athletics,*,*,96883.5
*,*,College of Engineering,*,*,*,1997955.0,,*,*,College of Engineering,Campus Museums,*,*,23984
*,*,College of Engineering,*,*,*,1997955.0,,*,*,College of Engineering,Campus Recreation,*,*,40445
*,*,College of Engineering,*,*,*,1997955.0,,*,*,College of Engineering,College of Agriculture and Natural Resources,*,*,110946
*,*,College of Engineering,*,*,*,1997955.0,,*,*,College of Engineering,College of Arts and Sciences,*,*,153588.0
*,*,College of Engineering,*,*,*,1997955.0,,*,*,College of Engineering,College of Business,*,*,26307
*,*,College of Engineering,*,*,*,1997955.0,,*,*,College of Engineering,College of Communication Arts and Sciences,*,*,12176
*,*,College of Engineering,*,*,*,1997955.0,,*,*,College of Engineering,College of Education,*,*,21778
*,*,College of Engineering,*,*,*,1997955.0,,*,*,College of Engineering,College of Engineering,*,*,16652
*,*,College of Music,*,*,*,1066590.5,,*,*,College of Music,College of Agriculture and Natural Resources,*,*,51453
*,*,College of Music,*,*,*,1066590.5,,*,*,College of Music,College of Arts and Sciences,*,*,61939
*,*,College of Music,*,*,*,1066590.5,,*,*,College of Music,College of Business,*,*,25121
*,*,College of Music,*,*,*,1066590.5,,*,*,College of Music,College of Communication Arts and Sciences,*,*,600
*,*,College of Music,*,*,*,1066590.5,,*,*,College of Music,College of Education,*,*,8339
*,*,College of Music,*,*,*,1066590.5,,*,*,College of Music,College of Engineering,*,*,15255
*,*,College of Music,*,*,*,1066590.5,,*,*,College of Music,Alumni Association,*,*,27107
*,*,College of Music,*,*,*,1066590.5,,*,*,College of Music,Athletics,*,*,26117
*,*,College of Music,*,*,*,1066590.5,,*,*,College of Music,Campus Museums,*,*,28789
*,*,College of Music,*,*,*,1066590.5,,*,*,College of Music,Campus Recreation,*,*,8726
*,*,College of Music,*,*,*,1066590.5,,*,*,College of Music,College of Agriculture and Natural Resources,*,*,63649.5
*,*,College of Music,*,*,*,1066590.5,,*,*,College of Music,College of Arts and Sciences,*,*,73122.5
*,*,College of Music,*,*,*,1066590.5,,*,*,College of Music,College of Business,*,*,1476
*,*,College of Music,*,*,*,1066590.5,,*,*,College of Music,College of Communication Arts and Sciences,*,*,9703
*,*,College of Music,*,*,*,1066590.5,,*,*,College of Music,College of Education,*,*,13249
*,*,College of Music,*,*,*,1066590.5,,*,*,College of Music,College of Engineering,*,*,17319
*,*,College of Music,*,*,*,1066590.5,,*,*,College of Music,College of Music,*,*,25173
*,*,College of Natural Science,*,*,*,5136971.5,,*,*,College of Natural Science,College of Agriculture and Natural Resources,*,*,310532.0
*,*,College of Natural Science,*,*,*,5136971.5,,*,*,College of Natural Science,College of Arts and Sciences,*,*,366784.5
*,*,College of Natural Science,*,*,*,5136971.5,,*,*,College of Natural Science,College of Business,*,*,86197
*,*,College of Natural Science,*,*,*,5136971.5,,*,*,College of Natural Science,College of Communication Arts and Sciences,*,*,44671
*,*,College of Natural Science,*,*,*,5136971.5,,*,*,College of Natural Science,College of Education,*,*,79266
*,*,College of Natural Science,*,*,*,5136971.5,,*,*,College of Natural Science,College of Engineering,*,*,97890
*,*,College of Natural Science,*,*,*,5136971.5,,*,*,College of Natural Science,College of Music,*,*,86683
*,*,College of Natural Science,*,*,*,5136971.5,,*,*,College of Natural Science,Alumni Association,*,*,142965
*,*,College of Natural Science,*,*,*,5136971.5,,*,*,College of Natural Science,Athletics,*,*,100774
*,*,College of Natural Science,*,*,*,5136971.5,,*,*,College of Natural Science,Campus Museums,*,*,171496.5
*,*,College of Natural Science,*,*,*,5136971.5,,*,*,College of Natural Science,Campus Recreation,*,*,172361.5
*,*,College of Natural Science,*,*,*,5136971.5,,*,*,College of Natural Science,College of Agriculture and Natural Resources,*,*,304381.5
*,*,College of Natural Science,*,*,*,5136971.5,,*,*,College of Natural Science,College of Arts and Sciences,*,*,316940.5
*,*,College of Natural Science,*,*,*,5136971.5,,*,*,College of Natural Science,College of Business,*,*,67223.5
*,*,College of Natural Science,*,*,*,5136971.5,,*,*,College of Natural Science,College of Communication Arts and Sciences,*,*,57972.5
*,*,College of Natural Science,*,*,*,5136971.5,,*,*,College of Natural Science,College of Education,*,*,52632
*,*,College of Natural Science,*,*,*,5136971.5,,*,*,College of Natural Science,College of Engineering,*,*,65145.5
*,*,College of Natural Science,*,*,*,5136971.5,,*,*,College of Natural Science,College of Music,*,*,39580
*,*,College of Natural Science,*,*,*,5136971.5,,*,*,College of Natural Science,College of Natural Science,*,*,584001.0
*,*,College of Nursing,*,*,*,617842.0,,*,*,College of Nursing,College of Agriculture and Natural Resources,*,*,34506
*,*,College of Nursing,*,*,*,617842.0,,*,*,College of Nursing,College of Arts and Sciences,*,*,34404
*,*,College of Nursing,*,*,*,617842.0,,*,*,College of Nursing,College of Business,*,*,32029.5
*,*,College of Nursing,*,*,*,617842.0,,*,*,College of Nursing,College of Communication Arts and Sciences,*,*,9664
*,*,College of Nursing,*,*,*,617842.0,,*,*,College of Nursing,College of Education,*,*,13339.5
*,*,College of Nursing,*,*,*,617842.0,,*,*,College of Nursing,College of Music,*,*,27055
*,*,College of Nursing,*,*,*,617842.0,,*,*,College of Nursing,College of Natural Science,*,*,61177.5
*,*,College of Nursing,*,*,*,617842.0,,*,*,College of Nursing,Athletics,*,*,3862
*,*,College of Nursing,*,*,*,617842.0,,*,*,College of Nursing,Campus Museums,*,*,696
*,*,College of Nursing,*,*,*,617842.0,,*,*,College of Nursing,Campus Recreation,*,*,23851
*,*,College of Nursing,*,*,*,617842.0,,*,*,College of Nursing,College of Agriculture and Natural Resources,*,*,33239.5
*,*,College of Nursing,*,*,*,617842.0,,*,*,College of Nursing,College of Arts and Sciences,*,*,40694.5
*,*,College of Nursing,*,*,*,617842.0,,*,*,College of Nursing,College of Business,*,*,12227
*,*,College of Nursing,*,*,*,617842.0,,*,*,College of Nursing,College of Communication Arts and Sciences,*,*,6894
*,*,College of Nursing,*,*,*,617842.0,,*,*,College of Nursing,College of Education,*,*,8241
*,*,College of Nursing,*,*,*,617842.0,,*,*,College of Nursing,College of Engineering,*,*,29009
*,*,College of Nursing,*,*,*,617842.0,,*,*,College of Nursing,College of Music,*,*,11579
*,*,College of Nursing,*,*,*,617842.0,,*,*,College of Nursing,College of Natural Science,*,*,83595
*,*,College of Nursing,*,*,*,617842.0,,*,*,College of Nursing,College of Nursing,*,*,7834
*,*,College of Political Science,*,*,*,934760.5,,*,*,College of Political Science,College of Agriculture and Natural Resources,*,*,40375.5
*,*,College of Political Science,*,*,*,934760.5,,*,*,College of Political Science,College of Arts and Sciences,*,*,34094
*,*,College of Political Science,*,*,*,934760.5,,*,*,College of Political Science,College of Business,*,*,19207
*,*,College of Political Science,*,*,*,934760.5,,*,*,College of Political Science,College of Communication Arts and Sciences,*,*,4947
*,*,College of Political Science,*,*,*,934760.5,,*,*,College of Political Science,College of Education,*,*,56680
*,*,College of Political Science,*,*,*,934760.5,,*,*,College of Political Science,College of Engineering,*,*,293
*,*,College of Political Science,*,*,*,934760.5,,*,*,College of Political Science,College of Music,*,*,2946
*,*,College of Political Science,*,*,*,934760.5,,*,*,College of Political Science,College of Natural Science,*,*,72325.5
*,*,College of Political Science,*,*,*,934760.5,,*,*,College of Political Science,Alumni Association,*,*,31765
*,*,College of Political Science,*,*,*,934760.5,,*,*,College of Political Science,Athletics,*,*,20052
*,*,College of Political Science,*,*,*,934760.5,,*,*,College of Political Science,Campus Museums,*,*,59437
*,*,College of Political Science,*,*,*,934760.5,,*,*,College of Political Science,Campus Recreation,*,*,7332
*,*,College of Political Science,*,*,*,934760.5,,*,*,College of Political Science,College of Agriculture and Natural Resources,*,*,13906
*,*,College of Political Science,*,*,*,934760.5,,*,*,College of Political Science,College of Arts and Sciences,*,*,66786
*,*,College of Political Science,*,*,*,934760.5,,*,*,College of Political Science,College of Business,*,*,26762
*,*,College of Political Science,*,*,*,934760.5,,*,*,College of Political Science,College of Communication Arts and Sciences,*,*,11909
*,*,College of Political Science,*,*,*,934760.5,,*,*,College of Political Science,College of Engineering,*,*,14838
*,*,College of Political Science,*,*,*,934760.5,,*,*,College of Political Science,College of Music,*,*,18363
*,*,College of Political Science,*,*,*,934760.5,,*,*,College of Political Science,College of Natural Science,*,*,68900
*,*,College of Political Science,*,*,*,934760.5,,*,*,College of Political Science,College of Political Science,*,*,22074.0
*,*,College of Social Science,*,*,*,3694436.5,,*,*,College of Social Science,College of Agriculture and Natural Resources,*,*,237799.5
*,*,College of Social Science,*,*,*,3694436.5,,*,*,College of Social Science,College of Arts and Sciences,*,*,303384.5
*,*,College of Social Science,*,*,*,3694436.5,,*,*,College of Social Science,College of Business,*,*,86162
*,*,College of Social Science,*,*,*,3694436.5,,*,*,College of Social Science,College of Communication Arts and Sciences,*,*,47662
*,*,College of Social Science,*,*,*,3694436.5,,*,*,College of Social Science,College of Education,*,*,78114.0
*,*,College of Social Science,*,*,*,3694436.5,,*,*,College of Social Science,College of Engineering,*,*,62849
*,*,College of Social Science,*,*,*,3694436.5,,*,*,College of Social Science,College of Music,*,*,146436.0
*,*,College of Social Science,*,*,*,3694436.5,,*,*,College of Social Science,College of Natural Science,*,*,297709.0
*,*,College of Social Science,*,*,*,3694436.5,,*,*,College of Social Science,College of Nursing,*,*,4625
*,*,College of Social Science,*,*,*,3694436.5,,*,*,College of Social Science,College of Political Science,*,*,55387
*,*,College of Social Science,*,*,*,3694436.5,,*,*,College of Social Science,Alumni Association,*,*,194153.5
*,*,College of Social Science,*,*,*,3694436.5,,*,*,College of Social Science,Athletics,*,*,148956
*,*,College of Social Science,*,*,*,3694436.5,,*,*,College of Social Science,Campus Museums,*,*,125597.5
*,*,College of Social Science,*,*,*,3694436.5,,*,*,College of Social Science,Campus Recreation,*,*,85509.5
*,*,College of Social Science,*,*,*,3694436.5,,*,*,College of Social Science,College of Agriculture and Natural Resources,*,*,117783.5
*,*,College of Social Science,*,*,*,3694436.5,,*,*,College of Social Science,College of Arts and Sciences,*,*,375607.5
*,*,College of Social Science,*,*,*,3694436.5,,*,*,College of Social Science,College of Business,*,*,39559
*,*,College of Social Science,*,*,*,3694436.5,,*,*,College of Social Science,College of Communication Arts and Sciences,*,*,55470
*,*,College of Social Science,*,*,*,3694436.5,,*,*,College of Social Science,College of Education,*,*,44286
*,*,College of Social Science,*,*,*,3694436.5,,*,*,College of Social Science,College of Engineering,*,*,79619.5
*,*,College of Social Science,*,*,*,3694436.5,,*,*,College of Social Science,College of Music,*,*,49732.5
*,*,College of Social Science,*,*,*,3694436.5,,*,*,College of Social Science,College of Natural Science,*,*,273441.5
*,*,College of Social Science,*,*,*,3694436.5,,*,*,College of Social Science,College of Nursing,*,*,13375
*,*,College of Social Science,*,*,*,3694436.5,,*,*,College of Social Science,College of Political Science,*,*,44867
*,*,College of Social Science,*,*,*,3694436.5,,*,*,College of Social Science,College of Social Science,*,*,205480
*,*,College of Veterinary Medicine,*,*,*,242598.0,,*,*,College of Veterinary Medicine,College of Agriculture and Natural Resources,*,*,26671.5
*,*,College of Veterinary Medicine,*,*,*,242598.0,,*,*,College of Veterinary Medicine,College of Arts and Sciences,*,*,11998
*,*,College of Veterinary Medicine,*,*,*,242598.0,,*,*,College of Veterinary Medicine,College of Engineering,*,*,7550
*,*,College of Veterinary Medicine,*,*,*,242598.0,,*,*,College of Veterinary Medicine,College of Natural Science,*,*,11217
*,*,College of Veterinary Medicine,*,*,*,242598.0,,*,*,College of Veterinary Medicine,College of Nursing,*,*,2838
*,*,College of Veterinary Medicine,*,*,*,242598.0,,*,*,College of Veterinary Medicine,College of Political Science,*,*,46371
*,*,College of Veterinary Medicine,*,*,*,242598.0,,*,*,College of Veterinary Medicine,College of Social Science,*,*,43
*,*,College of Veterinary Medicine,*,*,*,242598.0,,*,*,College of Veterinary Medicine,Alumni Association,*,*,3411
*,*,College of Veterinary Medicine,*,*,*,242598.0,,*,*,College of Veterinary Medicine,Campus Recreation,*,*,10148
*,*,College of Veterinary Medicine,*,*,*,242598.0,,*,*,College of Veterinary Medicine,College of Agriculture and Natural Resources,*,*,1767
*,*,College of Veterinary Medicine,*,*,*,242598.0,,*,*,College of Veterinary Medicine,College of Arts and Sciences,*,*,25719
*,*,College of Veterinary Medicine,*,*,*,242598.0,,*,*,College of Veterinary Medicine,College of Education,*,*,12725
*,*,College of Veterinary Medicine,*,*,*,242598.0,,*,*,College of Veterinary Medicine,College of Music,*,*,4684
*,*,College of Veterinary Medicine,*,*,*,242598.0,,*,*,College of Veterinary Medicine,College of Natural Science,*,*,24333
*,*,College of Veterinary Medicine,*,*,*,242598.0,,*,*,College of Veterinary Medicine,College of Social Science,*,*,5975
*,*,College of Veterinary Medicine,*,*,*,242598.0,,*,*,College of Veterinary Medicine,Diversity Fund,*,*,49217.5
*,*,College of Veterinary Medicine,*,*,*,242598.0,,*,*,College of Veterinary Medicine,Faculty Chair Endowments,*,*,3496
*,*,College of Veterinary Medicine,*,*,*,242598.0,,*,*,College of Veterinary Medicine,In-State Scholarship Fund,*,*,6590
*,*,College of Veterinary Medicine,*,*,*,242598.0,,*,*,College of Veterinary Medicine,Parents Association,*,*,9127
*,*,College of Veterinary Medicine,*,*,*,242598.0,,*,*,College of Veterinary Medicine,Trustees Fund,*,*,25099
*,*,College of Veterinary Medicine,*,*,*,242598.0,,*,*,College of Veterinary Medicine,University Annual Fund,*,*,60306.5
