*,Kansas City,*,Alumni Association,Campus Resource,*,29571,,KS,Kansas City,*,Alumni Association,Campus Resource,*,1454
*,Kansas City,*,College of Agriculture and Natural Resources,Scholarship,*,50915,,KS,Kansas City,*,College of Agriculture and Natural Resources,Scholarship,*,13198
*,Kansas City,*,College of Natural Science,Scholarship,*,43497,,KS,Kansas City,*,College of Natural Science,Scholarship,*,6779
*,Kansas City,*,College of Nursing,Scholarship,*,13375,,MO,Kansas City,*,College of Nursing,Scholarship,*,3708
*,Kansas City,*,College of Social Science,Scholarship,*,34465,,MO,Kansas City,*,College of Social Science,Scholarship,*,4985
*,Kansas City,*,Faculty Chair Endowments,Endowment,*,59130,,KS,Kansas City,*,Faculty Chair Endowments,Endowment,*,15013
*,Kansas City,*,Honors Program,Campus Resource,*,18969,,KS,Kansas City,*,Honors Program,Campus Resource,*,6197
*,Kansas City,*,Trustees Fund,Endowment,*,50297,,KS,Kansas City,*,Trustees Fund,Endowment,*,8352
*,Kansas City,*,University Annual Fund,Endowment,*,32019,,KS,Kansas City,*,University Annual Fund,Endowment,*,368
