AZ,Phoenix,*,College of Arts and Sciences,Scholarship,Art Education,6146,,AZ,Phoenix,Minority Scholarship Fund,College of Arts and Sciences,Scholarship,Art Education,99
CT,Hartford,*,College of Agriculture and Natural Resources,Scholarship,Entomology,10055,,CT,Hartford,College of Nursing,College of Agriculture and Natural Resources,Scholarship,Entomology,150
FL,Miami,*,College of Agriculture and Natural Resources,Scholarship,Packaging,19421,,FL,Miami,Minority Scholarship Fund,College of Agriculture and Natural Resources,Scholarship,Packaging,999
IN,Indianapolis,*,College of Natural Science,Scholarship,Biomedical Laboratory Science,3879,,IN,Indianapolis,College of Political Science,College of Natural Science,Scholarship,Biomedical Laboratory Science,115
KS,Overland Park,*,College of Arts and Sciences,Scholarship,Global Studies in the Arts and Humanities,9476,,KS,Overland Park,College of Business,College of Arts and Sciences,Scholarship,Global Studies in the Arts and Humanities,1001
KS,Wichita,*,College of Natural Science,Scholarship,Chemical Physics,14254,,KS,Wichita,College of Social Science,College of Natural Science,Scholarship,Chemical Physics,3691
MA,Boston,*,Honors Program,Campus Resource,College of Political Science,9788,,MA,Boston,Social Relations and Policy,Honors Program,Campus Resource,College of Political Science,2575
MO,Kansas City,*,College of Agriculture and Natural Resources,Scholarship,Fisheries and Wildlife,29610,,MO,Kansas City,College of Education,College of Agriculture and Natural Resources,Scholarship,Fisheries and Wildlife,1818
MO,Kansas City,*,College of Agriculture and Natural Resources,Scholarship,Fisheries and Wildlife,29610,,MO,Kansas City,College of Music,College of Agriculture and Natural Resources,Scholarship,Fisheries and Wildlife,8662
OH,Cincinnati,*,College of Arts and Sciences,Scholarship,Theatre,2428,,OH,Cincinnati,College of Political Science,College of Arts and Sciences,Scholarship,Theatre,447
