AL,*,*,College of Arts and Sciences,Scholarship,*,16951,,AL,Mobile,*,College of Arts and Sciences,Scholarship,*,4743
AL,*,*,College of Business,Scholarship,*,2842,,AL,Mobile,*,College of Business,Scholarship,*,309
AL,*,*,College of Engineering,Scholarship,*,12112,,AL,Mobile,*,College of Engineering,Scholarship,*,2279
AL,*,*,College of Natural Science,Scholarship,*,49811,,AL,Huntsville,*,College of Natural Science,Scholarship,*,1609
AL,*,*,College of Natural Science,Scholarship,*,49811,,AL,Mobile,*,College of Natural Science,Scholarship,*,14711
AL,*,*,Faculty Chair Endowments,Endowment,*,43277,,AL,Huntsville,*,Faculty Chair Endowments,Endowment,*,8974
AL,*,*,Minority Scholarship Fund,Scholarship,*,28632,,AL,Mobile,*,Minority Scholarship Fund,Scholarship,*,1438
AL,*,*,University Annual Fund,Endowment,*,46383,,AL,Mobile,*,University Annual Fund,Endowment,*,13256
AZ,*,*,Alumni Association,Campus Resource,*,42386,,AZ,Phoenix,*,Alumni Association,Campus Resource,*,7836
AZ,*,*,Alumni Association,Campus Resource,*,42386,,AZ,Tucson,*,Alumni Association,Campus Resource,*,7196
AZ,*,*,Athletics,Campus Resource,*,58881,,AZ,Mesa,*,Athletics,Campus Resource,*,9428
AZ,*,*,Campus Recreation,Campus Resource,*,7183,,AZ,Scottsdale,*,Campus Recreation,Campus Resource,*,486
AZ,*,*,College of Agriculture and Natural Resources,Scholarship,*,49387,,AZ,Mesa,*,College of Agriculture and Natural Resources,Scholarship,*,5544
AZ,*,*,College of Agriculture and Natural Resources,Scholarship,*,49387,,AZ,Scottsdale,*,College of Agriculture and Natural Resources,Scholarship,*,5680
AZ,*,*,College of Arts and Sciences,Scholarship,*,61890,,AZ,Tucson,*,College of Arts and Sciences,Scholarship,*,8847
AZ,*,*,College of Business,Scholarship,*,39001,,AZ,Mesa,*,College of Business,Scholarship,*,6165
AZ,*,*,College of Business,Scholarship,*,39001,,AZ,Scottsdale,*,College of Business,Scholarship,*,5680
AZ,*,*,College of Natural Science,Scholarship,*,58752,,AZ,Tucson,*,College of Natural Science,Scholarship,*,6433
AZ,*,*,College of Social Science,Scholarship,*,84621,,AZ,Tucson,*,College of Social Science,Scholarship,*,794
AZ,*,*,Diversity Fund,Endowment,*,130340,,AZ,Mesa,*,Diversity Fund,Endowment,*,8752
AZ,*,*,Diversity Fund,Endowment,*,130340,,AZ,Scottsdale,*,Diversity Fund,Endowment,*,12994
AZ,*,*,Diversity Fund,Endowment,*,130340,,AZ,Tucson,*,Diversity Fund,Endowment,*,24594
AZ,*,*,Faculty Chair Endowments,Endowment,*,40372,,AZ,Scottsdale,*,Faculty Chair Endowments,Endowment,*,8939
AZ,*,*,Faculty Chair Endowments,Endowment,*,40372,,AZ,Tucson,*,Faculty Chair Endowments,Endowment,*,3865
AZ,*,*,Honors Program,Campus Resource,*,17905,,AZ,Mesa,*,Honors Program,Campus Resource,*,833
AZ,*,*,In-State Scholarship Fund,Scholarship,*,23205,,AZ,Phoenix,*,In-State Scholarship Fund,Scholarship,*,7141
AZ,*,*,In-State Scholarship Fund,Scholarship,*,23205,,AZ,Tucson,*,In-State Scholarship Fund,Scholarship,*,6830
AZ,*,*,Minority Scholarship Fund,Scholarship,*,43965,,AZ,Scottsdale,*,Minority Scholarship Fund,Scholarship,*,13706
AZ,*,*,Minority Scholarship Fund,Scholarship,*,43965,,AZ,Tucson,*,Minority Scholarship Fund,Scholarship,*,9191
AZ,*,*,Parents Association,Campus Resource,*,34283,,AZ,Mesa,*,Parents Association,Campus Resource,*,145
AZ,*,*,Parents Association,Campus Resource,*,34283,,AZ,Tucson,*,Parents Association,Campus Resource,*,2731
AZ,*,*,Trustees Fund,Endowment,*,146656,,AZ,Mesa,*,Trustees Fund,Endowment,*,12102
AZ,*,*,Trustees Fund,Endowment,*,146656,,AZ,Scottsdale,*,Trustees Fund,Endowment,*,833
AZ,*,*,Trustees Fund,Endowment,*,146656,,AZ,Tucson,*,Trustees Fund,Endowment,*,5620
AZ,*,*,University Annual Fund,Endowment,*,93955,,AZ,Mesa,*,University Annual Fund,Endowment,*,19792
AZ,*,*,University Annual Fund,Endowment,*,93955,,AZ,Scottsdale,*,University Annual Fund,Endowment,*,9728
AZ,*,*,University Annual Fund,Endowment,*,93955,,AZ,Tucson,*,University Annual Fund,Endowment,*,4792
AZ,*,*,University Libraries,Campus Resource,*,21278,,AZ,Phoenix,*,University Libraries,Campus Resource,*,1284
CA,*,*,Alumni Association,Campus Resource,*,48536,,CA,Fresno,*,Alumni Association,Campus Resource,*,427
CA,*,*,Alumni Association,Campus Resource,*,48536,,CA,Los Angeles,*,Alumni Association,Campus Resource,*,2577
CA,*,*,Alumni Association,Campus Resource,*,48536,,CA,San Diego,*,Alumni Association,Campus Resource,*,2390
CA,*,*,Athletics,Campus Resource,*,98369,,CA,Anaheim,*,Athletics,Campus Resource,*,4636
CA,*,*,Athletics,Campus Resource,*,98369,,CA,Fresno,*,Athletics,Campus Resource,*,24870
CA,*,*,Athletics,Campus Resource,*,98369,,CA,Los Angeles,*,Athletics,Campus Resource,*,25777
CA,*,*,Athletics,Campus Resource,*,98369,,CA,Sacramento,*,Athletics,Campus Resource,*,2779
CA,*,*,Campus Museums,Campus Resource,*,74249,,CA,Anaheim,*,Campus Museums,Campus Resource,*,1122
CA,*,*,Campus Museums,Campus Resource,*,74249,,CA,Fresno,*,Campus Museums,Campus Resource,*,8028
CA,*,*,Campus Museums,Campus Resource,*,74249,,CA,Sacramento,*,Campus Museums,Campus Resource,*,4782
CA,*,*,Campus Museums,Campus Resource,*,74249,,CA,San Diego,*,Campus Museums,Campus Resource,*,5678
CA,*,*,Campus Museums,Campus Resource,*,74249,,CA,San Francisco,*,Campus Museums,Campus Resource,*,11111
CA,*,*,Campus Recreation,Campus Resource,*,64256,,CA,Anaheim,*,Campus Recreation,Campus Resource,*,9425
CA,*,*,Campus Recreation,Campus Resource,*,64256,,CA,Fresno,*,Campus Recreation,Campus Resource,*,1538
CA,*,*,Campus Recreation,Campus Resource,*,64256,,CA,Los Angeles,*,Campus Recreation,Campus Resource,*,7579
CA,*,*,Campus Recreation,Campus Resource,*,64256,,CA,Sacramento,*,Campus Recreation,Campus Resource,*,11390
CA,*,*,Campus Recreation,Campus Resource,*,64256,,CA,San Diego,*,Campus Recreation,Campus Resource,*,2910
CA,*,*,College of Agriculture and Natural Resources,Scholarship,*,110015,,CA,Sacramento,*,College of Agriculture and Natural Resources,Scholarship,*,650
CA,*,*,College of Agriculture and Natural Resources,Scholarship,*,110015,,CA,San Diego,*,College of Agriculture and Natural Resources,Scholarship,*,5425
CA,*,*,College of Arts and Sciences,Scholarship,*,221852,,CA,Anaheim,*,College of Arts and Sciences,Scholarship,*,6892
CA,*,*,College of Arts and Sciences,Scholarship,*,221852,,CA,Fresno,*,College of Arts and Sciences,Scholarship,*,10889
CA,*,*,College of Arts and Sciences,Scholarship,*,221852,,CA,Sacramento,*,College of Arts and Sciences,Scholarship,*,15679
CA,*,*,College of Arts and Sciences,Scholarship,*,221852,,CA,San Diego,*,College of Arts and Sciences,Scholarship,*,22898
CA,*,*,College of Business,Scholarship,*,51149,,CA,Fresno,*,College of Business,Scholarship,*,2396
CA,*,*,College of Business,Scholarship,*,51149,,CA,San Diego,*,College of Business,Scholarship,*,2817
CA,*,*,College of Communication Arts and Sciences,Scholarship,*,65650,,CA,Sacramento,*,College of Communication Arts and Sciences,Scholarship,*,5669
CA,*,*,College of Communication Arts and Sciences,Scholarship,*,65650,,CA,San Diego,*,College of Communication Arts and Sciences,Scholarship,*,6559
CA,*,*,College of Communication Arts and Sciences,Scholarship,*,65650,,CA,San Francisco,*,College of Communication Arts and Sciences,Scholarship,*,14668
CA,*,*,College of Education,Scholarship,*,61105,,CA,Los Angeles,*,College of Education,Scholarship,*,19779
CA,*,*,College of Education,Scholarship,*,61105,,CA,San Diego,*,College of Education,Scholarship,*,3219
CA,*,*,College of Engineering,Scholarship,*,42043,,CA,Fresno,*,College of Engineering,Scholarship,*,9471
CA,*,*,College of Engineering,Scholarship,*,42043,,CA,San Francisco,*,College of Engineering,Scholarship,*,9322
CA,*,*,College of Music,Scholarship,*,24964,,CA,Anaheim,*,College of Music,Scholarship,*,2045
CA,*,*,College of Music,Scholarship,*,24964,,CA,Los Angeles,*,College of Music,Scholarship,*,1839
CA,*,*,College of Music,Scholarship,*,24964,,CA,Sacramento,*,College of Music,Scholarship,*,6339
CA,*,*,College of Natural Science,Scholarship,*,255476,,CA,Anaheim,*,College of Natural Science,Scholarship,*,32827
CA,*,*,College of Natural Science,Scholarship,*,255476,,CA,Fresno,*,College of Natural Science,Scholarship,*,25692
CA,*,*,College of Natural Science,Scholarship,*,255476,,CA,Los Angeles,*,College of Natural Science,Scholarship,*,58436
CA,*,*,College of Natural Science,Scholarship,*,255476,,CA,San Diego,*,College of Natural Science,Scholarship,*,71954
CA,*,*,College of Natural Science,Scholarship,*,255476,,CA,San Francisco,*,College of Natural Science,Scholarship,*,66567
CA,*,*,College of Political Science,Scholarship,*,33375,,CA,Fresno,*,College of Political Science,Scholarship,*,2639
CA,*,*,College of Political Science,Scholarship,*,33375,,CA,Los Angeles,*,College of Political Science,Scholarship,*,5114
CA,*,*,College of Social Science,Scholarship,*,98484,,CA,San Diego,*,College of Social Science,Scholarship,*,21509
CA,*,*,College of Social Science,Scholarship,*,98484,,CA,San Francisco,*,College of Social Science,Scholarship,*,20085
CA,*,*,College of Veterinary Medicine,Scholarship,*,946,,CA,San Diego,*,College of Veterinary Medicine,Scholarship,*,43
CA,*,*,Diversity Fund,Endowment,*,318826,,CA,Anaheim,*,Diversity Fund,Endowment,*,25483
CA,*,*,Diversity Fund,Endowment,*,318826,,CA,Fresno,*,Diversity Fund,Endowment,*,17127
CA,*,*,Diversity Fund,Endowment,*,318826,,CA,Los Angeles,*,Diversity Fund,Endowment,*,85686
CA,*,*,Diversity Fund,Endowment,*,318826,,CA,Sacramento,*,Diversity Fund,Endowment,*,20543
CA,*,*,Diversity Fund,Endowment,*,318826,,CA,San Diego,*,Diversity Fund,Endowment,*,33744
CA,*,*,Faculty Chair Endowments,Endowment,*,167935,,CA,Fresno,*,Faculty Chair Endowments,Endowment,*,35848
CA,*,*,Faculty Chair Endowments,Endowment,*,167935,,CA,Sacramento,*,Faculty Chair Endowments,Endowment,*,8700
CA,*,*,Faculty Chair Endowments,Endowment,*,167935,,CA,San Diego,*,Faculty Chair Endowments,Endowment,*,17161
CA,*,*,Faculty Chair Endowments,Endowment,*,167935,,CA,San Francisco,*,Faculty Chair Endowments,Endowment,*,28108
CA,*,*,Honors Program,Campus Resource,*,96351,,CA,Fresno,*,Honors Program,Campus Resource,*,9185
CA,*,*,Honors Program,Campus Resource,*,96351,,CA,Sacramento,*,Honors Program,Campus Resource,*,2779
CA,*,*,Honors Program,Campus Resource,*,96351,,CA,San Diego,*,Honors Program,Campus Resource,*,6403
CA,*,*,In-State Scholarship Fund,Scholarship,*,88801,,CA,Fresno,*,In-State Scholarship Fund,Scholarship,*,13832
CA,*,*,In-State Scholarship Fund,Scholarship,*,88801,,CA,San Diego,*,In-State Scholarship Fund,Scholarship,*,16079
CA,*,*,In-State Scholarship Fund,Scholarship,*,88801,,CA,San Francisco,*,In-State Scholarship Fund,Scholarship,*,27153
CA,*,*,Minority Scholarship Fund,Scholarship,*,70242,,CA,San Diego,*,Minority Scholarship Fund,Scholarship,*,7333
CA,*,*,Minority Scholarship Fund,Scholarship,*,70242,,CA,San Francisco,*,Minority Scholarship Fund,Scholarship,*,11545
CA,*,*,Parents Association,Campus Resource,*,107254,,CA,Fresno,*,Parents Association,Campus Resource,*,26992
CA,*,*,Parents Association,Campus Resource,*,107254,,CA,Los Angeles,*,Parents Association,Campus Resource,*,18821
CA,*,*,Parents Association,Campus Resource,*,107254,,CA,Sacramento,*,Parents Association,Campus Resource,*,21855
CA,*,*,Parents Association,Campus Resource,*,107254,,CA,San Diego,*,Parents Association,Campus Resource,*,10909
CA,*,*,Parents Association,Campus Resource,*,107254,,CA,San Francisco,*,Parents Association,Campus Resource,*,28677
CA,*,*,Trustees Fund,Endowment,*,239255,,CA,Fresno,*,Trustees Fund,Endowment,*,26172
CA,*,*,Trustees Fund,Endowment,*,239255,,CA,Los Angeles,*,Trustees Fund,Endowment,*,61590
CA,*,*,Trustees Fund,Endowment,*,239255,,CA,Sacramento,*,Trustees Fund,Endowment,*,5051
CA,*,*,Trustees Fund,Endowment,*,239255,,CA,San Diego,*,Trustees Fund,Endowment,*,26345
CA,*,*,University Annual Fund,Endowment,*,337253,,CA,Anaheim,*,University Annual Fund,Endowment,*,19853
CA,*,*,University Annual Fund,Endowment,*,337253,,CA,Fresno,*,University Annual Fund,Endowment,*,16061
CA,*,*,University Annual Fund,Endowment,*,337253,,CA,Los Angeles,*,University Annual Fund,Endowment,*,74936
CA,*,*,University Annual Fund,Endowment,*,337253,,CA,Sacramento,*,University Annual Fund,Endowment,*,25470
CA,*,*,University Annual Fund,Endowment,*,337253,,CA,San Diego,*,University Annual Fund,Endowment,*,59857
CA,*,*,University Libraries,Campus Resource,*,68606,,CA,San Diego,*,University Libraries,Campus Resource,*,3885
CO,*,*,Alumni Association,Campus Resource,*,93292.5,,CO,Colorado Springs,*,Alumni Association,Campus Resource,*,7986
CO,*,*,Campus Museums,Campus Resource,*,133813.5,,CO,Colorado Springs,*,Campus Museums,Campus Resource,*,9309
CO,*,*,College of Agriculture and Natural Resources,Scholarship,*,201180.5,,CO,Colorado Springs,*,College of Agriculture and Natural Resources,Scholarship,*,8396
CO,*,*,College of Arts and Sciences,Scholarship,*,262681.5,,CO,Colorado Springs,*,College of Arts and Sciences,Scholarship,*,8151
CO,*,*,College of Business,Scholarship,*,69945.0,,CO,Colorado Springs,*,College of Business,Scholarship,*,17199
CO,*,*,College of Engineering,Scholarship,*,112075.5,,CO,Colorado Springs,*,College of Engineering,Scholarship,*,30636
CO,*,*,College of Music,Scholarship,*,37168.5,,CO,Colorado Springs,*,College of Music,Scholarship,*,4887
CO,*,*,College of Natural Science,Scholarship,*,173459.0,,CO,Colorado Springs,*,College of Natural Science,Scholarship,*,22349
CO,*,*,College of Social Science,Scholarship,*,249646.0,,CO,Colorado Springs,*,College of Social Science,Scholarship,*,16069
CO,*,*,Diversity Fund,Endowment,*,269656.5,,CO,Colorado Springs,*,Diversity Fund,Endowment,*,31185
CO,*,*,Faculty Chair Endowments,Endowment,*,265769.0,,CO,Colorado Springs,*,Faculty Chair Endowments,Endowment,*,34193
CO,*,*,Minority Scholarship Fund,Scholarship,*,85076.5,,CO,Colorado Springs,*,Minority Scholarship Fund,Scholarship,*,3820
CO,*,*,Parents Association,Campus Resource,*,97546.5,,CO,Colorado Springs,*,Parents Association,Campus Resource,*,25572
CO,*,*,Trustees Fund,Endowment,*,220628.0,,CO,Colorado Springs,*,Trustees Fund,Endowment,*,23237
CO,*,*,University Annual Fund,Endowment,*,328901.0,,CO,Colorado Springs,*,University Annual Fund,Endowment,*,32954
CO,*,*,University Libraries,Campus Resource,*,87344.5,,CO,Colorado Springs,*,University Libraries,Campus Resource,*,5074
CT,*,*,Campus Recreation,Campus Resource,*,3607,,CT,Hartford,*,Campus Recreation,Campus Resource,*,1105
CT,*,*,College of Agriculture and Natural Resources,Scholarship,*,29810,,CT,New Haven,*,College of Agriculture and Natural Resources,Scholarship,*,2502
CT,*,*,College of Business,Scholarship,*,26844,,CT,New Haven,*,College of Business,Scholarship,*,8725
CT,*,*,Faculty Chair Endowments,Endowment,*,30186,,CT,New Haven,*,Faculty Chair Endowments,Endowment,*,1106
CT,*,*,University Annual Fund,Endowment,*,59795,,CT,New Haven,*,University Annual Fund,Endowment,*,19300
FL,*,*,Athletics,Campus Resource,*,13857,,FL,Jacksonville,*,Athletics,Campus Resource,*,2245
FL,*,*,Campus Museums,Campus Resource,*,12127,,FL,Miami,*,Campus Museums,Campus Resource,*,1080
FL,*,*,Campus Museums,Campus Resource,*,12127,,FL,Orlando,*,Campus Museums,Campus Resource,*,3263
FL,*,*,Campus Recreation,Campus Resource,*,24064,,FL,Orlando,*,Campus Recreation,Campus Resource,*,5976
FL,*,*,Campus Recreation,Campus Resource,*,24064,,FL,Tallahassee,*,Campus Recreation,Campus Resource,*,2982
FL,*,*,College of Agriculture and Natural Resources,Scholarship,*,84787,,FL,Fort Lauderdale,*,College of Agriculture and Natural Resources,Scholarship,*,5107
FL,*,*,College of Agriculture and Natural Resources,Scholarship,*,84787,,FL,Jacksonville,*,College of Agriculture and Natural Resources,Scholarship,*,7578
FL,*,*,College of Agriculture and Natural Resources,Scholarship,*,84787,,FL,Miami,*,College of Agriculture and Natural Resources,Scholarship,*,25368
FL,*,*,College of Agriculture and Natural Resources,Scholarship,*,84787,,FL,Tallahassee,*,College of Agriculture and Natural Resources,Scholarship,*,17663
FL,*,*,College of Arts and Sciences,Scholarship,*,97705,,FL,Fort Lauderdale,*,College of Arts and Sciences,Scholarship,*,26900
FL,*,*,College of Arts and Sciences,Scholarship,*,97705,,FL,Jacksonville,*,College of Arts and Sciences,Scholarship,*,8450
FL,*,*,College of Arts and Sciences,Scholarship,*,97705,,FL,Miami,*,College of Arts and Sciences,Scholarship,*,29179
FL,*,*,College of Arts and Sciences,Scholarship,*,97705,,FL,Orlando,*,College of Arts and Sciences,Scholarship,*,24456
FL,*,*,College of Arts and Sciences,Scholarship,*,97705,,FL,Tallahassee,*,College of Arts and Sciences,Scholarship,*,8720
FL,*,*,College of Natural Science,Scholarship,*,56256,,FL,Fort Lauderdale,*,College of Natural Science,Scholarship,*,8085
FL,*,*,College of Natural Science,Scholarship,*,56256,,FL,Jacksonville,*,College of Natural Science,Scholarship,*,7534
FL,*,*,College of Natural Science,Scholarship,*,56256,,FL,Miami,*,College of Natural Science,Scholarship,*,11882
FL,*,*,College of Natural Science,Scholarship,*,56256,,FL,Orlando,*,College of Natural Science,Scholarship,*,8530
FL,*,*,College of Political Science,Scholarship,*,9482,,FL,Jacksonville,*,College of Political Science,Scholarship,*,1587
FL,*,*,College of Social Science,Scholarship,*,69502,,FL,Jacksonville,*,College of Social Science,Scholarship,*,14156
FL,*,*,College of Social Science,Scholarship,*,69502,,FL,Tallahassee,*,College of Social Science,Scholarship,*,794
FL,*,*,Diversity Fund,Endowment,*,156782,,FL,Fort Lauderdale,*,Diversity Fund,Endowment,*,3896
FL,*,*,Diversity Fund,Endowment,*,156782,,FL,Jacksonville,*,Diversity Fund,Endowment,*,27672
FL,*,*,Diversity Fund,Endowment,*,156782,,FL,Miami,*,Diversity Fund,Endowment,*,48116
FL,*,*,Diversity Fund,Endowment,*,156782,,FL,Orlando,*,Diversity Fund,Endowment,*,38724
FL,*,*,Diversity Fund,Endowment,*,156782,,FL,Tallahassee,*,Diversity Fund,Endowment,*,38374
FL,*,*,Faculty Chair Endowments,Endowment,*,64032,,FL,Tallahassee,*,Faculty Chair Endowments,Endowment,*,8819
FL,*,*,Honors Program,Campus Resource,*,29724,,FL,Jacksonville,*,Honors Program,Campus Resource,*,9582
FL,*,*,Honors Program,Campus Resource,*,29724,,FL,Miami,*,Honors Program,Campus Resource,*,9717
FL,*,*,Honors Program,Campus Resource,*,29724,,FL,Orlando,*,Honors Program,Campus Resource,*,1606
FL,*,*,Honors Program,Campus Resource,*,29724,,FL,Tallahassee,*,Honors Program,Campus Resource,*,8819
FL,*,*,Minority Scholarship Fund,Scholarship,*,76129,,FL,Jacksonville,*,Minority Scholarship Fund,Scholarship,*,2553
FL,*,*,Minority Scholarship Fund,Scholarship,*,76129,,FL,Tallahassee,*,Minority Scholarship Fund,Scholarship,*,14239
FL,*,*,Parents Association,Campus Resource,*,26519,,FL,Jacksonville,*,Parents Association,Campus Resource,*,1556
FL,*,*,Trustees Fund,Endowment,*,124815,,FL,Jacksonville,*,Trustees Fund,Endowment,*,18416
FL,*,*,Trustees Fund,Endowment,*,124815,,FL,Miami,*,Trustees Fund,Endowment,*,31183
FL,*,*,Trustees Fund,Endowment,*,124815,,FL,Orlando,*,Trustees Fund,Endowment,*,39907
FL,*,*,Trustees Fund,Endowment,*,124815,,FL,Tallahassee,*,Trustees Fund,Endowment,*,35309
FL,*,*,University Annual Fund,Endowment,*,179714,,FL,Fort Lauderdale,*,University Annual Fund,Endowment,*,4018
FL,*,*,University Annual Fund,Endowment,*,179714,,FL,Jacksonville,*,University Annual Fund,Endowment,*,19966
FL,*,*,University Annual Fund,Endowment,*,179714,,FL,Miami,*,University Annual Fund,Endowment,*,42441
FL,*,*,University Annual Fund,Endowment,*,179714,,FL,Orlando,*,University Annual Fund,Endowment,*,42245
FL,*,*,University Libraries,Campus Resource,*,19962,,FL,Orlando,*,University Libraries,Campus Resource,*,41
GA,*,*,College of Agriculture and Natural Resources,Scholarship,*,20564,,GA,Savannah,*,College of Agriculture and Natural Resources,Scholarship,*,36
GA,*,*,College of Arts and Sciences,Scholarship,*,32231,,GA,Atlanta,*,College of Arts and Sciences,Scholarship,*,6399
GA,*,*,College of Natural Science,Scholarship,*,57373,,GA,Savannah,*,College of Natural Science,Scholarship,*,14707
GA,*,*,College of Social Science,Scholarship,*,11411,,GA,Savannah,*,College of Social Science,Scholarship,*,3180
GA,*,*,Diversity Fund,Endowment,*,32594,,GA,Savannah,*,Diversity Fund,Endowment,*,8801
GA,*,*,University Annual Fund,Endowment,*,61993,,GA,Savannah,*,University Annual Fund,Endowment,*,14803
IA,*,*,College of Social Science,Scholarship,*,14837,,IA,Des Moines,*,College of Social Science,Scholarship,*,1587
IA,*,*,Faculty Chair Endowments,Endowment,*,5396,,IA,Des Moines,*,Faculty Chair Endowments,Endowment,*,383
IA,*,*,In-State Scholarship Fund,Scholarship,*,10393,,IA,Cedar Rapids,*,In-State Scholarship Fund,Scholarship,*,3267
IA,*,*,University Annual Fund,Endowment,*,16987,,IA,Des Moines,*,University Annual Fund,Endowment,*,1587
IA,*,*,University Libraries,Campus Resource,*,9880,,IA,Cedar Rapids,*,University Libraries,Campus Resource,*,3024
IL,*,*,Alumni Association,Campus Resource,*,24333,,IL,Springfield,*,Alumni Association,Campus Resource,*,2877
IL,*,*,Athletics,Campus Resource,*,71156,,IL,Naperville,*,Athletics,Campus Resource,*,12318
IL,*,*,College of Agriculture and Natural Resources,Scholarship,*,29668,,IL,Naperville,*,College of Agriculture and Natural Resources,Scholarship,*,1780
IL,*,*,College of Agriculture and Natural Resources,Scholarship,*,29668,,IL,Springfield,*,College of Agriculture and Natural Resources,Scholarship,*,4962
IL,*,*,College of Arts and Sciences,Scholarship,*,85892,,IL,Naperville,*,College of Arts and Sciences,Scholarship,*,8685
IL,*,*,College of Education,Scholarship,*,21416,,IL,Springfield,*,College of Education,Scholarship,*,6838
IL,*,*,College of Natural Science,Scholarship,*,116028,,IL,Naperville,*,College of Natural Science,Scholarship,*,8979
IL,*,*,College of Social Science,Scholarship,*,52444,,IL,Springfield,*,College of Social Science,Scholarship,*,2002
IL,*,*,Diversity Fund,Endowment,*,544105,,IL,Springfield,*,Diversity Fund,Endowment,*,14548
IL,*,*,Faculty Chair Endowments,Endowment,*,88928,,IL,Naperville,*,Faculty Chair Endowments,Endowment,*,16355
IL,*,*,Trustees Fund,Endowment,*,100214,,IL,Naperville,*,Trustees Fund,Endowment,*,27989
IL,*,*,Trustees Fund,Endowment,*,100214,,IL,Springfield,*,Trustees Fund,Endowment,*,6313
IL,*,*,University Annual Fund,Endowment,*,78478,,IL,Naperville,*,University Annual Fund,Endowment,*,7275
IL,*,*,University Annual Fund,Endowment,*,78478,,IL,Springfield,*,University Annual Fund,Endowment,*,15159
KS,*,*,Alumni Association,Campus Resource,*,6708,,KS,Kansas City,*,Alumni Association,Campus Resource,*,1454
KS,*,*,Alumni Association,Campus Resource,*,6708,,KS,Overland Park,*,Alumni Association,Campus Resource,*,605
KS,*,*,Athletics,Campus Resource,*,21099,,KS,Overland Park,*,Athletics,Campus Resource,*,4875
KS,*,*,Campus Museums,Campus Resource,*,32616,,KS,Wichita,*,Campus Museums,Campus Resource,*,7047
KS,*,*,Campus Recreation,Campus Resource,*,4954,,KS,Overland Park,*,Campus Recreation,Campus Resource,*,714
KS,*,*,College of Agriculture and Natural Resources,Scholarship,*,17456,,KS,Wichita,*,College of Agriculture and Natural Resources,Scholarship,*,4258
KS,*,*,College of Arts and Sciences,Scholarship,*,49755,,KS,Wichita,*,College of Arts and Sciences,Scholarship,*,6405
KS,*,*,College of Natural Science,Scholarship,*,58837,,KS,Kansas City,*,College of Natural Science,Scholarship,*,6779
KS,*,*,College of Social Science,Scholarship,*,79039,,KS,Wichita,*,College of Social Science,Scholarship,*,3691
KS,*,*,Diversity Fund,Endowment,*,51204,,KS,Kansas City,*,Diversity Fund,Endowment,*,13152
KS,*,*,Diversity Fund,Endowment,*,51204,,KS,Overland Park,*,Diversity Fund,Endowment,*,9329
KS,*,*,Faculty Chair Endowments,Endowment,*,51824,,KS,Kansas City,*,Faculty Chair Endowments,Endowment,*,15013
KS,*,*,Faculty Chair Endowments,Endowment,*,51824,,KS,Wichita,*,Faculty Chair Endowments,Endowment,*,8941
KS,*,*,Honors Program,Campus Resource,*,28247,,KS,Kansas City,*,Honors Program,Campus Resource,*,6197
KS,*,*,Trustees Fund,Endowment,*,37246,,KS,Kansas City,*,Trustees Fund,Endowment,*,8352
KS,*,*,Trustees Fund,Endowment,*,37246,,KS,Wichita,*,Trustees Fund,Endowment,*,8337
KS,*,*,University Annual Fund,Endowment,*,53428,,KS,Kansas City,*,University Annual Fund,Endowment,*,368
KY,*,*,College of Arts and Sciences,Scholarship,*,10405,,KY,Lexington,*,College of Arts and Sciences,Scholarship,*,936
KY,*,*,College of Natural Science,Scholarship,*,33070,,KY,Lexington,*,College of Natural Science,Scholarship,*,4238
KY,*,*,Faculty Chair Endowments,Endowment,*,39444,,KY,Lexington,*,Faculty Chair Endowments,Endowment,*,12917
KY,*,*,Parents Association,Campus Resource,*,12306,,KY,Lexington,*,Parents Association,Campus Resource,*,2639
LA,*,*,Faculty Chair Endowments,Endowment,*,36293,,LA,New Orleans,*,Faculty Chair Endowments,Endowment,*,7610
MI,*,*,Alumni Association,Campus Resource,*,17572,,MI,Lansing,*,Alumni Association,Campus Resource,*,1967
MI,*,*,Campus Museums,Campus Resource,*,48289,,MI,Lansing,*,Campus Museums,Campus Resource,*,6361
MI,*,*,College of Agriculture and Natural Resources,Scholarship,*,30030,,MI,Grand Rapids,*,College of Agriculture and Natural Resources,Scholarship,*,9396
MI,*,*,College of Agriculture and Natural Resources,Scholarship,*,30030,,MI,Lansing,*,College of Agriculture and Natural Resources,Scholarship,*,8963
MI,*,*,College of Arts and Sciences,Scholarship,*,60170,,MI,Lansing,*,College of Arts and Sciences,Scholarship,*,4228
MI,*,*,College of Business,Scholarship,*,17568,,MI,Grand Rapids,*,College of Business,Scholarship,*,3207
MI,*,*,College of Engineering,Scholarship,*,21561,,MI,Lansing,*,College of Engineering,Scholarship,*,5384
MI,*,*,College of Natural Science,Scholarship,*,80393,,MI,Grand Rapids,*,College of Natural Science,Scholarship,*,4022
MI,*,*,College of Social Science,Scholarship,*,19279,,MI,Detroit,*,College of Social Science,Scholarship,*,816
MI,*,*,Diversity Fund,Endowment,*,61358,,MI,Detroit,*,Diversity Fund,Endowment,*,15780
MI,*,*,Diversity Fund,Endowment,*,61358,,MI,Grand Rapids,*,Diversity Fund,Endowment,*,12768
MI,*,*,Faculty Chair Endowments,Endowment,*,90523,,MI,Grand Rapids,*,Faculty Chair Endowments,Endowment,*,14482
MI,*,*,Honors Program,Campus Resource,*,43972,,MI,Lansing,*,Honors Program,Campus Resource,*,13422
MI,*,*,In-State Scholarship Fund,Scholarship,*,33647,,MI,Lansing,*,In-State Scholarship Fund,Scholarship,*,9364
MI,*,*,Trustees Fund,Endowment,*,118279,,MI,Grand Rapids,*,Trustees Fund,Endowment,*,11288
MI,*,*,University Annual Fund,Endowment,*,65645,,MI,Detroit,*,University Annual Fund,Endowment,*,14431
MI,*,*,University Annual Fund,Endowment,*,65645,,MI,Grand Rapids,*,University Annual Fund,Endowment,*,18347
MN,*,*,Campus Museums,Campus Resource,*,7578,,MN,Minneapolis,*,Campus Museums,Campus Resource,*,740
MN,*,*,Diversity Fund,Endowment,*,6865,,MN,St. Paul,*,Diversity Fund,Endowment,*,1047
MN,*,*,Faculty Chair Endowments,Endowment,*,33199,,MN,St. Paul,*,Faculty Chair Endowments,Endowment,*,3438
MO,*,*,Campus Recreation,Campus Resource,*,7885,,MO,St. Louis,*,Campus Recreation,Campus Resource,*,267
MO,*,*,College of Agriculture and Natural Resources,Scholarship,*,48517,,MO,St. Louis,*,College of Agriculture and Natural Resources,Scholarship,*,10800
MO,*,*,College of Arts and Sciences,Scholarship,*,48758,,MO,St. Louis,*,College of Arts and Sciences,Scholarship,*,6965
MO,*,*,College of Communication Arts and Sciences,Scholarship,*,7731,,MO,St. Louis,*,College of Communication Arts and Sciences,Scholarship,*,149
MO,*,*,College of Education,Scholarship,*,7210,,MO,St. Louis,*,College of Education,Scholarship,*,1715
MO,*,*,College of Natural Science,Scholarship,*,282900,,MO,Kansas City,*,College of Natural Science,Scholarship,*,36718
MO,*,*,College of Social Science,Scholarship,*,17202,,MO,Kansas City,*,College of Social Science,Scholarship,*,4985
MO,*,*,Faculty Chair Endowments,Endowment,*,56104,,MO,St. Louis,*,Faculty Chair Endowments,Endowment,*,11987
MO,*,*,Honors Program,Campus Resource,*,18967,,MO,St. Louis,*,Honors Program,Campus Resource,*,6195
MO,*,*,In-State Scholarship Fund,Scholarship,*,21678,,MO,Kansas City,*,In-State Scholarship Fund,Scholarship,*,3677
MO,*,*,Parents Association,Campus Resource,*,3390,,MO,St. Louis,*,Parents Association,Campus Resource,*,345
MO,*,*,University Libraries,Campus Resource,*,26688,,MO,Kansas City,*,University Libraries,Campus Resource,*,1906
NC,*,*,Alumni Association,Campus Resource,*,44414,,NC,Durham,*,Alumni Association,Campus Resource,*,6378
NC,*,*,Alumni Association,Campus Resource,*,44414,,NC,Raleigh,*,Alumni Association,Campus Resource,*,11005
NC,*,*,Athletics,Campus Resource,*,13450,,NC,Charlotte,*,Athletics,Campus Resource,*,3514
NC,*,*,Campus Recreation,Campus Resource,*,21570,,NC,Raleigh,*,Campus Recreation,Campus Resource,*,2808
NC,*,*,College of Arts and Sciences,Scholarship,*,27866,,NC,Charlotte,*,College of Arts and Sciences,Scholarship,*,6288
NC,*,*,College of Arts and Sciences,Scholarship,*,27866,,NC,Durham,*,College of Arts and Sciences,Scholarship,*,3784
NC,*,*,College of Arts and Sciences,Scholarship,*,27866,,NC,Raleigh,*,College of Arts and Sciences,Scholarship,*,5543
NC,*,*,College of Communication Arts and Sciences,Scholarship,*,29354,,NC,Charlotte,*,College of Communication Arts and Sciences,Scholarship,*,9277
NC,*,*,College of Communication Arts and Sciences,Scholarship,*,29354,,NC,Durham,*,College of Communication Arts and Sciences,Scholarship,*,9626
NC,*,*,College of Communication Arts and Sciences,Scholarship,*,29354,,NC,Raleigh,*,College of Communication Arts and Sciences,Scholarship,*,2872
NC,*,*,College of Communication Arts and Sciences,Scholarship,*,29354,,NC,Winston-salem,*,College of Communication Arts and Sciences,Scholarship,*,7579
NC,*,*,College of Education,Scholarship,*,13899,,NC,Durham,*,College of Education,Scholarship,*,4607
NC,*,*,College of Engineering,Scholarship,*,11225,,NC,Durham,*,College of Engineering,Scholarship,*,1362
NC,*,*,College of Natural Science,Scholarship,*,22185,,NC,Durham,*,College of Natural Science,Scholarship,*,7374
NC,*,*,College of Natural Science,Scholarship,*,22185,,NC,Raleigh,*,College of Natural Science,Scholarship,*,584
NC,*,*,College of Nursing,Scholarship,*,7314,,NC,Durham,*,College of Nursing,Scholarship,*,267
NC,*,*,College of Social Science,Scholarship,*,57910,,NC,Charlotte,*,College of Social Science,Scholarship,*,15168
NC,*,*,Diversity Fund,Endowment,*,55389,,NC,Charlotte,*,Diversity Fund,Endowment,*,10955
NC,*,*,Diversity Fund,Endowment,*,55389,,NC,Durham,*,Diversity Fund,Endowment,*,9990
NC,*,*,Faculty Chair Endowments,Endowment,*,89282,,NC,Raleigh,*,Faculty Chair Endowments,Endowment,*,8181
NC,*,*,Honors Program,Campus Resource,*,22575,,NC,Raleigh,*,Honors Program,Campus Resource,*,83
NC,*,*,Minority Scholarship Fund,Scholarship,*,29402,,NC,Raleigh,*,Minority Scholarship Fund,Scholarship,*,7292
NC,*,*,Trustees Fund,Endowment,*,49091,,NC,Charlotte,*,Trustees Fund,Endowment,*,103
NC,*,*,University Annual Fund,Endowment,*,43603,,NC,Raleigh,*,University Annual Fund,Endowment,*,9490
NE,*,*,Campus Museums,Campus Resource,*,16618,,NE,Omaha,*,Campus Museums,Campus Resource,*,4738
NE,*,*,Campus Recreation,Campus Resource,*,6396,,NE,Omaha,*,Campus Recreation,Campus Resource,*,19
NE,*,*,College of Agriculture and Natural Resources,Scholarship,*,8555,,NE,Omaha,*,College of Agriculture and Natural Resources,Scholarship,*,2209
NE,*,*,Diversity Fund,Endowment,*,24838,,NE,Lincoln,*,Diversity Fund,Endowment,*,3648
NE,*,*,In-State Scholarship Fund,Scholarship,*,18285,,NE,Lincoln,*,In-State Scholarship Fund,Scholarship,*,417
NE,*,*,Minority Scholarship Fund,Scholarship,*,25103,,NE,Omaha,*,Minority Scholarship Fund,Scholarship,*,7897
NV,*,*,Athletics,Campus Resource,*,14971,,NV,Henderson,*,Athletics,Campus Resource,*,434
NV,*,*,Campus Recreation,Campus Resource,*,15096,,NV,North Las Vegas,*,Campus Recreation,Campus Resource,*,307
NV,*,*,College of Agriculture and Natural Resources,Scholarship,*,33841,,NV,Reno,*,College of Agriculture and Natural Resources,Scholarship,*,5385
NV,*,*,College of Arts and Sciences,Scholarship,*,48081,,NV,North Las Vegas,*,College of Arts and Sciences,Scholarship,*,13535
NV,*,*,College of Engineering,Scholarship,*,6821,,NV,Las Vegas,*,College of Engineering,Scholarship,*,1758
NV,*,*,College of Natural Science,Scholarship,*,20017,,NV,Henderson,*,College of Natural Science,Scholarship,*,2966
NV,*,*,College of Social Science,Scholarship,*,23279,,NV,North Las Vegas,*,College of Social Science,Scholarship,*,6474
NV,*,*,Diversity Fund,Endowment,*,36849,,NV,Henderson,*,Diversity Fund,Endowment,*,8704
NV,*,*,Diversity Fund,Endowment,*,36849,,NV,North Las Vegas,*,Diversity Fund,Endowment,*,6676
NV,*,*,Diversity Fund,Endowment,*,36849,,NV,Reno,*,Diversity Fund,Endowment,*,4658
NV,*,*,Faculty Chair Endowments,Endowment,*,42151,,NV,Las Vegas,*,Faculty Chair Endowments,Endowment,*,8860
NV,*,*,Faculty Chair Endowments,Endowment,*,42151,,NV,Reno,*,Faculty Chair Endowments,Endowment,*,10437
NV,*,*,Parents Association,Campus Resource,*,51480,,NV,Henderson,*,Parents Association,Campus Resource,*,2898
NV,*,*,Parents Association,Campus Resource,*,51480,,NV,Reno,*,Parents Association,Campus Resource,*,13732
NV,*,*,Trustees Fund,Endowment,*,58575,,NV,Las Vegas,*,Trustees Fund,Endowment,*,15276
NV,*,*,Trustees Fund,Endowment,*,58575,,NV,Reno,*,Trustees Fund,Endowment,*,6733
NV,*,*,University Annual Fund,Endowment,*,52159,,NV,Las Vegas,*,University Annual Fund,Endowment,*,9640
NV,*,*,University Annual Fund,Endowment,*,52159,,NV,North Las Vegas,*,University Annual Fund,Endowment,*,16071
NV,*,*,University Annual Fund,Endowment,*,52159,,NV,Reno,*,University Annual Fund,Endowment,*,4948
NY,*,*,Alumni Association,Campus Resource,*,34395,,NY,Syracuse,*,Alumni Association,Campus Resource,*,1367
NY,*,*,Athletics,Campus Resource,*,50048,,NY,Syracuse,*,Athletics,Campus Resource,*,1920
NY,*,*,College of Agriculture and Natural Resources,Scholarship,*,50596,,NY,Rochester,*,College of Agriculture and Natural Resources,Scholarship,*,3496
NY,*,*,College of Arts and Sciences,Scholarship,*,83531,,NY,Rochester,*,College of Arts and Sciences,Scholarship,*,7753
NY,*,*,College of Arts and Sciences,Scholarship,*,83531,,NY,Syracuse,*,College of Arts and Sciences,Scholarship,*,3896
NY,*,*,College of Natural Science,Scholarship,*,110195,,NY,Rochester,*,College of Natural Science,Scholarship,*,22852
NY,*,*,College of Natural Science,Scholarship,*,110195,,NY,Syracuse,*,College of Natural Science,Scholarship,*,6032
NY,*,*,College of Social Science,Scholarship,*,60806,,NY,Syracuse,*,College of Social Science,Scholarship,*,14764
NY,*,*,Diversity Fund,Endowment,*,106355,,NY,Syracuse,*,Diversity Fund,Endowment,*,5870
NY,*,*,Faculty Chair Endowments,Endowment,*,89711,,NY,Rochester,*,Faculty Chair Endowments,Endowment,*,15330
NY,*,*,Faculty Chair Endowments,Endowment,*,89711,,NY,Syracuse,*,Faculty Chair Endowments,Endowment,*,6862
NY,*,*,In-State Scholarship Fund,Scholarship,*,54809,,NY,Rochester,*,In-State Scholarship Fund,Scholarship,*,14190
NY,*,*,In-State Scholarship Fund,Scholarship,*,54809,,NY,Syracuse,*,In-State Scholarship Fund,Scholarship,*,5656
NY,*,*,Minority Scholarship Fund,Scholarship,*,21505,,NY,Syracuse,*,Minority Scholarship Fund,Scholarship,*,1812
NY,*,*,Trustees Fund,Endowment,*,55343,,NY,Rochester,*,Trustees Fund,Endowment,*,4164
NY,*,*,Trustees Fund,Endowment,*,55343,,NY,Syracuse,*,Trustees Fund,Endowment,*,1707
NY,*,*,University Annual Fund,Endowment,*,135597,,NY,Rochester,*,University Annual Fund,Endowment,*,30413
NY,*,*,University Annual Fund,Endowment,*,135597,,NY,Syracuse,*,University Annual Fund,Endowment,*,2464
NY,*,*,University Libraries,Campus Resource,*,21926,,NY,Rochester,*,University Libraries,Campus Resource,*,2576
OH,*,*,College of Agriculture and Natural Resources,Scholarship,*,46633,,OH,Cleveland,*,College of Agriculture and Natural Resources,Scholarship,*,8538
OH,*,*,College of Arts and Sciences,Scholarship,*,50260,,OH,Cleveland,*,College of Arts and Sciences,Scholarship,*,14500
OH,*,*,College of Music,Scholarship,*,21600,,OH,Cleveland,*,College of Music,Scholarship,*,6757
OH,*,*,College of Natural Science,Scholarship,*,112293,,OH,Cleveland,*,College of Natural Science,Scholarship,*,11183
OH,*,*,College of Social Science,Scholarship,*,56558,,OH,Cleveland,*,College of Social Science,Scholarship,*,1793
OH,*,*,Diversity Fund,Endowment,*,32658,,OH,Cleveland,*,Diversity Fund,Endowment,*,7050
OH,*,*,Faculty Chair Endowments,Endowment,*,78440,,OH,Cleveland,*,Faculty Chair Endowments,Endowment,*,7928
OH,*,*,Trustees Fund,Endowment,*,56615,,OH,Cleveland,*,Trustees Fund,Endowment,*,14374
OH,*,*,University Annual Fund,Endowment,*,94282,,OH,Cleveland,*,University Annual Fund,Endowment,*,21242
OK,*,*,Campus Museums,Campus Resource,*,24024,,OK,Tulsa,*,Campus Museums,Campus Resource,*,5901
OK,*,*,Honors Program,Campus Resource,*,17636,,OK,Tulsa,*,Honors Program,Campus Resource,*,5275
OR,*,*,Athletics,Campus Resource,*,16777,,OR,Eugene,*,Athletics,Campus Resource,*,3564
OR,*,*,Campus Museums,Campus Resource,*,15674,,OR,Portland,*,Campus Museums,Campus Resource,*,1395
OR,*,*,Campus Museums,Campus Resource,*,15674,,OR,Salem,*,Campus Museums,Campus Resource,*,3724
OR,*,*,College of Social Science,Scholarship,*,34281,,OR,Portland,*,College of Social Science,Scholarship,*,3254
OR,*,*,Honors Program,Campus Resource,*,12953,,OR,Portland,*,Honors Program,Campus Resource,*,4269
OR,*,*,In-State Scholarship Fund,Scholarship,*,16524,,OR,Portland,*,In-State Scholarship Fund,Scholarship,*,4256
OR,*,*,In-State Scholarship Fund,Scholarship,*,16524,,OR,Salem,*,In-State Scholarship Fund,Scholarship,*,3978
OR,*,*,Trustees Fund,Endowment,*,31154,,OR,Eugene,*,Trustees Fund,Endowment,*,4839
OR,*,*,Trustees Fund,Endowment,*,31154,,OR,Salem,*,Trustees Fund,Endowment,*,10056
OR,*,*,University Annual Fund,Endowment,*,34989,,OR,Eugene,*,University Annual Fund,Endowment,*,7398
OR,*,*,University Annual Fund,Endowment,*,34989,,OR,Salem,*,University Annual Fund,Endowment,*,8133
OR,*,*,University Libraries,Campus Resource,*,20833,,OR,Salem,*,University Libraries,Campus Resource,*,5309
PA,*,*,Diversity Fund,Endowment,*,13578,,PA,Pittsburgh,*,Diversity Fund,Endowment,*,2162
PA,*,*,Faculty Chair Endowments,Endowment,*,42215,,PA,Pittsburgh,*,Faculty Chair Endowments,Endowment,*,10848
PA,*,*,Parents Association,Campus Resource,*,23516,,PA,Pittsburgh,*,Parents Association,Campus Resource,*,7126
PA,*,*,Trustees Fund,Endowment,*,11837,,PA,Pittsburgh,*,Trustees Fund,Endowment,*,662
SC,*,*,College of Arts and Sciences,Scholarship,*,30014,,SC,Charleston,*,College of Arts and Sciences,Scholarship,*,3468
SC,*,*,College of Communication Arts and Sciences,Scholarship,*,27493,,SC,Charleston,*,College of Communication Arts and Sciences,Scholarship,*,6519
SC,*,*,Diversity Fund,Endowment,*,16834,,SC,Columbia,*,Diversity Fund,Endowment,*,1742
SC,*,*,Parents Association,Campus Resource,*,13459,,SC,Columbia,*,Parents Association,Campus Resource,*,1162
TN,*,*,Alumni Association,Campus Resource,*,32586,,TN,Memphis,*,Alumni Association,Campus Resource,*,8315
TN,*,*,Campus Museums,Campus Resource,*,26293,,TN,Knoxville,*,Campus Museums,Campus Resource,*,3897
TN,*,*,Campus Museums,Campus Resource,*,26293,,TN,Murfreesboro,*,Campus Museums,Campus Resource,*,7242
TN,*,*,Campus Recreation,Campus Resource,*,39407,,TN,Knoxville,*,Campus Recreation,Campus Resource,*,9483
TN,*,*,College of Agriculture and Natural Resources,Scholarship,*,71774,,TN,Knoxville,*,College of Agriculture and Natural Resources,Scholarship,*,15809
TN,*,*,College of Agriculture and Natural Resources,Scholarship,*,71774,,TN,Murfreesboro,*,College of Agriculture and Natural Resources,Scholarship,*,8199
TN,*,*,College of Agriculture and Natural Resources,Scholarship,*,71774,,TN,Nashville,*,College of Agriculture and Natural Resources,Scholarship,*,8523
TN,*,*,College of Arts and Sciences,Scholarship,*,77055,,TN,Knoxville,*,College of Arts and Sciences,Scholarship,*,7181
TN,*,*,College of Arts and Sciences,Scholarship,*,77055,,TN,Nashville,*,College of Arts and Sciences,Scholarship,*,3870
TN,*,*,College of Natural Science,Scholarship,*,39266,,TN,Knoxville,*,College of Natural Science,Scholarship,*,11676
TN,*,*,College of Natural Science,Scholarship,*,39266,,TN,Nashville,*,College of Natural Science,Scholarship,*,8782
TN,*,*,College of Political Science,Scholarship,*,17840,,TN,Nashville,*,College of Political Science,Scholarship,*,5129
TN,*,*,College of Social Science,Scholarship,*,48199,,TN,Knoxville,*,College of Social Science,Scholarship,*,7344
TN,*,*,Diversity Fund,Endowment,*,66817,,TN,Knoxville,*,Diversity Fund,Endowment,*,1577
TN,*,*,Diversity Fund,Endowment,*,66817,,TN,Nashville,*,Diversity Fund,Endowment,*,4877
TN,*,*,Faculty Chair Endowments,Endowment,*,39625,,TN,Knoxville,*,Faculty Chair Endowments,Endowment,*,5554
TN,*,*,Honors Program,Campus Resource,*,28060,,TN,Nashville,*,Honors Program,Campus Resource,*,4032
TN,*,*,Parents Association,Campus Resource,*,13569,,TN,Knoxville,*,Parents Association,Campus Resource,*,1316
TN,*,*,Trustees Fund,Endowment,*,34904,,TN,Knoxville,*,Trustees Fund,Endowment,*,8955
TN,*,*,University Annual Fund,Endowment,*,23588,,TN,Knoxville,*,University Annual Fund,Endowment,*,1215
TN,*,*,University Libraries,Campus Resource,*,39078,,TN,Knoxville,*,University Libraries,Campus Resource,*,9367
TN,*,*,University Libraries,Campus Resource,*,39078,,TN,Nashville,*,University Libraries,Campus Resource,*,7916
TX,*,*,Alumni Association,Campus Resource,*,30261,,TX,Houston,*,Alumni Association,Campus Resource,*,5687
TX,*,*,Athletics,Campus Resource,*,71547,,TX,Amarillo,*,Athletics,Campus Resource,*,14870
TX,*,*,Athletics,Campus Resource,*,71547,,TX,Austin,*,Athletics,Campus Resource,*,13693
TX,*,*,Athletics,Campus Resource,*,71547,,TX,El Paso,*,Athletics,Campus Resource,*,13848
TX,*,*,Athletics,Campus Resource,*,71547,,TX,Houston,*,Athletics,Campus Resource,*,18923
TX,*,*,Athletics,Campus Resource,*,71547,,TX,San Antonio,*,Athletics,Campus Resource,*,10213
TX,*,*,Campus Museums,Campus Resource,*,50621,,TX,Austin,*,Campus Museums,Campus Resource,*,9060
TX,*,*,Campus Museums,Campus Resource,*,50621,,TX,El Paso,*,Campus Museums,Campus Resource,*,4939
TX,*,*,Campus Recreation,Campus Resource,*,74899,,TX,Houston,*,Campus Recreation,Campus Resource,*,1411
TX,*,*,Campus Recreation,Campus Resource,*,74899,,TX,San Antonio,*,Campus Recreation,Campus Resource,*,19387
TX,*,*,College of Agriculture and Natural Resources,Scholarship,*,100917,,TX,Amarillo,*,College of Agriculture and Natural Resources,Scholarship,*,18061
TX,*,*,College of Agriculture and Natural Resources,Scholarship,*,100917,,TX,Austin,*,College of Agriculture and Natural Resources,Scholarship,*,22141
TX,*,*,College of Agriculture and Natural Resources,Scholarship,*,100917,,TX,El Paso,*,College of Agriculture and Natural Resources,Scholarship,*,11076
TX,*,*,College of Agriculture and Natural Resources,Scholarship,*,100917,,TX,Houston,*,College of Agriculture and Natural Resources,Scholarship,*,14701
TX,*,*,College of Arts and Sciences,Scholarship,*,103585,,TX,Austin,*,College of Arts and Sciences,Scholarship,*,21545
TX,*,*,College of Arts and Sciences,Scholarship,*,103585,,TX,San Antonio,*,College of Arts and Sciences,Scholarship,*,3903
TX,*,*,College of Education,Scholarship,*,34643,,TX,El Paso,*,College of Education,Scholarship,*,4251
TX,*,*,College of Education,Scholarship,*,34643,,TX,Houston,*,College of Education,Scholarship,*,7490
TX,*,*,College of Engineering,Scholarship,*,58117,,TX,Amarillo,*,College of Engineering,Scholarship,*,17453
TX,*,*,College of Engineering,Scholarship,*,58117,,TX,Dallas,*,College of Engineering,Scholarship,*,15544
TX,*,*,College of Music,Scholarship,*,9689,,TX,Amarillo,*,College of Music,Scholarship,*,2372
TX,*,*,College of Music,Scholarship,*,9689,,TX,Austin,*,College of Music,Scholarship,*,2633
TX,*,*,College of Natural Science,Scholarship,*,141549,,TX,Amarillo,*,College of Natural Science,Scholarship,*,1207
TX,*,*,College of Natural Science,Scholarship,*,141549,,TX,Austin,*,College of Natural Science,Scholarship,*,44238
TX,*,*,College of Natural Science,Scholarship,*,141549,,TX,El Paso,*,College of Natural Science,Scholarship,*,7315
TX,*,*,College of Natural Science,Scholarship,*,141549,,TX,Houston,*,College of Natural Science,Scholarship,*,36216
TX,*,*,College of Natural Science,Scholarship,*,141549,,TX,San Antonio,*,College of Natural Science,Scholarship,*,5020
TX,*,*,College of Political Science,Scholarship,*,15735,,TX,Austin,*,College of Political Science,Scholarship,*,4607
TX,*,*,College of Political Science,Scholarship,*,15735,,TX,El Paso,*,College of Political Science,Scholarship,*,724
TX,*,*,College of Political Science,Scholarship,*,15735,,TX,San Antonio,*,College of Political Science,Scholarship,*,4123
TX,*,*,College of Social Science,Scholarship,*,101594,,TX,Amarillo,*,College of Social Science,Scholarship,*,3766
TX,*,*,College of Social Science,Scholarship,*,101594,,TX,Austin,*,College of Social Science,Scholarship,*,7244
TX,*,*,College of Social Science,Scholarship,*,101594,,TX,El Paso,*,College of Social Science,Scholarship,*,11555
TX,*,*,College of Social Science,Scholarship,*,101594,,TX,Houston,*,College of Social Science,Scholarship,*,21455
TX,*,*,College of Social Science,Scholarship,*,101594,,TX,San Antonio,*,College of Social Science,Scholarship,*,2070
TX,*,*,Diversity Fund,Endowment,*,182765,,TX,Amarillo,*,Diversity Fund,Endowment,*,6959
TX,*,*,Diversity Fund,Endowment,*,182765,,TX,Austin,*,Diversity Fund,Endowment,*,21988
TX,*,*,Diversity Fund,Endowment,*,182765,,TX,Dallas,*,Diversity Fund,Endowment,*,28635
TX,*,*,Diversity Fund,Endowment,*,182765,,TX,El Paso,*,Diversity Fund,Endowment,*,9446
TX,*,*,Diversity Fund,Endowment,*,182765,,TX,San Antonio,*,Diversity Fund,Endowment,*,32111
TX,*,*,Faculty Chair Endowments,Endowment,*,160082,,TX,Amarillo,*,Faculty Chair Endowments,Endowment,*,20944
TX,*,*,Faculty Chair Endowments,Endowment,*,160082,,TX,Austin,*,Faculty Chair Endowments,Endowment,*,26479
TX,*,*,Faculty Chair Endowments,Endowment,*,160082,,TX,El Paso,*,Faculty Chair Endowments,Endowment,*,724
TX,*,*,Faculty Chair Endowments,Endowment,*,160082,,TX,Houston,*,Faculty Chair Endowments,Endowment,*,30803
TX,*,*,Faculty Chair Endowments,Endowment,*,160082,,TX,San Antonio,*,Faculty Chair Endowments,Endowment,*,8971
TX,*,*,Honors Program,Campus Resource,*,79300,,TX,Dallas,*,Honors Program,Campus Resource,*,11446
TX,*,*,Honors Program,Campus Resource,*,79300,,TX,San Antonio,*,Honors Program,Campus Resource,*,169
TX,*,*,In-State Scholarship Fund,Scholarship,*,61102,,TX,Amarillo,*,In-State Scholarship Fund,Scholarship,*,4784
TX,*,*,In-State Scholarship Fund,Scholarship,*,61102,,TX,Austin,*,In-State Scholarship Fund,Scholarship,*,9990
TX,*,*,In-State Scholarship Fund,Scholarship,*,61102,,TX,Dallas,*,In-State Scholarship Fund,Scholarship,*,2031
TX,*,*,In-State Scholarship Fund,Scholarship,*,61102,,TX,El Paso,*,In-State Scholarship Fund,Scholarship,*,1848
TX,*,*,In-State Scholarship Fund,Scholarship,*,61102,,TX,San Antonio,*,In-State Scholarship Fund,Scholarship,*,19556
TX,*,*,Minority Scholarship Fund,Scholarship,*,77133,,TX,Amarillo,*,Minority Scholarship Fund,Scholarship,*,1634
TX,*,*,Parents Association,Campus Resource,*,65360,,TX,Austin,*,Parents Association,Campus Resource,*,9783
TX,*,*,Parents Association,Campus Resource,*,65360,,TX,Houston,*,Parents Association,Campus Resource,*,17630
TX,*,*,Parents Association,Campus Resource,*,65360,,TX,San Antonio,*,Parents Association,Campus Resource,*,5619
TX,*,*,Trustees Fund,Endowment,*,175611,,TX,Amarillo,*,Trustees Fund,Endowment,*,21759
TX,*,*,Trustees Fund,Endowment,*,175611,,TX,Austin,*,Trustees Fund,Endowment,*,34812
TX,*,*,Trustees Fund,Endowment,*,175611,,TX,El Paso,*,Trustees Fund,Endowment,*,17502
TX,*,*,Trustees Fund,Endowment,*,175611,,TX,Houston,*,Trustees Fund,Endowment,*,34973
TX,*,*,University Annual Fund,Endowment,*,180892,,TX,Amarillo,*,University Annual Fund,Endowment,*,2279
TX,*,*,University Annual Fund,Endowment,*,180892,,TX,Austin,*,University Annual Fund,Endowment,*,15536
TX,*,*,University Annual Fund,Endowment,*,180892,,TX,Dallas,*,University Annual Fund,Endowment,*,50864
TX,*,*,University Annual Fund,Endowment,*,180892,,TX,El Paso,*,University Annual Fund,Endowment,*,10541
TX,*,*,University Annual Fund,Endowment,*,180892,,TX,San Antonio,*,University Annual Fund,Endowment,*,27548
TX,*,*,University Libraries,Campus Resource,*,83745,,TX,Amarillo,*,University Libraries,Campus Resource,*,6202
TX,*,*,University Libraries,Campus Resource,*,83745,,TX,Austin,*,University Libraries,Campus Resource,*,8414
TX,*,*,University Libraries,Campus Resource,*,83745,,TX,Dallas,*,University Libraries,Campus Resource,*,24937
TX,*,*,University Libraries,Campus Resource,*,83745,,TX,El Paso,*,University Libraries,Campus Resource,*,8257
TX,*,*,University Libraries,Campus Resource,*,83745,,TX,San Antonio,*,University Libraries,Campus Resource,*,750
UT,*,*,Athletics,Campus Resource,*,31702,,UT,Provo,*,Athletics,Campus Resource,*,8911
UT,*,*,Athletics,Campus Resource,*,31702,,UT,Salt Lake City,*,Athletics,Campus Resource,*,9695
UT,*,*,College of Arts and Sciences,Scholarship,*,26467,,UT,West Valley City,*,College of Arts and Sciences,Scholarship,*,6155
UT,*,*,College of Natural Science,Scholarship,*,32211,,UT,Provo,*,College of Natural Science,Scholarship,*,2264
UT,*,*,College of Natural Science,Scholarship,*,32211,,UT,West Valley City,*,College of Natural Science,Scholarship,*,7580
UT,*,*,Diversity Fund,Endowment,*,66328,,UT,Provo,*,Diversity Fund,Endowment,*,16598
UT,*,*,Diversity Fund,Endowment,*,66328,,UT,West Valley City,*,Diversity Fund,Endowment,*,8576
UT,*,*,Faculty Chair Endowments,Endowment,*,34105,,UT,Salt Lake City,*,Faculty Chair Endowments,Endowment,*,7019
UT,*,*,Faculty Chair Endowments,Endowment,*,34105,,UT,West Valley City,*,Faculty Chair Endowments,Endowment,*,9231
UT,*,*,Trustees Fund,Endowment,*,25693,,UT,Provo,*,Trustees Fund,Endowment,*,6425
UT,*,*,Trustees Fund,Endowment,*,25693,,UT,Salt Lake City,*,Trustees Fund,Endowment,*,6384
UT,*,*,University Annual Fund,Endowment,*,33064,,UT,Provo,*,University Annual Fund,Endowment,*,10323
UT,*,*,University Annual Fund,Endowment,*,33064,,UT,Salt Lake City,*,University Annual Fund,Endowment,*,7664
VA,*,*,Athletics,Campus Resource,*,16442,,VA,Richmond,*,Athletics,Campus Resource,*,3782
VA,*,*,Campus Recreation,Campus Resource,*,13176,,VA,Alexandria,*,Campus Recreation,Campus Resource,*,2449
VA,*,*,College of Arts and Sciences,Scholarship,*,67031,,VA,Alexandria,*,College of Arts and Sciences,Scholarship,*,19849
VA,*,*,College of Natural Science,Scholarship,*,43051,,VA,Alexandria,*,College of Natural Science,Scholarship,*,9450
WA,*,*,Campus Recreation,Campus Resource,*,42826,,WA,Seattle,*,Campus Recreation,Campus Resource,*,6067
WA,*,*,College of Agriculture and Natural Resources,Scholarship,*,54081,,WA,Spokane,*,College of Agriculture and Natural Resources,Scholarship,*,5794
WA,*,*,College of Music,Scholarship,*,8617,,WA,Spokane,*,College of Music,Scholarship,*,669
WA,*,*,Faculty Chair Endowments,Endowment,*,60955,,WA,Spokane,*,Faculty Chair Endowments,Endowment,*,15476
WA,*,*,Honors Program,Campus Resource,*,17890,,WA,Spokane,*,Honors Program,Campus Resource,*,3285
WA,*,*,Parents Association,Campus Resource,*,35408,,WA,Spokane,*,Parents Association,Campus Resource,*,7188
WA,*,*,Trustees Fund,Endowment,*,46218,,WA,Spokane,*,Trustees Fund,Endowment,*,13756
WA,*,*,University Annual Fund,Endowment,*,67067,,WA,Spokane,*,University Annual Fund,Endowment,*,8119
WA,*,*,University Libraries,Campus Resource,*,12900,,WA,Spokane,*,University Libraries,Campus Resource,*,3204
WI,*,*,Diversity Fund,Endowment,*,4652,,WI,Madison,*,Diversity Fund,Endowment,*,453
