*,Albuquerque,College of Communication Arts and Sciences,*,*,Journalism,20690,,*,Albuquerque,College of Communication Arts and Sciences,*,Campus Resource,Journalism,2646
*,Alexandria,College of Arts and Sciences,*,*,Arabic,32793,,*,Alexandria,College of Arts and Sciences,*,Scholarship,Arabic,10212
*,Alexandria,College of Arts and Sciences,*,*,Professional Writing,25628,,*,Alexandria,College of Arts and Sciences,*,Campus Resource,Professional Writing,2525
*,Alexandria,College of Education,*,*,Athletic Training,6706,,*,Alexandria,College of Education,*,Scholarship,Athletic Training,543
*,Alexandria,College of Engineering,*,*,Mechanical Engineering,9660,,*,Alexandria,College of Engineering,*,Scholarship,Mechanical Engineering,91
*,Alexandria,College of Natural Science,*,*,Computational Mathematics,12613,,*,Alexandria,College of Natural Science,*,Scholarship,Computational Mathematics,3281
*,Alexandria,College of Nursing,*,*,Prenursing,10199,,*,Alexandria,College of Nursing,*,Endowment,Prenursing,2002
*,Alexandria,College of Nursing,*,*,Prenursing,10199,,*,Alexandria,College of Nursing,*,Scholarship,Prenursing,2002
*,Amarillo,College of Arts and Sciences,*,*,German,39991,,*,Amarillo,College of Arts and Sciences,*,Campus Resource,German,5085
*,Anaheim,College of Arts and Sciences,*,*,Professional Writing,10875,,*,Anaheim,College of Arts and Sciences,*,Campus Resource,Professional Writing,1122
*,Anaheim,College of Business,*,*,Supply Chain Management,18005,,*,Anaheim,College of Business,*,Campus Resource,Supply Chain Management,3145
*,Anaheim,College of Business,*,*,Supply Chain Management,18005,,*,Anaheim,College of Business,*,Scholarship,Supply Chain Management,2045
*,Anaheim,College of Natural Science,*,*,Neuroscience,35972,,*,Anaheim,College of Natural Science,*,Endowment,Neuroscience,9874
*,Atlanta,College of Agriculture and Natural Resources,*,*,Agribusiness Management,10948,,*,Atlanta,College of Agriculture and Natural Resources,*,Campus Resource,Agribusiness Management,3281
*,Atlanta,College of Business,*,*,Finance,5641,,*,Atlanta,College of Business,*,Endowment,Finance,883
*,Atlanta,College of Natural Science,*,*,Mathematics,36016,,*,Atlanta,College of Natural Science,*,Scholarship,Mathematics,11170
*,Atlanta,College of Political Science,*,*,College of Political Science,15512,,*,Atlanta,College of Political Science,*,Campus Resource,College of Political Science,4709
*,Austin,College of Agriculture and Natural Resources,*,*,Fisheries and Wildlife,42319,,*,Austin,College of Agriculture and Natural Resources,*,Campus Resource,Fisheries and Wildlife,11877
*,Austin,College of Agriculture and Natural Resources,*,*,Fisheries and Wildlife,42319,,*,Austin,College of Agriculture and Natural Resources,*,Endowment,Fisheries and Wildlife,6979
*,Austin,College of Engineering,*,*,Applied Engineering Sciences,15190,,*,Austin,College of Engineering,*,Endowment,Applied Engineering Sciences,4391
*,Austin,College of Natural Science,*,*,Biochemistry and Molecular Biology,81214,,*,Austin,College of Natural Science,*,Campus Resource,Biochemistry and Molecular Biology,24261
*,Austin,College of Natural Science,*,*,Biochemistry and Molecular Biology,81214,,*,Austin,College of Natural Science,*,Scholarship,Biochemistry and Molecular Biology,22141
*,Austin,College of Natural Science,*,*,Environmental Geosciences,8610,,*,Austin,College of Natural Science,*,Scholarship,Environmental Geosciences,2489
*,Austin,College of Social Science,*,*,Interdisciplinary Studies in Social Science,32143,,*,Austin,College of Social Science,*,Campus Resource,Interdisciplinary Studies in Social Science,7970
*,Baton Rouge,College of Agriculture and Natural Resources,*,*,Interior Design,28424,,*,Baton Rouge,College of Agriculture and Natural Resources,*,Endowment,Interior Design,5578
*,Baton Rouge,College of Business,*,*,Supply Chain Management,32762,,*,Baton Rouge,College of Business,*,Campus Resource,Supply Chain Management,7243
*,Baton Rouge,College of Business,*,*,Supply Chain Management,32762,,*,Baton Rouge,College of Business,*,Scholarship,Supply Chain Management,2414
*,Baton Rouge,College of Natural Science,*,*,Zoology,12092,,*,Baton Rouge,College of Natural Science,*,Scholarship,Zoology,3095
*,Birmingham,College of Arts and Sciences,*,*,Apparel and Textile Design,16157,,*,Birmingham,College of Arts and Sciences,*,Campus Resource,Apparel and Textile Design,5163
*,Birmingham,College of Arts and Sciences,*,*,Apparel and Textile Design,16157,,*,Birmingham,College of Arts and Sciences,*,Scholarship,Apparel and Textile Design,4777
*,Birmingham,College of Arts and Sciences,*,*,Art History and Visual Culture,44642,,*,Birmingham,College of Arts and Sciences,*,Endowment,Art History and Visual Culture,12342
*,Birmingham,College of Arts and Sciences,*,*,Art History and Visual Culture,44642,,*,Birmingham,College of Arts and Sciences,*,Scholarship,Art History and Visual Culture,13914
*,Birmingham,College of Political Science,*,*,College of Political Science,10675,,*,Birmingham,College of Political Science,*,Endowment,College of Political Science,1433
*,Birmingham,College of Social Science,*,*,Anthropology,29731,,*,Birmingham,College of Social Science,*,Scholarship,Anthropology,8744
*,Boston,College of Agriculture and Natural Resources,*,*,Horticulture,32206,,*,Boston,College of Agriculture and Natural Resources,*,Campus Resource,Horticulture,208
*,Boston,College of Agriculture and Natural Resources,*,*,Nutritional Sciences,37784,,*,Boston,College of Agriculture and Natural Resources,*,Campus Resource,Nutritional Sciences,7547
*,Boston,College of Business,*,*,Accounting,23146,,*,Boston,College of Business,*,Campus Resource,Accounting,6493
*,Boston,College of Music,*,*,Jazz Studies,31977,,*,Boston,College of Music,*,Campus Resource,Jazz Studies,8726
*,Boston,College of Music,*,*,Jazz Studies,31977,,*,Boston,College of Music,*,Endowment,Jazz Studies,8527
*,Boston,College of Natural Science,*,*,Biomedical Laboratory Science,10550,,*,Boston,College of Natural Science,*,Campus Resource,Biomedical Laboratory Science,701
*,Boston,College of Social Science,*,*,Economics,4556,,*,Boston,College of Social Science,*,Scholarship,Economics,292
*,Casper,College of Arts and Sciences,*,*,Studio Art,36999,,*,Casper,College of Arts and Sciences,*,Campus Resource,Studio Art,9411
*,Charleston,College of Natural Science,*,*,Biochemistry and Molecular Biology/Biotechnology,17240,,*,Charleston,College of Natural Science,*,Campus Resource,Biochemistry and Molecular Biology/Biotechnology,5186
*,Charlotte,College of Arts and Sciences,*,*,Spanish,14378,,*,Charlotte,College of Arts and Sciences,*,Campus Resource,Spanish,3423
*,Charlotte,College of Education,*,*,Special Education-Learning Disabilities,24285,,*,Charlotte,College of Education,*,Scholarship,Special Education-Learning Disabilities,274
*,Charlotte,College of Music,*,*,Composition,17753,,*,Charlotte,College of Music,*,Endowment,Composition,2585
*,Chicago,College of Agriculture and Natural Resources,*,*,Environmental Studies and Agriscience,21076,,*,Chicago,College of Agriculture and Natural Resources,*,Endowment,Environmental Studies and Agriscience,6497
*,Chicago,College of Agriculture and Natural Resources,*,*,Horticulture,9732,,*,Chicago,College of Agriculture and Natural Resources,*,Campus Resource,Horticulture,1782
*,Chicago,College of Agriculture and Natural Resources,*,*,Landscape Architecture,10228,,*,Chicago,College of Agriculture and Natural Resources,*,Endowment,Landscape Architecture,2587
*,Chicago,College of Arts and Sciences,*,*,Apparel and Textiles,31610,,*,Chicago,College of Arts and Sciences,*,Endowment,Apparel and Textiles,5874
*,Chicago,College of Arts and Sciences,*,*,Apparel and Textiles,31610,,*,Chicago,College of Arts and Sciences,*,Scholarship,Apparel and Textiles,8196
*,Chicago,College of Arts and Sciences,*,*,Art Education,9934,,*,Chicago,College of Arts and Sciences,*,Scholarship,Art Education,697
*,Chicago,College of Arts and Sciences,*,*,Linguistics,33133,,*,Chicago,College of Arts and Sciences,*,Scholarship,Linguistics,7316
*,Chicago,College of Arts and Sciences,*,*,Philosophy,12234,,*,Chicago,College of Arts and Sciences,*,Scholarship,Philosophy,3336
*,Chicago,College of Arts and Sciences,*,*,Women's and Gender Studies,10953,,*,Chicago,College of Arts and Sciences,*,Scholarship,Women's and Gender Studies,2747
*,Chicago,College of Business,*,*,Marketing,36366,,*,Chicago,College of Business,*,Campus Resource,Marketing,7938
*,Chicago,College of Education,*,*,Kinesiology,50528,,*,Chicago,College of Education,*,Campus Resource,Kinesiology,16833
*,Chicago,College of Education,*,*,Kinesiology,50528,,*,Chicago,College of Education,*,Endowment,Kinesiology,11103
*,Chicago,College of Engineering,*,*,Computer Engineering,13045,,*,Chicago,College of Engineering,*,Endowment,Computer Engineering,3414
*,Chicago,College of Engineering,*,*,Computer Science,37714,,*,Chicago,College of Engineering,*,Endowment,Computer Science,10020
*,Chicago,College of Engineering,*,*,Computer Science,37714,,*,Chicago,College of Engineering,*,Scholarship,Computer Science,11970
*,Chicago,College of Engineering,*,*,Engineering-No Major,461329,,*,Chicago,College of Engineering,*,Scholarship,Engineering-No Major,5508
*,Chicago,College of Music,*,*,Composition,22107,,*,Chicago,College of Music,*,Campus Resource,Composition,640
*,Chicago,College of Music,*,*,Composition,22107,,*,Chicago,College of Music,*,Scholarship,Composition,1574
*,Chicago,College of Music,*,*,Music Performance,37102,,*,Chicago,College of Music,*,Campus Resource,Music Performance,551
*,Chicago,College of Music,*,*,Music Performance,37102,,*,Chicago,College of Music,*,Endowment,Music Performance,9411
*,Chicago,College of Natural Science,*,*,Biochemistry and Molecular Biology/Biotechnology,13038,,*,Chicago,College of Natural Science,*,Scholarship,Biochemistry and Molecular Biology/Biotechnology,3600
*,Chicago,College of Natural Science,*,*,Environmental Geosciences,2984,,*,Chicago,College of Natural Science,*,Scholarship,Environmental Geosciences,319
*,Chicago,College of Social Science,*,*,Economics,23308,,*,Chicago,College of Social Science,*,Endowment,Economics,7211
*,Chicago,College of Social Science,*,*,Economics,23308,,*,Chicago,College of Social Science,*,Scholarship,Economics,7211
*,Chicago,College of Social Science,*,*,Geographic Information Science,25913,,*,Chicago,College of Social Science,*,Endowment,Geographic Information Science,189
*,Chicago,College of Social Science,*,*,Geographic Information Science,25913,,*,Chicago,College of Social Science,*,Scholarship,Geographic Information Science,5981
*,Chicago,College of Social Science,*,*,Interdisciplinary Studies in Social Science,35295,,*,Chicago,College of Social Science,*,Campus Resource,Interdisciplinary Studies in Social Science,7004
*,Chicago,College of Social Science,*,*,Urban and Regional Planning,18130,,*,Chicago,College of Social Science,*,Endowment,Urban and Regional Planning,1384
*,Cincinnati,College of Agriculture and Natural Resources,*,*,Interior Design,11455,,*,Cincinnati,College of Agriculture and Natural Resources,*,Scholarship,Interior Design,1532
*,Cincinnati,College of Agriculture and Natural Resources,*,*,Natural Resource Recreation and Tourism,38004,,*,Cincinnati,College of Agriculture and Natural Resources,*,Endowment,Natural Resource Recreation and Tourism,1737
*,Cincinnati,College of Arts and Sciences,*,*,Apparel and Textiles,31810,,*,Cincinnati,College of Arts and Sciences,*,Endowment,Apparel and Textiles,3925
*,Cincinnati,College of Arts and Sciences,*,*,Global Studies in the Arts and Humanities,35012,,*,Cincinnati,College of Arts and Sciences,*,Campus Resource,Global Studies in the Arts and Humanities,9909
*,Cincinnati,College of Arts and Sciences,*,*,Global Studies in the Arts and Humanities,35012,,*,Cincinnati,College of Arts and Sciences,*,Endowment,Global Studies in the Arts and Humanities,6997
*,Cincinnati,College of Arts and Sciences,*,*,Professional Writing,23617,,*,Cincinnati,College of Arts and Sciences,*,Campus Resource,Professional Writing,3404
*,Cincinnati,College of Arts and Sciences,*,*,Professional Writing,23617,,*,Cincinnati,College of Arts and Sciences,*,Scholarship,Professional Writing,6158
*,Cincinnati,College of Arts and Sciences,*,*,Theatre,43604,,*,Cincinnati,College of Arts and Sciences,*,Campus Resource,Theatre,171
*,Cincinnati,College of Education,*,*,Athletic Training,12661,,*,Cincinnati,College of Education,*,Scholarship,Athletic Training,3029
*,Cincinnati,College of Music,*,*,Composition,24041,,*,Cincinnati,College of Music,*,Scholarship,Composition,6334
*,Cincinnati,College of Natural Science,*,*,Earth Science Interdepartmental,8683,,*,Cincinnati,College of Natural Science,*,Campus Resource,Earth Science Interdepartmental,91
*,Cincinnati,College of Natural Science,*,*,Environmental Biology/Zoology,15348,,*,Cincinnati,College of Natural Science,*,Endowment,Environmental Biology/Zoology,3240
*,Cincinnati,College of Natural Science,*,*,Predental,17512,,*,Cincinnati,College of Natural Science,*,Endowment,Predental,2891
*,Cincinnati,College of Nursing,*,*,Prenursing,21405,,*,Cincinnati,College of Nursing,*,Campus Resource,Prenursing,363
*,Cincinnati,College of Nursing,*,*,Prenursing,21405,,*,Cincinnati,College of Nursing,*,Endowment,Prenursing,4090
*,Cincinnati,College of Social Science,*,*,Geographic Information Science,31923,,*,Cincinnati,College of Social Science,*,Campus Resource,Geographic Information Science,9521
*,Cincinnati,College of Social Science,*,*,Geographic Information Science,31923,,*,Cincinnati,College of Social Science,*,Endowment,Geographic Information Science,3255
*,Cincinnati,College of Social Science,*,*,Interdisciplinary Studies in Social Science - Social Science Education,22256,,*,Cincinnati,College of Social Science,*,Endowment,Interdisciplinary Studies in Social Science - Social Science Education,780
*,Cincinnati,College of Social Science,*,*,Political Science,51217,,*,Cincinnati,College of Social Science,*,Scholarship,Political Science,12890
*,Cincinnati,College of Social Science,*,*,Public Policy,8779,,*,Cincinnati,College of Social Science,*,Endowment,Public Policy,2402
*,Cincinnati,College of Veterinary Medicine,*,*,Preveterinary,59282,,*,Cincinnati,College of Veterinary Medicine,*,Campus Resource,Preveterinary,19275
*,Cincinnati,College of Veterinary Medicine,*,*,Preveterinary,59282,,*,Cincinnati,College of Veterinary Medicine,*,Scholarship,Preveterinary,13049
*,Cleveland,College of Arts and Sciences,*,*,Interdisciplinary Humanities,18994,,*,Cleveland,College of Arts and Sciences,*,Scholarship,Interdisciplinary Humanities,1793
*,Cleveland,College of Business,*,*,General Management,7147,,*,Cleveland,College of Business,*,Scholarship,General Management,1001
*,Colorado Springs,College of Agriculture and Natural Resources,*,*,Agriculture and Natural Resources-No Preference,7825,,*,Colorado Springs,College of Agriculture and Natural Resources,*,Endowment,Agriculture and Natural Resources-No Preference,1793
*,Colorado Springs,College of Agriculture and Natural Resources,*,*,Horticulture,32913,,*,Colorado Springs,College of Agriculture and Natural Resources,*,Campus Resource,Horticulture,5074
*,Colorado Springs,College of Education,*,*,Education,9818,,*,Colorado Springs,College of Education,*,Endowment,Education,850
*,Colorado Springs,College of Natural Science,*,*,Zoology,57041,,*,Colorado Springs,College of Natural Science,*,Campus Resource,Zoology,15972
*,Colorado Springs,College of Natural Science,*,*,Zoology,57041,,*,Colorado Springs,College of Natural Science,*,Scholarship,Zoology,18251
*,Colorado Springs,College of Social Science,*,*,History,19602,,*,Colorado Springs,College of Social Science,*,Endowment,History,2468
*,Colorado Springs,College of Social Science,*,*,Interdisciplinary Studies in Social Science,24970,,*,Colorado Springs,College of Social Science,*,Scholarship,Interdisciplinary Studies in Social Science,2201
*,Columbia,College of Arts and Sciences,*,*,Apparel and Textile Design,28544,,*,Columbia,College of Arts and Sciences,*,Campus Resource,Apparel and Textile Design,4356
*,Columbia,College of Arts and Sciences,*,*,Apparel and Textile Design,28544,,*,Columbia,College of Arts and Sciences,*,Endowment,Apparel and Textile Design,5724
*,Columbia,College of Arts and Sciences,*,*,Women's and Gender Studies,12247,,*,Columbia,College of Arts and Sciences,*,Endowment,Women's and Gender Studies,3883
*,Columbia,College of Social Science,*,*,Criminal Justice,11034,,*,Columbia,College of Social Science,*,Endowment,Criminal Justice,2022
*,Columbia,College of Social Science,*,*,Sociology,17617,,*,Columbia,College of Social Science,*,Scholarship,Sociology,5239
*,Dallas,College of Agriculture and Natural Resources,*,*,Agriculture and Natural Resources-No Preference,30293,,*,Dallas,College of Agriculture and Natural Resources,*,Campus Resource,Agriculture and Natural Resources-No Preference,4967
*,Dallas,College of Agriculture and Natural Resources,*,*,Horticulture,14751,,*,Dallas,College of Agriculture and Natural Resources,*,Campus Resource,Horticulture,3912
*,Dallas,College of Agriculture and Natural Resources,*,*,Horticulture,14751,,*,Dallas,College of Agriculture and Natural Resources,*,Endowment,Horticulture,1321
*,Dallas,College of Arts and Sciences,*,*,Art Education,23054,,*,Dallas,College of Arts and Sciences,*,Scholarship,Art Education,109
*,Dallas,College of Arts and Sciences,*,*,Studio Art,8874,,*,Dallas,College of Arts and Sciences,*,Endowment,Studio Art,2147
*,Dallas,College of Business,*,*,General Management,23588,,*,Dallas,College of Business,*,Endowment,General Management,5811
*,Dallas,College of Natural Science,*,*,Biochemistry and Molecular Biology,3029,,*,Dallas,College of Natural Science,*,Scholarship,Biochemistry and Molecular Biology,383
*,Dallas,College of Natural Science,*,*,Geological Sciences,24778,,*,Dallas,College of Natural Science,*,Endowment,Geological Sciences,2919
*,Dallas,College of Natural Science,*,*,Neuroscience,26338,,*,Dallas,College of Natural Science,*,Campus Resource,Neuroscience,6440
*,Dallas,College of Natural Science,*,*,Neuroscience,26338,,*,Dallas,College of Natural Science,*,Scholarship,Neuroscience,5271
*,Dallas,College of Political Science,*,*,College of Political Science,48843,,*,Dallas,College of Political Science,*,Campus Resource,College of Political Science,11175
*,Dallas,College of Political Science,*,*,College of Political Science,48843,,*,Dallas,College of Political Science,*,Scholarship,College of Political Science,15309
*,Dallas,College of Social Science,*,*,Interdisciplinary Studies in Social Science,25167,,*,Dallas,College of Social Science,*,Campus Resource,Interdisciplinary Studies in Social Science,5740
*,Dallas,College of Social Science,*,*,Political Science-Prelaw,1805,,*,Dallas,College of Social Science,*,Endowment,Political Science-Prelaw,427
*,Dallas,College of Veterinary Medicine,*,*,Preveterinary,30765,,*,Dallas,College of Veterinary Medicine,*,Campus Resource,Preveterinary,3411
*,Dallas,College of Veterinary Medicine,*,*,Preveterinary,30765,,*,Dallas,College of Veterinary Medicine,*,Endowment,Preveterinary,9945
*,Denver,College of Agriculture and Natural Resources,*,*,Agribusiness Management,51708.0,,*,Denver,College of Agriculture and Natural Resources,*,Endowment,Agribusiness Management,6886.5
*,Denver,College of Agriculture and Natural Resources,*,*,Construction Management,51630.0,,*,Denver,College of Agriculture and Natural Resources,*,Endowment,Construction Management,9574.5
*,Denver,College of Agriculture and Natural Resources,*,*,Environmental Economics and Policy,24801.0,,*,Denver,College of Agriculture and Natural Resources,*,Scholarship,Environmental Economics and Policy,2635.5
*,Denver,College of Agriculture and Natural Resources,*,*,Fisheries and Wildlife,28017.0,,*,Denver,College of Agriculture and Natural Resources,*,Campus Resource,Fisheries and Wildlife,4738.5
*,Denver,College of Agriculture and Natural Resources,*,*,Fisheries and Wildlife,28017.0,,*,Denver,College of Agriculture and Natural Resources,*,Endowment,Fisheries and Wildlife,9121.5
*,Denver,College of Agriculture and Natural Resources,*,*,Food Industry Management,89709.0,,*,Denver,College of Agriculture and Natural Resources,*,Endowment,Food Industry Management,28338
*,Denver,College of Agriculture and Natural Resources,*,*,Food Science,29055.0,,*,Denver,College of Agriculture and Natural Resources,*,Campus Resource,Food Science,7138.5
*,Denver,College of Agriculture and Natural Resources,*,*,Interior Design,56070.0,,*,Denver,College of Agriculture and Natural Resources,*,Endowment,Interior Design,5244
*,Denver,College of Agriculture and Natural Resources,*,*,Nutritional Sciences,8361.0,,*,Denver,College of Agriculture and Natural Resources,*,Endowment,Nutritional Sciences,2068.5
*,Denver,College of Arts and Sciences,*,*,Apparel and Textile Design,62467.5,,*,Denver,College of Arts and Sciences,*,Scholarship,Apparel and Textile Design,15720
*,Denver,College of Arts and Sciences,*,*,Arabic,118822.5,,*,Denver,College of Arts and Sciences,*,Campus Resource,Arabic,23562
*,Denver,College of Arts and Sciences,*,*,Art Education,115039.5,,*,Denver,College of Arts and Sciences,*,Campus Resource,Art Education,21687
*,Denver,College of Arts and Sciences,*,*,Art History and Visual Culture,39556.5,,*,Denver,College of Arts and Sciences,*,Scholarship,Art History and Visual Culture,12073.5
*,Denver,College of Arts and Sciences,*,*,Experience Architecture,41410.5,,*,Denver,College of Arts and Sciences,*,Endowment,Experience Architecture,12997.5
*,Denver,College of Arts and Sciences,*,*,Experience Architecture,41410.5,,*,Denver,College of Arts and Sciences,*,Scholarship,Experience Architecture,3618
*,Denver,College of Arts and Sciences,*,*,Humanities-Prelaw,21828.0,,*,Denver,College of Arts and Sciences,*,Campus Resource,Humanities-Prelaw,5980.5
*,Denver,College of Arts and Sciences,*,*,Japanese,18490.5,,*,Denver,College of Arts and Sciences,*,Scholarship,Japanese,250.5
*,Denver,College of Arts and Sciences,*,*,Russian,9795,,*,Denver,College of Arts and Sciences,*,Scholarship,Russian,2145
*,Denver,College of Arts and Sciences,*,*,Spanish,38637.0,,*,Denver,College of Arts and Sciences,*,Campus Resource,Spanish,11460
*,Denver,College of Arts and Sciences,*,*,Studio Art,43734.0,,*,Denver,College of Arts and Sciences,*,Campus Resource,Studio Art,9199.5
*,Denver,College of Arts and Sciences,*,*,Studio Art,43734.0,,*,Denver,College of Arts and Sciences,*,Scholarship,Studio Art,13590
*,Denver,College of Communication Arts and Sciences,*,*,Journalism,2781,,*,Denver,College of Communication Arts and Sciences,*,Campus Resource,Journalism,696
*,Denver,College of Communication Arts and Sciences,*,*,Journalism,2781,,*,Denver,College of Communication Arts and Sciences,*,Endowment,Journalism,696
*,Denver,College of Education,*,*,Education,32622.0,,*,Denver,College of Education,*,Campus Resource,Education,4717.5
*,Denver,College of Education,*,*,Kinesiology,29593.5,,*,Denver,College of Education,*,Endowment,Kinesiology,7663.5
*,Denver,College of Education,*,*,Special Education-Learning Disabilities,91764.0,,*,Denver,College of Education,*,Campus Resource,Special Education-Learning Disabilities,14746.5
*,Denver,College of Engineering,*,*,Computer Science,23257.5,,*,Denver,College of Engineering,*,Campus Resource,Computer Science,7546.5
*,Denver,College of Engineering,*,*,Materials Science and Engineering,25660.5,,*,Denver,College of Engineering,*,Endowment,Materials Science and Engineering,5397
*,Denver,College of Engineering,*,*,Mechanical Engineering,27031.5,,*,Denver,College of Engineering,*,Campus Resource,Mechanical Engineering,5797.5
*,Denver,College of Music,*,*,Composition,137493.0,,*,Denver,College of Music,*,Campus Resource,Composition,14367
*,Denver,College of Music,*,*,Music Performance,27436.5,,*,Denver,College of Music,*,Scholarship,Music Performance,1476
*,Denver,College of Natural Science,*,*,Biochemistry and Molecular Biology/Biotechnology,11310,,*,Denver,College of Natural Science,*,Scholarship,Biochemistry and Molecular Biology/Biotechnology,1329
*,Denver,College of Natural Science,*,*,Chemical Physics,35281.5,,*,Denver,College of Natural Science,*,Campus Resource,Chemical Physics,11058
*,Denver,College of Natural Science,*,*,Chemical Physics,35281.5,,*,Denver,College of Natural Science,*,Scholarship,Chemical Physics,6078.0
*,Denver,College of Natural Science,*,*,Earth Science Interdepartmental,44632.5,,*,Denver,College of Natural Science,*,Scholarship,Earth Science Interdepartmental,7552.5
*,Denver,College of Natural Science,*,*,Environmental Biology/Zoology,25057.5,,*,Denver,College of Natural Science,*,Endowment,Environmental Biology/Zoology,5281.5
*,Denver,College of Natural Science,*,*,Mathematics  Advanced,30594.0,,*,Denver,College of Natural Science,*,Endowment,Mathematics  Advanced,1035.0
*,Denver,College of Nursing,*,*,Nursing,43762.5,,*,Denver,College of Nursing,*,Campus Resource,Nursing,10065
*,Denver,College of Nursing,*,*,Nursing,43762.5,,*,Denver,College of Nursing,*,Scholarship,Nursing,7594.5
*,Denver,College of Nursing,*,*,Summer Research Program,33637.5,,*,Denver,College of Nursing,*,Scholarship,Summer Research Program,10816.5
*,Denver,College of Social Science,*,*,Anthropology,32641.5,,*,Denver,College of Social Science,*,Endowment,Anthropology,9916.5
*,Denver,College of Social Science,*,*,Criminal Justice,72856.5,,*,Denver,College of Social Science,*,Endowment,Criminal Justice,21760.5
*,Denver,College of Social Science,*,*,Criminal Justice,72856.5,,*,Denver,College of Social Science,*,Scholarship,Criminal Justice,20058
*,Denver,College of Social Science,*,*,Interdisciplinary Studies in Social Science,11227.5,,*,Denver,College of Social Science,*,Scholarship,Interdisciplinary Studies in Social Science,1470
*,Denver,College of Social Science,*,*,Interdisciplinary Studies in Social Science - Social Science Education,13345.5,,*,Denver,College of Social Science,*,Campus Resource,Interdisciplinary Studies in Social Science - Social Science Education,4381.5
*,Denver,College of Social Science,*,*,Interdisciplinary Studies in Social Science - Social Science Education,13345.5,,*,Denver,College of Social Science,*,Scholarship,Interdisciplinary Studies in Social Science - Social Science Education,4381.5
*,Denver,College of Social Science,*,*,Psychology,17250.0,,*,Denver,College of Social Science,*,Endowment,Psychology,3834
*,Denver,College of Social Science,*,*,Public Policy,70369.5,,*,Denver,College of Social Science,*,Campus Resource,Public Policy,14196
*,Denver,College of Social Science,*,*,Sociology,36742.5,,*,Denver,College of Social Science,*,Campus Resource,Sociology,9984
*,Denver,College of Social Science,*,*,Sociology,36742.5,,*,Denver,College of Social Science,*,Endowment,Sociology,280.5
*,Denver,College of Social Science,*,*,Urban and Regional Planning,62236.5,,*,Denver,College of Social Science,*,Campus Resource,Urban and Regional Planning,6121.5
*,Denver,College of Social Science,*,*,Urban and Regional Planning,62236.5,,*,Denver,College of Social Science,*,Endowment,Urban and Regional Planning,4444.5
*,Denver,College of Social Science,*,*,World Politics,53311.5,,*,Denver,College of Social Science,*,Campus Resource,World Politics,12645
*,Denver,College of Social Science,*,*,World Politics,53311.5,,*,Denver,College of Social Science,*,Endowment,World Politics,13498.5
*,Des Moines,College of Nursing,*,*,Summer Research Program,7509,,*,Des Moines,College of Nursing,*,Endowment,Summer Research Program,383
*,Des Moines,College of Social Science,*,*,History,8904,,*,Des Moines,College of Social Science,*,Scholarship,History,1532
*,Detroit,College of Agriculture and Natural Resources,*,*,Entomology,14712,,*,Detroit,College of Agriculture and Natural Resources,*,Scholarship,Entomology,3848
*,Detroit,College of Arts and Sciences,*,*,Russian,8735,,*,Detroit,College of Arts and Sciences,*,Campus Resource,Russian,2729
*,Detroit,College of Communication Arts and Sciences,*,*,Journalism,6896,,*,Detroit,College of Communication Arts and Sciences,*,Endowment,Journalism,1949
*,Detroit,College of Music,*,*,Composition,11176,,*,Detroit,College of Music,*,Scholarship,Composition,1437
*,Detroit,College of Natural Science,*,*,Geological Sciences,24428,,*,Detroit,College of Natural Science,*,Endowment,Geological Sciences,5002
*,Detroit,College of Natural Science,*,*,Statistics,911,,*,Detroit,College of Natural Science,*,Scholarship,Statistics,8
*,Detroit,College of Nursing,*,*,Summer Research Program,34830,,*,Detroit,College of Nursing,*,Scholarship,Summer Research Program,9117
*,Detroit,College of Political Science,*,*,College of Political Science,15872,,*,Detroit,College of Political Science,*,Endowment,College of Political Science,3057
*,Detroit,College of Political Science,*,*,College of Political Science,15872,,*,Detroit,College of Political Science,*,Scholarship,College of Political Science,2226
*,Detroit,Social Relations and Policy,*,*,College of Political Science,80445,,*,Detroit,Social Relations and Policy,*,Endowment,College of Political Science,6862
*,Durham,College of Agriculture and Natural Resources,*,*,Construction Management,2512,,*,Durham,College of Agriculture and Natural Resources,*,Scholarship,Construction Management,267
*,Durham,College of Engineering,*,*,Materials Science and Engineering,23011,,*,Durham,College of Engineering,*,Campus Resource,Materials Science and Engineering,7126
*,Durham,College of Music,*,*,Music,21474,,*,Durham,College of Music,*,Endowment,Music,2931
*,Durham,College of Natural Science,*,*,Actuarial Science,25245,,*,Durham,College of Natural Science,*,Campus Resource,Actuarial Science,8323
*,Durham,College of Natural Science,*,*,Actuarial Science,25245,,*,Durham,College of Natural Science,*,Scholarship,Actuarial Science,8323
*,Durham,College of Natural Science,*,*,Environmental Biology/Plant Biol,49665,,*,Durham,College of Natural Science,*,Campus Resource,Environmental Biology/Plant Biol,15788
*,Durham,College of Natural Science,*,*,Environmental Biology/Plant Biol,49665,,*,Durham,College of Natural Science,*,Scholarship,Environmental Biology/Plant Biol,9990
*,Durham,College of Natural Science,*,*,Microbiology,24270,,*,Durham,College of Natural Science,*,Campus Resource,Microbiology,2961
*,Durham,College of Social Science,*,*,Geography,22167,,*,Durham,College of Social Science,*,Campus Resource,Geography,7043
*,Durham,College of Social Science,*,*,Human Development and Family Studies,4143,,*,Durham,College of Social Science,*,Endowment,Human Development and Family Studies,665
*,El Paso,College of Natural Science,*,*,Astrophysics,22748,,*,El Paso,College of Natural Science,*,Scholarship,Astrophysics,4251
*,Eugene,College of Natural Science,*,*,Biochemistry and Molecular Biology,13009,,*,Eugene,College of Natural Science,*,Campus Resource,Biochemistry and Molecular Biology,3564
*,Eugene,College of Natural Science,*,*,Human Biology,26176,,*,Eugene,College of Natural Science,*,Endowment,Human Biology,7398
*,Fort Lauderdale,College of Agriculture and Natural Resources,*,*,Packaging,11981,,*,Fort Lauderdale,College of Agriculture and Natural Resources,*,Endowment,Packaging,3896
*,Fresno,College of Agriculture and Natural Resources,*,*,Natural Resource Recreation and Tourism,56631,,*,Fresno,College of Agriculture and Natural Resources,*,Endowment,Natural Resource Recreation and Tourism,14875
*,Fresno,College of Agriculture and Natural Resources,*,*,Natural Resource Recreation and Tourism,56631,,*,Fresno,College of Agriculture and Natural Resources,*,Scholarship,Natural Resource Recreation and Tourism,13181
*,Fresno,College of Arts and Sciences,*,*,Interdisciplinary Humanities,21145,,*,Fresno,College of Arts and Sciences,*,Campus Resource,Interdisciplinary Humanities,4750
*,Fresno,College of Arts and Sciences,*,*,Interdisciplinary Humanities,21145,,*,Fresno,College of Arts and Sciences,*,Endowment,Interdisciplinary Humanities,3896
*,Fresno,College of Social Science,*,*,Global & Area Studies - Soc Sci,34843,,*,Fresno,College of Social Science,*,Endowment,Global & Area Studies - Soc Sci,10858
*,Fresno,College of Social Science,*,*,Global & Area Studies - Soc Sci,34843,,*,Fresno,College of Social Science,*,Scholarship,Global & Area Studies - Soc Sci,6464
*,Fresno,College of Social Science,*,*,Political Science,38850,,*,Fresno,College of Social Science,*,Endowment,Political Science,9185
*,Fresno,College of Social Science,*,*,Political Science,38850,,*,Fresno,College of Social Science,*,Scholarship,Political Science,9471
*,Grand Rapids,College of Social Science,*,*,Human Development and Family Studies,13447,,*,Grand Rapids,College of Social Science,*,Scholarship,Human Development and Family Studies,4022
*,Hartford,College of Agriculture and Natural Resources,*,*,Agribusiness Management,6995,,*,Hartford,College of Agriculture and Natural Resources,*,Scholarship,Agribusiness Management,2279
*,Hartford,College of Agriculture and Natural Resources,*,*,Entomology,36794,,*,Hartford,College of Agriculture and Natural Resources,*,Endowment,Entomology,10347
*,Hartford,College of Agriculture and Natural Resources,*,*,Natural Resource Recreation and Tourism,34769,,*,Hartford,College of Agriculture and Natural Resources,*,Scholarship,Natural Resource Recreation and Tourism,249
*,Hartford,College of Arts and Sciences,*,*,Theatre,8745,,*,Hartford,College of Arts and Sciences,*,Scholarship,Theatre,999
*,Hartford,College of Engineering,*,*,Environmental Engineering,27902,,*,Hartford,College of Engineering,*,Campus Resource,Environmental Engineering,7315
*,Hartford,College of Engineering,*,*,Environmental Engineering,27902,,*,Hartford,College of Engineering,*,Endowment,Environmental Engineering,7315
*,Hartford,College of Natural Science,*,*,Biological Science Interdepartmental,9814,,*,Hartford,College of Natural Science,*,Scholarship,Biological Science Interdepartmental,1478
*,Hartford,College of Social Science,*,*,Criminal Justice,7431,,*,Hartford,College of Social Science,*,Endowment,Criminal Justice,243
*,Henderson,College of Agriculture and Natural Resources,*,*,Horticulture,7202,,*,Henderson,College of Agriculture and Natural Resources,*,Scholarship,Horticulture,1355
*,Henderson,College of Communication Arts and Sciences,*,*,Advertising,35803,,*,Henderson,College of Communication Arts and Sciences,*,Campus Resource,Advertising,2898
*,Henderson,College of Communication Arts and Sciences,*,*,Advertising,35803,,*,Henderson,College of Communication Arts and Sciences,*,Scholarship,Advertising,5336
*,Henderson,College of Music,*,*,Composition,5212,,*,Henderson,College of Music,*,Campus Resource,Composition,995
*,Henderson,College of Natural Science,*,*,Astrophysics,18458,,*,Henderson,College of Natural Science,*,Endowment,Astrophysics,4287
*,Houston,College of Agriculture and Natural Resources,*,*,Fisheries and Wildlife,20675,,*,Houston,College of Agriculture and Natural Resources,*,Campus Resource,Fisheries and Wildlife,4821
*,Houston,College of Agriculture and Natural Resources,*,*,Fisheries and Wildlife,20675,,*,Houston,College of Agriculture and Natural Resources,*,Scholarship,Fisheries and Wildlife,5981
*,Houston,College of Agriculture and Natural Resources,*,*,Landscape Architecture,11442,,*,Houston,College of Agriculture and Natural Resources,*,Scholarship,Landscape Architecture,3180
*,Houston,College of Agriculture and Natural Resources,*,*,Nutritional Sciences,2181,,*,Houston,College of Agriculture and Natural Resources,*,Endowment,Nutritional Sciences,52
*,Houston,College of Arts and Sciences,*,*,Arts & Letters-General,26058,,*,Houston,College of Arts and Sciences,*,Scholarship,Arts & Letters-General,643
*,Houston,College of Arts and Sciences,*,*,Women's and Gender Studies,47703,,*,Houston,College of Arts and Sciences,*,Endowment,Women's and Gender Studies,8642
*,Houston,College of Arts and Sciences,*,*,Women's and Gender Studies,47703,,*,Houston,College of Arts and Sciences,*,Scholarship,Women's and Gender Studies,3793
*,Houston,College of Business,*,*,Hospitality Business,10361,,*,Houston,College of Business,*,Scholarship,Hospitality Business,2165
*,Houston,College of Engineering,*,*,Materials Science and Engineering,24749,,*,Houston,College of Engineering,*,Endowment,Materials Science and Engineering,7490
*,Houston,College of Engineering,*,*,Materials Science and Engineering,24749,,*,Houston,College of Engineering,*,Scholarship,Materials Science and Engineering,7490
*,Houston,College of Natural Science,*,*,Astrophysics,26001,,*,Houston,College of Natural Science,*,Endowment,Astrophysics,584
*,Houston,College of Natural Science,*,*,Computational Mathematics,6300,,*,Houston,College of Natural Science,*,Endowment,Computational Mathematics,582
*,Houston,College of Natural Science,*,*,Neuroscience,54930,,*,Houston,College of Natural Science,*,Campus Resource,Neuroscience,9434
*,Houston,College of Natural Science,*,*,Preoptometry,8058,,*,Houston,College of Natural Science,*,Campus Resource,Preoptometry,1010
*,Houston,College of Political Science,*,*,College of Political Science,8904,,*,Houston,College of Political Science,*,Campus Resource,College of Political Science,1601
*,Houston,Comparative Cultures and Politics,*,*,College of Political Science,1901,,*,Houston,Comparative Cultures and Politics,*,Scholarship,College of Political Science,464
*,Indianapolis,College of Arts and Sciences,*,*,Russian,10033,,*,Indianapolis,College of Arts and Sciences,*,Endowment,Russian,3263
*,Indianapolis,College of Business,*,*,Hospitality Business,41058,,*,Indianapolis,College of Business,*,Campus Resource,Hospitality Business,7753
*,Indianapolis,College of Natural Science,*,*,Biochemistry and Molecular Biology,16812,,*,Indianapolis,College of Natural Science,*,Campus Resource,Biochemistry and Molecular Biology,3599
*,Indianapolis,College of Natural Science,*,*,Biochemistry and Molecular Biology,16812,,*,Indianapolis,College of Natural Science,*,Scholarship,Biochemistry and Molecular Biology,5010
*,Indianapolis,College of Natural Science,*,*,Neuroscience,21924,,*,Indianapolis,College of Natural Science,*,Campus Resource,Neuroscience,465
*,Indianapolis,College of Natural Science,*,*,Neuroscience,21924,,*,Indianapolis,College of Natural Science,*,Endowment,Neuroscience,6083
*,Indianapolis,College of Social Science,*,*,Global & Area Studies - Soc Sci,47435,,*,Indianapolis,College of Social Science,*,Endowment,Global & Area Studies - Soc Sci,7580
*,Indianapolis,College of Social Science,*,*,Interdisciplinary Studies in Social Science,5690,,*,Indianapolis,College of Social Science,*,Campus Resource,Interdisciplinary Studies in Social Science,1778
*,Jacksonville,College of Agriculture and Natural Resources,*,*,Construction Management,23181,,*,Jacksonville,College of Agriculture and Natural Resources,*,Scholarship,Construction Management,4140
*,Jacksonville,College of Natural Science,*,*,Environmental Geosciences,18887,,*,Jacksonville,College of Natural Science,*,Campus Resource,Environmental Geosciences,3801
*,Jacksonville,College of Natural Science,*,*,Environmental Geosciences,18887,,*,Jacksonville,College of Natural Science,*,Scholarship,Environmental Geosciences,1556
*,Kansas City,College of Agriculture and Natural Resources,*,*,Fisheries and Wildlife,76151,,*,Kansas City,College of Agriculture and Natural Resources,*,Campus Resource,Fisheries and Wildlife,17136
*,Kansas City,College of Arts and Sciences,*,*,Arabic,17293,,*,Kansas City,College of Arts and Sciences,*,Endowment,Arabic,1848
*,Kansas City,College of Arts and Sciences,*,*,Interdisciplinary Humanities,29263,,*,Kansas City,College of Arts and Sciences,*,Scholarship,Interdisciplinary Humanities,8227
*,Kansas City,College of Engineering,*,*,Biosystems Engineering,21768,,*,Kansas City,College of Engineering,*,Scholarship,Biosystems Engineering,6526
*,Kansas City,College of Natural Science,*,*,Plant Biology,19712,,*,Kansas City,College of Natural Science,*,Campus Resource,Plant Biology,6217
*,Kansas City,College of Political Science,*,*,Comparative Cultures and Politics,42143,,*,Kansas City,College of Political Science,*,Campus Resource,Comparative Cultures and Politics,1454
*,Kansas City,College of Political Science,*,*,Comparative Cultures and Politics,42143,,*,Kansas City,College of Political Science,*,Endowment,Comparative Cultures and Politics,11209
*,Kansas City,College of Social Science,*,*,Criminal Justice,4213,,*,Kansas City,College of Social Science,*,Endowment,Criminal Justice,921
*,Kansas City,College of Social Science,*,*,Public Policy,30613,,*,Kansas City,College of Social Science,*,Scholarship,Public Policy,2556
*,Knoxville,College of Arts and Sciences,*,*,Japanese,17277,,*,Knoxville,College of Arts and Sciences,*,Scholarship,Japanese,3897
*,Knoxville,College of Communication Arts and Sciences,*,*,Media and Information,31199,,*,Knoxville,College of Communication Arts and Sciences,*,Scholarship,Media and Information,7344
*,Knoxville,College of Engineering,*,*,Environmental Engineering,16225,,*,Knoxville,College of Engineering,*,Campus Resource,Environmental Engineering,416
*,Knoxville,College of Natural Science,*,*,Genomics & Molecular Genetics,9445,,*,Knoxville,College of Natural Science,*,Endowment,Genomics & Molecular Genetics,78
*,Lansing,College of Agriculture and Natural Resources,*,*,Interior Design,10963,,*,Lansing,College of Agriculture and Natural Resources,*,Campus Resource,Interior Design,1599
*,Lansing,College of Arts and Sciences,*,*,Professional Writing,18332,,*,Lansing,College of Arts and Sciences,*,Campus Resource,Professional Writing,5752
*,Lansing,College of Business,*,*,Accounting,9000,,*,Lansing,College of Business,*,Endowment,Accounting,2639
*,Lansing,College of Business,*,*,General Management,45206,,*,Lansing,College of Business,*,Campus Resource,General Management,9319
*,Lansing,College of Business,*,*,General Management,45206,,*,Lansing,College of Business,*,Scholarship,General Management,9667
*,Lansing,College of Natural Science,*,*,Environmental Biology/Zoology,9590,,*,Lansing,College of Natural Science,*,Endowment,Environmental Biology/Zoology,3071
*,Lansing,College of Natural Science,*,*,Environmental Biology/Zoology,9590,,*,Lansing,College of Natural Science,*,Scholarship,Environmental Biology/Zoology,2396
*,Lansing,College of Nursing,*,*,Prenursing,30577,,*,Lansing,College of Nursing,*,Scholarship,Prenursing,4340
*,Lansing,College of Social Science,*,*,History Education,1312,,*,Lansing,College of Social Science,*,Scholarship,History Education,313
*,Las Vegas,College of Engineering,*,*,Environmental Engineering,46412,,*,Las Vegas,College of Engineering,*,Endowment,Environmental Engineering,10565
*,Lexington,College of Music,*,*,Music Performance,12441,,*,Lexington,College of Music,*,Endowment,Music Performance,3598
*,Lincoln,College of Social Science,*,*,Human Development and Family Studies,4152,,*,Lincoln,College of Social Science,*,Scholarship,Human Development and Family Studies,267
*,Little Rock,College of Business,*,*,Accounting,12564,,*,Little Rock,College of Business,*,Endowment,Accounting,3993
*,Little Rock,College of Natural Science,*,*,Mathematics  Advanced,38903,,*,Little Rock,College of Natural Science,*,Endowment,Mathematics  Advanced,4680
*,Little Rock,College of Natural Science,*,*,Mathematics  Advanced,38903,,*,Little Rock,College of Natural Science,*,Scholarship,Mathematics  Advanced,12931
*,Little Rock,College of Natural Science,*,*,Statistics,7923,,*,Little Rock,College of Natural Science,*,Scholarship,Statistics,313
*,Los Angeles,College of Agriculture and Natural Resources,*,*,Animal Science,20975,,*,Los Angeles,College of Agriculture and Natural Resources,*,Campus Resource,Animal Science,5715
*,Los Angeles,College of Agriculture and Natural Resources,*,*,Animal Science,20975,,*,Los Angeles,College of Agriculture and Natural Resources,*,Endowment,Animal Science,1839
*,Los Angeles,College of Agriculture and Natural Resources,*,*,Environmental Economics and Policy,41664,,*,Los Angeles,College of Agriculture and Natural Resources,*,Campus Resource,Environmental Economics and Policy,8352
*,Los Angeles,College of Agriculture and Natural Resources,*,*,Nutritional Sciences,14164,,*,Los Angeles,College of Agriculture and Natural Resources,*,Scholarship,Nutritional Sciences,2243
*,Los Angeles,College of Arts and Sciences,*,*,Art Education,1571,,*,Los Angeles,College of Arts and Sciences,*,Endowment,Art Education,373
*,Los Angeles,College of Arts and Sciences,*,*,German,11941,,*,Los Angeles,College of Arts and Sciences,*,Endowment,German,2329
*,Los Angeles,College of Arts and Sciences,*,*,Studio Art,24578,,*,Los Angeles,College of Arts and Sciences,*,Scholarship,Studio Art,6658
*,Los Angeles,College of Business,*,*,Human Resource Management,29700,,*,Los Angeles,College of Business,*,Campus Resource,Human Resource Management,4869
*,Los Angeles,College of Business,*,*,Human Resource Management,29700,,*,Los Angeles,College of Business,*,Scholarship,Human Resource Management,4869
*,Los Angeles,College of Business,*,*,Marketing,23795,,*,Los Angeles,College of Business,*,Campus Resource,Marketing,7929
*,Los Angeles,College of Business,*,*,Marketing,23795,,*,Los Angeles,College of Business,*,Endowment,Marketing,4958
*,Los Angeles,College of Engineering,*,*,Materials Science and Engineering,2047,,*,Los Angeles,College of Engineering,*,Scholarship,Materials Science and Engineering,293
*,Los Angeles,College of Music,*,*,Jazz Studies,44951,,*,Los Angeles,College of Music,*,Campus Resource,Jazz Studies,8290
*,Los Angeles,College of Music,*,*,Jazz Studies,44951,,*,Los Angeles,College of Music,*,Endowment,Jazz Studies,9945
*,Los Angeles,College of Natural Science,*,*,Biochemistry and Molecular Biology/Biotechnology,16489,,*,Los Angeles,College of Natural Science,*,Campus Resource,Biochemistry and Molecular Biology/Biotechnology,2879
*,Los Angeles,College of Natural Science,*,*,Environmental Geosciences,18624,,*,Los Angeles,College of Natural Science,*,Endowment,Environmental Geosciences,5375
*,Los Angeles,College of Natural Science,*,*,Microbiology,24296,,*,Los Angeles,College of Natural Science,*,Scholarship,Microbiology,4973
*,Los Angeles,College of Natural Science,*,*,Preoptometry,44119,,*,Los Angeles,College of Natural Science,*,Endowment,Preoptometry,12452
*,Los Angeles,College of Natural Science,*,*,Preoptometry,44119,,*,Los Angeles,College of Natural Science,*,Scholarship,Preoptometry,11659
*,Los Angeles,College of Nursing,*,*,Summer Research Program,19403,,*,Los Angeles,College of Nursing,*,Endowment,Summer Research Program,584
*,Los Angeles,College of Social Science,*,*,Economics,3977,,*,Los Angeles,College of Social Science,*,Scholarship,Economics,173
*,Los Angeles,College of Social Science,*,*,History,26419,,*,Los Angeles,College of Social Science,*,Endowment,History,4256
*,Los Angeles,College of Social Science,*,*,Political Science-Prelaw,15961,,*,Los Angeles,College of Social Science,*,Endowment,Political Science-Prelaw,2242
*,Louisville,College of Arts and Sciences,*,*,English,15485,,*,Louisville,College of Arts and Sciences,*,Campus Resource,English,3009
*,Louisville,College of Arts and Sciences,*,*,English,15485,,*,Louisville,College of Arts and Sciences,*,Endowment,English,5056
*,Madison,College of Social Science,*,*,Public Policy,13650,,*,Madison,College of Social Science,*,Endowment,Public Policy,278
*,Manchester,College of Arts and Sciences,*,*,Arts & Letters-General,28568,,*,Manchester,College of Arts and Sciences,*,Endowment,Arts & Letters-General,5988
*,Manchester,College of Arts and Sciences,*,*,Arts & Letters-General,28568,,*,Manchester,College of Arts and Sciences,*,Scholarship,Arts & Letters-General,5988
*,Manchester,College of Arts and Sciences,*,*,Humanities-Prelaw,39684,,*,Manchester,College of Arts and Sciences,*,Campus Resource,Humanities-Prelaw,9735
*,Manchester,College of Arts and Sciences,*,*,Humanities-Prelaw,39684,,*,Manchester,College of Arts and Sciences,*,Scholarship,Humanities-Prelaw,10580
*,Manchester,College of Music,*,*,Music Performance,10151,,*,Manchester,College of Music,*,Endowment,Music Performance,486
*,Manchester,College of Social Science,*,*,Global & Area Studies - Soc Sci,26907,,*,Manchester,College of Social Science,*,Campus Resource,Global & Area Studies - Soc Sci,6238
*,Manchester,College of Social Science,*,*,Global & Area Studies - Soc Sci,26907,,*,Manchester,College of Social Science,*,Endowment,Global & Area Studies - Soc Sci,427
*,Memphis,College of Agriculture and Natural Resources,*,*,Agriculture and Natural Resources-No Preference,13048,,*,Memphis,College of Agriculture and Natural Resources,*,Scholarship,Agriculture and Natural Resources-No Preference,3734
*,Memphis,College of Arts and Sciences,*,*,Global Studies in the Arts and Humanities,36676,,*,Memphis,College of Arts and Sciences,*,Endowment,Global Studies in the Arts and Humanities,10172
*,Memphis,College of Arts and Sciences,*,*,Global Studies in the Arts and Humanities,36676,,*,Memphis,College of Arts and Sciences,*,Scholarship,Global Studies in the Arts and Humanities,11886
*,Memphis,College of Arts and Sciences,*,*,Spanish,13992,,*,Memphis,College of Arts and Sciences,*,Endowment,Spanish,4327
*,Memphis,College of Business,*,*,Finance,26486,,*,Memphis,College of Business,*,Endowment,Finance,8481
*,Memphis,College of Engineering,*,*,Applied Engineering Sciences,12774,,*,Memphis,College of Engineering,*,Campus Resource,Applied Engineering Sciences,3379
*,Memphis,College of Natural Science,*,*,Biological Science Interdepartmental,25404,,*,Memphis,College of Natural Science,*,Campus Resource,Biological Science Interdepartmental,7220
*,Memphis,College of Natural Science,*,*,Chemistry,1091,,*,Memphis,College of Natural Science,*,Campus Resource,Chemistry,41
*,Memphis,College of Natural Science,*,*,Physical Science Interdepartmental,951,,*,Memphis,College of Natural Science,*,Scholarship,Physical Science Interdepartmental,251
*,Memphis,College of Natural Science,*,*,Zoology,28182,,*,Memphis,College of Natural Science,*,Campus Resource,Zoology,8248
*,Memphis,College of Natural Science,*,*,Zoology,28182,,*,Memphis,College of Natural Science,*,Scholarship,Zoology,2405
*,Memphis,College of Political Science,*,*,Social Relations and Policy,21714,,*,Memphis,College of Political Science,*,Campus Resource,Social Relations and Policy,2192
*,Mesa,College of Agriculture and Natural Resources,*,*,Entomology,18364,,*,Mesa,College of Agriculture and Natural Resources,*,Campus Resource,Entomology,145
*,Mesa,College of Agriculture and Natural Resources,*,*,Entomology,18364,,*,Mesa,College of Agriculture and Natural Resources,*,Endowment,Entomology,891
*,Mesa,College of Agriculture and Natural Resources,*,*,Environmental Economics and Policy,21240,,*,Mesa,College of Agriculture and Natural Resources,*,Campus Resource,Environmental Economics and Policy,2966
*,Mesa,College of Music,*,*,Music,15071,,*,Mesa,College of Music,*,Campus Resource,Music,1666
*,Miami,College of Agriculture and Natural Resources,*,*,Packaging,36379,,*,Miami,College of Agriculture and Natural Resources,*,Campus Resource,Packaging,6519
*,Miami,College of Engineering,*,*,Computer Science,11926,,*,Miami,College of Engineering,*,Endowment,Computer Science,2209
*,Miami,College of Engineering,*,*,Engineering-No Major,7560,,*,Miami,College of Engineering,*,Scholarship,Engineering-No Major,1119
*,Miami,College of Social Science,*,*,Sociology,24931,,*,Miami,College of Social Science,*,Campus Resource,Sociology,7362
*,Miami,College of Social Science,*,*,Sociology,24931,,*,Miami,College of Social Science,*,Endowment,Sociology,7362
*,Milwaukee,College of Communication Arts and Sciences,*,*,Advertising,23052,,*,Milwaukee,College of Communication Arts and Sciences,*,Campus Resource,Advertising,6092
*,Milwaukee,College of Communication Arts and Sciences,*,*,Advertising,23052,,*,Milwaukee,College of Communication Arts and Sciences,*,Endowment,Advertising,3064
*,Milwaukee,College of Political Science,*,*,College of Political Science,16127,,*,Milwaukee,College of Political Science,*,Scholarship,College of Political Science,2587
*,Milwaukee,College of Social Science,*,*,Anthropology,13045,,*,Milwaukee,College of Social Science,*,Endowment,Anthropology,4017
*,Milwaukee,College of Social Science,*,*,Anthropology,13045,,*,Milwaukee,College of Social Science,*,Scholarship,Anthropology,2727
*,Minneapolis,College of Business,*,*,Marketing,24348,,*,Minneapolis,College of Business,*,Scholarship,Marketing,6356
*,New Orleans,College of Arts and Sciences,*,*,Apparel and Textile Design,40756,,*,New Orleans,College of Arts and Sciences,*,Endowment,Apparel and Textile Design,11162
*,New Orleans,College of Business,*,*,General Management,16115,,*,New Orleans,College of Business,*,Campus Resource,General Management,895
*,New York,College of Agriculture and Natural Resources,*,*,Entomology,28419,,*,New York,College of Agriculture and Natural Resources,*,Endowment,Entomology,7219
*,New York,College of Agriculture and Natural Resources,*,*,Interior Design,25722,,*,New York,College of Agriculture and Natural Resources,*,Campus Resource,Interior Design,2553
*,New York,College of Agriculture and Natural Resources,*,*,Interior Design,25722,,*,New York,College of Agriculture and Natural Resources,*,Scholarship,Interior Design,3766
*,New York,College of Agriculture and Natural Resources,*,*,Natural Resource Recreation and Tourism,13319,,*,New York,College of Agriculture and Natural Resources,*,Campus Resource,Natural Resource Recreation and Tourism,4240
*,New York,College of Arts and Sciences,*,*,Apparel and Textiles,27135,,*,New York,College of Arts and Sciences,*,Endowment,Apparel and Textiles,127
*,New York,College of Arts and Sciences,*,*,Japanese,4905,,*,New York,College of Arts and Sciences,*,Scholarship,Japanese,1538
*,New York,College of Arts and Sciences,*,*,Professional Writing,48103,,*,New York,College of Arts and Sciences,*,Campus Resource,Professional Writing,1278
*,New York,College of Arts and Sciences,*,*,Professional Writing,48103,,*,New York,College of Arts and Sciences,*,Endowment,Professional Writing,12619
*,New York,College of Arts and Sciences,*,*,Theatre,22287,,*,New York,College of Arts and Sciences,*,Endowment,Theatre,5288
*,New York,College of Education,*,*,Education,27714,,*,New York,College of Education,*,Endowment,Education,2028
*,New York,College of Education,*,*,Education,27714,,*,New York,College of Education,*,Scholarship,Education,7459
*,New York,College of Engineering,*,*,Applied Engineering Sciences,1834,,*,New York,College of Engineering,*,Endowment,Applied Engineering Sciences,16
*,New York,College of Natural Science,*,*,Chemistry,17262,,*,New York,College of Natural Science,*,Campus Resource,Chemistry,5717
*,New York,College of Natural Science,*,*,Earth Science Interdepartmental,20478,,*,New York,College of Natural Science,*,Endowment,Earth Science Interdepartmental,4466
*,New York,College of Natural Science,*,*,Geological Sciences,14199,,*,New York,College of Natural Science,*,Campus Resource,Geological Sciences,4111
*,New York,College of Natural Science,*,*,Geological Sciences,14199,,*,New York,College of Natural Science,*,Endowment,Geological Sciences,1791
*,New York,College of Natural Science,*,*,Preoptometry,16255,,*,New York,College of Natural Science,*,Scholarship,Preoptometry,3255
*,New York,College of Political Science,*,*,Comparative Cultures and Politics,57585,,*,New York,College of Political Science,*,Endowment,Comparative Cultures and Politics,12117
*,New York,College of Political Science,*,*,Social Relations and Policy,41591,,*,New York,College of Political Science,*,Endowment,Social Relations and Policy,9074
*,New York,College of Political Science,*,*,Social Relations and Policy,41591,,*,New York,College of Political Science,*,Scholarship,Social Relations and Policy,5842
*,New York,College of Social Science,*,*,Criminal Justice,45306,,*,New York,College of Social Science,*,Scholarship,Criminal Justice,6768
*,New York,College of Social Science,*,*,Geography,6094,,*,New York,College of Social Science,*,Endowment,Geography,984
*,North Las Vegas,College of Arts and Sciences,*,*,French,18512,,*,North Las Vegas,College of Arts and Sciences,*,Endowment,French,160
*,North Las Vegas,College of Business,*,*,Marketing,17575,,*,North Las Vegas,College of Business,*,Endowment,Marketing,2483
*,North Las Vegas,College of Natural Science,*,*,Environmental Biology/Zoology,20133,,*,North Las Vegas,College of Natural Science,*,Campus Resource,Environmental Biology/Zoology,3784
*,Oklahoma City,College of Arts and Sciences,*,*,Professional Writing,9723,,*,Oklahoma City,College of Arts and Sciences,*,Endowment,Professional Writing,711
*,Oklahoma City,College of Business,*,*,Marketing,42369,,*,Oklahoma City,College of Business,*,Scholarship,Marketing,9044
*,Oklahoma City,College of Natural Science,*,*,Neuroscience,22387,,*,Oklahoma City,College of Natural Science,*,Campus Resource,Neuroscience,2873
*,Oklahoma City,College of Political Science,*,*,Political Theory and Constitutional Democracy,8717,,*,Oklahoma City,College of Political Science,*,Scholarship,Political Theory and Constitutional Democracy,888
*,Omaha,College of Agriculture and Natural Resources,*,*,Environmental Studies and Agriscience,10680,,*,Omaha,College of Agriculture and Natural Resources,*,Campus Resource,Environmental Studies and Agriscience,38
*,Omaha,College of Agriculture and Natural Resources,*,*,Environmental Studies and Agriscience,10680,,*,Omaha,College of Agriculture and Natural Resources,*,Endowment,Environmental Studies and Agriscience,2305
*,Orlando,College of Agriculture and Natural Resources,*,*,Agriculture and Natural Resources-No Preference,24823,,*,Orlando,College of Agriculture and Natural Resources,*,Campus Resource,Agriculture and Natural Resources-No Preference,1615
*,Orlando,College of Agriculture and Natural Resources,*,*,Agriculture and Natural Resources-No Preference,24823,,*,Orlando,College of Agriculture and Natural Resources,*,Scholarship,Agriculture and Natural Resources-No Preference,7261
*,Orlando,College of Agriculture and Natural Resources,*,*,Fisheries and Wildlife,21443,,*,Orlando,College of Agriculture and Natural Resources,*,Scholarship,Fisheries and Wildlife,2640
*,Orlando,College of Arts and Sciences,*,*,Interdisciplinary Humanities,25338,,*,Orlando,College of Arts and Sciences,*,Endowment,Interdisciplinary Humanities,6230
*,Orlando,College of Engineering,*,*,Materials Science and Engineering,6517,,*,Orlando,College of Engineering,*,Scholarship,Materials Science and Engineering,173
*,Orlando,College of Natural Science,*,*,Environmental Biology/Plant Biol,28721,,*,Orlando,College of Natural Science,*,Scholarship,Environmental Biology/Plant Biol,8650
*,Orlando,College of Natural Science,*,*,Neuroscience,46916,,*,Orlando,College of Natural Science,*,Scholarship,Neuroscience,10199
*,Overland Park,College of Agriculture and Natural Resources,*,*,Environmental Economics and Policy,17265,,*,Overland Park,College of Agriculture and Natural Resources,*,Campus Resource,Environmental Economics and Policy,3278
*,Overland Park,College of Agriculture and Natural Resources,*,*,Nutritional Sciences,42143,,*,Overland Park,College of Agriculture and Natural Resources,*,Campus Resource,Nutritional Sciences,7687
*,Overland Park,College of Agriculture and Natural Resources,*,*,Nutritional Sciences,42143,,*,Overland Park,College of Agriculture and Natural Resources,*,Endowment,Nutritional Sciences,9422
*,Overland Park,College of Arts and Sciences,*,*,Global Studies in the Arts and Humanities,11478,,*,Overland Park,College of Arts and Sciences,*,Campus Resource,Global Studies in the Arts and Humanities,1001
*,Overland Park,College of Music,*,*,Jazz Studies,32419,,*,Overland Park,College of Music,*,Endowment,Jazz Studies,6564
*,Overland Park,College of Natural Science,*,*,Biomedical Laboratory Science,11159,,*,Overland Park,College of Natural Science,*,Scholarship,Biomedical Laboratory Science,1434
*,Paterson,College of Natural Science,*,*,Zoology,43858,,*,Paterson,College of Natural Science,*,Endowment,Zoology,5427
*,Philadelphia,College of Arts and Sciences,*,*,Arabic,40880,,*,Philadelphia,College of Arts and Sciences,*,Endowment,Arabic,11427
*,Philadelphia,College of Arts and Sciences,*,*,Arabic,40880,,*,Philadelphia,College of Arts and Sciences,*,Scholarship,Arabic,11784
*,Philadelphia,College of Social Science,*,*,Geographic Information Science,55413,,*,Philadelphia,College of Social Science,*,Campus Resource,Geographic Information Science,17320
*,Philadelphia,College of Social Science,*,*,Geographic Information Science,55413,,*,Philadelphia,College of Social Science,*,Endowment,Geographic Information Science,17320
*,Philadelphia,College of Social Science,*,*,Global & Area Studies - Soc Sci,7143,,*,Philadelphia,College of Social Science,*,Endowment,Global & Area Studies - Soc Sci,1811
*,Philadelphia,College of Social Science,*,*,Interdisciplinary Studies in Social Science,8748,,*,Philadelphia,College of Social Science,*,Endowment,Interdisciplinary Studies in Social Science,1330
*,Phoenix,College of Agriculture and Natural Resources,*,*,Construction Management,20503,,*,Phoenix,College of Agriculture and Natural Resources,*,Scholarship,Construction Management,6006
*,Phoenix,College of Arts and Sciences,*,*,Art Education,27327,,*,Phoenix,College of Arts and Sciences,*,Campus Resource,Art Education,7371
*,Phoenix,College of Arts and Sciences,*,*,Art Education,27327,,*,Phoenix,College of Arts and Sciences,*,Scholarship,Art Education,6245
*,Phoenix,College of Arts and Sciences,*,*,English,10473,,*,Phoenix,College of Arts and Sciences,*,Endowment,English,1942
*,Phoenix,College of Arts and Sciences,*,*,Professional Writing,1414,,*,Phoenix,College of Arts and Sciences,*,Campus Resource,Professional Writing,84
*,Phoenix,College of Business,*,*,Finance,12251,,*,Phoenix,College of Business,*,Campus Resource,Finance,2679
*,Phoenix,College of Business,*,*,Finance,12251,,*,Phoenix,College of Business,*,Endowment,Finance,2679
*,Phoenix,College of Business,*,*,Supply Chain Management,13358,,*,Phoenix,College of Business,*,Endowment,Supply Chain Management,2439
*,Phoenix,College of Business,*,*,Supply Chain Management,13358,,*,Phoenix,College of Business,*,Scholarship,Supply Chain Management,4240
*,Phoenix,College of Communication Arts and Sciences,*,*,Media and Information,14965,,*,Phoenix,College of Communication Arts and Sciences,*,Scholarship,Media and Information,3392
*,Phoenix,College of Engineering,*,*,Computer Science,11516,,*,Phoenix,College of Engineering,*,Scholarship,Computer Science,334
*,Phoenix,College of Engineering,*,*,Electrical Engineering,48200,,*,Phoenix,College of Engineering,*,Scholarship,Electrical Engineering,15453
*,Phoenix,College of Engineering,*,*,Materials Science and Engineering,22165,,*,Phoenix,College of Engineering,*,Endowment,Materials Science and Engineering,2963
*,Phoenix,College of Music,*,*,Jazz Studies,14989,,*,Phoenix,College of Music,*,Endowment,Jazz Studies,3984
*,Phoenix,College of Music,*,*,Jazz Studies,14989,,*,Phoenix,College of Music,*,Scholarship,Jazz Studies,4884
*,Phoenix,College of Natural Science,*,*,Biochemistry and Molecular Biology/Biotechnology,5661,,*,Phoenix,College of Natural Science,*,Campus Resource,Biochemistry and Molecular Biology/Biotechnology,892
*,Phoenix,College of Natural Science,*,*,Biochemistry and Molecular Biology/Biotechnology,5661,,*,Phoenix,College of Natural Science,*,Scholarship,Biochemistry and Molecular Biology/Biotechnology,862
*,Phoenix,College of Natural Science,*,*,Biological Science Interdepartmental,8592,,*,Phoenix,College of Natural Science,*,Scholarship,Biological Science Interdepartmental,2733
*,Phoenix,College of Natural Science,*,*,Physical Science Interdepartmental,35578,,*,Phoenix,College of Natural Science,*,Endowment,Physical Science Interdepartmental,10466
*,Phoenix,College of Nursing,*,*,Nursing,56030,,*,Phoenix,College of Nursing,*,Campus Resource,Nursing,2981
*,Phoenix,College of Nursing,*,*,Prenursing,41529,,*,Phoenix,College of Nursing,*,Scholarship,Prenursing,2977
*,Phoenix,College of Social Science,*,*,History Education,6256,,*,Phoenix,College of Social Science,*,Scholarship,History Education,1355
*,Portland,College of Arts and Sciences,*,*,Humanities-Prelaw,13886,,*,Portland,College of Arts and Sciences,*,Scholarship,Humanities-Prelaw,4256
*,Portland,College of Natural Science,*,*,Biochemistry and Molecular Biology/Biotechnology,14846,,*,Portland,College of Natural Science,*,Scholarship,Biochemistry and Molecular Biology/Biotechnology,3901
*,Portland,College of Social Science,*,*,Geography,10861,,*,Portland,College of Social Science,*,Campus Resource,Geography,2634
*,Providence,College of Arts and Sciences,*,*,Arts & Letters-General,22643,,*,Providence,College of Arts and Sciences,*,Campus Resource,Arts & Letters-General,2773
*,Providence,College of Arts and Sciences,*,*,German,16257,,*,Providence,College of Arts and Sciences,*,Endowment,German,699
*,Providence,College of Natural Science,*,*,Geological Sciences,14645,,*,Providence,College of Natural Science,*,Campus Resource,Geological Sciences,4789
*,Providence,College of Social Science,*,*,History Education,13045,,*,Providence,College of Social Science,*,Scholarship,History Education,2810
*,Provo,College of Natural Science,*,*,Astrophysics,34337,,*,Provo,College of Natural Science,*,Scholarship,Astrophysics,11314
*,Raleigh,College of Arts and Sciences,*,*,Apparel and Textiles,11546,,*,Raleigh,College of Arts and Sciences,*,Endowment,Apparel and Textiles,584
*,Raleigh,College of Communication Arts and Sciences,*,*,Advertising,19584,,*,Raleigh,College of Communication Arts and Sciences,*,Campus Resource,Advertising,3230
*,Raleigh,College of Communication Arts and Sciences,*,*,Advertising,19584,,*,Raleigh,College of Communication Arts and Sciences,*,Endowment,Advertising,4474
*,Raleigh,College of Natural Science,*,*,Astrophysics,10175,,*,Raleigh,College of Natural Science,*,Scholarship,Astrophysics,2319
*,Raleigh,College of Natural Science,*,*,Predental,11933,,*,Raleigh,College of Natural Science,*,Scholarship,Predental,2313
*,Raleigh,College of Political Science,*,*,College of Political Science,10105,,*,Raleigh,College of Political Science,*,Campus Resource,College of Political Science,493
*,Richmond,College of Agriculture and Natural Resources,*,*,Animal Science,45615,,*,Richmond,College of Agriculture and Natural Resources,*,Campus Resource,Animal Science,1858
*,Richmond,College of Agriculture and Natural Resources,*,*,Food Science,24564,,*,Richmond,College of Agriculture and Natural Resources,*,Endowment,Food Science,7612
*,Richmond,College of Agriculture and Natural Resources,*,*,Food Science,24564,,*,Richmond,College of Agriculture and Natural Resources,*,Scholarship,Food Science,6225
*,Richmond,College of Arts and Sciences,*,*,Global Studies in the Arts and Humanities,6474,,*,Richmond,College of Arts and Sciences,*,Scholarship,Global Studies in the Arts and Humanities,2079
*,Richmond,College of Engineering,*,*,Engineering-No Major,15978,,*,Richmond,College of Engineering,*,Campus Resource,Engineering-No Major,3782
*,Richmond,College of Engineering,*,*,Engineering-No Major,15978,,*,Richmond,College of Engineering,*,Endowment,Engineering-No Major,5216
*,Richmond,College of Natural Science,*,*,Biological Science Interdepartmental,12518,,*,Richmond,College of Natural Science,*,Endowment,Biological Science Interdepartmental,2267
*,Richmond,College of Natural Science,*,*,Chemical Physics,11353,,*,Richmond,College of Natural Science,*,Campus Resource,Chemical Physics,2869
*,Rochester,College of Arts and Sciences,*,*,Humanities-Prelaw,22322,,*,Rochester,College of Arts and Sciences,*,Scholarship,Humanities-Prelaw,3496
*,Sacramento,College of Education,*,*,Kinesiology,20652,,*,Sacramento,College of Education,*,Scholarship,Kinesiology,650
*,Sacramento,College of Engineering,*,*,Materials Science and Engineering,14712,,*,Sacramento,College of Engineering,*,Endowment,Materials Science and Engineering,3591
*,Salem,College of Music,*,*,Jazz Studies,16790,,*,Salem,College of Music,*,Campus Resource,Jazz Studies,5309
*,Salem,College of Political Science,*,*,Social Relations and Policy,4841,,*,Salem,College of Political Science,*,Campus Resource,Social Relations and Policy,501
*,Salt Lake City,College of Engineering,*,*,Biosystems Engineering,34197,,*,Salt Lake City,College of Engineering,*,Campus Resource,Biosystems Engineering,4782
*,Salt Lake City,College of Engineering,*,*,Biosystems Engineering,34197,,*,Salt Lake City,College of Engineering,*,Scholarship,Biosystems Engineering,2977
*,Salt Lake City,College of Engineering,*,*,Computer Science,21660,,*,Salt Lake City,College of Engineering,*,Campus Resource,Computer Science,4913
*,San Antonio,College of Arts and Sciences,*,*,English,12087,,*,San Antonio,College of Arts and Sciences,*,Campus Resource,English,169
*,San Antonio,College of Arts and Sciences,*,*,Interdisciplinary Humanities,15233,,*,San Antonio,College of Arts and Sciences,*,Scholarship,Interdisciplinary Humanities,5020
*,San Antonio,College of Business,*,*,General Management,29316,,*,San Antonio,College of Business,*,Campus Resource,General Management,8225
*,San Antonio,College of Business,*,*,General Management,29316,,*,San Antonio,College of Business,*,Endowment,General Management,8225
*,San Antonio,College of Natural Science,*,*,Statistics,39522,,*,San Antonio,College of Natural Science,*,Campus Resource,Statistics,11162
*,San Antonio,College of Natural Science,*,*,Statistics,39522,,*,San Antonio,College of Natural Science,*,Scholarship,Statistics,2798
*,San Diego,College of Agriculture and Natural Resources,*,*,Environmental Studies and Agriscience,7478,,*,San Diego,College of Agriculture and Natural Resources,*,Scholarship,Environmental Studies and Agriscience,1724
*,San Diego,College of Arts and Sciences,*,*,French,12597,,*,San Diego,College of Arts and Sciences,*,Campus Resource,French,3885
*,San Diego,College of Arts and Sciences,*,*,Linguistics,4528,,*,San Diego,College of Arts and Sciences,*,Campus Resource,Linguistics,645
*,San Diego,College of Arts and Sciences,*,*,Russian,6951,,*,San Diego,College of Arts and Sciences,*,Endowment,Russian,1077
*,San Diego,College of Music,*,*,Composition,41582,,*,San Diego,College of Music,*,Scholarship,Composition,12522
*,San Diego,College of Natural Science,*,*,Biomedical Laboratory Science,2836,,*,San Diego,College of Natural Science,*,Scholarship,Biomedical Laboratory Science,292
*,San Diego,College of Social Science,*,*,Political Science,1435,,*,San Diego,College of Social Science,*,Scholarship,Political Science,43
*,San Diego,College of Social Science,*,*,Social Work,10914,,*,San Diego,College of Social Science,*,Endowment,Social Work,3367
*,San Francisco,College of Agriculture and Natural Resources,*,*,Agribusiness Management,12905,,*,San Francisco,College of Agriculture and Natural Resources,*,Scholarship,Agribusiness Management,3045
*,San Francisco,College of Agriculture and Natural Resources,*,*,Animal Science,33822,,*,San Francisco,College of Agriculture and Natural Resources,*,Campus Resource,Animal Science,1490
*,San Francisco,College of Agriculture and Natural Resources,*,*,Animal Science,33822,,*,San Francisco,College of Agriculture and Natural Resources,*,Scholarship,Animal Science,1490
*,San Francisco,College of Agriculture and Natural Resources,*,*,Horticulture,19403,,*,San Francisco,College of Agriculture and Natural Resources,*,Scholarship,Horticulture,6356
*,San Francisco,College of Arts and Sciences,*,*,Apparel and Textile Design,14010,,*,San Francisco,College of Arts and Sciences,*,Scholarship,Apparel and Textile Design,3527
*,San Francisco,College of Arts and Sciences,*,*,Art History and Visual Culture,52906,,*,San Francisco,College of Arts and Sciences,*,Campus Resource,Art History and Visual Culture,14562
*,San Francisco,College of Arts and Sciences,*,*,Art History and Visual Culture,52906,,*,San Francisco,College of Arts and Sciences,*,Scholarship,Art History and Visual Culture,14156
*,San Francisco,College of Arts and Sciences,*,*,Japanese,4765,,*,San Francisco,College of Arts and Sciences,*,Campus Resource,Japanese,151
*,San Francisco,College of Business,*,*,Finance,15975,,*,San Francisco,College of Business,*,Campus Resource,Finance,612
*,San Francisco,College of Education,*,*,Kinesiology,64367,,*,San Francisco,College of Education,*,Endowment,Kinesiology,17413
*,San Francisco,College of Music,*,*,Composition,16438,,*,San Francisco,College of Music,*,Campus Resource,Composition,3666
*,San Francisco,College of Music,*,*,Jazz Studies,21886,,*,San Francisco,College of Music,*,Endowment,Jazz Studies,908
*,San Francisco,College of Natural Science,*,*,Biochemistry and Molecular Biology/Biotechnology,25773,,*,San Francisco,College of Natural Science,*,Scholarship,Biochemistry and Molecular Biology/Biotechnology,3892
*,San Francisco,College of Natural Science,*,*,Environmental Biology/Zoology,11804,,*,San Francisco,College of Natural Science,*,Scholarship,Environmental Biology/Zoology,3929
*,San Francisco,College of Natural Science,*,*,Human Biology,41061,,*,San Francisco,College of Natural Science,*,Endowment,Human Biology,8078
*,San Francisco,College of Natural Science,*,*,Human Biology,41061,,*,San Francisco,College of Natural Science,*,Scholarship,Human Biology,7426
*,San Francisco,College of Natural Science,*,*,Zoology,29907,,*,San Francisco,College of Natural Science,*,Endowment,Zoology,4788
*,San Francisco,College of Political Science,*,*,Social Relations and Policy,10042,,*,San Francisco,College of Political Science,*,Endowment,Social Relations and Policy,628
*,San Francisco,College of Social Science,*,*,Economics,6526,,*,San Francisco,College of Social Science,*,Scholarship,Economics,858
*,San Francisco,College of Social Science,*,*,Human Development and Family Studies,11655,,*,San Francisco,College of Social Science,*,Scholarship,Human Development and Family Studies,3793
*,San Francisco,College of Social Science,*,*,Political Science-Prelaw,37064,,*,San Francisco,College of Social Science,*,Scholarship,Political Science-Prelaw,8996
*,San Francisco,College of Social Science,*,*,Public Policy,51184,,*,San Francisco,College of Social Science,*,Campus Resource,Public Policy,9972
*,San Francisco,College of Social Science,*,*,Public Policy,51184,,*,San Francisco,College of Social Science,*,Endowment,Public Policy,8935
*,San Francisco,College of Social Science,*,*,Sociology,8838,,*,San Francisco,College of Social Science,*,Campus Resource,Sociology,1576
*,Savannah,College of Natural Science,*,*,Human Biology,32152,,*,Savannah,College of Natural Science,*,Campus Resource,Human Biology,10679
*,Savannah,College of Natural Science,*,*,Human Biology,32152,,*,Savannah,College of Natural Science,*,Endowment,Human Biology,9497
*,Scottsdale,College of Engineering,*,*,Materials Science and Engineering,6166,,*,Scottsdale,College of Engineering,*,Campus Resource,Materials Science and Engineering,486
*,Scottsdale,College of Natural Science,*,*,Biochemistry and Molecular Biology/Biotechnology,28674,,*,Scottsdale,College of Natural Science,*,Endowment,Biochemistry and Molecular Biology/Biotechnology,833
*,Scottsdale,College of Natural Science,*,*,Biochemistry and Molecular Biology/Biotechnology,28674,,*,Scottsdale,College of Natural Science,*,Scholarship,Biochemistry and Molecular Biology/Biotechnology,5689
*,Seattle,College of Agriculture and Natural Resources,*,*,Agriculture and Natural Resources-No Preference,10166,,*,Seattle,College of Agriculture and Natural Resources,*,Scholarship,Agriculture and Natural Resources-No Preference,1655
*,Seattle,College of Agriculture and Natural Resources,*,*,Packaging,6119,,*,Seattle,College of Agriculture and Natural Resources,*,Endowment,Packaging,52
*,Seattle,College of Arts and Sciences,*,*,Apparel and Textile Design,12178,,*,Seattle,College of Arts and Sciences,*,Endowment,Apparel and Textile Design,1743
*,Seattle,College of Arts and Sciences,*,*,English,29278,,*,Seattle,College of Arts and Sciences,*,Campus Resource,English,4894
*,Seattle,College of Arts and Sciences,*,*,English,29278,,*,Seattle,College of Arts and Sciences,*,Scholarship,English,9745
*,Seattle,College of Arts and Sciences,*,*,Japanese,25164,,*,Seattle,College of Arts and Sciences,*,Campus Resource,Japanese,4802
*,Seattle,College of Arts and Sciences,*,*,Japanese,25164,,*,Seattle,College of Arts and Sciences,*,Endowment,Japanese,4855
*,Seattle,College of Business,*,*,Hospitality Business,29110,,*,Seattle,College of Business,*,Campus Resource,Hospitality Business,8893
*,Seattle,College of Business,*,*,Hospitality Business,29110,,*,Seattle,College of Business,*,Scholarship,Hospitality Business,8893
*,Seattle,College of Communication Arts and Sciences,*,*,Journalism,10121,,*,Seattle,College of Communication Arts and Sciences,*,Scholarship,Journalism,650
*,Seattle,College of Engineering,*,*,Applied Engineering Sciences,19671,,*,Seattle,College of Engineering,*,Scholarship,Applied Engineering Sciences,2517
*,Seattle,College of Music,*,*,Music,4751,,*,Seattle,College of Music,*,Campus Resource,Music,373
*,Seattle,College of Music,*,*,Music,4751,,*,Seattle,College of Music,*,Endowment,Music,508
*,Seattle,College of Natural Science,*,*,Biomedical Laboratory Science,33673,,*,Seattle,College of Natural Science,*,Scholarship,Biomedical Laboratory Science,7273
*,Seattle,College of Social Science,*,*,Human Development and Family Studies,18981,,*,Seattle,College of Social Science,*,Scholarship,Human Development and Family Studies,4517
*,Seattle,College of Social Science,*,*,Social Work,23516,,*,Seattle,College of Social Science,*,Campus Resource,Social Work,7597
*,Seattle,College of Social Science,*,*,Social Work,23516,,*,Seattle,College of Social Science,*,Endowment,Social Work,7525
*,Spokane,College of Agriculture and Natural Resources,*,*,Fisheries and Wildlife,20246,,*,Spokane,College of Agriculture and Natural Resources,*,Endowment,Fisheries and Wildlife,5177
*,Spokane,College of Agriculture and Natural Resources,*,*,Natural Resource Recreation and Tourism,4418,,*,Spokane,College of Agriculture and Natural Resources,*,Endowment,Natural Resource Recreation and Tourism,1133
*,Spokane,College of Natural Science,*,*,Predental,32286,,*,Spokane,College of Natural Science,*,Scholarship,Predental,8955
*,Spokane,College of Social Science,*,*,Social Work,37027,,*,Spokane,College of Social Science,*,Endowment,Social Work,8119
*,Springfield,College of Arts and Sciences,*,*,Experience Architecture,8315,,*,Springfield,College of Arts and Sciences,*,Scholarship,Experience Architecture,2002
*,St. Louis,College of Agriculture and Natural Resources,*,*,Agribusiness Management,17963,,*,St. Louis,College of Agriculture and Natural Resources,*,Campus Resource,Agribusiness Management,345
*,St. Louis,College of Agriculture and Natural Resources,*,*,Agribusiness Management,17963,,*,St. Louis,College of Agriculture and Natural Resources,*,Scholarship,Agribusiness Management,1729
*,St. Louis,College of Communication Arts and Sciences,*,*,Media and Information,11808,,*,St. Louis,College of Communication Arts and Sciences,*,Endowment,Media and Information,2051
*,St. Louis,College of Communication Arts and Sciences,*,*,Media and Information,11808,,*,St. Louis,College of Communication Arts and Sciences,*,Scholarship,Media and Information,149
*,St. Louis,College of Education,*,*,Education,38519,,*,St. Louis,College of Education,*,Campus Resource,Education,6148
*,St. Louis,College of Education,*,*,Education,38519,,*,St. Louis,College of Education,*,Endowment,Education,8942
*,St. Louis,College of Natural Science,*,*,Mathematics,229014,,*,St. Louis,College of Natural Science,*,Campus Resource,Mathematics,3171
*,Syracuse,College of Agriculture and Natural Resources,*,*,Food Science,14622,,*,Syracuse,College of Agriculture and Natural Resources,*,Campus Resource,Food Science,1920
*,Syracuse,College of Engineering,*,*,Materials Science and Engineering,14108,,*,Syracuse,College of Engineering,*,Endowment,Materials Science and Engineering,3957
*,Syracuse,College of Social Science,*,*,Global & Area Studies - Soc Sci,8496,,*,Syracuse,College of Social Science,*,Endowment,Global & Area Studies - Soc Sci,2464
*,Tallahassee,College of Agriculture and Natural Resources,*,*,Agribusiness Management,39387,,*,Tallahassee,College of Agriculture and Natural Resources,*,Campus Resource,Agribusiness Management,2982
*,Tallahassee,College of Agriculture and Natural Resources,*,*,Agribusiness Management,39387,,*,Tallahassee,College of Agriculture and Natural Resources,*,Scholarship,Agribusiness Management,630
*,Tallahassee,College of Agriculture and Natural Resources,*,*,Fisheries and Wildlife,15012,,*,Tallahassee,College of Agriculture and Natural Resources,*,Scholarship,Fisheries and Wildlife,4672
*,Tallahassee,College of Arts and Sciences,*,*,Art History and Visual Culture,16103,,*,Tallahassee,College of Arts and Sciences,*,Scholarship,Art History and Visual Culture,3724
*,Tallahassee,College of Arts and Sciences,*,*,Experience Architecture,14836,,*,Tallahassee,College of Arts and Sciences,*,Endowment,Experience Architecture,355
*,Tulsa,College of Business,*,*,Supply Chain Management,19817,,*,Tulsa,College of Business,*,Campus Resource,Supply Chain Management,5901
*,Tulsa,College of Business,*,*,Supply Chain Management,19817,,*,Tulsa,College of Business,*,Scholarship,Supply Chain Management,5901
*,Tulsa,College of Social Science,*,*,Human Development and Family Studies,11700,,*,Tulsa,College of Social Science,*,Campus Resource,Human Development and Family Studies,1633
*,Washington,College of Agriculture and Natural Resources,*,*,Agriculture and Natural Resources-No Preference,14815,,*,Washington,College of Agriculture and Natural Resources,*,Endowment,Agriculture and Natural Resources-No Preference,2581
*,Washington,College of Agriculture and Natural Resources,*,*,Environmental Studies and Agriscience,682,,*,Washington,College of Agriculture and Natural Resources,*,Campus Resource,Environmental Studies and Agriscience,204
*,Washington,College of Agriculture and Natural Resources,*,*,Packaging,18182,,*,Washington,College of Agriculture and Natural Resources,*,Campus Resource,Packaging,1763
*,Washington,College of Nursing,*,*,Summer Research Program,28927,,*,Washington,College of Nursing,*,Campus Resource,Summer Research Program,431
*,Washington,College of Nursing,*,*,Summer Research Program,28927,,*,Washington,College of Nursing,*,Endowment,Summer Research Program,5240
*,Washington,College of Social Science,*,*,Interdisciplinary Studies in Social Science - Social Science Education,14538,,*,Washington,College of Social Science,*,Campus Resource,Interdisciplinary Studies in Social Science - Social Science Education,171
*,Washington,College of Social Science,*,*,Interdisciplinary Studies in Social Science - Social Science Education,14538,,*,Washington,College of Social Science,*,Endowment,Interdisciplinary Studies in Social Science - Social Science Education,535
*,Washington,College of Social Science,*,*,Psychology,31771,,*,Washington,College of Social Science,*,Scholarship,Psychology,5506
*,Washington,College of Social Science,*,*,Urban and Regional Planning,29140,,*,Washington,College of Social Science,*,Campus Resource,Urban and Regional Planning,676
*,West Valley City,College of Arts and Sciences,*,*,Art History and Visual Culture,24441,,*,West Valley City,College of Arts and Sciences,*,Endowment,Art History and Visual Culture,5361
*,West Valley City,College of Natural Science,*,*,Biomedical Laboratory Science,10341,,*,West Valley City,College of Natural Science,*,Endowment,Biomedical Laboratory Science,2925
*,West Valley City,College of Political Science,*,*,Political Theory and Constitutional Democracy,27065,,*,West Valley City,College of Political Science,*,Campus Resource,Political Theory and Constitutional Democracy,7152
*,West Valley City,College of Political Science,*,*,Political Theory and Constitutional Democracy,27065,,*,West Valley City,College of Political Science,*,Scholarship,Political Theory and Constitutional Democracy,7152
*,Wichita,College of Natural Science,*,*,Chemical Physics,24209,,*,Wichita,College of Natural Science,*,Endowment,Chemical Physics,6264
*,Wichita,College of Natural Science,*,*,Preoptometry,13905,,*,Wichita,College of Natural Science,*,Scholarship,Preoptometry,2209
