*,*,College of Agriculture and Natural Resources,*,Campus Resource,*,735536.0,,AZ,*,College of Agriculture and Natural Resources,*,Campus Resource,*,32014
*,*,College of Agriculture and Natural Resources,*,Campus Resource,*,735536.0,,CA,*,College of Agriculture and Natural Resources,*,Campus Resource,*,97011
*,*,College of Agriculture and Natural Resources,*,Campus Resource,*,735536.0,,CO,*,College of Agriculture and Natural Resources,*,Campus Resource,*,164180.0
*,*,College of Agriculture and Natural Resources,*,Campus Resource,*,735536.0,,CT,*,College of Agriculture and Natural Resources,*,Campus Resource,*,34520
*,*,College of Agriculture and Natural Resources,*,Campus Resource,*,735536.0,,DC,*,College of Agriculture and Natural Resources,*,Campus Resource,*,1967
*,*,College of Agriculture and Natural Resources,*,Campus Resource,*,735536.0,,FL,*,College of Agriculture and Natural Resources,*,Campus Resource,*,37721
*,*,College of Agriculture and Natural Resources,*,Campus Resource,*,735536.0,,GA,*,College of Agriculture and Natural Resources,*,Campus Resource,*,16081
*,*,College of Agriculture and Natural Resources,*,Campus Resource,*,735536.0,,IA,*,College of Agriculture and Natural Resources,*,Campus Resource,*,4539
*,*,College of Agriculture and Natural Resources,*,Campus Resource,*,735536.0,,IL,*,College of Agriculture and Natural Resources,*,Campus Resource,*,3318
*,*,College of Agriculture and Natural Resources,*,Campus Resource,*,735536.0,,IN,*,College of Agriculture and Natural Resources,*,Campus Resource,*,20439
*,*,College of Agriculture and Natural Resources,*,Campus Resource,*,735536.0,,KS,*,College of Agriculture and Natural Resources,*,Campus Resource,*,19154
*,*,College of Agriculture and Natural Resources,*,Campus Resource,*,735536.0,,MA,*,College of Agriculture and Natural Resources,*,Campus Resource,*,19532
*,*,College of Agriculture and Natural Resources,*,Campus Resource,*,735536.0,,MI,*,College of Agriculture and Natural Resources,*,Campus Resource,*,12463
*,*,College of Agriculture and Natural Resources,*,Campus Resource,*,735536.0,,MN,*,College of Agriculture and Natural Resources,*,Campus Resource,*,3784
*,*,College of Agriculture and Natural Resources,*,Campus Resource,*,735536.0,,MO,*,College of Agriculture and Natural Resources,*,Campus Resource,*,17481
*,*,College of Agriculture and Natural Resources,*,Campus Resource,*,735536.0,,NC,*,College of Agriculture and Natural Resources,*,Campus Resource,*,22994
*,*,College of Agriculture and Natural Resources,*,Campus Resource,*,735536.0,,NE,*,College of Agriculture and Natural Resources,*,Campus Resource,*,8979
*,*,College of Agriculture and Natural Resources,*,Campus Resource,*,735536.0,,NV,*,College of Agriculture and Natural Resources,*,Campus Resource,*,41260
*,*,College of Agriculture and Natural Resources,*,Campus Resource,*,735536.0,,NY,*,College of Agriculture and Natural Resources,*,Campus Resource,*,39429
*,*,College of Agriculture and Natural Resources,*,Campus Resource,*,735536.0,,OH,*,College of Agriculture and Natural Resources,*,Campus Resource,*,15776
*,*,College of Agriculture and Natural Resources,*,Campus Resource,*,735536.0,,PA,*,College of Agriculture and Natural Resources,*,Campus Resource,*,7034
*,*,College of Agriculture and Natural Resources,*,Campus Resource,*,735536.0,,SC,*,College of Agriculture and Natural Resources,*,Campus Resource,*,11572
*,*,College of Agriculture and Natural Resources,*,Campus Resource,*,735536.0,,TN,*,College of Agriculture and Natural Resources,*,Campus Resource,*,28899
*,*,College of Agriculture and Natural Resources,*,Campus Resource,*,735536.0,,TX,*,College of Agriculture and Natural Resources,*,Campus Resource,*,25867
*,*,College of Agriculture and Natural Resources,*,Campus Resource,*,735536.0,,VA,*,College of Agriculture and Natural Resources,*,Campus Resource,*,25101
*,*,College of Agriculture and Natural Resources,*,Campus Resource,*,735536.0,,WA,*,College of Agriculture and Natural Resources,*,Campus Resource,*,24421
*,*,College of Agriculture and Natural Resources,*,Endowment,*,1059842.5,,AZ,*,College of Agriculture and Natural Resources,*,Endowment,*,42127
*,*,College of Agriculture and Natural Resources,*,Endowment,*,1059842.5,,CA,*,College of Agriculture and Natural Resources,*,Endowment,*,160788
*,*,College of Agriculture and Natural Resources,*,Endowment,*,1059842.5,,CO,*,College of Agriculture and Natural Resources,*,Endowment,*,97386.5
*,*,College of Agriculture and Natural Resources,*,Endowment,*,1059842.5,,CT,*,College of Agriculture and Natural Resources,*,Endowment,*,25934
*,*,College of Agriculture and Natural Resources,*,Endowment,*,1059842.5,,DC,*,College of Agriculture and Natural Resources,*,Endowment,*,7842
*,*,College of Agriculture and Natural Resources,*,Endowment,*,1059842.5,,FL,*,College of Agriculture and Natural Resources,*,Endowment,*,109277
*,*,College of Agriculture and Natural Resources,*,Endowment,*,1059842.5,,GA,*,College of Agriculture and Natural Resources,*,Endowment,*,7667
*,*,College of Agriculture and Natural Resources,*,Endowment,*,1059842.5,,IA,*,College of Agriculture and Natural Resources,*,Endowment,*,1587
*,*,College of Agriculture and Natural Resources,*,Endowment,*,1059842.5,,IL,*,College of Agriculture and Natural Resources,*,Endowment,*,39968
*,*,College of Agriculture and Natural Resources,*,Endowment,*,1059842.5,,IN,*,College of Agriculture and Natural Resources,*,Endowment,*,6664
*,*,College of Agriculture and Natural Resources,*,Endowment,*,1059842.5,,KS,*,College of Agriculture and Natural Resources,*,Endowment,*,19072
*,*,College of Agriculture and Natural Resources,*,Endowment,*,1059842.5,,LA,*,College of Agriculture and Natural Resources,*,Endowment,*,5578
*,*,College of Agriculture and Natural Resources,*,Endowment,*,1059842.5,,MA,*,College of Agriculture and Natural Resources,*,Endowment,*,38351
*,*,College of Agriculture and Natural Resources,*,Endowment,*,1059842.5,,MI,*,College of Agriculture and Natural Resources,*,Endowment,*,51330
*,*,College of Agriculture and Natural Resources,*,Endowment,*,1059842.5,,MN,*,College of Agriculture and Natural Resources,*,Endowment,*,9463
*,*,College of Agriculture and Natural Resources,*,Endowment,*,1059842.5,,MO,*,College of Agriculture and Natural Resources,*,Endowment,*,27972
*,*,College of Agriculture and Natural Resources,*,Endowment,*,1059842.5,,NC,*,College of Agriculture and Natural Resources,*,Endowment,*,13094
*,*,College of Agriculture and Natural Resources,*,Endowment,*,1059842.5,,NE,*,College of Agriculture and Natural Resources,*,Endowment,*,20615
*,*,College of Agriculture and Natural Resources,*,Endowment,*,1059842.5,,NV,*,College of Agriculture and Natural Resources,*,Endowment,*,11776
*,*,College of Agriculture and Natural Resources,*,Endowment,*,1059842.5,,NY,*,College of Agriculture and Natural Resources,*,Endowment,*,87657
*,*,College of Agriculture and Natural Resources,*,Endowment,*,1059842.5,,OH,*,College of Agriculture and Natural Resources,*,Endowment,*,22517
*,*,College of Agriculture and Natural Resources,*,Endowment,*,1059842.5,,OR,*,College of Agriculture and Natural Resources,*,Endowment,*,26641
*,*,College of Agriculture and Natural Resources,*,Endowment,*,1059842.5,,PA,*,College of Agriculture and Natural Resources,*,Endowment,*,8166
*,*,College of Agriculture and Natural Resources,*,Endowment,*,1059842.5,,RI,*,College of Agriculture and Natural Resources,*,Endowment,*,15293
*,*,College of Agriculture and Natural Resources,*,Endowment,*,1059842.5,,SC,*,College of Agriculture and Natural Resources,*,Endowment,*,1695
*,*,College of Agriculture and Natural Resources,*,Endowment,*,1059842.5,,TN,*,College of Agriculture and Natural Resources,*,Endowment,*,28376
*,*,College of Agriculture and Natural Resources,*,Endowment,*,1059842.5,,TX,*,College of Agriculture and Natural Resources,*,Endowment,*,98145
*,*,College of Agriculture and Natural Resources,*,Endowment,*,1059842.5,,VA,*,College of Agriculture and Natural Resources,*,Endowment,*,35904
*,*,College of Agriculture and Natural Resources,*,Endowment,*,1059842.5,,WA,*,College of Agriculture and Natural Resources,*,Endowment,*,38957
*,*,College of Agriculture and Natural Resources,*,Scholarship,*,1637786.5,,AL,*,College of Agriculture and Natural Resources,*,Scholarship,*,24878
*,*,College of Agriculture and Natural Resources,*,Scholarship,*,1637786.5,,AR,*,College of Agriculture and Natural Resources,*,Scholarship,*,7638
*,*,College of Agriculture and Natural Resources,*,Scholarship,*,1637786.5,,AZ,*,College of Agriculture and Natural Resources,*,Scholarship,*,50693
*,*,College of Agriculture and Natural Resources,*,Scholarship,*,1637786.5,,CA,*,College of Agriculture and Natural Resources,*,Scholarship,*,131032
*,*,College of Agriculture and Natural Resources,*,Scholarship,*,1637786.5,,CO,*,College of Agriculture and Natural Resources,*,Scholarship,*,270293.5
*,*,College of Agriculture and Natural Resources,*,Scholarship,*,1637786.5,,CT,*,College of Agriculture and Natural Resources,*,Scholarship,*,32860
*,*,College of Agriculture and Natural Resources,*,Scholarship,*,1637786.5,,DC,*,College of Agriculture and Natural Resources,*,Scholarship,*,30572
*,*,College of Agriculture and Natural Resources,*,Scholarship,*,1637786.5,,FL,*,College of Agriculture and Natural Resources,*,Scholarship,*,132226
*,*,College of Agriculture and Natural Resources,*,Scholarship,*,1637786.5,,GA,*,College of Agriculture and Natural Resources,*,Scholarship,*,837
*,*,College of Agriculture and Natural Resources,*,Scholarship,*,1637786.5,,IA,*,College of Agriculture and Natural Resources,*,Scholarship,*,1587
*,*,College of Agriculture and Natural Resources,*,Scholarship,*,1637786.5,,IL,*,College of Agriculture and Natural Resources,*,Scholarship,*,58379
*,*,College of Agriculture and Natural Resources,*,Scholarship,*,1637786.5,,IN,*,College of Agriculture and Natural Resources,*,Scholarship,*,7159
*,*,College of Agriculture and Natural Resources,*,Scholarship,*,1637786.5,,KS,*,College of Agriculture and Natural Resources,*,Scholarship,*,63413
*,*,College of Agriculture and Natural Resources,*,Scholarship,*,1637786.5,,KY,*,College of Agriculture and Natural Resources,*,Scholarship,*,18447
*,*,College of Agriculture and Natural Resources,*,Scholarship,*,1637786.5,,LA,*,College of Agriculture and Natural Resources,*,Scholarship,*,24713
*,*,College of Agriculture and Natural Resources,*,Scholarship,*,1637786.5,,MA,*,College of Agriculture and Natural Resources,*,Scholarship,*,72254
*,*,College of Agriculture and Natural Resources,*,Scholarship,*,1637786.5,,MI,*,College of Agriculture and Natural Resources,*,Scholarship,*,94593
*,*,College of Agriculture and Natural Resources,*,Scholarship,*,1637786.5,,MN,*,College of Agriculture and Natural Resources,*,Scholarship,*,181
*,*,College of Agriculture and Natural Resources,*,Scholarship,*,1637786.5,,MO,*,College of Agriculture and Natural Resources,*,Scholarship,*,102598
*,*,College of Agriculture and Natural Resources,*,Scholarship,*,1637786.5,,NC,*,College of Agriculture and Natural Resources,*,Scholarship,*,15516
*,*,College of Agriculture and Natural Resources,*,Scholarship,*,1637786.5,,NE,*,College of Agriculture and Natural Resources,*,Scholarship,*,23395
*,*,College of Agriculture and Natural Resources,*,Scholarship,*,1637786.5,,NV,*,College of Agriculture and Natural Resources,*,Scholarship,*,12526
*,*,College of Agriculture and Natural Resources,*,Scholarship,*,1637786.5,,NY,*,College of Agriculture and Natural Resources,*,Scholarship,*,90150
*,*,College of Agriculture and Natural Resources,*,Scholarship,*,1637786.5,,OH,*,College of Agriculture and Natural Resources,*,Scholarship,*,22023
*,*,College of Agriculture and Natural Resources,*,Scholarship,*,1637786.5,,OK,*,College of Agriculture and Natural Resources,*,Scholarship,*,24521
*,*,College of Agriculture and Natural Resources,*,Scholarship,*,1637786.5,,PA,*,College of Agriculture and Natural Resources,*,Scholarship,*,9453
*,*,College of Agriculture and Natural Resources,*,Scholarship,*,1637786.5,,SC,*,College of Agriculture and Natural Resources,*,Scholarship,*,29814
*,*,College of Agriculture and Natural Resources,*,Scholarship,*,1637786.5,,TN,*,College of Agriculture and Natural Resources,*,Scholarship,*,30559
*,*,College of Agriculture and Natural Resources,*,Scholarship,*,1637786.5,,TX,*,College of Agriculture and Natural Resources,*,Scholarship,*,92190
*,*,College of Agriculture and Natural Resources,*,Scholarship,*,1637786.5,,UT,*,College of Agriculture and Natural Resources,*,Scholarship,*,53432
*,*,College of Agriculture and Natural Resources,*,Scholarship,*,1637786.5,,VA,*,College of Agriculture and Natural Resources,*,Scholarship,*,75331
*,*,College of Agriculture and Natural Resources,*,Scholarship,*,1637786.5,,WA,*,College of Agriculture and Natural Resources,*,Scholarship,*,28041
*,*,College of Agriculture and Natural Resources,*,Scholarship,*,1637786.5,,WI,*,College of Agriculture and Natural Resources,*,Scholarship,*,6482
*,*,College of Arts and Sciences,*,Campus Resource,*,903014.5,,AL,*,College of Arts and Sciences,*,Campus Resource,*,32529
*,*,College of Arts and Sciences,*,Campus Resource,*,903014.5,,AZ,*,College of Arts and Sciences,*,Campus Resource,*,30003
*,*,College of Arts and Sciences,*,Campus Resource,*,903014.5,,CA,*,College of Arts and Sciences,*,Campus Resource,*,74693
*,*,College of Arts and Sciences,*,Campus Resource,*,903014.5,,CO,*,College of Arts and Sciences,*,Campus Resource,*,149171.5
*,*,College of Arts and Sciences,*,Campus Resource,*,903014.5,,CT,*,College of Arts and Sciences,*,Campus Resource,*,13695
*,*,College of Arts and Sciences,*,Campus Resource,*,903014.5,,FL,*,College of Arts and Sciences,*,Campus Resource,*,39836
*,*,College of Arts and Sciences,*,Campus Resource,*,903014.5,,IA,*,College of Arts and Sciences,*,Campus Resource,*,11296
*,*,College of Arts and Sciences,*,Campus Resource,*,903014.5,,IL,*,College of Arts and Sciences,*,Campus Resource,*,77787
*,*,College of Arts and Sciences,*,Campus Resource,*,903014.5,,IN,*,College of Arts and Sciences,*,Campus Resource,*,14194
*,*,College of Arts and Sciences,*,Campus Resource,*,903014.5,,KS,*,College of Arts and Sciences,*,Campus Resource,*,5152
*,*,College of Arts and Sciences,*,Campus Resource,*,903014.5,,KY,*,College of Arts and Sciences,*,Campus Resource,*,15459
*,*,College of Arts and Sciences,*,Campus Resource,*,903014.5,,MI,*,College of Arts and Sciences,*,Campus Resource,*,24542
*,*,College of Arts and Sciences,*,Campus Resource,*,903014.5,,MO,*,College of Arts and Sciences,*,Campus Resource,*,7618
*,*,College of Arts and Sciences,*,Campus Resource,*,903014.5,,NC,*,College of Arts and Sciences,*,Campus Resource,*,3423
*,*,College of Arts and Sciences,*,Campus Resource,*,903014.5,,NE,*,College of Arts and Sciences,*,Campus Resource,*,2939
*,*,College of Arts and Sciences,*,Campus Resource,*,903014.5,,NH,*,College of Arts and Sciences,*,Campus Resource,*,26327
*,*,College of Arts and Sciences,*,Campus Resource,*,903014.5,,NV,*,College of Arts and Sciences,*,Campus Resource,*,2587
*,*,College of Arts and Sciences,*,Campus Resource,*,903014.5,,NY,*,College of Arts and Sciences,*,Campus Resource,*,30316
*,*,College of Arts and Sciences,*,Campus Resource,*,903014.5,,OH,*,College of Arts and Sciences,*,Campus Resource,*,41454
*,*,College of Arts and Sciences,*,Campus Resource,*,903014.5,,OK,*,College of Arts and Sciences,*,Campus Resource,*,17539
*,*,College of Arts and Sciences,*,Campus Resource,*,903014.5,,OR,*,College of Arts and Sciences,*,Campus Resource,*,14303
*,*,College of Arts and Sciences,*,Campus Resource,*,903014.5,,PA,*,College of Arts and Sciences,*,Campus Resource,*,27595
*,*,College of Arts and Sciences,*,Campus Resource,*,903014.5,,RI,*,College of Arts and Sciences,*,Campus Resource,*,10004
*,*,College of Arts and Sciences,*,Campus Resource,*,903014.5,,SC,*,College of Arts and Sciences,*,Campus Resource,*,4356
*,*,College of Arts and Sciences,*,Campus Resource,*,903014.5,,TN,*,College of Arts and Sciences,*,Campus Resource,*,49872
*,*,College of Arts and Sciences,*,Campus Resource,*,903014.5,,TX,*,College of Arts and Sciences,*,Campus Resource,*,103678
*,*,College of Arts and Sciences,*,Campus Resource,*,903014.5,,UT,*,College of Arts and Sciences,*,Campus Resource,*,19553
*,*,College of Arts and Sciences,*,Campus Resource,*,903014.5,,VA,*,College of Arts and Sciences,*,Campus Resource,*,16721
*,*,College of Arts and Sciences,*,Campus Resource,*,903014.5,,WA,*,College of Arts and Sciences,*,Campus Resource,*,15243
*,*,College of Arts and Sciences,*,Campus Resource,*,903014.5,,WI,*,College of Arts and Sciences,*,Campus Resource,*,11718
*,*,College of Arts and Sciences,*,Campus Resource,*,903014.5,,WY,*,College of Arts and Sciences,*,Campus Resource,*,9411
*,*,College of Arts and Sciences,*,Endowment,*,1728662.5,,AL,*,College of Arts and Sciences,*,Endowment,*,38141
*,*,College of Arts and Sciences,*,Endowment,*,1728662.5,,AZ,*,College of Arts and Sciences,*,Endowment,*,65026
*,*,College of Arts and Sciences,*,Endowment,*,1728662.5,,CA,*,College of Arts and Sciences,*,Endowment,*,281747
*,*,College of Arts and Sciences,*,Endowment,*,1728662.5,,CO,*,College of Arts and Sciences,*,Endowment,*,316754.5
*,*,College of Arts and Sciences,*,Endowment,*,1728662.5,,CT,*,College of Arts and Sciences,*,Endowment,*,75615
*,*,College of Arts and Sciences,*,Endowment,*,1728662.5,,FL,*,College of Arts and Sciences,*,Endowment,*,60020
*,*,College of Arts and Sciences,*,Endowment,*,1728662.5,,GA,*,College of Arts and Sciences,*,Endowment,*,25543
*,*,College of Arts and Sciences,*,Endowment,*,1728662.5,,IL,*,College of Arts and Sciences,*,Endowment,*,46443
*,*,College of Arts and Sciences,*,Endowment,*,1728662.5,,IN,*,College of Arts and Sciences,*,Endowment,*,27636
*,*,College of Arts and Sciences,*,Endowment,*,1728662.5,,KS,*,College of Arts and Sciences,*,Endowment,*,15681
*,*,College of Arts and Sciences,*,Endowment,*,1728662.5,,KY,*,College of Arts and Sciences,*,Endowment,*,21097
*,*,College of Arts and Sciences,*,Endowment,*,1728662.5,,LA,*,College of Arts and Sciences,*,Endowment,*,28510
*,*,College of Arts and Sciences,*,Endowment,*,1728662.5,,MA,*,College of Arts and Sciences,*,Endowment,*,25148
*,*,College of Arts and Sciences,*,Endowment,*,1728662.5,,MI,*,College of Arts and Sciences,*,Endowment,*,22209
*,*,College of Arts and Sciences,*,Endowment,*,1728662.5,,MN,*,College of Arts and Sciences,*,Endowment,*,4948
*,*,College of Arts and Sciences,*,Endowment,*,1728662.5,,MO,*,College of Arts and Sciences,*,Endowment,*,46220
*,*,College of Arts and Sciences,*,Endowment,*,1728662.5,,NC,*,College of Arts and Sciences,*,Endowment,*,25606
*,*,College of Arts and Sciences,*,Endowment,*,1728662.5,,NE,*,College of Arts and Sciences,*,Endowment,*,8294
*,*,College of Arts and Sciences,*,Endowment,*,1728662.5,,NH,*,College of Arts and Sciences,*,Endowment,*,38167
*,*,College of Arts and Sciences,*,Endowment,*,1728662.5,,NM,*,College of Arts and Sciences,*,Endowment,*,20431
*,*,College of Arts and Sciences,*,Endowment,*,1728662.5,,NV,*,College of Arts and Sciences,*,Endowment,*,23254
*,*,College of Arts and Sciences,*,Endowment,*,1728662.5,,NY,*,College of Arts and Sciences,*,Endowment,*,95417
*,*,College of Arts and Sciences,*,Endowment,*,1728662.5,,OH,*,College of Arts and Sciences,*,Endowment,*,70189
*,*,College of Arts and Sciences,*,Endowment,*,1728662.5,,OK,*,College of Arts and Sciences,*,Endowment,*,14206
*,*,College of Arts and Sciences,*,Endowment,*,1728662.5,,OR,*,College of Arts and Sciences,*,Endowment,*,33223
*,*,College of Arts and Sciences,*,Endowment,*,1728662.5,,PA,*,College of Arts and Sciences,*,Endowment,*,19298
*,*,College of Arts and Sciences,*,Endowment,*,1728662.5,,RI,*,College of Arts and Sciences,*,Endowment,*,10450
*,*,College of Arts and Sciences,*,Endowment,*,1728662.5,,SC,*,College of Arts and Sciences,*,Endowment,*,11040
*,*,College of Arts and Sciences,*,Endowment,*,1728662.5,,TN,*,College of Arts and Sciences,*,Endowment,*,25007
*,*,College of Arts and Sciences,*,Endowment,*,1728662.5,,TX,*,College of Arts and Sciences,*,Endowment,*,109132
*,*,College of Arts and Sciences,*,Endowment,*,1728662.5,,UT,*,College of Arts and Sciences,*,Endowment,*,20485
*,*,College of Arts and Sciences,*,Endowment,*,1728662.5,,VA,*,College of Arts and Sciences,*,Endowment,*,36779
*,*,College of Arts and Sciences,*,Endowment,*,1728662.5,,WA,*,College of Arts and Sciences,*,Endowment,*,39018
*,*,College of Arts and Sciences,*,Endowment,*,1728662.5,,WI,*,College of Arts and Sciences,*,Endowment,*,340
*,*,College of Arts and Sciences,*,Endowment,*,1728662.5,,WY,*,College of Arts and Sciences,*,Endowment,*,27588
*,*,College of Arts and Sciences,*,Scholarship,*,2088635.5,,AL,*,College of Arts and Sciences,*,Scholarship,*,51319
*,*,College of Arts and Sciences,*,Scholarship,*,2088635.5,,AR,*,College of Arts and Sciences,*,Scholarship,*,10316
*,*,College of Arts and Sciences,*,Scholarship,*,2088635.5,,AZ,*,College of Arts and Sciences,*,Scholarship,*,100741
*,*,College of Arts and Sciences,*,Scholarship,*,2088635.5,,CA,*,College of Arts and Sciences,*,Scholarship,*,204361
*,*,College of Arts and Sciences,*,Scholarship,*,2088635.5,,CO,*,College of Arts and Sciences,*,Scholarship,*,303435.5
*,*,College of Arts and Sciences,*,Scholarship,*,2088635.5,,CT,*,College of Arts and Sciences,*,Scholarship,*,53512
*,*,College of Arts and Sciences,*,Scholarship,*,2088635.5,,FL,*,College of Arts and Sciences,*,Scholarship,*,105472
*,*,College of Arts and Sciences,*,Scholarship,*,2088635.5,,GA,*,College of Arts and Sciences,*,Scholarship,*,16649
*,*,College of Arts and Sciences,*,Scholarship,*,2088635.5,,IA,*,College of Arts and Sciences,*,Scholarship,*,30813
*,*,College of Arts and Sciences,*,Scholarship,*,2088635.5,,IL,*,College of Arts and Sciences,*,Scholarship,*,96539
*,*,College of Arts and Sciences,*,Scholarship,*,2088635.5,,IN,*,College of Arts and Sciences,*,Scholarship,*,16902
*,*,College of Arts and Sciences,*,Scholarship,*,2088635.5,,KS,*,College of Arts and Sciences,*,Scholarship,*,38376
*,*,College of Arts and Sciences,*,Scholarship,*,2088635.5,,KY,*,College of Arts and Sciences,*,Scholarship,*,24081
*,*,College of Arts and Sciences,*,Scholarship,*,2088635.5,,LA,*,College of Arts and Sciences,*,Scholarship,*,40694
*,*,College of Arts and Sciences,*,Scholarship,*,2088635.5,,MA,*,College of Arts and Sciences,*,Scholarship,*,48807
*,*,College of Arts and Sciences,*,Scholarship,*,2088635.5,,MI,*,College of Arts and Sciences,*,Scholarship,*,63842
*,*,College of Arts and Sciences,*,Scholarship,*,2088635.5,,MN,*,College of Arts and Sciences,*,Scholarship,*,8229
*,*,College of Arts and Sciences,*,Scholarship,*,2088635.5,,MO,*,College of Arts and Sciences,*,Scholarship,*,24959
*,*,College of Arts and Sciences,*,Scholarship,*,2088635.5,,NC,*,College of Arts and Sciences,*,Scholarship,*,42726
*,*,College of Arts and Sciences,*,Scholarship,*,2088635.5,,NE,*,College of Arts and Sciences,*,Scholarship,*,18678
*,*,College of Arts and Sciences,*,Scholarship,*,2088635.5,,NH,*,College of Arts and Sciences,*,Scholarship,*,26905
*,*,College of Arts and Sciences,*,Scholarship,*,2088635.5,,NM,*,College of Arts and Sciences,*,Scholarship,*,9062
*,*,College of Arts and Sciences,*,Scholarship,*,2088635.5,,NV,*,College of Arts and Sciences,*,Scholarship,*,40142
*,*,College of Arts and Sciences,*,Scholarship,*,2088635.5,,NY,*,College of Arts and Sciences,*,Scholarship,*,113072
*,*,College of Arts and Sciences,*,Scholarship,*,2088635.5,,OH,*,College of Arts and Sciences,*,Scholarship,*,105098
*,*,College of Arts and Sciences,*,Scholarship,*,2088635.5,,OK,*,College of Arts and Sciences,*,Scholarship,*,10384
*,*,College of Arts and Sciences,*,Scholarship,*,2088635.5,,OR,*,College of Arts and Sciences,*,Scholarship,*,30794
*,*,College of Arts and Sciences,*,Scholarship,*,2088635.5,,PA,*,College of Arts and Sciences,*,Scholarship,*,20598
*,*,College of Arts and Sciences,*,Scholarship,*,2088635.5,,RI,*,College of Arts and Sciences,*,Scholarship,*,18994
*,*,College of Arts and Sciences,*,Scholarship,*,2088635.5,,SC,*,College of Arts and Sciences,*,Scholarship,*,43106
*,*,College of Arts and Sciences,*,Scholarship,*,2088635.5,,TN,*,College of Arts and Sciences,*,Scholarship,*,46778
*,*,College of Arts and Sciences,*,Scholarship,*,2088635.5,,TX,*,College of Arts and Sciences,*,Scholarship,*,145147
*,*,College of Arts and Sciences,*,Scholarship,*,2088635.5,,UT,*,College of Arts and Sciences,*,Scholarship,*,23642
*,*,College of Arts and Sciences,*,Scholarship,*,2088635.5,,VA,*,College of Arts and Sciences,*,Scholarship,*,79203
*,*,College of Arts and Sciences,*,Scholarship,*,2088635.5,,WA,*,College of Arts and Sciences,*,Scholarship,*,68198
*,*,College of Arts and Sciences,*,Scholarship,*,2088635.5,,WI,*,College of Arts and Sciences,*,Scholarship,*,7061
*,*,College of Business,*,Campus Resource,*,256166.5,,AL,*,College of Business,*,Campus Resource,*,8426
*,*,College of Business,*,Campus Resource,*,256166.5,,AZ,*,College of Business,*,Campus Resource,*,14488
*,*,College of Business,*,Campus Resource,*,256166.5,,CA,*,College of Business,*,Campus Resource,*,40751
*,*,College of Business,*,Campus Resource,*,256166.5,,CO,*,College of Business,*,Campus Resource,*,11362.5
*,*,College of Business,*,Campus Resource,*,256166.5,,FL,*,College of Business,*,Campus Resource,*,41
*,*,College of Business,*,Campus Resource,*,256166.5,,IL,*,College of Business,*,Campus Resource,*,17770
*,*,College of Business,*,Campus Resource,*,256166.5,,IN,*,College of Business,*,Campus Resource,*,17732
*,*,College of Business,*,Campus Resource,*,256166.5,,KS,*,College of Business,*,Campus Resource,*,8199
*,*,College of Business,*,Campus Resource,*,256166.5,,KY,*,College of Business,*,Campus Resource,*,2639
*,*,College of Business,*,Campus Resource,*,256166.5,,LA,*,College of Business,*,Campus Resource,*,11808
*,*,College of Business,*,Campus Resource,*,256166.5,,MA,*,College of Business,*,Campus Resource,*,6493
*,*,College of Business,*,Campus Resource,*,256166.5,,MI,*,College of Business,*,Campus Resource,*,26887
*,*,College of Business,*,Campus Resource,*,256166.5,,NY,*,College of Business,*,Campus Resource,*,10676
*,*,College of Business,*,Campus Resource,*,256166.5,,OK,*,College of Business,*,Campus Resource,*,5901
*,*,College of Business,*,Campus Resource,*,256166.5,,TX,*,College of Business,*,Campus Resource,*,49627
*,*,College of Business,*,Campus Resource,*,256166.5,,UT,*,College of Business,*,Campus Resource,*,12207
*,*,College of Business,*,Campus Resource,*,256166.5,,WA,*,College of Business,*,Campus Resource,*,8893
*,*,College of Business,*,Campus Resource,*,256166.5,,WI,*,College of Business,*,Campus Resource,*,2266
*,*,College of Business,*,Endowment,*,535528,,AR,*,College of Business,*,Endowment,*,9998
*,*,College of Business,*,Endowment,*,535528,,AZ,*,College of Business,*,Endowment,*,35247
*,*,College of Business,*,Endowment,*,535528,,CA,*,College of Business,*,Endowment,*,52384
*,*,College of Business,*,Endowment,*,535528,,CO,*,College of Business,*,Endowment,*,13656
*,*,College of Business,*,Endowment,*,535528,,FL,*,College of Business,*,Endowment,*,43935
*,*,College of Business,*,Endowment,*,535528,,GA,*,College of Business,*,Endowment,*,7244
*,*,College of Business,*,Endowment,*,535528,,IL,*,College of Business,*,Endowment,*,33504
*,*,College of Business,*,Endowment,*,535528,,KS,*,College of Business,*,Endowment,*,7067
*,*,College of Business,*,Endowment,*,535528,,LA,*,College of Business,*,Endowment,*,45581
*,*,College of Business,*,Endowment,*,535528,,MA,*,College of Business,*,Endowment,*,23700
*,*,College of Business,*,Endowment,*,535528,,MI,*,College of Business,*,Endowment,*,41552
*,*,College of Business,*,Endowment,*,535528,,MN,*,College of Business,*,Endowment,*,17992
*,*,College of Business,*,Endowment,*,535528,,MO,*,College of Business,*,Endowment,*,16693
*,*,College of Business,*,Endowment,*,535528,,NC,*,College of Business,*,Endowment,*,3641
*,*,College of Business,*,Endowment,*,535528,,NV,*,College of Business,*,Endowment,*,2483
*,*,College of Business,*,Endowment,*,535528,,NY,*,College of Business,*,Endowment,*,26072
*,*,College of Business,*,Endowment,*,535528,,OH,*,College of Business,*,Endowment,*,6146
*,*,College of Business,*,Endowment,*,535528,,OK,*,College of Business,*,Endowment,*,41340
*,*,College of Business,*,Endowment,*,535528,,TN,*,College of Business,*,Endowment,*,24624
*,*,College of Business,*,Endowment,*,535528,,TX,*,College of Business,*,Endowment,*,46105
*,*,College of Business,*,Endowment,*,535528,,UT,*,College of Business,*,Endowment,*,15702
*,*,College of Business,*,Endowment,*,535528,,WA,*,College of Business,*,Endowment,*,11324
*,*,College of Business,*,Endowment,*,535528,,WY,*,College of Business,*,Endowment,*,9538
*,*,College of Business,*,Scholarship,*,608810.5,,AL,*,College of Business,*,Scholarship,*,14771
*,*,College of Business,*,Scholarship,*,608810.5,,AR,*,College of Business,*,Scholarship,*,8571
*,*,College of Business,*,Scholarship,*,608810.5,,AZ,*,College of Business,*,Scholarship,*,32524
*,*,College of Business,*,Scholarship,*,608810.5,,CA,*,College of Business,*,Scholarship,*,55754
*,*,College of Business,*,Scholarship,*,608810.5,,CO,*,College of Business,*,Scholarship,*,24681.5
*,*,College of Business,*,Scholarship,*,608810.5,,CT,*,College of Business,*,Scholarship,*,4982
*,*,College of Business,*,Scholarship,*,608810.5,,FL,*,College of Business,*,Scholarship,*,37871
*,*,College of Business,*,Scholarship,*,608810.5,,GA,*,College of Business,*,Scholarship,*,14443
*,*,College of Business,*,Scholarship,*,608810.5,,IL,*,College of Business,*,Scholarship,*,18880
*,*,College of Business,*,Scholarship,*,608810.5,,IN,*,College of Business,*,Scholarship,*,41378
*,*,College of Business,*,Scholarship,*,608810.5,,KS,*,College of Business,*,Scholarship,*,8816
*,*,College of Business,*,Scholarship,*,608810.5,,LA,*,College of Business,*,Scholarship,*,10024
*,*,College of Business,*,Scholarship,*,608810.5,,MA,*,College of Business,*,Scholarship,*,16432
*,*,College of Business,*,Scholarship,*,608810.5,,MI,*,College of Business,*,Scholarship,*,18100
*,*,College of Business,*,Scholarship,*,608810.5,,MN,*,College of Business,*,Scholarship,*,6356
*,*,College of Business,*,Scholarship,*,608810.5,,MO,*,College of Business,*,Scholarship,*,13339
*,*,College of Business,*,Scholarship,*,608810.5,,NC,*,College of Business,*,Scholarship,*,15779
*,*,College of Business,*,Scholarship,*,608810.5,,NE,*,College of Business,*,Scholarship,*,2647
*,*,College of Business,*,Scholarship,*,608810.5,,NV,*,College of Business,*,Scholarship,*,15092
*,*,College of Business,*,Scholarship,*,608810.5,,NY,*,College of Business,*,Scholarship,*,64701
*,*,College of Business,*,Scholarship,*,608810.5,,OH,*,College of Business,*,Scholarship,*,34813
*,*,College of Business,*,Scholarship,*,608810.5,,OK,*,College of Business,*,Scholarship,*,14945
*,*,College of Business,*,Scholarship,*,608810.5,,OR,*,College of Business,*,Scholarship,*,2442
*,*,College of Business,*,Scholarship,*,608810.5,,PA,*,College of Business,*,Scholarship,*,9143
*,*,College of Business,*,Scholarship,*,608810.5,,TN,*,College of Business,*,Scholarship,*,47773
*,*,College of Business,*,Scholarship,*,608810.5,,TX,*,College of Business,*,Scholarship,*,50636
*,*,College of Business,*,Scholarship,*,608810.5,,WA,*,College of Business,*,Scholarship,*,23917
*,*,College of Communication Arts and Sciences,*,Campus Resource,*,118848.0,,AZ,*,College of Communication Arts and Sciences,*,Campus Resource,*,3292
*,*,College of Communication Arts and Sciences,*,Campus Resource,*,118848.0,,CA,*,College of Communication Arts and Sciences,*,Campus Resource,*,5678
*,*,College of Communication Arts and Sciences,*,Campus Resource,*,118848.0,,CO,*,College of Communication Arts and Sciences,*,Campus Resource,*,28455.0
*,*,College of Communication Arts and Sciences,*,Campus Resource,*,118848.0,,KS,*,College of Communication Arts and Sciences,*,Campus Resource,*,7347
*,*,College of Communication Arts and Sciences,*,Campus Resource,*,118848.0,,MI,*,College of Communication Arts and Sciences,*,Campus Resource,*,7242
*,*,College of Communication Arts and Sciences,*,Campus Resource,*,118848.0,,MO,*,College of Communication Arts and Sciences,*,Campus Resource,*,9608
*,*,College of Communication Arts and Sciences,*,Campus Resource,*,118848.0,,NC,*,College of Communication Arts and Sciences,*,Campus Resource,*,3230
*,*,College of Communication Arts and Sciences,*,Campus Resource,*,118848.0,,NM,*,College of Communication Arts and Sciences,*,Campus Resource,*,2646
*,*,College of Communication Arts and Sciences,*,Campus Resource,*,118848.0,,NV,*,College of Communication Arts and Sciences,*,Campus Resource,*,3271
*,*,College of Communication Arts and Sciences,*,Campus Resource,*,118848.0,,OR,*,College of Communication Arts and Sciences,*,Campus Resource,*,4269
*,*,College of Communication Arts and Sciences,*,Campus Resource,*,118848.0,,RI,*,College of Communication Arts and Sciences,*,Campus Resource,*,4090
*,*,College of Communication Arts and Sciences,*,Campus Resource,*,118848.0,,TN,*,College of Communication Arts and Sciences,*,Campus Resource,*,23855
*,*,College of Communication Arts and Sciences,*,Campus Resource,*,118848.0,,TX,*,College of Communication Arts and Sciences,*,Campus Resource,*,3766
*,*,College of Communication Arts and Sciences,*,Campus Resource,*,118848.0,,VA,*,College of Communication Arts and Sciences,*,Campus Resource,*,2402
*,*,College of Communication Arts and Sciences,*,Campus Resource,*,118848.0,,WA,*,College of Communication Arts and Sciences,*,Campus Resource,*,3605
*,*,College of Communication Arts and Sciences,*,Campus Resource,*,118848.0,,WI,*,College of Communication Arts and Sciences,*,Campus Resource,*,6092
*,*,College of Communication Arts and Sciences,*,Endowment,*,243998,,AL,*,College of Communication Arts and Sciences,*,Endowment,*,12006
*,*,College of Communication Arts and Sciences,*,Endowment,*,243998,,AZ,*,College of Communication Arts and Sciences,*,Endowment,*,15438
*,*,College of Communication Arts and Sciences,*,Endowment,*,243998,,CO,*,College of Communication Arts and Sciences,*,Endowment,*,696
*,*,College of Communication Arts and Sciences,*,Endowment,*,243998,,FL,*,College of Communication Arts and Sciences,*,Endowment,*,47749
*,*,College of Communication Arts and Sciences,*,Endowment,*,243998,,GA,*,College of Communication Arts and Sciences,*,Endowment,*,4281
*,*,College of Communication Arts and Sciences,*,Endowment,*,243998,,IL,*,College of Communication Arts and Sciences,*,Endowment,*,28418
*,*,College of Communication Arts and Sciences,*,Endowment,*,243998,,MA,*,College of Communication Arts and Sciences,*,Endowment,*,8559
*,*,College of Communication Arts and Sciences,*,Endowment,*,243998,,MI,*,College of Communication Arts and Sciences,*,Endowment,*,8197
*,*,College of Communication Arts and Sciences,*,Endowment,*,243998,,MN,*,College of Communication Arts and Sciences,*,Endowment,*,3438
*,*,College of Communication Arts and Sciences,*,Endowment,*,243998,,MO,*,College of Communication Arts and Sciences,*,Endowment,*,7708
*,*,College of Communication Arts and Sciences,*,Endowment,*,243998,,NC,*,College of Communication Arts and Sciences,*,Endowment,*,4474
*,*,College of Communication Arts and Sciences,*,Endowment,*,243998,,NM,*,College of Communication Arts and Sciences,*,Endowment,*,10345
*,*,College of Communication Arts and Sciences,*,Endowment,*,243998,,NV,*,College of Communication Arts and Sciences,*,Endowment,*,27569
*,*,College of Communication Arts and Sciences,*,Endowment,*,243998,,NY,*,College of Communication Arts and Sciences,*,Endowment,*,9
*,*,College of Communication Arts and Sciences,*,Endowment,*,243998,,OH,*,College of Communication Arts and Sciences,*,Endowment,*,23204
*,*,College of Communication Arts and Sciences,*,Endowment,*,243998,,OK,*,College of Communication Arts and Sciences,*,Endowment,*,7020
*,*,College of Communication Arts and Sciences,*,Endowment,*,243998,,OR,*,College of Communication Arts and Sciences,*,Endowment,*,8641
*,*,College of Communication Arts and Sciences,*,Endowment,*,243998,,SC,*,College of Communication Arts and Sciences,*,Endowment,*,998
*,*,College of Communication Arts and Sciences,*,Endowment,*,243998,,TX,*,College of Communication Arts and Sciences,*,Endowment,*,1717
*,*,College of Communication Arts and Sciences,*,Endowment,*,243998,,WA,*,College of Communication Arts and Sciences,*,Endowment,*,20467
*,*,College of Communication Arts and Sciences,*,Endowment,*,243998,,WI,*,College of Communication Arts and Sciences,*,Endowment,*,3064
*,*,College of Communication Arts and Sciences,*,Scholarship,*,214405,,AZ,*,College of Communication Arts and Sciences,*,Scholarship,*,13150
*,*,College of Communication Arts and Sciences,*,Scholarship,*,214405,,CA,*,College of Communication Arts and Sciences,*,Scholarship,*,15921
*,*,College of Communication Arts and Sciences,*,Scholarship,*,214405,,CO,*,College of Communication Arts and Sciences,*,Scholarship,*,1389
*,*,College of Communication Arts and Sciences,*,Scholarship,*,214405,,CT,*,College of Communication Arts and Sciences,*,Scholarship,*,1091
*,*,College of Communication Arts and Sciences,*,Scholarship,*,214405,,FL,*,College of Communication Arts and Sciences,*,Scholarship,*,1562
*,*,College of Communication Arts and Sciences,*,Scholarship,*,214405,,GA,*,College of Communication Arts and Sciences,*,Scholarship,*,2729
*,*,College of Communication Arts and Sciences,*,Scholarship,*,214405,,IN,*,College of Communication Arts and Sciences,*,Scholarship,*,5686
*,*,College of Communication Arts and Sciences,*,Scholarship,*,214405,,KY,*,College of Communication Arts and Sciences,*,Scholarship,*,17952
*,*,College of Communication Arts and Sciences,*,Scholarship,*,214405,,MI,*,College of Communication Arts and Sciences,*,Scholarship,*,6872
*,*,College of Communication Arts and Sciences,*,Scholarship,*,214405,,MO,*,College of Communication Arts and Sciences,*,Scholarship,*,749
*,*,College of Communication Arts and Sciences,*,Scholarship,*,214405,,NC,*,College of Communication Arts and Sciences,*,Scholarship,*,11880
*,*,College of Communication Arts and Sciences,*,Scholarship,*,214405,,NM,*,College of Communication Arts and Sciences,*,Scholarship,*,17817
*,*,College of Communication Arts and Sciences,*,Scholarship,*,214405,,NV,*,College of Communication Arts and Sciences,*,Scholarship,*,5336
*,*,College of Communication Arts and Sciences,*,Scholarship,*,214405,,OH,*,College of Communication Arts and Sciences,*,Scholarship,*,21966
*,*,College of Communication Arts and Sciences,*,Scholarship,*,214405,,OR,*,College of Communication Arts and Sciences,*,Scholarship,*,20849
*,*,College of Communication Arts and Sciences,*,Scholarship,*,214405,,PA,*,College of Communication Arts and Sciences,*,Scholarship,*,5818
*,*,College of Communication Arts and Sciences,*,Scholarship,*,214405,,SC,*,College of Communication Arts and Sciences,*,Scholarship,*,6672
*,*,College of Communication Arts and Sciences,*,Scholarship,*,214405,,TN,*,College of Communication Arts and Sciences,*,Scholarship,*,13184
*,*,College of Communication Arts and Sciences,*,Scholarship,*,214405,,TX,*,College of Communication Arts and Sciences,*,Scholarship,*,8340
*,*,College of Communication Arts and Sciences,*,Scholarship,*,214405,,VA,*,College of Communication Arts and Sciences,*,Scholarship,*,2402
*,*,College of Communication Arts and Sciences,*,Scholarship,*,214405,,WA,*,College of Communication Arts and Sciences,*,Scholarship,*,19144
*,*,College of Communication Arts and Sciences,*,Scholarship,*,214405,,WI,*,College of Communication Arts and Sciences,*,Scholarship,*,13896
*,*,College of Education,*,Campus Resource,*,138815.0,,AR,*,College of Education,*,Campus Resource,*,1858
*,*,College of Education,*,Campus Resource,*,138815.0,,CA,*,College of Education,*,Campus Resource,*,8797
*,*,College of Education,*,Campus Resource,*,138815.0,,CO,*,College of Education,*,Campus Resource,*,30153.0
*,*,College of Education,*,Campus Resource,*,138815.0,,IL,*,College of Education,*,Campus Resource,*,16833
*,*,College of Education,*,Campus Resource,*,138815.0,,MI,*,College of Education,*,Campus Resource,*,9604
*,*,College of Education,*,Campus Resource,*,138815.0,,MO,*,College of Education,*,Campus Resource,*,6148
*,*,College of Education,*,Campus Resource,*,138815.0,,NC,*,College of Education,*,Campus Resource,*,10378
*,*,College of Education,*,Campus Resource,*,138815.0,,NM,*,College of Education,*,Campus Resource,*,15958
*,*,College of Education,*,Campus Resource,*,138815.0,,NV,*,College of Education,*,Campus Resource,*,434
*,*,College of Education,*,Campus Resource,*,138815.0,,NY,*,College of Education,*,Campus Resource,*,18227
*,*,College of Education,*,Campus Resource,*,138815.0,,OK,*,College of Education,*,Campus Resource,*,5275
*,*,College of Education,*,Campus Resource,*,138815.0,,TN,*,College of Education,*,Campus Resource,*,10410
*,*,College of Education,*,Campus Resource,*,138815.0,,WA,*,College of Education,*,Campus Resource,*,4740
*,*,College of Education,*,Endowment,*,289489.5,,AL,*,College of Education,*,Endowment,*,11353
*,*,College of Education,*,Endowment,*,289489.5,,AZ,*,College of Education,*,Endowment,*,7471
*,*,College of Education,*,Endowment,*,289489.5,,CA,*,College of Education,*,Endowment,*,35990
*,*,College of Education,*,Endowment,*,289489.5,,CO,*,College of Education,*,Endowment,*,62207.5
*,*,College of Education,*,Endowment,*,289489.5,,CT,*,College of Education,*,Endowment,*,17391
*,*,College of Education,*,Endowment,*,289489.5,,GA,*,College of Education,*,Endowment,*,2015
*,*,College of Education,*,Endowment,*,289489.5,,IL,*,College of Education,*,Endowment,*,15098
*,*,College of Education,*,Endowment,*,289489.5,,IN,*,College of Education,*,Endowment,*,2775
*,*,College of Education,*,Endowment,*,289489.5,,KS,*,College of Education,*,Endowment,*,21227
*,*,College of Education,*,Endowment,*,289489.5,,LA,*,College of Education,*,Endowment,*,13269
*,*,College of Education,*,Endowment,*,289489.5,,MI,*,College of Education,*,Endowment,*,29539
*,*,College of Education,*,Endowment,*,289489.5,,MO,*,College of Education,*,Endowment,*,12978
*,*,College of Education,*,Endowment,*,289489.5,,NC,*,College of Education,*,Endowment,*,13799
*,*,College of Education,*,Endowment,*,289489.5,,NY,*,College of Education,*,Endowment,*,2028
*,*,College of Education,*,Endowment,*,289489.5,,OH,*,College of Education,*,Endowment,*,9632
*,*,College of Education,*,Endowment,*,289489.5,,OK,*,College of Education,*,Endowment,*,3708
*,*,College of Education,*,Endowment,*,289489.5,,PA,*,College of Education,*,Endowment,*,13320
*,*,College of Education,*,Endowment,*,289489.5,,RI,*,College of Education,*,Endowment,*,7456
*,*,College of Education,*,Endowment,*,289489.5,,TX,*,College of Education,*,Endowment,*,2070
*,*,College of Education,*,Endowment,*,289489.5,,VA,*,College of Education,*,Endowment,*,6163
*,*,College of Education,*,Scholarship,*,422065.0,,AZ,*,College of Education,*,Scholarship,*,27040
*,*,College of Education,*,Scholarship,*,422065.0,,CA,*,College of Education,*,Scholarship,*,54361
*,*,College of Education,*,Scholarship,*,422065.0,,CO,*,College of Education,*,Scholarship,*,112579.0
*,*,College of Education,*,Scholarship,*,422065.0,,IL,*,College of Education,*,Scholarship,*,24915
*,*,College of Education,*,Scholarship,*,422065.0,,IN,*,College of Education,*,Scholarship,*,3468
*,*,College of Education,*,Scholarship,*,422065.0,,KS,*,College of Education,*,Scholarship,*,14012
*,*,College of Education,*,Scholarship,*,422065.0,,LA,*,College of Education,*,Scholarship,*,8591
*,*,College of Education,*,Scholarship,*,422065.0,,MI,*,College of Education,*,Scholarship,*,19035
*,*,College of Education,*,Scholarship,*,422065.0,,MO,*,College of Education,*,Scholarship,*,35450
*,*,College of Education,*,Scholarship,*,422065.0,,NC,*,College of Education,*,Scholarship,*,274
*,*,College of Education,*,Scholarship,*,422065.0,,NM,*,College of Education,*,Scholarship,*,15958
*,*,College of Education,*,Scholarship,*,422065.0,,NY,*,College of Education,*,Scholarship,*,28408
*,*,College of Education,*,Scholarship,*,422065.0,,OH,*,College of Education,*,Scholarship,*,3029
*,*,College of Education,*,Scholarship,*,422065.0,,OR,*,College of Education,*,Scholarship,*,3254
*,*,College of Education,*,Scholarship,*,422065.0,,RI,*,College of Education,*,Scholarship,*,7456
*,*,College of Education,*,Scholarship,*,422065.0,,TN,*,College of Education,*,Scholarship,*,19303
*,*,College of Education,*,Scholarship,*,422065.0,,TX,*,College of Education,*,Scholarship,*,26106
*,*,College of Education,*,Scholarship,*,422065.0,,UT,*,College of Education,*,Scholarship,*,11223
*,*,College of Education,*,Scholarship,*,422065.0,,VA,*,College of Education,*,Scholarship,*,7603
*,*,College of Engineering,*,Campus Resource,*,322092.5,,AR,*,College of Engineering,*,Campus Resource,*,4976
*,*,College of Engineering,*,Campus Resource,*,322092.5,,AZ,*,College of Engineering,*,Campus Resource,*,11668
*,*,College of Engineering,*,Campus Resource,*,322092.5,,CA,*,College of Engineering,*,Campus Resource,*,24065
*,*,College of Engineering,*,Campus Resource,*,322092.5,,CO,*,College of Engineering,*,Campus Resource,*,27841.5
*,*,College of Engineering,*,Campus Resource,*,322092.5,,CT,*,College of Engineering,*,Campus Resource,*,16767
*,*,College of Engineering,*,Campus Resource,*,322092.5,,DC,*,College of Engineering,*,Campus Resource,*,6526
*,*,College of Engineering,*,Campus Resource,*,322092.5,,FL,*,College of Engineering,*,Campus Resource,*,23845
*,*,College of Engineering,*,Campus Resource,*,322092.5,,GA,*,College of Engineering,*,Campus Resource,*,3715
*,*,College of Engineering,*,Campus Resource,*,322092.5,,IA,*,College of Engineering,*,Campus Resource,*,13256
*,*,College of Engineering,*,Campus Resource,*,322092.5,,IL,*,College of Engineering,*,Campus Resource,*,15724
*,*,College of Engineering,*,Campus Resource,*,322092.5,,IN,*,College of Engineering,*,Campus Resource,*,6331
*,*,College of Engineering,*,Campus Resource,*,322092.5,,MI,*,College of Engineering,*,Campus Resource,*,14073
*,*,College of Engineering,*,Campus Resource,*,322092.5,,MN,*,College of Engineering,*,Campus Resource,*,9394
*,*,College of Engineering,*,Campus Resource,*,322092.5,,MO,*,College of Engineering,*,Campus Resource,*,15590
*,*,College of Engineering,*,Campus Resource,*,322092.5,,NC,*,College of Engineering,*,Campus Resource,*,7126
*,*,College of Engineering,*,Campus Resource,*,322092.5,,NE,*,College of Engineering,*,Campus Resource,*,11109
*,*,College of Engineering,*,Campus Resource,*,322092.5,,NM,*,College of Engineering,*,Campus Resource,*,3057
*,*,College of Engineering,*,Campus Resource,*,322092.5,,NV,*,College of Engineering,*,Campus Resource,*,47282
*,*,College of Engineering,*,Campus Resource,*,322092.5,,NY,*,College of Engineering,*,Campus Resource,*,4001
*,*,College of Engineering,*,Campus Resource,*,322092.5,,PA,*,College of Engineering,*,Campus Resource,*,6556
*,*,College of Engineering,*,Campus Resource,*,322092.5,,TN,*,College of Engineering,*,Campus Resource,*,3795
*,*,College of Engineering,*,Campus Resource,*,322092.5,,TX,*,College of Engineering,*,Campus Resource,*,18923
*,*,College of Engineering,*,Campus Resource,*,322092.5,,UT,*,College of Engineering,*,Campus Resource,*,9695
*,*,College of Engineering,*,Campus Resource,*,322092.5,,VA,*,College of Engineering,*,Campus Resource,*,11596
*,*,College of Engineering,*,Campus Resource,*,322092.5,,WA,*,College of Engineering,*,Campus Resource,*,3403
*,*,College of Engineering,*,Campus Resource,*,322092.5,,WI,*,College of Engineering,*,Campus Resource,*,1778
*,*,College of Engineering,*,Endowment,*,1082931.5,,AL,*,College of Engineering,*,Endowment,*,13807
*,*,College of Engineering,*,Endowment,*,1082931.5,,AZ,*,College of Engineering,*,Endowment,*,41390
*,*,College of Engineering,*,Endowment,*,1082931.5,,CA,*,College of Engineering,*,Endowment,*,88703
*,*,College of Engineering,*,Endowment,*,1082931.5,,CO,*,College of Engineering,*,Endowment,*,65666.5
*,*,College of Engineering,*,Endowment,*,1082931.5,,CT,*,College of Engineering,*,Endowment,*,7315
*,*,College of Engineering,*,Endowment,*,1082931.5,,DC,*,College of Engineering,*,Endowment,*,9431
*,*,College of Engineering,*,Endowment,*,1082931.5,,FL,*,College of Engineering,*,Endowment,*,8650
*,*,College of Engineering,*,Endowment,*,1082931.5,,IA,*,College of Engineering,*,Endowment,*,31
*,*,College of Engineering,*,Endowment,*,1082931.5,,IN,*,College of Engineering,*,Endowment,*,61679
*,*,College of Engineering,*,Endowment,*,1082931.5,,KS,*,College of Engineering,*,Endowment,*,4618
*,*,College of Engineering,*,Endowment,*,1082931.5,,MA,*,College of Engineering,*,Endowment,*,7129
*,*,College of Engineering,*,Endowment,*,1082931.5,,MI,*,College of Engineering,*,Endowment,*,12768
*,*,College of Engineering,*,Endowment,*,1082931.5,,MO,*,College of Engineering,*,Endowment,*,37760
*,*,College of Engineering,*,Endowment,*,1082931.5,,NC,*,College of Engineering,*,Endowment,*,22363
*,*,College of Engineering,*,Endowment,*,1082931.5,,NE,*,College of Engineering,*,Endowment,*,19487
*,*,College of Engineering,*,Endowment,*,1082931.5,,NH,*,College of Engineering,*,Endowment,*,6432
*,*,College of Engineering,*,Endowment,*,1082931.5,,NM,*,College of Engineering,*,Endowment,*,5894
*,*,College of Engineering,*,Endowment,*,1082931.5,,NV,*,College of Engineering,*,Endowment,*,26136
*,*,College of Engineering,*,Endowment,*,1082931.5,,NY,*,College of Engineering,*,Endowment,*,3973
*,*,College of Engineering,*,Endowment,*,1082931.5,,PA,*,College of Engineering,*,Endowment,*,6725
*,*,College of Engineering,*,Endowment,*,1082931.5,,SC,*,College of Engineering,*,Endowment,*,9043
*,*,College of Engineering,*,Endowment,*,1082931.5,,TX,*,College of Engineering,*,Endowment,*,16204
*,*,College of Engineering,*,Endowment,*,1082931.5,,UT,*,College of Engineering,*,Endowment,*,43185
*,*,College of Engineering,*,Endowment,*,1082931.5,,VA,*,College of Engineering,*,Endowment,*,27684
*,*,College of Engineering,*,Endowment,*,1082931.5,,WA,*,College of Engineering,*,Endowment,*,24182
*,*,College of Engineering,*,Endowment,*,1082931.5,,WI,*,College of Engineering,*,Endowment,*,4319
*,*,College of Engineering,*,Scholarship,*,592931.0,,AL,*,College of Engineering,*,Scholarship,*,6285
*,*,College of Engineering,*,Scholarship,*,592931.0,,AZ,*,College of Engineering,*,Scholarship,*,34989
*,*,College of Engineering,*,Scholarship,*,592931.0,,CA,*,College of Engineering,*,Scholarship,*,53256
*,*,College of Engineering,*,Scholarship,*,592931.0,,CO,*,College of Engineering,*,Scholarship,*,58552.0
*,*,College of Engineering,*,Scholarship,*,592931.0,,CT,*,College of Engineering,*,Scholarship,*,22513
*,*,College of Engineering,*,Scholarship,*,592931.0,,DC,*,College of Engineering,*,Scholarship,*,12796
*,*,College of Engineering,*,Scholarship,*,592931.0,,FL,*,College of Engineering,*,Scholarship,*,14558
*,*,College of Engineering,*,Scholarship,*,592931.0,,GA,*,College of Engineering,*,Scholarship,*,20758
*,*,College of Engineering,*,Scholarship,*,592931.0,,IA,*,College of Engineering,*,Scholarship,*,4693
*,*,College of Engineering,*,Scholarship,*,592931.0,,IL,*,College of Engineering,*,Scholarship,*,40814
*,*,College of Engineering,*,Scholarship,*,592931.0,,IN,*,College of Engineering,*,Scholarship,*,17231
*,*,College of Engineering,*,Scholarship,*,592931.0,,KY,*,College of Engineering,*,Scholarship,*,936
*,*,College of Engineering,*,Scholarship,*,592931.0,,LA,*,College of Engineering,*,Scholarship,*,14719
*,*,College of Engineering,*,Scholarship,*,592931.0,,MA,*,College of Engineering,*,Scholarship,*,19663
*,*,College of Engineering,*,Scholarship,*,592931.0,,MO,*,College of Engineering,*,Scholarship,*,15989
*,*,College of Engineering,*,Scholarship,*,592931.0,,NC,*,College of Engineering,*,Scholarship,*,9896
*,*,College of Engineering,*,Scholarship,*,592931.0,,NE,*,College of Engineering,*,Scholarship,*,17726
*,*,College of Engineering,*,Scholarship,*,592931.0,,NH,*,College of Engineering,*,Scholarship,*,76
*,*,College of Engineering,*,Scholarship,*,592931.0,,NV,*,College of Engineering,*,Scholarship,*,6400
*,*,College of Engineering,*,Scholarship,*,592931.0,,NY,*,College of Engineering,*,Scholarship,*,11969
*,*,College of Engineering,*,Scholarship,*,592931.0,,OH,*,College of Engineering,*,Scholarship,*,9389
*,*,College of Engineering,*,Scholarship,*,592931.0,,OK,*,College of Engineering,*,Scholarship,*,5885
*,*,College of Engineering,*,Scholarship,*,592931.0,,OR,*,College of Engineering,*,Scholarship,*,3978
*,*,College of Engineering,*,Scholarship,*,592931.0,,PA,*,College of Engineering,*,Scholarship,*,7472
*,*,College of Engineering,*,Scholarship,*,592931.0,,SC,*,College of Engineering,*,Scholarship,*,7027
*,*,College of Engineering,*,Scholarship,*,592931.0,,TN,*,College of Engineering,*,Scholarship,*,32593
*,*,College of Engineering,*,Scholarship,*,592931.0,,TX,*,College of Engineering,*,Scholarship,*,94998
*,*,College of Engineering,*,Scholarship,*,592931.0,,UT,*,College of Engineering,*,Scholarship,*,2977
*,*,College of Engineering,*,Scholarship,*,592931.0,,VA,*,College of Engineering,*,Scholarship,*,18710
*,*,College of Engineering,*,Scholarship,*,592931.0,,WA,*,College of Engineering,*,Scholarship,*,24305
*,*,College of Engineering,*,Scholarship,*,592931.0,,WI,*,College of Engineering,*,Scholarship,*,1778
*,*,College of Music,*,Campus Resource,*,194248,,AZ,*,College of Music,*,Campus Resource,*,12827
*,*,College of Music,*,Campus Resource,*,194248,,CA,*,College of Music,*,Campus Resource,*,30946
*,*,College of Music,*,Campus Resource,*,194248,,CO,*,College of Music,*,Campus Resource,*,14367
*,*,College of Music,*,Campus Resource,*,194248,,IL,*,College of Music,*,Campus Resource,*,1191
*,*,College of Music,*,Campus Resource,*,194248,,KY,*,College of Music,*,Campus Resource,*,4605
*,*,College of Music,*,Campus Resource,*,194248,,MA,*,College of Music,*,Campus Resource,*,14972
*,*,College of Music,*,Campus Resource,*,194248,,MI,*,College of Music,*,Campus Resource,*,16601
*,*,College of Music,*,Campus Resource,*,194248,,MO,*,College of Music,*,Campus Resource,*,3045
*,*,College of Music,*,Campus Resource,*,194248,,NC,*,College of Music,*,Campus Resource,*,9914
*,*,College of Music,*,Campus Resource,*,194248,,NH,*,College of Music,*,Campus Resource,*,9665
*,*,College of Music,*,Campus Resource,*,194248,,NV,*,College of Music,*,Campus Resource,*,995
*,*,College of Music,*,Campus Resource,*,194248,,OH,*,College of Music,*,Campus Resource,*,17707
*,*,College of Music,*,Campus Resource,*,194248,,OK,*,College of Music,*,Campus Resource,*,13339
*,*,College of Music,*,Campus Resource,*,194248,,OR,*,College of Music,*,Campus Resource,*,12610
*,*,College of Music,*,Campus Resource,*,194248,,SC,*,College of Music,*,Campus Resource,*,14955
*,*,College of Music,*,Campus Resource,*,194248,,TX,*,College of Music,*,Campus Resource,*,16136
*,*,College of Music,*,Campus Resource,*,194248,,WA,*,College of Music,*,Campus Resource,*,373
*,*,College of Music,*,Endowment,*,360316.5,,AZ,*,College of Music,*,Endowment,*,25795
*,*,College of Music,*,Endowment,*,360316.5,,CA,*,College of Music,*,Endowment,*,46314
*,*,College of Music,*,Endowment,*,360316.5,,CO,*,College of Music,*,Endowment,*,107161.5
*,*,College of Music,*,Endowment,*,360316.5,,DC,*,College of Music,*,Endowment,*,2233
*,*,College of Music,*,Endowment,*,360316.5,,FL,*,College of Music,*,Endowment,*,24366
*,*,College of Music,*,Endowment,*,360316.5,,IL,*,College of Music,*,Endowment,*,38237
*,*,College of Music,*,Endowment,*,360316.5,,KS,*,College of Music,*,Endowment,*,6564
*,*,College of Music,*,Endowment,*,360316.5,,KY,*,College of Music,*,Endowment,*,12917
*,*,College of Music,*,Endowment,*,360316.5,,LA,*,College of Music,*,Endowment,*,3770
*,*,College of Music,*,Endowment,*,360316.5,,MA,*,College of Music,*,Endowment,*,16014
*,*,College of Music,*,Endowment,*,360316.5,,MI,*,College of Music,*,Endowment,*,5040
*,*,College of Music,*,Endowment,*,360316.5,,NC,*,College of Music,*,Endowment,*,5516
*,*,College of Music,*,Endowment,*,360316.5,,NH,*,College of Music,*,Endowment,*,2796
*,*,College of Music,*,Endowment,*,360316.5,,NV,*,College of Music,*,Endowment,*,18691
*,*,College of Music,*,Endowment,*,360316.5,,NY,*,College of Music,*,Endowment,*,8945
*,*,College of Music,*,Endowment,*,360316.5,,OH,*,College of Music,*,Endowment,*,5854
*,*,College of Music,*,Endowment,*,360316.5,,TN,*,College of Music,*,Endowment,*,5554
*,*,College of Music,*,Endowment,*,360316.5,,TX,*,College of Music,*,Endowment,*,14607
*,*,College of Music,*,Endowment,*,360316.5,,WA,*,College of Music,*,Endowment,*,508
*,*,College of Music,*,Endowment,*,360316.5,,WI,*,College of Music,*,Endowment,*,9434
*,*,College of Music,*,Scholarship,*,512026.0,,AZ,*,College of Music,*,Scholarship,*,12286
*,*,College of Music,*,Scholarship,*,512026.0,,CA,*,College of Music,*,Scholarship,*,82854
*,*,College of Music,*,Scholarship,*,512026.0,,CO,*,College of Music,*,Scholarship,*,68007.0
*,*,College of Music,*,Scholarship,*,512026.0,,FL,*,College of Music,*,Scholarship,*,3736
*,*,College of Music,*,Scholarship,*,512026.0,,IA,*,College of Music,*,Scholarship,*,9831
*,*,College of Music,*,Scholarship,*,512026.0,,IL,*,College of Music,*,Scholarship,*,44450
*,*,College of Music,*,Scholarship,*,512026.0,,KS,*,College of Music,*,Scholarship,*,32260
*,*,College of Music,*,Scholarship,*,512026.0,,KY,*,College of Music,*,Scholarship,*,4238
*,*,College of Music,*,Scholarship,*,512026.0,,LA,*,College of Music,*,Scholarship,*,21047
*,*,College of Music,*,Scholarship,*,512026.0,,MA,*,College of Music,*,Scholarship,*,14724
*,*,College of Music,*,Scholarship,*,512026.0,,MI,*,College of Music,*,Scholarship,*,3069
*,*,College of Music,*,Scholarship,*,512026.0,,NC,*,College of Music,*,Scholarship,*,40758
*,*,College of Music,*,Scholarship,*,512026.0,,NE,*,College of Music,*,Scholarship,*,16472
*,*,College of Music,*,Scholarship,*,512026.0,,NM,*,College of Music,*,Scholarship,*,6598
*,*,College of Music,*,Scholarship,*,512026.0,,NV,*,College of Music,*,Scholarship,*,16047
*,*,College of Music,*,Scholarship,*,512026.0,,NY,*,College of Music,*,Scholarship,*,14312
*,*,College of Music,*,Scholarship,*,512026.0,,OH,*,College of Music,*,Scholarship,*,29451
*,*,College of Music,*,Scholarship,*,512026.0,,OR,*,College of Music,*,Scholarship,*,11481
*,*,College of Music,*,Scholarship,*,512026.0,,RI,*,College of Music,*,Scholarship,*,11813
*,*,College of Music,*,Scholarship,*,512026.0,,TX,*,College of Music,*,Scholarship,*,14923
*,*,College of Music,*,Scholarship,*,512026.0,,UT,*,College of Music,*,Scholarship,*,18939
*,*,College of Music,*,Scholarship,*,512026.0,,VA,*,College of Music,*,Scholarship,*,21639
*,*,College of Music,*,Scholarship,*,512026.0,,WA,*,College of Music,*,Scholarship,*,13091
*,*,College of Natural Science,*,Campus Resource,*,1107578.0,,AL,*,College of Natural Science,*,Campus Resource,*,1270
*,*,College of Natural Science,*,Campus Resource,*,1107578.0,,AR,*,College of Natural Science,*,Campus Resource,*,21292
*,*,College of Natural Science,*,Campus Resource,*,1107578.0,,AZ,*,College of Natural Science,*,Campus Resource,*,58698
*,*,College of Natural Science,*,Campus Resource,*,1107578.0,,CA,*,College of Natural Science,*,Campus Resource,*,135046
*,*,College of Natural Science,*,Campus Resource,*,1107578.0,,CO,*,College of Natural Science,*,Campus Resource,*,119710.0
*,*,College of Natural Science,*,Campus Resource,*,1107578.0,,CT,*,College of Natural Science,*,Campus Resource,*,2336
*,*,College of Natural Science,*,Campus Resource,*,1107578.0,,DC,*,College of Natural Science,*,Campus Resource,*,7890
*,*,College of Natural Science,*,Campus Resource,*,1107578.0,,FL,*,College of Natural Science,*,Campus Resource,*,27163
*,*,College of Natural Science,*,Campus Resource,*,1107578.0,,GA,*,College of Natural Science,*,Campus Resource,*,26996
*,*,College of Natural Science,*,Campus Resource,*,1107578.0,,IA,*,College of Natural Science,*,Campus Resource,*,9344
*,*,College of Natural Science,*,Campus Resource,*,1107578.0,,IL,*,College of Natural Science,*,Campus Resource,*,24373
*,*,College of Natural Science,*,Campus Resource,*,1107578.0,,IN,*,College of Natural Science,*,Campus Resource,*,41423
*,*,College of Natural Science,*,Campus Resource,*,1107578.0,,KS,*,College of Natural Science,*,Campus Resource,*,41400
*,*,College of Natural Science,*,Campus Resource,*,1107578.0,,KY,*,College of Natural Science,*,Campus Resource,*,9667
*,*,College of Natural Science,*,Campus Resource,*,1107578.0,,LA,*,College of Natural Science,*,Campus Resource,*,16477
*,*,College of Natural Science,*,Campus Resource,*,1107578.0,,MA,*,College of Natural Science,*,Campus Resource,*,701
*,*,College of Natural Science,*,Campus Resource,*,1107578.0,,MI,*,College of Natural Science,*,Campus Resource,*,18409
*,*,College of Natural Science,*,Campus Resource,*,1107578.0,,MN,*,College of Natural Science,*,Campus Resource,*,740
*,*,College of Natural Science,*,Campus Resource,*,1107578.0,,MO,*,College of Natural Science,*,Campus Resource,*,27421
*,*,College of Natural Science,*,Campus Resource,*,1107578.0,,NC,*,College of Natural Science,*,Campus Resource,*,63488
*,*,College of Natural Science,*,Campus Resource,*,1107578.0,,NE,*,College of Natural Science,*,Campus Resource,*,9108
*,*,College of Natural Science,*,Campus Resource,*,1107578.0,,NH,*,College of Natural Science,*,Campus Resource,*,8877
*,*,College of Natural Science,*,Campus Resource,*,1107578.0,,NV,*,College of Natural Science,*,Campus Resource,*,4091
*,*,College of Natural Science,*,Campus Resource,*,1107578.0,,NY,*,College of Natural Science,*,Campus Resource,*,49099
*,*,College of Natural Science,*,Campus Resource,*,1107578.0,,OH,*,College of Natural Science,*,Campus Resource,*,33468
*,*,College of Natural Science,*,Campus Resource,*,1107578.0,,OK,*,College of Natural Science,*,Campus Resource,*,6222
*,*,College of Natural Science,*,Campus Resource,*,1107578.0,,OR,*,College of Natural Science,*,Campus Resource,*,32421
*,*,College of Natural Science,*,Campus Resource,*,1107578.0,,PA,*,College of Natural Science,*,Campus Resource,*,43
*,*,College of Natural Science,*,Campus Resource,*,1107578.0,,RI,*,College of Natural Science,*,Campus Resource,*,13814
*,*,College of Natural Science,*,Campus Resource,*,1107578.0,,SC,*,College of Natural Science,*,Campus Resource,*,6101
*,*,College of Natural Science,*,Campus Resource,*,1107578.0,,TN,*,College of Natural Science,*,Campus Resource,*,52059
*,*,College of Natural Science,*,Campus Resource,*,1107578.0,,TX,*,College of Natural Science,*,Campus Resource,*,168392
*,*,College of Natural Science,*,Campus Resource,*,1107578.0,,VA,*,College of Natural Science,*,Campus Resource,*,21772
*,*,College of Natural Science,*,Campus Resource,*,1107578.0,,WA,*,College of Natural Science,*,Campus Resource,*,35486
*,*,College of Natural Science,*,Campus Resource,*,1107578.0,,WI,*,College of Natural Science,*,Campus Resource,*,12781
*,*,College of Natural Science,*,Endowment,*,1724184.0,,AL,*,College of Natural Science,*,Endowment,*,32527
*,*,College of Natural Science,*,Endowment,*,1724184.0,,AR,*,College of Natural Science,*,Endowment,*,15024
*,*,College of Natural Science,*,Endowment,*,1724184.0,,AZ,*,College of Natural Science,*,Endowment,*,55945
*,*,College of Natural Science,*,Endowment,*,1724184.0,,CA,*,College of Natural Science,*,Endowment,*,149526
*,*,College of Natural Science,*,Endowment,*,1724184.0,,CO,*,College of Natural Science,*,Endowment,*,158764.0
*,*,College of Natural Science,*,Endowment,*,1724184.0,,CT,*,College of Natural Science,*,Endowment,*,42766
*,*,College of Natural Science,*,Endowment,*,1724184.0,,FL,*,College of Natural Science,*,Endowment,*,116816
*,*,College of Natural Science,*,Endowment,*,1724184.0,,GA,*,College of Natural Science,*,Endowment,*,109059
*,*,College of Natural Science,*,Endowment,*,1724184.0,,IA,*,College of Natural Science,*,Endowment,*,23657
*,*,College of Natural Science,*,Endowment,*,1724184.0,,IL,*,College of Natural Science,*,Endowment,*,62800
*,*,College of Natural Science,*,Endowment,*,1724184.0,,IN,*,College of Natural Science,*,Endowment,*,23753
*,*,College of Natural Science,*,Endowment,*,1724184.0,,KS,*,College of Natural Science,*,Endowment,*,56540
*,*,College of Natural Science,*,Endowment,*,1724184.0,,KY,*,College of Natural Science,*,Endowment,*,23613
*,*,College of Natural Science,*,Endowment,*,1724184.0,,MA,*,College of Natural Science,*,Endowment,*,10159
*,*,College of Natural Science,*,Endowment,*,1724184.0,,MI,*,College of Natural Science,*,Endowment,*,52725
*,*,College of Natural Science,*,Endowment,*,1724184.0,,MN,*,College of Natural Science,*,Endowment,*,3721
*,*,College of Natural Science,*,Endowment,*,1724184.0,,MO,*,College of Natural Science,*,Endowment,*,47404
*,*,College of Natural Science,*,Endowment,*,1724184.0,,NC,*,College of Natural Science,*,Endowment,*,78339
*,*,College of Natural Science,*,Endowment,*,1724184.0,,NE,*,College of Natural Science,*,Endowment,*,21685
*,*,College of Natural Science,*,Endowment,*,1724184.0,,NJ,*,College of Natural Science,*,Endowment,*,7082
*,*,College of Natural Science,*,Endowment,*,1724184.0,,NV,*,College of Natural Science,*,Endowment,*,69388
*,*,College of Natural Science,*,Endowment,*,1724184.0,,NY,*,College of Natural Science,*,Endowment,*,84385
*,*,College of Natural Science,*,Endowment,*,1724184.0,,OH,*,College of Natural Science,*,Endowment,*,28883
*,*,College of Natural Science,*,Endowment,*,1724184.0,,OK,*,College of Natural Science,*,Endowment,*,9390
*,*,College of Natural Science,*,Endowment,*,1724184.0,,OR,*,College of Natural Science,*,Endowment,*,23097
*,*,College of Natural Science,*,Endowment,*,1724184.0,,PA,*,College of Natural Science,*,Endowment,*,22861
*,*,College of Natural Science,*,Endowment,*,1724184.0,,SC,*,College of Natural Science,*,Endowment,*,309
*,*,College of Natural Science,*,Endowment,*,1724184.0,,TN,*,College of Natural Science,*,Endowment,*,27823
*,*,College of Natural Science,*,Endowment,*,1724184.0,,TX,*,College of Natural Science,*,Endowment,*,193837
*,*,College of Natural Science,*,Endowment,*,1724184.0,,UT,*,College of Natural Science,*,Endowment,*,34946
*,*,College of Natural Science,*,Endowment,*,1724184.0,,VA,*,College of Natural Science,*,Endowment,*,58410
*,*,College of Natural Science,*,Endowment,*,1724184.0,,WA,*,College of Natural Science,*,Endowment,*,52506
*,*,College of Natural Science,*,Endowment,*,1724184.0,,WI,*,College of Natural Science,*,Endowment,*,26444
*,*,College of Natural Science,*,Scholarship,*,2305209.5,,AL,*,College of Natural Science,*,Scholarship,*,29022
*,*,College of Natural Science,*,Scholarship,*,2305209.5,,AR,*,College of Natural Science,*,Scholarship,*,25649
*,*,College of Natural Science,*,Scholarship,*,2305209.5,,AZ,*,College of Natural Science,*,Scholarship,*,59845
*,*,College of Natural Science,*,Scholarship,*,2305209.5,,CA,*,College of Natural Science,*,Scholarship,*,229321
*,*,College of Natural Science,*,Scholarship,*,2305209.5,,CO,*,College of Natural Science,*,Scholarship,*,243459.5
*,*,College of Natural Science,*,Scholarship,*,2305209.5,,CT,*,College of Natural Science,*,Scholarship,*,32526
*,*,College of Natural Science,*,Scholarship,*,2305209.5,,DC,*,College of Natural Science,*,Scholarship,*,18563
*,*,College of Natural Science,*,Scholarship,*,2305209.5,,FL,*,College of Natural Science,*,Scholarship,*,100122
*,*,College of Natural Science,*,Scholarship,*,2305209.5,,GA,*,College of Natural Science,*,Scholarship,*,66142
*,*,College of Natural Science,*,Scholarship,*,2305209.5,,IA,*,College of Natural Science,*,Scholarship,*,5165
*,*,College of Natural Science,*,Scholarship,*,2305209.5,,IL,*,College of Natural Science,*,Scholarship,*,29611
*,*,College of Natural Science,*,Scholarship,*,2305209.5,,IN,*,College of Natural Science,*,Scholarship,*,81853
*,*,College of Natural Science,*,Scholarship,*,2305209.5,,KS,*,College of Natural Science,*,Scholarship,*,53045
*,*,College of Natural Science,*,Scholarship,*,2305209.5,,KY,*,College of Natural Science,*,Scholarship,*,5524
*,*,College of Natural Science,*,Scholarship,*,2305209.5,,LA,*,College of Natural Science,*,Scholarship,*,10369
*,*,College of Natural Science,*,Scholarship,*,2305209.5,,MA,*,College of Natural Science,*,Scholarship,*,4310
*,*,College of Natural Science,*,Scholarship,*,2305209.5,,MI,*,College of Natural Science,*,Scholarship,*,42192
*,*,College of Natural Science,*,Scholarship,*,2305209.5,,MN,*,College of Natural Science,*,Scholarship,*,4488
*,*,College of Natural Science,*,Scholarship,*,2305209.5,,MO,*,College of Natural Science,*,Scholarship,*,275040
*,*,College of Natural Science,*,Scholarship,*,2305209.5,,MT,*,College of Natural Science,*,Scholarship,*,12076
*,*,College of Natural Science,*,Scholarship,*,2305209.5,,NC,*,College of Natural Science,*,Scholarship,*,80691
*,*,College of Natural Science,*,Scholarship,*,2305209.5,,NE,*,College of Natural Science,*,Scholarship,*,28446
*,*,College of Natural Science,*,Scholarship,*,2305209.5,,NJ,*,College of Natural Science,*,Scholarship,*,38431
*,*,College of Natural Science,*,Scholarship,*,2305209.5,,NM,*,College of Natural Science,*,Scholarship,*,9189
*,*,College of Natural Science,*,Scholarship,*,2305209.5,,NV,*,College of Natural Science,*,Scholarship,*,40902
*,*,College of Natural Science,*,Scholarship,*,2305209.5,,NY,*,College of Natural Science,*,Scholarship,*,83484
*,*,College of Natural Science,*,Scholarship,*,2305209.5,,OH,*,College of Natural Science,*,Scholarship,*,94759
*,*,College of Natural Science,*,Scholarship,*,2305209.5,,OK,*,College of Natural Science,*,Scholarship,*,44152
*,*,College of Natural Science,*,Scholarship,*,2305209.5,,OR,*,College of Natural Science,*,Scholarship,*,23813
*,*,College of Natural Science,*,Scholarship,*,2305209.5,,PA,*,College of Natural Science,*,Scholarship,*,19604
*,*,College of Natural Science,*,Scholarship,*,2305209.5,,RI,*,College of Natural Science,*,Scholarship,*,12085
*,*,College of Natural Science,*,Scholarship,*,2305209.5,,SC,*,College of Natural Science,*,Scholarship,*,18745
*,*,College of Natural Science,*,Scholarship,*,2305209.5,,TN,*,College of Natural Science,*,Scholarship,*,75783
*,*,College of Natural Science,*,Scholarship,*,2305209.5,,TX,*,College of Natural Science,*,Scholarship,*,206297
*,*,College of Natural Science,*,Scholarship,*,2305209.5,,UT,*,College of Natural Science,*,Scholarship,*,60863
*,*,College of Natural Science,*,Scholarship,*,2305209.5,,VA,*,College of Natural Science,*,Scholarship,*,90308
*,*,College of Natural Science,*,Scholarship,*,2305209.5,,WA,*,College of Natural Science,*,Scholarship,*,46376
*,*,College of Natural Science,*,Scholarship,*,2305209.5,,WI,*,College of Natural Science,*,Scholarship,*,2959
*,*,College of Nursing,*,Campus Resource,*,48607,,AZ,*,College of Nursing,*,Campus Resource,*,2981
*,*,College of Nursing,*,Campus Resource,*,48607,,CA,*,College of Nursing,*,Campus Resource,*,13433
*,*,College of Nursing,*,Campus Resource,*,48607,,CO,*,College of Nursing,*,Campus Resource,*,10065
*,*,College of Nursing,*,Campus Resource,*,48607,,DC,*,College of Nursing,*,Campus Resource,*,431
*,*,College of Nursing,*,Campus Resource,*,48607,,FL,*,College of Nursing,*,Campus Resource,*,1606
*,*,College of Nursing,*,Campus Resource,*,48607,,OH,*,College of Nursing,*,Campus Resource,*,363
*,*,College of Nursing,*,Campus Resource,*,48607,,TN,*,College of Nursing,*,Campus Resource,*,8554
*,*,College of Nursing,*,Campus Resource,*,48607,,TX,*,College of Nursing,*,Campus Resource,*,4979
*,*,College of Nursing,*,Campus Resource,*,48607,,VA,*,College of Nursing,*,Campus Resource,*,6195
*,*,College of Nursing,*,Endowment,*,298556.5,,AR,*,College of Nursing,*,Endowment,*,21001
*,*,College of Nursing,*,Endowment,*,298556.5,,AZ,*,College of Nursing,*,Endowment,*,59179
*,*,College of Nursing,*,Endowment,*,298556.5,,CA,*,College of Nursing,*,Endowment,*,10941
*,*,College of Nursing,*,Endowment,*,298556.5,,CO,*,College of Nursing,*,Endowment,*,61375.5
*,*,College of Nursing,*,Endowment,*,298556.5,,CT,*,College of Nursing,*,Endowment,*,14943
*,*,College of Nursing,*,Endowment,*,298556.5,,DC,*,College of Nursing,*,Endowment,*,5240
*,*,College of Nursing,*,Endowment,*,298556.5,,FL,*,College of Nursing,*,Endowment,*,7046
*,*,College of Nursing,*,Endowment,*,298556.5,,IA,*,College of Nursing,*,Endowment,*,383
*,*,College of Nursing,*,Endowment,*,298556.5,,IL,*,College of Nursing,*,Endowment,*,13288
*,*,College of Nursing,*,Endowment,*,298556.5,,KS,*,College of Nursing,*,Endowment,*,11259
*,*,College of Nursing,*,Endowment,*,298556.5,,MI,*,College of Nursing,*,Endowment,*,51950
*,*,College of Nursing,*,Endowment,*,298556.5,,MO,*,College of Nursing,*,Endowment,*,4059
*,*,College of Nursing,*,Endowment,*,298556.5,,NY,*,College of Nursing,*,Endowment,*,10271
*,*,College of Nursing,*,Endowment,*,298556.5,,OH,*,College of Nursing,*,Endowment,*,4090
*,*,College of Nursing,*,Endowment,*,298556.5,,SC,*,College of Nursing,*,Endowment,*,8740
*,*,College of Nursing,*,Endowment,*,298556.5,,TX,*,College of Nursing,*,Endowment,*,8919
*,*,College of Nursing,*,Endowment,*,298556.5,,UT,*,College of Nursing,*,Endowment,*,3870
*,*,College of Nursing,*,Endowment,*,298556.5,,VA,*,College of Nursing,*,Endowment,*,2002
*,*,College of Nursing,*,Scholarship,*,270678.5,,AL,*,College of Nursing,*,Scholarship,*,9833
*,*,College of Nursing,*,Scholarship,*,270678.5,,AZ,*,College of Nursing,*,Scholarship,*,36310
*,*,College of Nursing,*,Scholarship,*,270678.5,,CA,*,College of Nursing,*,Scholarship,*,87158
*,*,College of Nursing,*,Scholarship,*,270678.5,,CO,*,College of Nursing,*,Scholarship,*,25234.5
*,*,College of Nursing,*,Scholarship,*,270678.5,,DC,*,College of Nursing,*,Scholarship,*,23256
*,*,College of Nursing,*,Scholarship,*,270678.5,,FL,*,College of Nursing,*,Scholarship,*,303
*,*,College of Nursing,*,Scholarship,*,270678.5,,GA,*,College of Nursing,*,Scholarship,*,11021
*,*,College of Nursing,*,Scholarship,*,270678.5,,IA,*,College of Nursing,*,Scholarship,*,7126
*,*,College of Nursing,*,Scholarship,*,270678.5,,IL,*,College of Nursing,*,Scholarship,*,11569
*,*,College of Nursing,*,Scholarship,*,270678.5,,MI,*,College of Nursing,*,Scholarship,*,24718
*,*,College of Nursing,*,Scholarship,*,270678.5,,NC,*,College of Nursing,*,Scholarship,*,6894
*,*,College of Nursing,*,Scholarship,*,270678.5,,OH,*,College of Nursing,*,Scholarship,*,16952
*,*,College of Nursing,*,Scholarship,*,270678.5,,SC,*,College of Nursing,*,Scholarship,*,8302
*,*,College of Nursing,*,Scholarship,*,270678.5,,VA,*,College of Nursing,*,Scholarship,*,2002
*,*,College of Political Science,*,Campus Resource,*,210248,,AZ,*,College of Political Science,*,Campus Resource,*,14060
*,*,College of Political Science,*,Campus Resource,*,210248,,CA,*,College of Political Science,*,Campus Resource,*,9414
*,*,College of Political Science,*,Campus Resource,*,210248,,FL,*,College of Political Science,*,Campus Resource,*,8819
*,*,College of Political Science,*,Campus Resource,*,210248,,GA,*,College of Political Science,*,Campus Resource,*,8511
*,*,College of Political Science,*,Campus Resource,*,210248,,IN,*,College of Political Science,*,Campus Resource,*,9246
*,*,College of Political Science,*,Campus Resource,*,210248,,KS,*,College of Political Science,*,Campus Resource,*,2168
*,*,College of Political Science,*,Campus Resource,*,210248,,LA,*,College of Political Science,*,Campus Resource,*,4083
*,*,College of Political Science,*,Campus Resource,*,210248,,MA,*,College of Political Science,*,Campus Resource,*,12363
*,*,College of Political Science,*,Campus Resource,*,210248,,MI,*,College of Political Science,*,Campus Resource,*,53211
*,*,College of Political Science,*,Campus Resource,*,210248,,MN,*,College of Political Science,*,Campus Resource,*,6838
*,*,College of Political Science,*,Campus Resource,*,210248,,NC,*,College of Political Science,*,Campus Resource,*,7591
*,*,College of Political Science,*,Campus Resource,*,210248,,NY,*,College of Political Science,*,Campus Resource,*,26675
*,*,College of Political Science,*,Campus Resource,*,210248,,OK,*,College of Political Science,*,Campus Resource,*,4784
*,*,College of Political Science,*,Campus Resource,*,210248,,OR,*,College of Political Science,*,Campus Resource,*,501
*,*,College of Political Science,*,Campus Resource,*,210248,,TN,*,College of Political Science,*,Campus Resource,*,9797
*,*,College of Political Science,*,Campus Resource,*,210248,,TX,*,College of Political Science,*,Campus Resource,*,14213
*,*,College of Political Science,*,Campus Resource,*,210248,,UT,*,College of Political Science,*,Campus Resource,*,7152
*,*,College of Political Science,*,Campus Resource,*,210248,,VA,*,College of Political Science,*,Campus Resource,*,4343
*,*,College of Political Science,*,Campus Resource,*,210248,,WI,*,College of Political Science,*,Campus Resource,*,6479
*,*,College of Political Science,*,Endowment,*,369545.5,,AL,*,College of Political Science,*,Endowment,*,1433
*,*,College of Political Science,*,Endowment,*,369545.5,,AR,*,College of Political Science,*,Endowment,*,2414
*,*,College of Political Science,*,Endowment,*,369545.5,,AZ,*,College of Political Science,*,Endowment,*,14265
*,*,College of Political Science,*,Endowment,*,369545.5,,CA,*,College of Political Science,*,Endowment,*,47209
*,*,College of Political Science,*,Endowment,*,369545.5,,CO,*,College of Political Science,*,Endowment,*,29763.5
*,*,College of Political Science,*,Endowment,*,369545.5,,CT,*,College of Political Science,*,Endowment,*,13201
*,*,College of Political Science,*,Endowment,*,369545.5,,FL,*,College of Political Science,*,Endowment,*,32991
*,*,College of Political Science,*,Endowment,*,369545.5,,GA,*,College of Political Science,*,Endowment,*,5188
*,*,College of Political Science,*,Endowment,*,369545.5,,IL,*,College of Political Science,*,Endowment,*,1995
*,*,College of Political Science,*,Endowment,*,369545.5,,IN,*,College of Political Science,*,Endowment,*,15803
*,*,College of Political Science,*,Endowment,*,369545.5,,KS,*,College of Political Science,*,Endowment,*,20058
*,*,College of Political Science,*,Endowment,*,369545.5,,MI,*,College of Political Science,*,Endowment,*,14976
*,*,College of Political Science,*,Endowment,*,369545.5,,MT,*,College of Political Science,*,Endowment,*,9126
*,*,College of Political Science,*,Endowment,*,369545.5,,NC,*,College of Political Science,*,Endowment,*,16220
*,*,College of Political Science,*,Endowment,*,369545.5,,NY,*,College of Political Science,*,Endowment,*,21191
*,*,College of Political Science,*,Endowment,*,369545.5,,OK,*,College of Political Science,*,Endowment,*,3045
*,*,College of Political Science,*,Endowment,*,369545.5,,OR,*,College of Political Science,*,Endowment,*,14168
*,*,College of Political Science,*,Endowment,*,369545.5,,TN,*,College of Political Science,*,Endowment,*,20714
*,*,College of Political Science,*,Endowment,*,369545.5,,TX,*,College of Political Science,*,Endowment,*,29662
*,*,College of Political Science,*,Endowment,*,369545.5,,UT,*,College of Political Science,*,Endowment,*,12761
*,*,College of Political Science,*,Endowment,*,369545.5,,VA,*,College of Political Science,*,Endowment,*,29822
*,*,College of Political Science,*,Endowment,*,369545.5,,WI,*,College of Political Science,*,Endowment,*,13540
*,*,College of Political Science,*,Scholarship,*,354967.0,,AL,*,College of Political Science,*,Scholarship,*,9242
*,*,College of Political Science,*,Scholarship,*,354967.0,,AR,*,College of Political Science,*,Scholarship,*,2414
*,*,College of Political Science,*,Scholarship,*,354967.0,,AZ,*,College of Political Science,*,Scholarship,*,7285
*,*,College of Political Science,*,Scholarship,*,354967.0,,CA,*,College of Political Science,*,Scholarship,*,10881
*,*,College of Political Science,*,Scholarship,*,354967.0,,CO,*,College of Political Science,*,Scholarship,*,18800.0
*,*,College of Political Science,*,Scholarship,*,354967.0,,CT,*,College of Political Science,*,Scholarship,*,17968
*,*,College of Political Science,*,Scholarship,*,354967.0,,FL,*,College of Political Science,*,Scholarship,*,19696
*,*,College of Political Science,*,Scholarship,*,354967.0,,GA,*,College of Political Science,*,Scholarship,*,5615
*,*,College of Political Science,*,Scholarship,*,354967.0,,IL,*,College of Political Science,*,Scholarship,*,9380
*,*,College of Political Science,*,Scholarship,*,354967.0,,KS,*,College of Political Science,*,Scholarship,*,29480
*,*,College of Political Science,*,Scholarship,*,354967.0,,KY,*,College of Political Science,*,Scholarship,*,888
*,*,College of Political Science,*,Scholarship,*,354967.0,,LA,*,College of Political Science,*,Scholarship,*,9314
*,*,College of Political Science,*,Scholarship,*,354967.0,,MI,*,College of Political Science,*,Scholarship,*,33187
*,*,College of Political Science,*,Scholarship,*,354967.0,,MO,*,College of Political Science,*,Scholarship,*,7582
*,*,College of Political Science,*,Scholarship,*,354967.0,,NC,*,College of Political Science,*,Scholarship,*,8987
*,*,College of Political Science,*,Scholarship,*,354967.0,,NJ,*,College of Political Science,*,Scholarship,*,6993
*,*,College of Political Science,*,Scholarship,*,354967.0,,NV,*,College of Political Science,*,Scholarship,*,8720
*,*,College of Political Science,*,Scholarship,*,354967.0,,NY,*,College of Political Science,*,Scholarship,*,60234
*,*,College of Political Science,*,Scholarship,*,354967.0,,OH,*,College of Political Science,*,Scholarship,*,11684
*,*,College of Political Science,*,Scholarship,*,354967.0,,OK,*,College of Political Science,*,Scholarship,*,888
*,*,College of Political Science,*,Scholarship,*,354967.0,,TN,*,College of Political Science,*,Scholarship,*,10857
*,*,College of Political Science,*,Scholarship,*,354967.0,,TX,*,College of Political Science,*,Scholarship,*,30182
*,*,College of Political Science,*,Scholarship,*,354967.0,,UT,*,College of Political Science,*,Scholarship,*,7152
*,*,College of Political Science,*,Scholarship,*,354967.0,,VA,*,College of Political Science,*,Scholarship,*,14383
*,*,College of Political Science,*,Scholarship,*,354967.0,,WA,*,College of Political Science,*,Scholarship,*,4089
*,*,College of Political Science,*,Scholarship,*,354967.0,,WI,*,College of Political Science,*,Scholarship,*,9066
*,*,College of Social Science,*,Campus Resource,*,855213.0,,AL,*,College of Social Science,*,Campus Resource,*,16670
*,*,College of Social Science,*,Campus Resource,*,855213.0,,AZ,*,College of Social Science,*,Campus Resource,*,18865
*,*,College of Social Science,*,Campus Resource,*,855213.0,,CA,*,College of Social Science,*,Campus Resource,*,117787
*,*,College of Social Science,*,Campus Resource,*,855213.0,,CO,*,College of Social Science,*,Campus Resource,*,103731.0
*,*,College of Social Science,*,Campus Resource,*,855213.0,,CT,*,College of Social Science,*,Campus Resource,*,18295
*,*,College of Social Science,*,Campus Resource,*,855213.0,,DC,*,College of Social Science,*,Campus Resource,*,847
*,*,College of Social Science,*,Campus Resource,*,855213.0,,FL,*,College of Social Science,*,Campus Resource,*,21391
*,*,College of Social Science,*,Campus Resource,*,855213.0,,GA,*,College of Social Science,*,Campus Resource,*,612
*,*,College of Social Science,*,Campus Resource,*,855213.0,,IA,*,College of Social Science,*,Campus Resource,*,15018
*,*,College of Social Science,*,Campus Resource,*,855213.0,,IL,*,College of Social Science,*,Campus Resource,*,39818
*,*,College of Social Science,*,Campus Resource,*,855213.0,,IN,*,College of Social Science,*,Campus Resource,*,34372
*,*,College of Social Science,*,Campus Resource,*,855213.0,,KS,*,College of Social Science,*,Campus Resource,*,18634
*,*,College of Social Science,*,Campus Resource,*,855213.0,,KY,*,College of Social Science,*,Campus Resource,*,7150
*,*,College of Social Science,*,Campus Resource,*,855213.0,,MA,*,College of Social Science,*,Campus Resource,*,14445
*,*,College of Social Science,*,Campus Resource,*,855213.0,,MI,*,College of Social Science,*,Campus Resource,*,6074
*,*,College of Social Science,*,Campus Resource,*,855213.0,,MO,*,College of Social Science,*,Campus Resource,*,31349
*,*,College of Social Science,*,Campus Resource,*,855213.0,,NC,*,College of Social Science,*,Campus Resource,*,23479
*,*,College of Social Science,*,Campus Resource,*,855213.0,,NE,*,College of Social Science,*,Campus Resource,*,3885
*,*,College of Social Science,*,Campus Resource,*,855213.0,,NH,*,College of Social Science,*,Campus Resource,*,9589
*,*,College of Social Science,*,Campus Resource,*,855213.0,,NM,*,College of Social Science,*,Campus Resource,*,7641
*,*,College of Social Science,*,Campus Resource,*,855213.0,,NV,*,College of Social Science,*,Campus Resource,*,31047
*,*,College of Social Science,*,Campus Resource,*,855213.0,,NY,*,College of Social Science,*,Campus Resource,*,33520
*,*,College of Social Science,*,Campus Resource,*,855213.0,,OH,*,College of Social Science,*,Campus Resource,*,73500
*,*,College of Social Science,*,Campus Resource,*,855213.0,,OK,*,College of Social Science,*,Campus Resource,*,21321
*,*,College of Social Science,*,Campus Resource,*,855213.0,,OR,*,College of Social Science,*,Campus Resource,*,12379
*,*,College of Social Science,*,Campus Resource,*,855213.0,,PA,*,College of Social Science,*,Campus Resource,*,47420
*,*,College of Social Science,*,Campus Resource,*,855213.0,,SC,*,College of Social Science,*,Campus Resource,*,23545
*,*,College of Social Science,*,Campus Resource,*,855213.0,,TX,*,College of Social Science,*,Campus Resource,*,46741
*,*,College of Social Science,*,Campus Resource,*,855213.0,,UT,*,College of Social Science,*,Campus Resource,*,3478
*,*,College of Social Science,*,Campus Resource,*,855213.0,,VA,*,College of Social Science,*,Campus Resource,*,7672
*,*,College of Social Science,*,Campus Resource,*,855213.0,,WA,*,College of Social Science,*,Campus Resource,*,25265
*,*,College of Social Science,*,Campus Resource,*,855213.0,,WI,*,College of Social Science,*,Campus Resource,*,19673
*,*,College of Social Science,*,Endowment,*,1340553.0,,AL,*,College of Social Science,*,Endowment,*,29961
*,*,College of Social Science,*,Endowment,*,1340553.0,,AR,*,College of Social Science,*,Endowment,*,8764
*,*,College of Social Science,*,Endowment,*,1340553.0,,AZ,*,College of Social Science,*,Endowment,*,49440
*,*,College of Social Science,*,Endowment,*,1340553.0,,CA,*,College of Social Science,*,Endowment,*,177452
*,*,College of Social Science,*,Endowment,*,1340553.0,,CO,*,College of Social Science,*,Endowment,*,150184.0
*,*,College of Social Science,*,Endowment,*,1340553.0,,CT,*,College of Social Science,*,Endowment,*,9239
*,*,College of Social Science,*,Endowment,*,1340553.0,,DC,*,College of Social Science,*,Endowment,*,57515
*,*,College of Social Science,*,Endowment,*,1340553.0,,FL,*,College of Social Science,*,Endowment,*,74493
*,*,College of Social Science,*,Endowment,*,1340553.0,,GA,*,College of Social Science,*,Endowment,*,6966
*,*,College of Social Science,*,Endowment,*,1340553.0,,IA,*,College of Social Science,*,Endowment,*,12385
*,*,College of Social Science,*,Endowment,*,1340553.0,,IL,*,College of Social Science,*,Endowment,*,14657
*,*,College of Social Science,*,Endowment,*,1340553.0,,IN,*,College of Social Science,*,Endowment,*,16114
*,*,College of Social Science,*,Endowment,*,1340553.0,,KS,*,College of Social Science,*,Endowment,*,31616
*,*,College of Social Science,*,Endowment,*,1340553.0,,KY,*,College of Social Science,*,Endowment,*,11800
*,*,College of Social Science,*,Endowment,*,1340553.0,,LA,*,College of Social Science,*,Endowment,*,18440
*,*,College of Social Science,*,Endowment,*,1340553.0,,MA,*,College of Social Science,*,Endowment,*,17627
*,*,College of Social Science,*,Endowment,*,1340553.0,,MI,*,College of Social Science,*,Endowment,*,45519
*,*,College of Social Science,*,Endowment,*,1340553.0,,MN,*,College of Social Science,*,Endowment,*,12119
*,*,College of Social Science,*,Endowment,*,1340553.0,,MO,*,College of Social Science,*,Endowment,*,15019
*,*,College of Social Science,*,Endowment,*,1340553.0,,NC,*,College of Social Science,*,Endowment,*,54313
*,*,College of Social Science,*,Endowment,*,1340553.0,,NE,*,College of Social Science,*,Endowment,*,61653
*,*,College of Social Science,*,Endowment,*,1340553.0,,NH,*,College of Social Science,*,Endowment,*,427
*,*,College of Social Science,*,Endowment,*,1340553.0,,NJ,*,College of Social Science,*,Endowment,*,4383
*,*,College of Social Science,*,Endowment,*,1340553.0,,NM,*,College of Social Science,*,Endowment,*,18140
*,*,College of Social Science,*,Endowment,*,1340553.0,,NV,*,College of Social Science,*,Endowment,*,10437
*,*,College of Social Science,*,Endowment,*,1340553.0,,NY,*,College of Social Science,*,Endowment,*,45064
*,*,College of Social Science,*,Endowment,*,1340553.0,,OH,*,College of Social Science,*,Endowment,*,58650
*,*,College of Social Science,*,Endowment,*,1340553.0,,OK,*,College of Social Science,*,Endowment,*,16048
*,*,College of Social Science,*,Endowment,*,1340553.0,,OR,*,College of Social Science,*,Endowment,*,13066
*,*,College of Social Science,*,Endowment,*,1340553.0,,PA,*,College of Social Science,*,Endowment,*,22623
*,*,College of Social Science,*,Endowment,*,1340553.0,,RI,*,College of Social Science,*,Endowment,*,10235
*,*,College of Social Science,*,Endowment,*,1340553.0,,SC,*,College of Social Science,*,Endowment,*,33345
*,*,College of Social Science,*,Endowment,*,1340553.0,,TN,*,College of Social Science,*,Endowment,*,32836
*,*,College of Social Science,*,Endowment,*,1340553.0,,TX,*,College of Social Science,*,Endowment,*,127108
*,*,College of Social Science,*,Endowment,*,1340553.0,,UT,*,College of Social Science,*,Endowment,*,28241
*,*,College of Social Science,*,Endowment,*,1340553.0,,VA,*,College of Social Science,*,Endowment,*,8669
*,*,College of Social Science,*,Endowment,*,1340553.0,,WA,*,College of Social Science,*,Endowment,*,31535
*,*,College of Social Science,*,Endowment,*,1340553.0,,WI,*,College of Social Science,*,Endowment,*,4470
*,*,College of Social Science,*,Scholarship,*,1498670.5,,AL,*,College of Social Science,*,Scholarship,*,8744
*,*,College of Social Science,*,Scholarship,*,1498670.5,,AR,*,College of Social Science,*,Scholarship,*,16061
*,*,College of Social Science,*,Scholarship,*,1498670.5,,AZ,*,College of Social Science,*,Scholarship,*,43814
*,*,College of Social Science,*,Scholarship,*,1498670.5,,CA,*,College of Social Science,*,Scholarship,*,199203
*,*,College of Social Science,*,Scholarship,*,1498670.5,,CO,*,College of Social Science,*,Scholarship,*,313492.5
*,*,College of Social Science,*,Scholarship,*,1498670.5,,CT,*,College of Social Science,*,Scholarship,*,33208
*,*,College of Social Science,*,Scholarship,*,1498670.5,,DC,*,College of Social Science,*,Scholarship,*,53608
*,*,College of Social Science,*,Scholarship,*,1498670.5,,FL,*,College of Social Science,*,Scholarship,*,76422
*,*,College of Social Science,*,Scholarship,*,1498670.5,,GA,*,College of Social Science,*,Scholarship,*,27430
*,*,College of Social Science,*,Scholarship,*,1498670.5,,IA,*,College of Social Science,*,Scholarship,*,10321
*,*,College of Social Science,*,Scholarship,*,1498670.5,,IL,*,College of Social Science,*,Scholarship,*,63006
*,*,College of Social Science,*,Scholarship,*,1498670.5,,IN,*,College of Social Science,*,Scholarship,*,20554
*,*,College of Social Science,*,Scholarship,*,1498670.5,,KS,*,College of Social Science,*,Scholarship,*,32461
*,*,College of Social Science,*,Scholarship,*,1498670.5,,KY,*,College of Social Science,*,Scholarship,*,10368
*,*,College of Social Science,*,Scholarship,*,1498670.5,,LA,*,College of Social Science,*,Scholarship,*,23759
*,*,College of Social Science,*,Scholarship,*,1498670.5,,MA,*,College of Social Science,*,Scholarship,*,24924
*,*,College of Social Science,*,Scholarship,*,1498670.5,,MI,*,College of Social Science,*,Scholarship,*,18911
*,*,College of Social Science,*,Scholarship,*,1498670.5,,MN,*,College of Social Science,*,Scholarship,*,9377
*,*,College of Social Science,*,Scholarship,*,1498670.5,,MO,*,College of Social Science,*,Scholarship,*,19149
*,*,College of Social Science,*,Scholarship,*,1498670.5,,NC,*,College of Social Science,*,Scholarship,*,25250
*,*,College of Social Science,*,Scholarship,*,1498670.5,,NE,*,College of Social Science,*,Scholarship,*,267
*,*,College of Social Science,*,Scholarship,*,1498670.5,,NH,*,College of Social Science,*,Scholarship,*,20621
*,*,College of Social Science,*,Scholarship,*,1498670.5,,NM,*,College of Social Science,*,Scholarship,*,26547
*,*,College of Social Science,*,Scholarship,*,1498670.5,,NV,*,College of Social Science,*,Scholarship,*,13414
*,*,College of Social Science,*,Scholarship,*,1498670.5,,NY,*,College of Social Science,*,Scholarship,*,38768
*,*,College of Social Science,*,Scholarship,*,1498670.5,,OH,*,College of Social Science,*,Scholarship,*,57089
*,*,College of Social Science,*,Scholarship,*,1498670.5,,OK,*,College of Social Science,*,Scholarship,*,24200
*,*,College of Social Science,*,Scholarship,*,1498670.5,,OR,*,College of Social Science,*,Scholarship,*,14584
*,*,College of Social Science,*,Scholarship,*,1498670.5,,PA,*,College of Social Science,*,Scholarship,*,37694
*,*,College of Social Science,*,Scholarship,*,1498670.5,,RI,*,College of Social Science,*,Scholarship,*,21230
*,*,College of Social Science,*,Scholarship,*,1498670.5,,SC,*,College of Social Science,*,Scholarship,*,36039
*,*,College of Social Science,*,Scholarship,*,1498670.5,,TN,*,College of Social Science,*,Scholarship,*,28253
*,*,College of Social Science,*,Scholarship,*,1498670.5,,TX,*,College of Social Science,*,Scholarship,*,74697
*,*,College of Social Science,*,Scholarship,*,1498670.5,,UT,*,College of Social Science,*,Scholarship,*,4991
*,*,College of Social Science,*,Scholarship,*,1498670.5,,VA,*,College of Social Science,*,Scholarship,*,17918
*,*,College of Social Science,*,Scholarship,*,1498670.5,,WA,*,College of Social Science,*,Scholarship,*,49394
*,*,College of Social Science,*,Scholarship,*,1498670.5,,WI,*,College of Social Science,*,Scholarship,*,2902
*,*,College of Veterinary Medicine,*,Campus Resource,*,22686,,TX,*,College of Veterinary Medicine,*,Campus Resource,*,3411
*,*,College of Veterinary Medicine,*,Endowment,*,138119.0,,AL,*,College of Veterinary Medicine,*,Endowment,*,77
*,*,College of Veterinary Medicine,*,Endowment,*,138119.0,,CA,*,College of Veterinary Medicine,*,Endowment,*,12215
*,*,College of Veterinary Medicine,*,Endowment,*,138119.0,,CO,*,College of Veterinary Medicine,*,Endowment,*,21339.0
*,*,College of Veterinary Medicine,*,Endowment,*,138119.0,,IA,*,College of Veterinary Medicine,*,Endowment,*,8860
*,*,College of Veterinary Medicine,*,Endowment,*,138119.0,,IL,*,College of Veterinary Medicine,*,Endowment,*,8960
*,*,College of Veterinary Medicine,*,Endowment,*,138119.0,,NY,*,College of Veterinary Medicine,*,Endowment,*,1994
*,*,College of Veterinary Medicine,*,Endowment,*,138119.0,,OH,*,College of Veterinary Medicine,*,Endowment,*,32830
*,*,College of Veterinary Medicine,*,Scholarship,*,81793,,AZ,*,College of Veterinary Medicine,*,Scholarship,*,9077
*,*,College of Veterinary Medicine,*,Scholarship,*,81793,,GA,*,College of Veterinary Medicine,*,Scholarship,*,14794
*,*,College of Veterinary Medicine,*,Scholarship,*,81793,,KS,*,College of Veterinary Medicine,*,Scholarship,*,3696
*,*,College of Veterinary Medicine,*,Scholarship,*,81793,,MI,*,College of Veterinary Medicine,*,Scholarship,*,1939
*,*,College of Veterinary Medicine,*,Scholarship,*,81793,,OH,*,College of Veterinary Medicine,*,Scholarship,*,13049
*,*,College of Veterinary Medicine,*,Scholarship,*,81793,,PA,*,College of Veterinary Medicine,*,Scholarship,*,11284
*,*,College of Veterinary Medicine,*,Scholarship,*,81793,,TN,*,College of Veterinary Medicine,*,Scholarship,*,5803
*,*,College of Veterinary Medicine,*,Scholarship,*,81793,,TX,*,College of Veterinary Medicine,*,Scholarship,*,17409
*,*,College of Veterinary Medicine,*,Scholarship,*,81793,,VA,*,College of Veterinary Medicine,*,Scholarship,*,4742
