*,Alexandria,*,*,Endowment,Arabic,22581,,*,Alexandria,*,Diversity Fund,Endowment,Arabic,6845
*,Alexandria,*,*,Endowment,Arabic,22581,,*,Alexandria,*,Faculty Chair Endowments,Endowment,Arabic,1146
*,Alexandria,*,*,Endowment,Arabic,22581,,*,Alexandria,*,University Annual Fund,Endowment,Arabic,5524
*,Amarillo,*,*,Campus Resource,Summer Research Program,4979,,*,Amarillo,*,University Libraries,Campus Resource,Summer Research Program,1117
*,Amarillo,*,*,Scholarship,German,34906,,*,Amarillo,*,College of Natural Science,Scholarship,German,1207
*,Anaheim,*,*,Endowment,Global Studies in the Arts and Humanities,6738,,*,Anaheim,*,Diversity Fund,Endowment,Global Studies in the Arts and Humanities,1550
*,Anaheim,*,*,Scholarship,Neuroscience,26098,,*,Anaheim,*,College of Arts and Sciences,Scholarship,Neuroscience,6892
*,Atlanta,*,*,Endowment,Agribusiness Management,7667,,*,Atlanta,*,Trustees Fund,Endowment,Agribusiness Management,2048
*,Atlanta,*,*,Scholarship,Microbiology,9516,,*,Atlanta,*,Minority Scholarship Fund,Scholarship,Microbiology,2429
*,Atlanta,*,*,Scholarship,Philosophy,12112,,*,Atlanta,*,College of Education,Scholarship,Philosophy,3159
*,Austin,*,*,Scholarship,Apparel and Textiles,7714,,*,Austin,*,College of Natural Science,Scholarship,Apparel and Textiles,1128
*,Austin,*,*,Scholarship,Applied Engineering Sciences,10799,,*,Austin,*,College of Music,Scholarship,Applied Engineering Sciences,2633
*,Austin,*,*,Scholarship,Fisheries and Wildlife,23463,,*,Austin,*,College of Arts and Sciences,Scholarship,Fisheries and Wildlife,4635
*,Austin,*,*,Scholarship,Fisheries and Wildlife,23463,,*,Austin,*,College of Business,Scholarship,Fisheries and Wildlife,7242
*,Austin,*,*,Scholarship,Fisheries and Wildlife,23463,,*,Austin,*,College of Natural Science,Scholarship,Fisheries and Wildlife,6979
*,Austin,*,*,Scholarship,Fisheries and Wildlife,23463,,*,Austin,*,College of Political Science,Scholarship,Fisheries and Wildlife,4607
*,Baton Rouge,*,*,Scholarship,Interior Design,22846,,*,Baton Rouge,*,College of Communication Arts and Sciences,Scholarship,Interior Design,2069
*,Birmingham,*,*,Endowment,Environmental Geosciences,6360,,*,Birmingham,*,Faculty Chair Endowments,Endowment,Environmental Geosciences,1115
*,Birmingham,*,*,Endowment,Studio Art,19582,,*,Birmingham,*,Diversity Fund,Endowment,Studio Art,4948
*,Birmingham,*,*,Endowment,Studio Art,19582,,*,Birmingham,*,University Annual Fund,Endowment,Studio Art,5969
*,Birmingham,*,*,Scholarship,Studio Art,17017,,*,Birmingham,*,College of Natural Science,Scholarship,Studio Art,5524
*,Boston,*,*,Endowment,Jazz Studies,8527,,*,Boston,*,Trustees Fund,Endowment,Jazz Studies,1634
*,Boston,*,*,Scholarship,Nutritional Sciences,30237,,*,Boston,*,College of Natural Science,Scholarship,Nutritional Sciences,9970
*,Boston,*,*,Scholarship,Nutritional Sciences,30237,,*,Boston,*,College of Social Science,Scholarship,Nutritional Sciences,2750
*,Casper,*,*,Endowment,Studio Art,27588,,*,Casper,*,Trustees Fund,Endowment,Studio Art,4374
*,Cedar Rapids,*,*,Campus Resource,English,9164,,*,Cedar Rapids,*,University Libraries,Campus Resource,English,892
*,Charleston,*,*,Endowment,Criminal Justice,11174,,*,Charleston,*,Diversity Fund,Endowment,Criminal Justice,1211
*,Charleston,*,*,Scholarship,Biochemistry and Molecular Biology/Biotechnology,12054,,*,Charleston,*,College of Arts and Sciences,Scholarship,Biochemistry and Molecular Biology/Biotechnology,2960
*,Chicago,*,*,Campus Resource,Accounting,4715,,*,Chicago,*,Campus Recreation,Campus Resource,Accounting,650
*,Chicago,*,*,Campus Resource,Geographic Information Science,19743,,*,Chicago,*,Honors Program,Campus Resource,Geographic Information Science,2395
*,Chicago,*,*,Campus Resource,Kinesiology,16833,,*,Chicago,*,Alumni Association,Campus Resource,Kinesiology,4358
*,Chicago,*,*,Endowment,Finance,10610,,*,Chicago,*,University Annual Fund,Endowment,Finance,2764
*,Chicago,*,*,Endowment,Marketing,13064,,*,Chicago,*,Trustees Fund,Endowment,Marketing,3670
*,Chicago,*,*,Endowment,Prenursing,13288,,*,Chicago,*,Diversity Fund,Endowment,Prenursing,1858
*,Chicago,*,*,Scholarship,Composition,1574,,*,Chicago,*,Minority Scholarship Fund,Scholarship,Composition,91
*,Chicago,*,*,Scholarship,Kinesiology,22592,,*,Chicago,*,College of Arts and Sciences,Scholarship,Kinesiology,3641
*,Chicago,*,*,Scholarship,Prenursing,8930,,*,Chicago,*,College of Natural Science,Scholarship,Prenursing,1648
*,Chicago,*,*,Scholarship,Prenursing,8930,,*,Chicago,*,College of Social Science,Scholarship,Prenursing,1648
*,Chicago,*,*,Scholarship,Urban and Regional Planning,16746,,*,Chicago,*,College of Agriculture and Natural Resources,Scholarship,Urban and Regional Planning,1384
*,Cincinnati,*,*,Campus Resource,Geographic Information Science,9521,,*,Cincinnati,*,Campus Museums,Campus Resource,Geographic Information Science,1652
*,Cincinnati,*,*,Campus Resource,Geological Sciences,14373,,*,Cincinnati,*,Honors Program,Campus Resource,Geological Sciences,4573
*,Cincinnati,*,*,Campus Resource,Natural Resource Recreation and Tourism,15776,,*,Cincinnati,*,Athletics,Campus Resource,Natural Resource Recreation and Tourism,3885
*,Cincinnati,*,*,Campus Resource,Natural Resource Recreation and Tourism,15776,,*,Cincinnati,*,University Libraries,Campus Resource,Natural Resource Recreation and Tourism,3885
*,Cincinnati,*,*,Campus Resource,Political Science,38327,,*,Cincinnati,*,Campus Recreation,Campus Resource,Political Science,8960
*,Cincinnati,*,*,Campus Resource,Women's and Gender Studies,11793,,*,Cincinnati,*,Campus Recreation,Campus Resource,Women's and Gender Studies,2780
*,Cincinnati,*,*,Endowment,Geographic Information Science,3255,,*,Cincinnati,*,Diversity Fund,Endowment,Geographic Information Science,369
*,Cincinnati,*,*,Endowment,Journalism,6766,,*,Cincinnati,*,Trustees Fund,Endowment,Journalism,1778
*,Cincinnati,*,*,Endowment,Media and Information,10054,,*,Cincinnati,*,Diversity Fund,Endowment,Media and Information,2130
*,Cincinnati,*,*,Endowment,Theatre,25730,,*,Cincinnati,*,Diversity Fund,Endowment,Theatre,2428
*,Cincinnati,*,*,Endowment,Theatre,25730,,*,Cincinnati,*,University Annual Fund,Endowment,Theatre,7437
*,Cincinnati,*,*,Scholarship,Apparel and Textiles,27885,,*,Cincinnati,*,College of Arts and Sciences,Scholarship,Apparel and Textiles,2537
*,Cincinnati,*,*,Scholarship,Environmental Biology/Zoology,12108,,*,Cincinnati,*,College of Natural Science,Scholarship,Environmental Biology/Zoology,3240
*,Cincinnati,*,*,Scholarship,Global Studies in the Arts and Humanities,18106,,*,Cincinnati,*,College of Social Science,Scholarship,Global Studies in the Arts and Humanities,3825
*,Cincinnati,*,*,Scholarship,Human Resource Management,27352,,*,Cincinnati,*,College of Agriculture and Natural Resources,Scholarship,Human Resource Management,1960
*,Cincinnati,*,*,Scholarship,Natural Resource Recreation and Tourism,20491,,*,Cincinnati,*,College of Natural Science,Scholarship,Natural Resource Recreation and Tourism,1737
*,Cincinnati,*,*,Scholarship,Professional Writing,6158,,*,Cincinnati,*,College of Agriculture and Natural Resources,Scholarship,Professional Writing,714
*,Cincinnati,*,*,Scholarship,Theatre,17703,,*,Cincinnati,*,College of Arts and Sciences,Scholarship,Theatre,2428
*,Cincinnati,*,*,Scholarship,Theatre,17703,,*,Cincinnati,*,College of Political Science,Scholarship,Theatre,447
*,Cleveland,*,*,Scholarship,College of Political Science,7357,,*,Cleveland,*,College of Arts and Sciences,Scholarship,College of Political Science,600
*,Colorado Springs,*,*,Campus Resource,History,9801,,*,Colorado Springs,*,Alumni Association,Campus Resource,History,2468
*,Colorado Springs,*,*,Campus Resource,Zoology,15972,,*,Colorado Springs,*,Campus Museums,Campus Resource,Zoology,1976
*,Colorado Springs,*,*,Endowment,Zoology,22818,,*,Colorado Springs,*,Faculty Chair Endowments,Endowment,Zoology,6480
*,Colorado Springs,*,*,Scholarship,Arts & Letters-General,21470,,*,Colorado Springs,*,Minority Scholarship Fund,Scholarship,Arts & Letters-General,3820
*,Colorado Springs,*,*,Scholarship,Horticulture,27839,,*,Colorado Springs,*,College of Agriculture and Natural Resources,Scholarship,Horticulture,666
*,Columbia,*,*,Campus Resource,Packaging,4810,,*,Columbia,*,Parents Association,Campus Resource,Packaging,1162
*,Columbia,*,*,Scholarship,Packaging,4810,,*,Columbia,*,College of Communication Arts and Sciences,Scholarship,Packaging,1162
*,Dallas,*,*,Campus Resource,College of Political Science,11175,,*,Dallas,*,University Libraries,Campus Resource,College of Political Science,1805
*,Dallas,*,*,Campus Resource,Neuroscience,6440,,*,Dallas,*,Parents Association,Campus Resource,Neuroscience,2031
*,Dallas,*,*,Endowment,Agriculture and Natural Resources-No Preference,25326,,*,Dallas,*,Faculty Chair Endowments,Endowment,Agriculture and Natural Resources-No Preference,2573
*,Dallas,*,*,Endowment,Neuroscience,14627,,*,Dallas,*,Trustees Fund,Endowment,Neuroscience,4409
*,Dallas,*,*,Scholarship,Criminal Justice,6322,,*,Dallas,*,College of Natural Science,Scholarship,Criminal Justice,1824
*,Dallas,*,*,Scholarship,Electrical Engineering,44272,,*,Dallas,*,College of Agriculture and Natural Resources,Scholarship,Electrical Engineering,11985
*,Dallas,*,*,Scholarship,Electrical Engineering,44272,,*,Dallas,*,Minority Scholarship Fund,Scholarship,Electrical Engineering,9831
*,Dallas,*,*,Scholarship,Hospitality Business,9099,,*,Dallas,*,College of Agriculture and Natural Resources,Scholarship,Hospitality Business,1757
*,Dallas,*,*,Scholarship,Plant Biology,13363,,*,Dallas,*,Minority Scholarship Fund,Scholarship,Plant Biology,3984
*,Dallas,*,*,Scholarship,Preveterinary,17409,,*,Dallas,*,College of Music,Scholarship,Preveterinary,4684
*,Denver,*,*,Campus Resource,Arabic,23562,,*,Denver,*,Parents Association,Campus Resource,Arabic,3192
*,Denver,*,*,Campus Resource,Art Education,21687,,*,Denver,*,Alumni Association,Campus Resource,Art Education,2718
*,Denver,*,*,Campus Resource,Criminal Justice,31038.0,,*,Denver,*,Campus Museums,Campus Resource,Criminal Justice,8569.5
*,Denver,*,*,Campus Resource,Criminal Justice,31038.0,,*,Denver,*,Campus Recreation,Campus Resource,Criminal Justice,1890
*,Denver,*,*,Campus Resource,Environmental Economics and Policy,22165.5,,*,Denver,*,Parents Association,Campus Resource,Environmental Economics and Policy,5655
*,Denver,*,*,Campus Resource,Experience Architecture,24795.0,,*,Denver,*,Campus Recreation,Campus Resource,Experience Architecture,2161.5
*,Denver,*,*,Campus Resource,Food Industry Management,31251,,*,Denver,*,Campus Museums,Campus Resource,Food Industry Management,9567
*,Denver,*,*,Campus Resource,Food Industry Management,31251,,*,Denver,*,University Libraries,Campus Resource,Food Industry Management,9567
*,Denver,*,*,Campus Resource,Interior Design,50826.0,,*,Denver,*,Athletics,Campus Resource,Interior Design,11158.5
*,Denver,*,*,Campus Resource,Interior Design,50826.0,,*,Denver,*,Campus Museums,Campus Resource,Interior Design,14374.5
*,Denver,*,*,Campus Resource,Japanese,18240.0,,*,Denver,*,Athletics,Campus Resource,Japanese,6054
*,Denver,*,*,Campus Resource,Japanese,18240.0,,*,Denver,*,University Libraries,Campus Resource,Japanese,1657.5
*,Denver,*,*,Campus Resource,Media and Information,11313.0,,*,Denver,*,Honors Program,Campus Resource,Media and Information,1789.5
*,Denver,*,*,Campus Resource,Nursing,10065,,*,Denver,*,Campus Museums,Campus Resource,Nursing,696
*,Denver,*,*,Campus Resource,Spanish,11460,,*,Denver,*,Honors Program,Campus Resource,Spanish,1176
*,Denver,*,*,Campus Resource,Special Education-Learning Disabilities,14746.5,,*,Denver,*,Campus Recreation,Campus Resource,Special Education-Learning Disabilities,2155.5
*,Denver,*,*,Endowment,Agribusiness Management,6886.5,,*,Denver,*,University Annual Fund,Endowment,Agribusiness Management,2278.5
*,Denver,*,*,Endowment,Animal Science,23454.0,,*,Denver,*,Diversity Fund,Endowment,Animal Science,7785
*,Denver,*,*,Endowment,Apparel and Textile Design,46747.5,,*,Denver,*,Trustees Fund,Endowment,Apparel and Textile Design,12445.5
*,Denver,*,*,Endowment,Arabic,40471.5,,*,Denver,*,Diversity Fund,Endowment,Arabic,10548.0
*,Denver,*,*,Endowment,Arabic,40471.5,,*,Denver,*,Trustees Fund,Endowment,Arabic,13347
*,Denver,*,*,Endowment,Arabic,40471.5,,*,Denver,*,University Annual Fund,Endowment,Arabic,907.5
*,Denver,*,*,Endowment,Art Education,39517.5,,*,Denver,*,Diversity Fund,Endowment,Art Education,7755
*,Denver,*,*,Endowment,Composition,67267.5,,*,Denver,*,Trustees Fund,Endowment,Composition,11671.5
*,Denver,*,*,Endowment,Composition,67267.5,,*,Denver,*,University Annual Fund,Endowment,Composition,14575.5
*,Denver,*,*,Endowment,Criminal Justice,21760.5,,*,Denver,*,University Annual Fund,Endowment,Criminal Justice,3078
*,Denver,*,*,Endowment,Economics,16273.5,,*,Denver,*,Faculty Chair Endowments,Endowment,Economics,4942.5
*,Denver,*,*,Endowment,Human Development and Family Studies,20148,,*,Denver,*,Faculty Chair Endowments,Endowment,Human Development and Family Studies,6114
*,Denver,*,*,Endowment,Mechanical Engineering,21234.0,,*,Denver,*,Diversity Fund,Endowment,Mechanical Engineering,3835.5
*,Denver,*,*,Endowment,Nursing,26103,,*,Denver,*,Faculty Chair Endowments,Endowment,Nursing,8529
*,Denver,*,*,Endowment,Philosophy,39780.0,,*,Denver,*,Diversity Fund,Endowment,Philosophy,11793
*,Denver,*,*,Endowment,Philosophy,39780.0,,*,Denver,*,University Annual Fund,Endowment,Philosophy,12484.5
*,Denver,*,*,Endowment,Preveterinary,21339.0,,*,Denver,*,University Annual Fund,Endowment,Preveterinary,6376.5
*,Denver,*,*,Endowment,Russian,7650,,*,Denver,*,Trustees Fund,Endowment,Russian,225
*,Denver,*,*,Endowment,Special Education-Learning Disabilities,39774,,*,Denver,*,University Annual Fund,Endowment,Special Education-Learning Disabilities,5727
*,Denver,*,*,Endowment,Studio Art,20944.5,,*,Denver,*,Diversity Fund,Endowment,Studio Art,5644.5
*,Denver,*,*,Endowment,Summer Research Program,22821,,*,Denver,*,Diversity Fund,Endowment,Summer Research Program,5706
*,Denver,*,*,Scholarship,Agribusiness Management,19869.0,,*,Denver,*,College of Natural Science,Scholarship,Agribusiness Management,829.5
*,Denver,*,*,Scholarship,Animal Science,37549.5,,*,Denver,*,College of Music,Scholarship,Animal Science,9477
*,Denver,*,*,Scholarship,Arabic,54789.0,,*,Denver,*,College of Engineering,Scholarship,Arabic,13089
*,Denver,*,*,Scholarship,Arabic,54789.0,,*,Denver,*,In-State Scholarship Fund,Scholarship,Arabic,259.5
*,Denver,*,*,Scholarship,Arabic,54789.0,,*,Denver,*,Minority Scholarship Fund,Scholarship,Arabic,3633
*,Denver,*,*,Scholarship,Art Education,53835.0,,*,Denver,*,College of Agriculture and Natural Resources,Scholarship,Art Education,13429.5
*,Denver,*,*,Scholarship,Art Education,53835.0,,*,Denver,*,College of Natural Science,Scholarship,Art Education,14560.5
*,Denver,*,*,Scholarship,Athletic Training,27222,,*,Denver,*,College of Education,Scholarship,Athletic Training,6357
*,Denver,*,*,Scholarship,Athletic Training,27222,,*,Denver,*,In-State Scholarship Fund,Scholarship,Athletic Training,3873
*,Denver,*,*,Scholarship,Chemical Physics,6078.0,,*,Denver,*,College of Agriculture and Natural Resources,Scholarship,Chemical Physics,88.5
*,Denver,*,*,Scholarship,Composition,55858.5,,*,Denver,*,College of Agriculture and Natural Resources,Scholarship,Composition,14575.5
*,Denver,*,*,Scholarship,Composition,55858.5,,*,Denver,*,College of Engineering,Scholarship,Composition,3621
*,Denver,*,*,Scholarship,Composition,55858.5,,*,Denver,*,College of Nursing,Scholarship,Composition,13674
*,Denver,*,*,Scholarship,Construction Management,42055.5,,*,Denver,*,College of Agriculture and Natural Resources,Scholarship,Construction Management,2425.5
*,Denver,*,*,Scholarship,Economics,14031.0,,*,Denver,*,College of Arts and Sciences,Scholarship,Economics,3076.5
*,Denver,*,*,Scholarship,Food Industry Management,30120.0,,*,Denver,*,College of Natural Science,Scholarship,Food Industry Management,2425.5
*,Denver,*,*,Scholarship,History Education,26034,,*,Denver,*,College of Agriculture and Natural Resources,Scholarship,History Education,6933
*,Denver,*,*,Scholarship,Human Development and Family Studies,34326,,*,Denver,*,Minority Scholarship Fund,Scholarship,Human Development and Family Studies,6237
*,Denver,*,*,Scholarship,Neuroscience,16135.5,,*,Denver,*,College of Business,Scholarship,Neuroscience,2695.5
*,Denver,*,*,Scholarship,Physical Science Interdepartmental,32166.0,,*,Denver,*,College of Social Science,Scholarship,Physical Science Interdepartmental,9541.5
*,Denver,*,*,Scholarship,Preoptometry,16984.5,,*,Denver,*,College of Social Science,Scholarship,Preoptometry,4096.5
*,Denver,*,*,Scholarship,Professional Writing,10399.5,,*,Denver,*,College of Natural Science,Scholarship,Professional Writing,204
*,Denver,*,*,Scholarship,Psychology,13416.0,,*,Denver,*,College of Arts and Sciences,Scholarship,Psychology,3397.5
*,Denver,*,*,Scholarship,Public Policy,56173.5,,*,Denver,*,College of Music,Scholarship,Public Policy,2746.5
*,Denver,*,*,Scholarship,Public Policy,56173.5,,*,Denver,*,College of Social Science,Scholarship,Public Policy,3486
*,Denver,*,*,Scholarship,Public Policy,56173.5,,*,Denver,*,In-State Scholarship Fund,Scholarship,Public Policy,12558
*,Denver,*,*,Scholarship,Special Education-Learning Disabilities,37243.5,,*,Denver,*,College of Engineering,Scholarship,Special Education-Learning Disabilities,7635
*,Denver,*,*,Scholarship,Statistics,43264.5,,*,Denver,*,College of Social Science,Scholarship,Statistics,13830
*,Denver,*,*,Scholarship,Statistics,43264.5,,*,Denver,*,Minority Scholarship Fund,Scholarship,Statistics,9081
*,Denver,*,*,Scholarship,Urban and Regional Planning,51670.5,,*,Denver,*,College of Agriculture and Natural Resources,Scholarship,Urban and Regional Planning,14890.5
*,Detroit,*,*,Campus Resource,College of Political Science,10589,,*,Detroit,*,Campus Museums,Campus Resource,College of Political Science,2226
*,Detroit,*,*,Campus Resource,Social Relations and Policy,42622,,*,Detroit,*,Parents Association,Campus Resource,Social Relations and Policy,13784
*,Detroit,*,*,Endowment,Summer Research Program,25713,,*,Detroit,*,University Annual Fund,Endowment,Summer Research Program,8298
*,Detroit,*,*,Scholarship,Animal Science,12198,,*,Detroit,*,College of Agriculture and Natural Resources,Scholarship,Animal Science,3485
*,Detroit,*,*,Scholarship,Animal Science,12198,,*,Detroit,*,Minority Scholarship Fund,Scholarship,Animal Science,3704
*,Detroit,*,*,Scholarship,English,4628,,*,Detroit,*,College of Nursing,Scholarship,English,91
*,Detroit,*,*,Scholarship,Interdisciplinary Studies in Social Science,4269,,*,Detroit,*,College of Music,Scholarship,Interdisciplinary Studies in Social Science,554
*,Detroit,*,*,Scholarship,Social Relations and Policy,30961,,*,Detroit,*,College of Business,Scholarship,Social Relations and Policy,4371
*,Durham,*,*,Endowment,Environmental Biology/Plant Biol,23887,,*,Durham,*,Trustees Fund,Endowment,Environmental Biology/Plant Biol,4487
*,Durham,*,*,Endowment,Geography,15124,,*,Durham,*,Trustees Fund,Endowment,Geography,1576
*,Durham,*,*,Scholarship,Microbiology,21309,,*,Durham,*,In-State Scholarship Fund,Scholarship,Microbiology,1441
*,Durham,*,*,Scholarship,Music,18543,,*,Durham,*,College of Communication Arts and Sciences,Scholarship,Music,2732
*,Durham,*,*,Scholarship,Music,18543,,*,Durham,*,College of Engineering,Scholarship,Music,1362
*,El Paso,*,*,Campus Resource,Astrophysics,18497,,*,El Paso,*,Campus Museums,Campus Resource,Astrophysics,4649
*,El Paso,*,*,Endowment,Biochemistry and Molecular Biology/Biotechnology,7049,,*,El Paso,*,Faculty Chair Endowments,Endowment,Biochemistry and Molecular Biology/Biotechnology,724
*,El Paso,*,*,Scholarship,Biochemistry and Molecular Biology/Biotechnology,4503,,*,El Paso,*,College of Political Science,Scholarship,Biochemistry and Molecular Biology/Biotechnology,724
*,Fresno,*,*,Campus Resource,Interdisciplinary Humanities,4750,,*,Fresno,*,Alumni Association,Campus Resource,Interdisciplinary Humanities,427
*,Fresno,*,*,Campus Resource,Interdisciplinary Humanities,4750,,*,Fresno,*,Campus Museums,Campus Resource,Interdisciplinary Humanities,427
*,Fresno,*,*,Campus Resource,Natural Resource Recreation and Tourism,28575,,*,Fresno,*,Campus Museums,Campus Resource,Natural Resource Recreation and Tourism,7601
*,Fresno,*,*,Campus Resource,Political Science,20194,,*,Fresno,*,Campus Recreation,Campus Resource,Political Science,1538
*,Fresno,*,*,Endowment,Art Education,9187,,*,Fresno,*,Diversity Fund,Endowment,Art Education,970
*,Fresno,*,*,Endowment,Natural Resource Recreation and Tourism,14875,,*,Fresno,*,Trustees Fund,Endowment,Natural Resource Recreation and Tourism,2300
*,Fresno,*,*,Scholarship,Economics,7715,,*,Fresno,*,College of Arts and Sciences,Scholarship,Economics,347
*,Fresno,*,*,Scholarship,Natural Resource Recreation and Tourism,13181,,*,Fresno,*,College of Political Science,Scholarship,Natural Resource Recreation and Tourism,2639
*,Hartford,*,*,Campus Resource,Natural Resource Recreation and Tourism,34520,,*,Hartford,*,Parents Association,Campus Resource,Natural Resource Recreation and Tourism,11249
*,Hartford,*,*,Endowment,Arts & Letters-General,21342,,*,Hartford,*,University Annual Fund,Endowment,Arts & Letters-General,5223
*,Hartford,*,*,Endowment,Entomology,10347,,*,Hartford,*,Trustees Fund,Endowment,Entomology,3440
*,Hartford,*,*,Endowment,Professional Writing,36635,,*,Hartford,*,Trustees Fund,Endowment,Professional Writing,2919
*,Hartford,*,*,Scholarship,Arts & Letters-General,31183,,*,Hartford,*,College of Engineering,Scholarship,Arts & Letters-General,8160
*,Hartford,*,*,Scholarship,Arts & Letters-General,31183,,*,Hartford,*,College of Nursing,Scholarship,Arts & Letters-General,8160
*,Hartford,*,*,Scholarship,Entomology,26447,,*,Hartford,*,College of Nursing,Scholarship,Entomology,150
*,Hartford,*,*,Scholarship,Entomology,26447,,*,Hartford,*,Minority Scholarship Fund,Scholarship,Entomology,6657
*,Henderson,*,*,Endowment,Chemical Physics,12624,,*,Henderson,*,Trustees Fund,Endowment,Chemical Physics,3912
*,Henderson,*,*,Scholarship,Astrophysics,14171,,*,Henderson,*,College of Communication Arts and Sciences,Scholarship,Astrophysics,1300
*,Houston,*,*,Campus Resource,Women's and Gender Studies,35268,,*,Houston,*,Alumni Association,Campus Resource,Women's and Gender Studies,5687
*,Houston,*,*,Endowment,Arts & Letters-General,25415,,*,Houston,*,Trustees Fund,Endowment,Arts & Letters-General,6664
*,Houston,*,*,Endowment,Interdisciplinary Studies in Social Science - Social Science Education,10069,,*,Houston,*,Faculty Chair Endowments,Endowment,Interdisciplinary Studies in Social Science - Social Science Education,1437
*,Houston,*,*,Endowment,Plant Biology,10509,,*,Houston,*,Trustees Fund,Endowment,Plant Biology,784
*,Houston,*,*,Endowment,Preveterinary,41899,,*,Houston,*,Diversity Fund,Endowment,Preveterinary,5722
*,Houston,*,*,Scholarship,Astrophysics,25417,,*,Houston,*,College of Political Science,Scholarship,Astrophysics,1960
*,Houston,*,*,Scholarship,Astrophysics,25417,,*,Houston,*,Minority Scholarship Fund,Scholarship,Astrophysics,7821
*,Houston,*,*,Scholarship,Hospitality Business,2165,,*,Houston,*,Minority Scholarship Fund,Scholarship,Hospitality Business,150
*,Indianapolis,*,*,Campus Resource,Human Resource Management,9979,,*,Indianapolis,*,Campus Museums,Campus Resource,Human Resource Management,1093
*,Indianapolis,*,*,Campus Resource,Mathematics  Advanced,8728,,*,Indianapolis,*,Campus Museums,Campus Resource,Mathematics  Advanced,1381
*,Indianapolis,*,*,Endowment,Mechanical Engineering,34774,,*,Indianapolis,*,Diversity Fund,Endowment,Mechanical Engineering,8743
*,Indianapolis,*,*,Scholarship,Biomedical Laboratory Science,3994,,*,Indianapolis,*,College of Political Science,Scholarship,Biomedical Laboratory Science,115
*,Indianapolis,*,*,Scholarship,Hospitality Business,33305,,*,Indianapolis,*,College of Arts and Sciences,Scholarship,Hospitality Business,8373
*,Indianapolis,*,*,Scholarship,Mathematics  Advanced,6327,,*,Indianapolis,*,College of Arts and Sciences,Scholarship,Mathematics  Advanced,1812
*,Indianapolis,*,*,Scholarship,Mathematics  Advanced,6327,,*,Indianapolis,*,College of Communication Arts and Sciences,Scholarship,Mathematics  Advanced,1567
*,Indianapolis,*,*,Scholarship,Mathematics  Advanced,6327,,*,Indianapolis,*,College of Natural Science,Scholarship,Mathematics  Advanced,1381
*,Indianapolis,*,*,Scholarship,Mathematics  Advanced,6327,,*,Indianapolis,*,Minority Scholarship Fund,Scholarship,Mathematics  Advanced,1567
*,Jacksonville,*,*,Endowment,Construction Management,9459,,*,Jacksonville,*,Trustees Fund,Endowment,Construction Management,2553
*,Jacksonville,*,*,Scholarship,Political Theory and Constitutional Democracy,6871,,*,Jacksonville,*,College of Agriculture and Natural Resources,Scholarship,Political Theory and Constitutional Democracy,2265
*,Kansas City,*,*,Campus Resource,Public Policy,28057,,*,Kansas City,*,Athletics,Campus Resource,Public Policy,8199
*,Kansas City,*,*,Campus Resource,Public Policy,28057,,*,Kansas City,*,University Libraries,Campus Resource,Public Policy,1906
*,Kansas City,*,*,Endowment,Anthropology,4172,,*,Kansas City,*,University Annual Fund,Endowment,Anthropology,368
*,Kansas City,*,*,Endowment,Criminal Justice,921,,*,Kansas City,*,Diversity Fund,Endowment,Criminal Justice,229
*,Kansas City,*,*,Endowment,Interdisciplinary Humanities,21036,,*,Kansas City,*,University Annual Fund,Endowment,Interdisciplinary Humanities,5574
*,Kansas City,*,*,Scholarship,Arabic,7827,,*,Kansas City,*,College of Agriculture and Natural Resources,Scholarship,Arabic,473
*,Kansas City,*,*,Scholarship,Fisheries and Wildlife,59015,,*,Kansas City,*,College of Arts and Sciences,Scholarship,Fisheries and Wildlife,18925
*,Kansas City,*,*,Scholarship,Fisheries and Wildlife,59015,,*,Kansas City,*,College of Education,Scholarship,Fisheries and Wildlife,1818
*,Kansas City,*,*,Scholarship,Fisheries and Wildlife,59015,,*,Kansas City,*,College of Music,Scholarship,Fisheries and Wildlife,8662
*,Kansas City,*,*,Scholarship,Kinesiology,12021,,*,Kansas City,*,Minority Scholarship Fund,Scholarship,Kinesiology,3043
*,Kansas City,*,*,Scholarship,Psychology,11739,,*,Kansas City,*,College of Natural Science,Scholarship,Psychology,1885
*,Kansas City,*,*,Scholarship,Psychology,11739,,*,Kansas City,*,College of Nursing,Scholarship,Psychology,3708
*,Knoxville,*,*,Campus Resource,Japanese,13380,,*,Knoxville,*,Campus Museums,Campus Resource,Japanese,3897
*,Lansing,*,*,Campus Resource,Professional Writing,5752,,*,Lansing,*,Alumni Association,Campus Resource,Professional Writing,368
*,Lansing,*,*,Endowment,Athletic Training,29539,,*,Lansing,*,Faculty Chair Endowments,Endowment,Athletic Training,7526
*,Lansing,*,*,Endowment,Athletic Training,29539,,*,Lansing,*,University Annual Fund,Endowment,Athletic Training,6713
*,Lansing,*,*,Endowment,General Management,26220,,*,Lansing,*,Faculty Chair Endowments,Endowment,General Management,7234
*,Lansing,*,*,Scholarship,Preveterinary,1939,,*,Lansing,*,College of Social Science,Scholarship,Preveterinary,172
*,Las Vegas,*,*,Campus Resource,Environmental Engineering,35847,,*,Las Vegas,*,Campus Recreation,Campus Resource,Environmental Engineering,8942
*,Lincoln,*,*,Campus Resource,Physical Science Interdepartmental,9108,,*,Lincoln,*,Honors Program,Campus Resource,Physical Science Interdepartmental,2731
*,Lincoln,*,*,Endowment,Biomedical Laboratory Science,4871,,*,Lincoln,*,University Annual Fund,Endowment,Biomedical Laboratory Science,1105
*,Lincoln,*,*,Scholarship,Jazz Studies,9567,,*,Lincoln,*,In-State Scholarship Fund,Scholarship,Jazz Studies,150
*,Little Rock,*,*,Campus Resource,Mathematics  Advanced,21292,,*,Little Rock,*,University Libraries,Campus Resource,Mathematics  Advanced,4680
*,Los Angeles,*,*,Campus Resource,Microbiology,10311,,*,Los Angeles,*,Parents Association,Campus Resource,Microbiology,572
*,Los Angeles,*,*,Endowment,Astrophysics,11329,,*,Los Angeles,*,Trustees Fund,Endowment,Astrophysics,379
*,Los Angeles,*,*,Endowment,English,3617,,*,Los Angeles,*,Trustees Fund,Endowment,English,1093
*,Los Angeles,*,*,Endowment,Interior Design,14221,,*,Los Angeles,*,Trustees Fund,Endowment,Interior Design,3071
*,Los Angeles,*,*,Endowment,Jazz Studies,9945,,*,Los Angeles,*,Trustees Fund,Endowment,Jazz Studies,1509
*,Los Angeles,*,*,Endowment,Landscape Architecture,13776,,*,Los Angeles,*,Trustees Fund,Endowment,Landscape Architecture,1624
*,Los Angeles,*,*,Endowment,Landscape Architecture,13776,,*,Los Angeles,*,University Annual Fund,Endowment,Landscape Architecture,1624
*,Los Angeles,*,*,Endowment,Physical Science Interdepartmental,3112,,*,Los Angeles,*,Faculty Chair Endowments,Endowment,Physical Science Interdepartmental,600
*,Los Angeles,*,*,Endowment,Preoptometry,12452,,*,Los Angeles,*,Trustees Fund,Endowment,Preoptometry,3148
*,Los Angeles,*,*,Endowment,Studio Art,17920,,*,Los Angeles,*,Diversity Fund,Endowment,Studio Art,2775
*,Los Angeles,*,*,Scholarship,Animal Science,13421,,*,Los Angeles,*,College of Music,Scholarship,Animal Science,1839
*,Los Angeles,*,*,Scholarship,Animal Science,13421,,*,Los Angeles,*,Minority Scholarship Fund,Scholarship,Animal Science,3281
*,Los Angeles,*,*,Scholarship,Apparel and Textile Design,38945,,*,Los Angeles,*,College of Agriculture and Natural Resources,Scholarship,Apparel and Textile Design,7903
*,Los Angeles,*,*,Scholarship,Apparel and Textile Design,38945,,*,Los Angeles,*,College of Arts and Sciences,Scholarship,Apparel and Textile Design,4586
*,Los Angeles,*,*,Scholarship,Entomology,12041,,*,Los Angeles,*,College of Social Science,Scholarship,Entomology,2237
*,Los Angeles,*,*,Scholarship,Environmental Economics and Policy,14658,,*,Los Angeles,*,College of Arts and Sciences,Scholarship,Environmental Economics and Policy,1620
*,Los Angeles,*,*,Scholarship,History,22163,,*,Los Angeles,*,College of Communication Arts and Sciences,Scholarship,History,2921
*,Los Angeles,*,*,Scholarship,Hospitality Business,12798,,*,Los Angeles,*,College of Social Science,Scholarship,Hospitality Business,3348
*,Los Angeles,*,*,Scholarship,Jazz Studies,26716,,*,Los Angeles,*,College of Education,Scholarship,Jazz Studies,8436
*,Los Angeles,*,*,Scholarship,Marketing,10908,,*,Los Angeles,*,College of Business,Scholarship,Marketing,1896
*,Los Angeles,*,*,Scholarship,Physical Science Interdepartmental,4332,,*,Los Angeles,*,College of Engineering,Scholarship,Physical Science Interdepartmental,600
*,Los Angeles,*,*,Scholarship,Summer Research Program,18819,,*,Los Angeles,*,College of Arts and Sciences,Scholarship,Summer Research Program,5779
*,Louisville,*,*,Scholarship,Apparel and Textiles,7781,,*,Louisville,*,College of Arts and Sciences,Scholarship,Apparel and Textiles,493
*,Manchester,*,*,Campus Resource,Arts & Letters-General,16592,,*,Manchester,*,Campus Museums,Campus Resource,Arts & Letters-General,3263
*,Manchester,*,*,Campus Resource,Arts & Letters-General,16592,,*,Manchester,*,Honors Program,Campus Resource,Arts & Letters-General,5030
*,Manchester,*,*,Scholarship,Humanities-Prelaw,10580,,*,Manchester,*,College of Arts and Sciences,Scholarship,Humanities-Prelaw,1463
*,Manchester,*,*,Scholarship,Philosophy,10337,,*,Manchester,*,College of Engineering,Scholarship,Philosophy,1818
*,Memphis,*,*,Campus Resource,Environmental Economics and Policy,11933,,*,Memphis,*,University Libraries,Campus Resource,Environmental Economics and Policy,2523
*,Memphis,*,*,Endowment,Environmental Studies and Agriscience,14764,,*,Memphis,*,Trustees Fund,Endowment,Environmental Studies and Agriscience,1440
*,Memphis,*,*,Endowment,Global Studies in the Arts and Humanities,10172,,*,Memphis,*,Faculty Chair Endowments,Endowment,Global Studies in the Arts and Humanities,3354
*,Memphis,*,*,Scholarship,Biological Science Interdepartmental,18184,,*,Memphis,*,In-State Scholarship Fund,Scholarship,Biological Science Interdepartmental,5473
*,Memphis,*,*,Scholarship,Social Relations and Policy,10857,,*,Memphis,*,Minority Scholarship Fund,Scholarship,Social Relations and Policy,2192
*,Memphis,*,*,Scholarship,Statistics,19925,,*,Memphis,*,College of Music,Scholarship,Statistics,5151
*,Memphis,*,*,Scholarship,Supply Chain Management,11805,,*,Memphis,*,College of Natural Science,Scholarship,Supply Chain Management,2022
*,Mesa,*,*,Campus Resource,Interior Design,11604,,*,Mesa,*,Athletics,Campus Resource,Interior Design,2413
*,Miami,*,*,Campus Resource,Spanish,6025,,*,Miami,*,Campus Museums,Campus Resource,Spanish,1080
*,Miami,*,*,Endowment,Media and Information,20422,,*,Miami,*,Trustees Fund,Endowment,Media and Information,4618
*,Miami,*,*,Endowment,Women's and Gender Studies,20911,,*,Miami,*,University Annual Fund,Endowment,Women's and Gender Studies,4204
*,Miami,*,*,Scholarship,Construction Management,12337,,*,Miami,*,College of Engineering,Scholarship,Construction Management,1864
*,Miami,*,*,Scholarship,Packaging,29860,,*,Miami,*,College of Engineering,Scholarship,Packaging,9440
*,Miami,*,*,Scholarship,Packaging,29860,,*,Miami,*,Minority Scholarship Fund,Scholarship,Packaging,999
*,Miami,*,*,Scholarship,Sociology,10207,,*,Miami,*,College of Engineering,Scholarship,Sociology,3326
*,Miami,*,*,Scholarship,Women's and Gender Studies,20700,,*,Miami,*,College of Social Science,Scholarship,Women's and Gender Studies,5715
*,Milwaukee,*,*,Endowment,Advertising,3064,,*,Milwaukee,*,Diversity Fund,Endowment,Advertising,182
*,Minneapolis,*,*,Endowment,Marketing,17992,,*,Minneapolis,*,Diversity Fund,Endowment,Marketing,5818
*,Minneapolis,*,*,Endowment,Marketing,17992,,*,Minneapolis,*,Faculty Chair Endowments,Endowment,Marketing,5818
*,Minneapolis,*,*,Endowment,Political Science,12119,,*,Minneapolis,*,Trustees Fund,Endowment,Political Science,2587
*,Mobile,*,*,Endowment,Computer Engineering,11283,,*,Mobile,*,Faculty Chair Endowments,Endowment,Computer Engineering,2285
*,Mobile,*,*,Scholarship,Packaging,24878,,*,Mobile,*,College of Social Science,Scholarship,Packaging,6089
*,Mobile,*,*,Scholarship,Professional Writing,2588,,*,Mobile,*,College of Business,Scholarship,Professional Writing,309
*,Naperville,*,*,Scholarship,Experience Architecture,9611,,*,Naperville,*,College of Arts and Sciences,Scholarship,Experience Architecture,632
*,Nashville,*,*,Campus Resource,Agriculture and Natural Resources-No Preference,6186,,*,Nashville,*,University Libraries,Campus Resource,Agriculture and Natural Resources-No Preference,1538
*,New Orleans,*,*,Scholarship,Apparel and Textile Design,29594,,*,New Orleans,*,Minority Scholarship Fund,Scholarship,Apparel and Textile Design,946
*,New York,*,*,Campus Resource,Education,18227,,*,New York,*,Alumni Association,Campus Resource,Education,4743
*,New York,*,*,Campus Resource,Entomology,10786,,*,New York,*,Alumni Association,Campus Resource,Entomology,816
*,New York,*,*,Campus Resource,Environmental Biology/Microbiology,10942,,*,New York,*,Athletics,Campus Resource,Environmental Biology/Microbiology,1290
*,New York,*,*,Campus Resource,Social Relations and Policy,26675,,*,New York,*,Athletics,Campus Resource,Social Relations and Policy,4894
*,New York,*,*,Campus Resource,Social Relations and Policy,26675,,*,New York,*,Campus Museums,Campus Resource,Social Relations and Policy,2805
*,New York,*,*,Campus Resource,Studio Art,2802,,*,New York,*,Campus Recreation,Campus Resource,Studio Art,517
*,New York,*,*,Endowment,Chemistry,11545,,*,New York,*,Trustees Fund,Endowment,Chemistry,2639
*,New York,*,*,Endowment,Comparative Cultures and Politics,12117,,*,New York,*,Diversity Fund,Endowment,Comparative Cultures and Politics,2307
*,New York,*,*,Endowment,Composition,8945,,*,New York,*,Trustees Fund,Endowment,Composition,1001
*,New York,*,*,Endowment,Construction Management,29605,,*,New York,*,Faculty Chair Endowments,Endowment,Construction Management,6334
*,New York,*,*,Endowment,Geological Sciences,1791,,*,New York,*,Trustees Fund,Endowment,Geological Sciences,91
*,New York,*,*,Endowment,Interior Design,19403,,*,New York,*,Diversity Fund,Endowment,Interior Design,383
*,New York,*,*,Endowment,Interior Design,19403,,*,New York,*,Faculty Chair Endowments,Endowment,Interior Design,5074
*,New York,*,*,Endowment,Interior Design,19403,,*,New York,*,Trustees Fund,Endowment,Interior Design,5002
*,New York,*,*,Endowment,Nursing,10271,,*,New York,*,Trustees Fund,Endowment,Nursing,3215
*,New York,*,*,Endowment,Preoptometry,13000,,*,New York,*,University Annual Fund,Endowment,Preoptometry,3499
*,New York,*,*,Endowment,Social Relations and Policy,9074,,*,New York,*,University Annual Fund,Endowment,Social Relations and Policy,1433
*,New York,*,*,Scholarship,Construction Management,26639,,*,New York,*,College of Communication Arts and Sciences,Scholarship,Construction Management,6334
*,New York,*,*,Scholarship,Construction Management,26639,,*,New York,*,In-State Scholarship Fund,Scholarship,Construction Management,8650
*,New York,*,*,Scholarship,Construction Management,26639,,*,New York,*,Minority Scholarship Fund,Scholarship,Construction Management,2015
*,New York,*,*,Scholarship,Entomology,10414,,*,New York,*,College of Nursing,Scholarship,Entomology,2379
*,New York,*,*,Scholarship,Hospitality Business,18203,,*,New York,*,College of Arts and Sciences,Scholarship,Hospitality Business,3678
*,New York,*,*,Scholarship,Linguistics,7280,,*,New York,*,College of Social Science,Scholarship,Linguistics,1562
*,North Las Vegas,*,*,Scholarship,Jazz Studies,8672,,*,North Las Vegas,*,In-State Scholarship Fund,Scholarship,Jazz Studies,2438
*,North Las Vegas,*,*,Scholarship,Marketing,15092,,*,North Las Vegas,*,Minority Scholarship Fund,Scholarship,Marketing,1557
*,Oklahoma City,*,*,Endowment,Marketing,33325,,*,Oklahoma City,*,Trustees Fund,Endowment,Marketing,7933
*,Oklahoma City,*,*,Scholarship,Marketing,9044,,*,Oklahoma City,*,College of Arts and Sciences,Scholarship,Marketing,862
*,Oklahoma City,*,*,Scholarship,Political Science-Prelaw,13905,,*,Oklahoma City,*,College of Agriculture and Natural Resources,Scholarship,Political Science-Prelaw,2414
*,Omaha,*,*,Endowment,Human Development and Family Studies,40425,,*,Omaha,*,Diversity Fund,Endowment,Human Development and Family Studies,1069
*,Omaha,*,*,Endowment,Natural Resource Recreation and Tourism,10763,,*,Omaha,*,University Annual Fund,Endowment,Natural Resource Recreation and Tourism,2051
*,Omaha,*,*,Scholarship,Environmental Studies and Agriscience,8337,,*,Omaha,*,College of Engineering,Scholarship,Environmental Studies and Agriscience,2305
*,Omaha,*,*,Scholarship,Food Industry Management,5028,,*,Omaha,*,In-State Scholarship Fund,Scholarship,Food Industry Management,189
*,Orlando,*,*,Campus Resource,Interdisciplinary Humanities,9615,,*,Orlando,*,Parents Association,Campus Resource,Interdisciplinary Humanities,451
*,Orlando,*,*,Campus Resource,Materials Science and Engineering,6344,,*,Orlando,*,Alumni Association,Campus Resource,Materials Science and Engineering,368
*,Orlando,*,*,Endowment,Neuroscience,36717,,*,Orlando,*,Trustees Fund,Endowment,Neuroscience,10345
*,Orlando,*,*,Scholarship,Arts & Letters-General,16268,,*,Orlando,*,College of Music,Scholarship,Arts & Letters-General,5214
*,Orlando,*,*,Scholarship,Neuroscience,10199,,*,Orlando,*,College of Education,Scholarship,Neuroscience,997
*,Overland Park,*,*,Campus Resource,Nutritional Sciences,7687,,*,Overland Park,*,Alumni Association,Campus Resource,Nutritional Sciences,605
*,Overland Park,*,*,Scholarship,Global Studies in the Arts and Humanities,10477,,*,Overland Park,*,College of Business,Scholarship,Global Studies in the Arts and Humanities,1001
*,Overland Park,*,*,Scholarship,Jazz Studies,25855,,*,Overland Park,*,Minority Scholarship Fund,Scholarship,Jazz Studies,2175
*,Overland Park,*,*,Scholarship,Nutritional Sciences,25034,,*,Overland Park,*,College of Business,Scholarship,Nutritional Sciences,7082
*,Paterson,*,*,Endowment,Zoology,5427,,*,Paterson,*,Trustees Fund,Endowment,Zoology,1601
*,Paterson,*,*,Scholarship,Zoology,38431,,*,Paterson,*,In-State Scholarship Fund,Scholarship,Zoology,8893
*,Philadelphia,*,*,Endowment,Arabic,11427,,*,Philadelphia,*,Trustees Fund,Endowment,Arabic,2639
*,Philadelphia,*,*,Endowment,Experience Architecture,6546,,*,Philadelphia,*,Diversity Fund,Endowment,Experience Architecture,1552
*,Philadelphia,*,*,Endowment,Human Biology,7470,,*,Philadelphia,*,University Annual Fund,Endowment,Human Biology,1322
*,Philadelphia,*,*,Scholarship,Geographic Information Science,20773,,*,Philadelphia,*,College of Communication Arts and Sciences,Scholarship,Geographic Information Science,6205
*,Philadelphia,*,*,Scholarship,Predental,9021,,*,Philadelphia,*,College of Agriculture and Natural Resources,Scholarship,Predental,2873
*,Phoenix,*,*,Campus Resource,Preoptometry,3663,,*,Phoenix,*,University Libraries,Campus Resource,Preoptometry,167
*,Phoenix,*,*,Endowment,Electrical Engineering,32747,,*,Phoenix,*,University Annual Fund,Endowment,Electrical Engineering,3380
*,Phoenix,*,*,Endowment,Humanities-Prelaw,3799,,*,Phoenix,*,University Annual Fund,Endowment,Humanities-Prelaw,19
*,Phoenix,*,*,Endowment,Nursing,19716,,*,Phoenix,*,Diversity Fund,Endowment,Nursing,5976
*,Phoenix,*,*,Scholarship,Advertising,5893,,*,Phoenix,*,College of Agriculture and Natural Resources,Scholarship,Advertising,1072
*,Phoenix,*,*,Scholarship,Art Education,6245,,*,Phoenix,*,Minority Scholarship Fund,Scholarship,Art Education,99
*,Phoenix,*,*,Scholarship,General Management,11520,,*,Phoenix,*,College of Engineering,Scholarship,General Management,696
*,Phoenix,*,*,Scholarship,Human Biology,3698,,*,Phoenix,*,College of Social Science,Scholarship,Human Biology,1231
*,Phoenix,*,*,Scholarship,Interdisciplinary Humanities,27397,,*,Phoenix,*,College of Engineering,Scholarship,Interdisciplinary Humanities,8942
*,Phoenix,*,*,Scholarship,Interdisciplinary Humanities,27397,,*,Phoenix,*,College of Natural Science,Scholarship,Interdisciplinary Humanities,7821
*,Phoenix,*,*,Scholarship,Interdisciplinary Humanities,27397,,*,Phoenix,*,College of Social Science,Scholarship,Interdisciplinary Humanities,7821
*,Phoenix,*,*,Scholarship,Interdisciplinary Humanities,27397,,*,Phoenix,*,In-State Scholarship Fund,Scholarship,Interdisciplinary Humanities,2813
*,Phoenix,*,*,Scholarship,Materials Science and Engineering,19202,,*,Phoenix,*,College of Natural Science,Scholarship,Materials Science and Engineering,4579
*,Phoenix,*,*,Scholarship,Nursing,33333,,*,Phoenix,*,College of Arts and Sciences,Scholarship,Nursing,2838
*,Phoenix,*,*,Scholarship,Nursing,33333,,*,Phoenix,*,College of Natural Science,Scholarship,Nursing,7596
*,Phoenix,*,*,Scholarship,Nursing,33333,,*,Phoenix,*,College of Nursing,Scholarship,Nursing,7834
*,Phoenix,*,*,Scholarship,Nursing,33333,,*,Phoenix,*,College of Veterinary Medicine,Scholarship,Nursing,2838
*,Phoenix,*,*,Scholarship,Political Science,5189,,*,Phoenix,*,College of Arts and Sciences,Scholarship,Political Science,1467
*,Pittsburgh,*,*,Endowment,Education,10185,,*,Pittsburgh,*,Trustees Fund,Endowment,Education,662
*,Portland,*,*,Endowment,Geological Sciences,4754,,*,Portland,*,Faculty Chair Endowments,Endowment,Geological Sciences,189
*,Providence,*,*,Campus Resource,German,6683,,*,Providence,*,Honors Program,Campus Resource,German,1553
*,Providence,*,*,Endowment,Arts & Letters-General,9751,,*,Providence,*,Diversity Fund,Endowment,Arts & Letters-General,2773
*,Providence,*,*,Scholarship,Arts & Letters-General,10119,,*,Providence,*,College of Social Science,Scholarship,Arts & Letters-General,3141
*,Providence,*,*,Scholarship,German,8875,,*,Providence,*,College of Arts and Sciences,Scholarship,German,1553
*,Providence,*,*,Scholarship,German,8875,,*,Providence,*,College of Education,Scholarship,German,2192
*,Provo,*,*,Endowment,Astrophysics,23023,,*,Provo,*,Trustees Fund,Endowment,Astrophysics,6425
*,Raleigh,*,*,Campus Resource,Music Performance,9914,,*,Raleigh,*,Alumni Association,Campus Resource,Music Performance,1941
*,Raleigh,*,*,Campus Resource,Music Performance,9914,,*,Raleigh,*,Parents Association,Campus Resource,Music Performance,1941
*,Raleigh,*,*,Scholarship,Advertising,11880,,*,Raleigh,*,College of Arts and Sciences,Scholarship,Advertising,3230
*,Raleigh,*,*,Scholarship,Advertising,11880,,*,Raleigh,*,College of Social Science,Scholarship,Advertising,3677
*,Richmond,*,*,Campus Resource,Psychology,5233,,*,Richmond,*,University Libraries,Campus Resource,Psychology,995
*,Richmond,*,*,Endowment,Animal Science,21861,,*,Richmond,*,Faculty Chair Endowments,Endowment,Animal Science,6003
*,Richmond,*,*,Endowment,Animal Science,21861,,*,Richmond,*,Trustees Fund,Endowment,Animal Science,4839
*,Richmond,*,*,Endowment,Animal Science,21861,,*,Richmond,*,University Annual Fund,Endowment,Animal Science,1858
*,Richmond,*,*,Endowment,Chemistry,18213,,*,Richmond,*,Faculty Chair Endowments,Endowment,Chemistry,1624
*,Richmond,*,*,Endowment,Chemistry,18213,,*,Richmond,*,University Annual Fund,Endowment,Chemistry,2965
*,Richmond,*,*,Endowment,Engineering-No Major,5216,,*,Richmond,*,Trustees Fund,Endowment,Engineering-No Major,1434
*,Richmond,*,*,Endowment,Food Science,7612,,*,Richmond,*,University Annual Fund,Endowment,Food Science,530
*,Richmond,*,*,Endowment,Global Studies in the Arts and Humanities,4395,,*,Richmond,*,Trustees Fund,Endowment,Global Studies in the Arts and Humanities,361
*,Richmond,*,*,Endowment,Materials Science and Engineering,7349,,*,Richmond,*,University Annual Fund,Endowment,Materials Science and Engineering,126
*,Richmond,*,*,Scholarship,Agribusiness Management,4984,,*,Richmond,*,College of Natural Science,Scholarship,Agribusiness Management,1022
*,Richmond,*,*,Scholarship,Biochemistry and Molecular Biology,9948,,*,Richmond,*,College of Social Science,Scholarship,Biochemistry and Molecular Biology,473
*,Richmond,*,*,Scholarship,Geography,10114,,*,Richmond,*,College of Agriculture and Natural Resources,Scholarship,Geography,1198
*,Richmond,*,*,Scholarship,Global Studies in the Arts and Humanities,2079,,*,Richmond,*,College of Communication Arts and Sciences,Scholarship,Global Studies in the Arts and Humanities,361
*,Richmond,*,*,Scholarship,Humanities-Prelaw,16478,,*,Richmond,*,College of Agriculture and Natural Resources,Scholarship,Humanities-Prelaw,4684
*,Richmond,*,*,Scholarship,Humanities-Prelaw,16478,,*,Richmond,*,College of Arts and Sciences,Scholarship,Humanities-Prelaw,4684
*,Rochester,*,*,Endowment,Humanities-Prelaw,18826,,*,Rochester,*,University Annual Fund,Endowment,Humanities-Prelaw,3496
*,Sacramento,*,*,Endowment,Kinesiology,11205,,*,Sacramento,*,Diversity Fund,Endowment,Kinesiology,1758
*,Salt Lake City,*,*,Scholarship,Interior Design,43797,,*,Salt Lake City,*,College of Education,Scholarship,Interior Design,11470
*,Salt Lake City,*,*,Scholarship,Kinesiology,11223,,*,Salt Lake City,*,Minority Scholarship Fund,Scholarship,Kinesiology,1887
*,San Antonio,*,*,Scholarship,English,11918,,*,San Antonio,*,College of Arts and Sciences,Scholarship,English,3903
*,San Antonio,*,*,Scholarship,General Management,12866,,*,San Antonio,*,College of Political Science,Scholarship,General Management,4123
*,San Diego,*,*,Endowment,Composition,29060,,*,San Diego,*,Trustees Fund,Endowment,Composition,3596
*,San Diego,*,*,Scholarship,Arabic,5629,,*,San Diego,*,College of Social Science,Scholarship,Arabic,681
*,San Diego,*,*,Scholarship,Environmental Biology/Plant Biol,9816,,*,San Diego,*,College of Communication Arts and Sciences,Scholarship,Environmental Biology/Plant Biol,685
*,San Francisco,*,*,Campus Resource,Art History and Visual Culture,14562,,*,San Francisco,*,University Libraries,Campus Resource,Art History and Visual Culture,2779
*,San Francisco,*,*,Campus Resource,Biochemistry and Molecular Biology/Biotechnology,13070,,*,San Francisco,*,Campus Recreation,Campus Resource,Biochemistry and Molecular Biology/Biotechnology,3847
*,San Francisco,*,*,Campus Resource,Geographic Information Science,10176,,*,San Francisco,*,Honors Program,Campus Resource,Geographic Information Science,2245
*,San Francisco,*,*,Campus Resource,Human Biology,25557,,*,San Francisco,*,Alumni Association,Campus Resource,Human Biology,8333
*,San Francisco,*,*,Campus Resource,Human Biology,25557,,*,San Francisco,*,Campus Recreation,Campus Resource,Human Biology,8078
*,San Francisco,*,*,Campus Resource,Social Relations and Policy,9414,,*,San Francisco,*,Athletics,Campus Resource,Social Relations and Policy,1824
*,San Francisco,*,*,Campus Resource,Zoology,14552,,*,San Francisco,*,Athletics,Campus Resource,Zoology,4788
*,San Francisco,*,*,Endowment,Animal Science,30842,,*,San Francisco,*,Diversity Fund,Endowment,Animal Science,4638
*,San Francisco,*,*,Endowment,Art History and Visual Culture,24188,,*,San Francisco,*,Trustees Fund,Endowment,Art History and Visual Culture,5657
*,San Francisco,*,*,Endowment,Art History and Visual Culture,24188,,*,San Francisco,*,University Annual Fund,Endowment,Art History and Visual Culture,5239
*,San Francisco,*,*,Endowment,Computer Science,40242,,*,San Francisco,*,Diversity Fund,Endowment,Computer Science,7776
*,San Francisco,*,*,Endowment,Computer Science,40242,,*,San Francisco,*,Faculty Chair Endowments,Endowment,Computer Science,8670
*,San Francisco,*,*,Endowment,Political Theory and Constitutional Democracy,19751,,*,San Francisco,*,Faculty Chair Endowments,Endowment,Political Theory and Constitutional Democracy,5165
*,San Francisco,*,*,Endowment,Women's and Gender Studies,10488,,*,San Francisco,*,Trustees Fund,Endowment,Women's and Gender Studies,3057
*,San Francisco,*,*,Scholarship,Finance,15363,,*,San Francisco,*,In-State Scholarship Fund,Scholarship,Finance,3818
*,San Francisco,*,*,Scholarship,Geography,12454,,*,San Francisco,*,College of Social Science,Scholarship,Geography,1449
*,San Francisco,*,*,Scholarship,Kinesiology,46954,,*,San Francisco,*,College of Agriculture and Natural Resources,Scholarship,Kinesiology,4839
*,San Francisco,*,*,Scholarship,Political Science-Prelaw,8996,,*,San Francisco,*,College of Social Science,Scholarship,Political Science-Prelaw,572
*,San Francisco,*,*,Scholarship,Political Theory and Constitutional Democracy,10881,,*,San Francisco,*,College of Veterinary Medicine,Scholarship,Political Theory and Constitutional Democracy,903
*,Savannah,*,*,Endowment,Earth Science Interdepartmental,21949,,*,Savannah,*,University Annual Fund,Endowment,Earth Science Interdepartmental,3281
*,Savannah,*,*,Scholarship,Human Biology,11976,,*,Savannah,*,College of Social Science,Scholarship,Human Biology,3180
*,Scottsdale,*,*,Scholarship,Special Education-Learning Disabilities,12052,,*,Scottsdale,*,In-State Scholarship Fund,Scholarship,Special Education-Learning Disabilities,692
*,Seattle,*,*,Campus Resource,Education,3150,,*,Seattle,*,Parents Association,Campus Resource,Education,254
*,Seattle,*,*,Endowment,Agriculture and Natural Resources-No Preference,8511,,*,Seattle,*,Faculty Chair Endowments,Endowment,Agriculture and Natural Resources-No Preference,1655
*,Seattle,*,*,Endowment,Biomedical Laboratory Science,26400,,*,Seattle,*,Diversity Fund,Endowment,Biomedical Laboratory Science,6379
*,Seattle,*,*,Scholarship,Apparel and Textile Design,10435,,*,Seattle,*,College of Music,Scholarship,Apparel and Textile Design,1743
*,Seattle,*,*,Scholarship,Food Industry Management,23132,,*,Seattle,*,College of Music,Scholarship,Food Industry Management,6205
*,Seattle,*,*,Scholarship,Food Industry Management,23132,,*,Seattle,*,College of Nursing,Scholarship,Food Industry Management,6205
*,Seattle,*,*,Scholarship,Japanese,15507,,*,Seattle,*,College of Arts and Sciences,Scholarship,Japanese,5165
*,Spokane,*,*,Campus Resource,Predental,23331,,*,Spokane,*,Parents Association,Campus Resource,Predental,7188
*,St. Louis,*,*,Campus Resource,Media and Information,9608,,*,St. Louis,*,Campus Museums,Campus Resource,Media and Information,149
*,St. Louis,*,*,Campus Resource,Media and Information,9608,,*,St. Louis,*,Campus Recreation,Campus Resource,Media and Information,267
*,St. Louis,*,*,Endowment,Human Biology,12590,,*,St. Louis,*,Diversity Fund,Endowment,Human Biology,2873
*,St. Louis,*,*,Scholarship,Agribusiness Management,1729,,*,St. Louis,*,College of Social Science,Scholarship,Agribusiness Management,345
*,St. Louis,*,*,Scholarship,Education,23429,,*,St. Louis,*,College of Social Science,Scholarship,Education,6148
*,St. Louis,*,*,Scholarship,Human Biology,14966,,*,St. Louis,*,College of Arts and Sciences,Scholarship,Human Biology,4976
*,St. Louis,*,*,Scholarship,Human Biology,14966,,*,St. Louis,*,College of Business,Scholarship,Human Biology,4266
*,Syracuse,*,*,Scholarship,Mathematics,31916,,*,Syracuse,*,College of Arts and Sciences,Scholarship,Mathematics,3896
*,Syracuse,*,*,Scholarship,Mathematics,31916,,*,Syracuse,*,College of Music,Scholarship,Mathematics,9370
*,Syracuse,*,*,Scholarship,Mathematics,31916,,*,Syracuse,*,In-State Scholarship Fund,Scholarship,Mathematics,5656
*,Syracuse,*,*,Scholarship,Mathematics,31916,,*,Syracuse,*,Minority Scholarship Fund,Scholarship,Mathematics,1812
*,Tallahassee,*,*,Endowment,Art History and Visual Culture,12379,,*,Tallahassee,*,Diversity Fund,Endowment,Art History and Visual Culture,3392
*,Tallahassee,*,*,Endowment,Environmental Economics and Policy,11873,,*,Tallahassee,*,Trustees Fund,Endowment,Environmental Economics and Policy,1965
*,Tallahassee,*,*,Scholarship,Environmental Economics and Policy,11873,,*,Tallahassee,*,College of Veterinary Medicine,Scholarship,Environmental Economics and Policy,1965
*,Tallahassee,*,*,Scholarship,Mathematics  Advanced,20298,,*,Tallahassee,*,In-State Scholarship Fund,Scholarship,Mathematics  Advanced,5898
*,Tallahassee,*,*,Scholarship,Neuroscience,6572,,*,Tallahassee,*,College of Social Science,Scholarship,Neuroscience,794
*,Tallahassee,*,*,Scholarship,Neuroscience,6572,,*,Tallahassee,*,In-State Scholarship Fund,Scholarship,Neuroscience,794
*,Tucson,*,*,Scholarship,German,9985,,*,Tucson,*,College of Social Science,Scholarship,German,794
*,Washington,*,*,Campus Resource,Biochemistry and Molecular Biology/Biotechnology,5040,,*,Washington,*,Campus Recreation,Campus Resource,Biochemistry and Molecular Biology/Biotechnology,530
*,Washington,*,*,Endowment,Psychology,26265,,*,Washington,*,Faculty Chair Endowments,Endowment,Psychology,6567
*,Washington,*,*,Scholarship,Agriculture and Natural Resources-No Preference,12234,,*,Washington,*,College of Business,Scholarship,Agriculture and Natural Resources-No Preference,1587
*,Washington,*,*,Scholarship,Agriculture and Natural Resources-No Preference,12234,,*,Washington,*,In-State Scholarship Fund,Scholarship,Agriculture and Natural Resources-No Preference,1567
*,Washington,*,*,Scholarship,Mechanical Engineering,12796,,*,Washington,*,College of Engineering,Scholarship,Mechanical Engineering,2476
*,Washington,*,*,Scholarship,Packaging,16419,,*,Washington,*,College of Nursing,Scholarship,Packaging,1763
*,Washington,*,*,Scholarship,Summer Research Program,23256,,*,Washington,*,College of Music,Scholarship,Summer Research Program,5240
*,Washington,*,*,Scholarship,Summer Research Program,23256,,*,Washington,*,In-State Scholarship Fund,Scholarship,Summer Research Program,431
*,West Valley City,*,*,Endowment,Political Theory and Constitutional Democracy,12761,,*,West Valley City,*,Diversity Fund,Endowment,Political Theory and Constitutional Democracy,3629
*,West Valley City,*,*,Endowment,Psychology,17099,,*,West Valley City,*,Diversity Fund,Endowment,Psychology,2022
*,Wichita,*,*,Campus Resource,Plant Biology,13117,,*,Wichita,*,Campus Recreation,Campus Resource,Plant Biology,4240
*,Wichita,*,*,Endowment,Chemical Physics,6264,,*,Wichita,*,University Annual Fund,Endowment,Chemical Physics,299
*,Wichita,*,*,Endowment,Finance,7067,,*,Wichita,*,Diversity Fund,Endowment,Finance,1349
*,Wichita,*,*,Endowment,Nursing,11259,,*,Wichita,*,Trustees Fund,Endowment,Nursing,2731
*,Wichita,*,*,Scholarship,Chemical Physics,17945,,*,Wichita,*,College of Social Science,Scholarship,Chemical Physics,3691
