*,*,*,*,*,*,24672757.0,,*,*,College of Agriculture and Natural Resources,*,*,*,3433165.0
*,*,*,*,*,*,24672757.0,,*,*,College of Arts and Sciences,*,*,*,4720312.5
*,*,*,*,*,*,24672757.0,,*,*,College of Business,*,*,*,1400505.0
*,*,*,*,*,*,24672757.0,,*,*,College of Communication Arts and Sciences,*,*,*,577251.0
*,*,*,*,*,*,24672757.0,,*,*,College of Education,*,*,*,850369.5
*,*,*,*,*,*,24672757.0,,*,*,College of Engineering,*,*,*,1997955.0
*,*,*,*,*,*,24672757.0,,*,*,College of Music,*,*,*,1066590.5
*,*,*,*,*,*,24672757.0,,*,*,College of Natural Science,*,*,*,5136971.5
*,*,*,*,*,*,24672757.0,,*,*,College of Nursing,*,*,*,617842.0
*,*,*,*,*,*,24672757.0,,*,*,College of Political Science,*,*,*,934760.5
*,*,*,*,*,*,24672757.0,,*,*,College of Social Science,*,*,*,3694436.5
*,*,*,*,*,*,24672757.0,,*,*,College of Veterinary Medicine,*,*,*,242598.0
