AZ,*,College of Political Science,University Annual Fund,Endowment,Social Relations and Policy,6223,,AZ,Phoenix,College of Political Science,University Annual Fund,Endowment,Social Relations and Policy,41
AZ,*,College of Social Science,College of Arts and Sciences,Scholarship,Political Science,10314,,AZ,Phoenix,College of Social Science,College of Arts and Sciences,Scholarship,Political Science,1467
CA,*,College of Agriculture and Natural Resources,Athletics,Campus Resource,Natural Resource Recreation and Tourism,27006,,CA,San Francisco,College of Agriculture and Natural Resources,Athletics,Campus Resource,Natural Resource Recreation and Tourism,6032
CA,*,College of Natural Science,College of Arts and Sciences,Scholarship,Interdisciplinary Humanities,23386,,CA,Los Angeles,College of Natural Science,College of Arts and Sciences,Scholarship,Interdisciplinary Humanities,6377
CA,*,College of Natural Science,College of Arts and Sciences,Scholarship,Interdisciplinary Humanities,23386,,CA,San Francisco,College of Natural Science,College of Arts and Sciences,Scholarship,Interdisciplinary Humanities,4510
CA,*,University Annual Fund,College of Arts and Sciences,Endowment,German,10173,,CA,Los Angeles,University Annual Fund,College of Arts and Sciences,Endowment,German,2329
CA,*,College of Communication Arts and Sciences,College of Communication Arts and Sciences,Scholarship,Media and Information,9012,,CA,San Francisco,College of Communication Arts and Sciences,College of Social Science,Scholarship,Media and Information,2307
CA,*,College of Education,College of Agriculture and Natural Resources,Scholarship,Kinesiology,5489,,CA,Sacramento,College of Education,College of Agriculture and Natural Resources,Scholarship,Kinesiology,650
CA,*,College of Education,College of Education,Scholarship,Kinesiology,24932,,CA,Sacramento,College of Education,College of Agriculture and Natural Resources,Scholarship,Kinesiology,650
CA,*,College of Education,College of Education,Scholarship,Kinesiology,24932,,CA,San Francisco,College of Education,College of Agriculture and Natural Resources,Scholarship,Kinesiology,4839
CA,*,College of Natural Science,College of Natural Science,Scholarship,Biological Science Interdepartmental,3549,,CA,Los Angeles,College of Natural Science,College of Business,Scholarship,Biological Science Interdepartmental,998
CA,*,College of Natural Science,College of Natural Science,Scholarship,Environmental Biology/Plant Biol,9131,,CA,San Diego,College of Natural Science,College of Communication Arts and Sciences,Scholarship,Environmental Biology/Plant Biol,685
CA,*,College of Natural Science,College of Natural Science,Scholarship,Physical Science Interdepartmental,3732,,CA,Los Angeles,College of Natural Science,College of Engineering,Scholarship,Physical Science Interdepartmental,600
CA,*,Diversity Fund,College of Natural Science,Endowment,Biomedical Laboratory Science,11413,,CA,San Diego,Diversity Fund,College of Natural Science,Endowment,Biomedical Laboratory Science,2544
CA,*,Honors Program,College of Natural Science,Campus Resource,Preoptometry,25231,,CA,San Diego,Honors Program,College of Natural Science,Campus Resource,Preoptometry,5223
CA,*,University Annual Fund,College of Natural Science,Endowment,Physical Science Interdepartmental,7737,,CA,Los Angeles,University Annual Fund,College of Natural Science,Endowment,Physical Science Interdepartmental,2512
CA,*,University Libraries,College of Natural Science,Campus Resource,Biochemistry and Molecular Biology/Biotechnology,12102,,CA,Los Angeles,University Libraries,College of Natural Science,Campus Resource,Biochemistry and Molecular Biology/Biotechnology,2879
CA,*,College of Nursing,Diversity Fund,Endowment,Summer Research Program,3847,,CA,Los Angeles,College of Nursing,Diversity Fund,Endowment,Summer Research Program,584
CA,*,College of Political Science,Faculty Chair Endowments,Endowment,College of Political Science,8700,,CA,Fresno,College of Political Science,Faculty Chair Endowments,Endowment,Political Theory and Constitutional Democracy,158
CA,*,College of Social Science,College of Natural Science,Scholarship,Geography,7086,,CA,San Diego,College of Social Science,College of Natural Science,Scholarship,Geography,531
CA,*,College of Veterinary Medicine,Diversity Fund,Endowment,Preveterinary,8719,,CA,San Francisco,College of Veterinary Medicine,Diversity Fund,Endowment,Preveterinary,2268
FL,*,Minority Scholarship Fund,College of Agriculture and Natural Resources,Scholarship,Construction Management,13026,,FL,Jacksonville,Minority Scholarship Fund,College of Agriculture and Natural Resources,Scholarship,Construction Management,2553
FL,*,Trustees Fund,College of Agriculture and Natural Resources,Endowment,Construction Management,11114,,FL,Jacksonville,Trustees Fund,College of Agriculture and Natural Resources,Endowment,Construction Management,2553
FL,*,College of Communication Arts and Sciences,Trustees Fund,Endowment,Media and Information,20481,,FL,Miami,College of Communication Arts and Sciences,Trustees Fund,Endowment,Media and Information,4618
FL,*,College of Social Science,College of Natural Science,Scholarship,Neuroscience,9996,,FL,Tallahassee,College of Social Science,College of Natural Science,Scholarship,Neuroscience,794
FL,*,College of Political Science,College of Political Science,Scholarship,Political Theory and Constitutional Democracy,7895,,FL,Jacksonville,College of Political Science,College of Agriculture and Natural Resources,Scholarship,Political Theory and Constitutional Democracy,2265
FL,*,College of Social Science,College of Arts and Sciences,Scholarship,Psychology,13956,,FL,Tallahassee,College of Social Science,College of Arts and Sciences,Scholarship,Psychology,4048
IL,*,College of Arts and Sciences,College of Arts and Sciences,Scholarship,Interdisciplinary Humanities,8053,,IL,Chicago,College of Arts and Sciences,College of Agriculture and Natural Resources,Scholarship,Interdisciplinary Humanities,960
IL,*,College of Engineering,Trustees Fund,Endowment,Applied Engineering Sciences,11911,,IL,Chicago,College of Engineering,Trustees Fund,Endowment,Applied Engineering Sciences,2422
NC,*,College of Engineering,Trustees Fund,Endowment,Materials Science and Engineering,6466,,NC,Charlotte,College of Engineering,Trustees Fund,Endowment,Materials Science and Engineering,103
NY,*,College of Political Science,College of Social Science,Scholarship,College of Political Science,8924,,NY,New York,College of Political Science,College of Social Science,Scholarship,Social Relations and Policy,2921
OH,*,Faculty Chair Endowments,College of Arts and Sciences,Endowment,Interdisciplinary Humanities,9256,,OH,Cincinnati,Faculty Chair Endowments,College of Arts and Sciences,Endowment,Interdisciplinary Humanities,1328
OK,*,College of Business,College of Business,Scholarship,Marketing,8182,,OK,Oklahoma City,College of Business,College of Arts and Sciences,Scholarship,Marketing,862
OR,*,College of Political Science,University Annual Fund,Endowment,Social Relations and Policy,14168,,OR,Salem,College of Political Science,University Annual Fund,Endowment,Social Relations and Policy,4340
PA,*,College of Education,Faculty Chair Endowments,Endowment,Education,12658,,PA,Philadelphia,College of Education,Faculty Chair Endowments,Endowment,Education,3135
SC,*,College of Natural Science,College of Natural Science,Scholarship,Biochemistry and Molecular Biology/Biotechnology,9094,,SC,Charleston,College of Natural Science,College of Arts and Sciences,Scholarship,Biochemistry and Molecular Biology/Biotechnology,2960
SC,*,Faculty Chair Endowments,College of Social Science,Endowment,Criminal Justice,11985,,SC,Columbia,Faculty Chair Endowments,College of Social Science,Endowment,Criminal Justice,2022
TX,*,College of Arts and Sciences,College of Agriculture and Natural Resources,Scholarship,German,21360,,TX,Dallas,College of Arts and Sciences,College of Agriculture and Natural Resources,Scholarship,German,5114
TX,*,University Annual Fund,College of Arts and Sciences,Endowment,Studio Art,10449,,TX,Dallas,University Annual Fund,College of Arts and Sciences,Endowment,Studio Art,2147
TX,*,Parents Association,College of Natural Science,Campus Resource,Neuroscience,11465,,TX,Dallas,Parents Association,College of Natural Science,Campus Resource,Neuroscience,2031
TX,*,College of Political Science,College of Natural Science,Scholarship,College of Political Science,15309,,TX,El Paso,College of Political Science,College of Natural Science,Scholarship,Biochemistry and Molecular Biology/Biotechnology,724
TX,*,College of Political Science,College of Natural Science,Scholarship,College of Political Science,15309,,TX,Houston,College of Political Science,College of Natural Science,Scholarship,Astrophysics,1960
TX,*,University Annual Fund,College of Social Science,Endowment,History,8664,,TX,Dallas,University Annual Fund,College of Social Science,Endowment,History,1495
TX,*,University Libraries,College of Social Science,Campus Resource,Interdisciplinary Studies in Social Science,20962,,TX,Dallas,University Libraries,College of Social Science,Campus Resource,Interdisciplinary Studies in Social Science,5740
WA,*,Parents Association,College of Natural Science,Campus Resource,Predental,9834,,WA,Seattle,Parents Association,College of Natural Science,Campus Resource,Predental,2646
WA,*,College of Social Science,College of Arts and Sciences,Scholarship,Social Work,37302,,WA,Seattle,College of Social Science,College of Arts and Sciences,Scholarship,Social Work,8394
