*,Albuquerque,*,*,*,Journalism,20690,,*,Albuquerque,*,*,Campus Resource,Journalism,2646
*,Alexandria,*,*,*,Arabic,32793,,*,Alexandria,*,*,Scholarship,Arabic,10212
*,Alexandria,*,*,*,Athletic Training,6706,,*,Alexandria,*,*,Scholarship,Athletic Training,543
*,Alexandria,*,*,*,Computational Mathematics,12613,,*,Alexandria,*,*,Scholarship,Computational Mathematics,3281
*,Alexandria,*,*,*,Mechanical Engineering,9660,,*,Alexandria,*,*,Scholarship,Mechanical Engineering,91
*,Alexandria,*,*,*,Political Theory and Constitutional Democracy,21078,,*,Alexandria,*,*,Campus Resource,Political Theory and Constitutional Democracy,4343
*,Alexandria,*,*,*,Prenursing,10199,,*,Alexandria,*,*,Endowment,Prenursing,2002
*,Alexandria,*,*,*,Prenursing,10199,,*,Alexandria,*,*,Scholarship,Prenursing,2002
*,Alexandria,*,*,*,Professional Writing,25628,,*,Alexandria,*,*,Campus Resource,Professional Writing,2525
*,Amarillo,*,*,*,German,39991,,*,Amarillo,*,*,Campus Resource,German,5085
*,Anaheim,*,*,*,Neuroscience,35972,,*,Anaheim,*,*,Endowment,Neuroscience,9874
*,Anaheim,*,*,*,Professional Writing,10875,,*,Anaheim,*,*,Campus Resource,Professional Writing,1122
*,Anaheim,*,*,*,Supply Chain Management,18005,,*,Anaheim,*,*,Campus Resource,Supply Chain Management,3145
*,Anaheim,*,*,*,Supply Chain Management,18005,,*,Anaheim,*,*,Scholarship,Supply Chain Management,2045
*,Atlanta,*,*,*,Agribusiness Management,10948,,*,Atlanta,*,*,Campus Resource,Agribusiness Management,3281
*,Atlanta,*,*,*,College of Political Science,15512,,*,Atlanta,*,*,Campus Resource,College of Political Science,4709
*,Atlanta,*,*,*,Finance,5641,,*,Atlanta,*,*,Endowment,Finance,883
*,Atlanta,*,*,*,Mathematics,36016,,*,Atlanta,*,*,Scholarship,Mathematics,11170
*,Austin,*,*,*,Applied Engineering Sciences,15190,,*,Austin,*,*,Endowment,Applied Engineering Sciences,4391
*,Austin,*,*,*,Biochemistry and Molecular Biology,81214,,*,Austin,*,*,Campus Resource,Biochemistry and Molecular Biology,24261
*,Austin,*,*,*,Biochemistry and Molecular Biology,81214,,*,Austin,*,*,Scholarship,Biochemistry and Molecular Biology,22141
*,Austin,*,*,*,Environmental Geosciences,8610,,*,Austin,*,*,Scholarship,Environmental Geosciences,2489
*,Austin,*,*,*,Fisheries and Wildlife,42319,,*,Austin,*,*,Campus Resource,Fisheries and Wildlife,11877
*,Austin,*,*,*,Fisheries and Wildlife,42319,,*,Austin,*,*,Endowment,Fisheries and Wildlife,6979
*,Austin,*,*,*,Interdisciplinary Studies in Social Science,32143,,*,Austin,*,*,Campus Resource,Interdisciplinary Studies in Social Science,7970
*,Baton Rouge,*,*,*,Interior Design,28424,,*,Baton Rouge,*,*,Endowment,Interior Design,5578
*,Baton Rouge,*,*,*,Supply Chain Management,32762,,*,Baton Rouge,*,*,Campus Resource,Supply Chain Management,7243
*,Baton Rouge,*,*,*,Supply Chain Management,32762,,*,Baton Rouge,*,*,Scholarship,Supply Chain Management,2414
*,Baton Rouge,*,*,*,Zoology,12092,,*,Baton Rouge,*,*,Scholarship,Zoology,3095
*,Birmingham,*,*,*,Anthropology,29731,,*,Birmingham,*,*,Scholarship,Anthropology,8744
*,Birmingham,*,*,*,Apparel and Textile Design,16157,,*,Birmingham,*,*,Campus Resource,Apparel and Textile Design,5163
*,Birmingham,*,*,*,Apparel and Textile Design,16157,,*,Birmingham,*,*,Scholarship,Apparel and Textile Design,4777
*,Birmingham,*,*,*,Art History and Visual Culture,44642,,*,Birmingham,*,*,Endowment,Art History and Visual Culture,12342
*,Birmingham,*,*,*,Art History and Visual Culture,44642,,*,Birmingham,*,*,Scholarship,Art History and Visual Culture,13914
*,Birmingham,*,*,*,College of Political Science,10675,,*,Birmingham,*,*,Endowment,College of Political Science,1433
*,Boston,*,*,*,Accounting,23146,,*,Boston,*,*,Campus Resource,Accounting,6493
*,Boston,*,*,*,Biomedical Laboratory Science,10550,,*,Boston,*,*,Campus Resource,Biomedical Laboratory Science,701
*,Boston,*,*,*,Economics,4556,,*,Boston,*,*,Scholarship,Economics,292
*,Boston,*,*,*,Horticulture,32206,,*,Boston,*,*,Campus Resource,Horticulture,208
*,Boston,*,*,*,Jazz Studies,31977,,*,Boston,*,*,Campus Resource,Jazz Studies,8726
*,Boston,*,*,*,Jazz Studies,31977,,*,Boston,*,*,Endowment,Jazz Studies,8527
*,Boston,*,*,*,Nutritional Sciences,37784,,*,Boston,*,*,Campus Resource,Nutritional Sciences,7547
*,Casper,*,*,*,Studio Art,36999,,*,Casper,*,*,Campus Resource,Studio Art,9411
*,Charleston,*,*,*,Biochemistry and Molecular Biology/Biotechnology,17240,,*,Charleston,*,*,Campus Resource,Biochemistry and Molecular Biology/Biotechnology,5186
*,Charlotte,*,*,*,Composition,17753,,*,Charlotte,*,*,Endowment,Composition,2585
*,Charlotte,*,*,*,Spanish,14378,,*,Charlotte,*,*,Campus Resource,Spanish,3423
*,Charlotte,*,*,*,Special Education-Learning Disabilities,24285,,*,Charlotte,*,*,Scholarship,Special Education-Learning Disabilities,274
*,Chicago,*,*,*,Apparel and Textiles,31610,,*,Chicago,*,*,Endowment,Apparel and Textiles,5874
*,Chicago,*,*,*,Apparel and Textiles,31610,,*,Chicago,*,*,Scholarship,Apparel and Textiles,8196
*,Chicago,*,*,*,Art Education,9934,,*,Chicago,*,*,Scholarship,Art Education,697
*,Chicago,*,*,*,Biochemistry and Molecular Biology/Biotechnology,13038,,*,Chicago,*,*,Scholarship,Biochemistry and Molecular Biology/Biotechnology,3600
*,Chicago,*,*,*,Composition,22107,,*,Chicago,*,*,Campus Resource,Composition,640
*,Chicago,*,*,*,Composition,22107,,*,Chicago,*,*,Scholarship,Composition,1574
*,Chicago,*,*,*,Computer Engineering,13045,,*,Chicago,*,*,Endowment,Computer Engineering,3414
*,Chicago,*,*,*,Computer Science,37714,,*,Chicago,*,*,Endowment,Computer Science,10020
*,Chicago,*,*,*,Computer Science,37714,,*,Chicago,*,*,Scholarship,Computer Science,11970
*,Chicago,*,*,*,Economics,23308,,*,Chicago,*,*,Endowment,Economics,7211
*,Chicago,*,*,*,Economics,23308,,*,Chicago,*,*,Scholarship,Economics,7211
*,Chicago,*,*,*,Engineering-No Major,461329,,*,Chicago,*,*,Scholarship,Engineering-No Major,5508
*,Chicago,*,*,*,Environmental Geosciences,2984,,*,Chicago,*,*,Scholarship,Environmental Geosciences,319
*,Chicago,*,*,*,Environmental Studies and Agriscience,21076,,*,Chicago,*,*,Endowment,Environmental Studies and Agriscience,6497
*,Chicago,*,*,*,Geographic Information Science,25913,,*,Chicago,*,*,Endowment,Geographic Information Science,189
*,Chicago,*,*,*,Geographic Information Science,25913,,*,Chicago,*,*,Scholarship,Geographic Information Science,5981
*,Chicago,*,*,*,Horticulture,9732,,*,Chicago,*,*,Campus Resource,Horticulture,1782
*,Chicago,*,*,*,Interdisciplinary Studies in Social Science,35295,,*,Chicago,*,*,Campus Resource,Interdisciplinary Studies in Social Science,7004
*,Chicago,*,*,*,Kinesiology,50528,,*,Chicago,*,*,Campus Resource,Kinesiology,16833
*,Chicago,*,*,*,Kinesiology,50528,,*,Chicago,*,*,Endowment,Kinesiology,11103
*,Chicago,*,*,*,Landscape Architecture,10228,,*,Chicago,*,*,Endowment,Landscape Architecture,2587
*,Chicago,*,*,*,Linguistics,33133,,*,Chicago,*,*,Scholarship,Linguistics,7316
*,Chicago,*,*,*,Marketing,36366,,*,Chicago,*,*,Campus Resource,Marketing,7938
*,Chicago,*,*,*,Music Performance,37102,,*,Chicago,*,*,Campus Resource,Music Performance,551
*,Chicago,*,*,*,Music Performance,37102,,*,Chicago,*,*,Endowment,Music Performance,9411
*,Chicago,*,*,*,Philosophy,12234,,*,Chicago,*,*,Scholarship,Philosophy,3336
*,Chicago,*,*,*,Urban and Regional Planning,18130,,*,Chicago,*,*,Endowment,Urban and Regional Planning,1384
*,Chicago,*,*,*,Women's and Gender Studies,10953,,*,Chicago,*,*,Scholarship,Women's and Gender Studies,2747
*,Cincinnati,*,*,*,Apparel and Textiles,31810,,*,Cincinnati,*,*,Endowment,Apparel and Textiles,3925
*,Cincinnati,*,*,*,Athletic Training,12661,,*,Cincinnati,*,*,Scholarship,Athletic Training,3029
*,Cincinnati,*,*,*,Composition,24041,,*,Cincinnati,*,*,Scholarship,Composition,6334
*,Cincinnati,*,*,*,Earth Science Interdepartmental,8683,,*,Cincinnati,*,*,Campus Resource,Earth Science Interdepartmental,91
*,Cincinnati,*,*,*,Environmental Biology/Zoology,15348,,*,Cincinnati,*,*,Endowment,Environmental Biology/Zoology,3240
*,Cincinnati,*,*,*,Geographic Information Science,31923,,*,Cincinnati,*,*,Campus Resource,Geographic Information Science,9521
*,Cincinnati,*,*,*,Geographic Information Science,31923,,*,Cincinnati,*,*,Endowment,Geographic Information Science,3255
*,Cincinnati,*,*,*,Global Studies in the Arts and Humanities,35012,,*,Cincinnati,*,*,Campus Resource,Global Studies in the Arts and Humanities,9909
*,Cincinnati,*,*,*,Global Studies in the Arts and Humanities,35012,,*,Cincinnati,*,*,Endowment,Global Studies in the Arts and Humanities,6997
*,Cincinnati,*,*,*,Interdisciplinary Studies in Social Science - Social Science Education,22256,,*,Cincinnati,*,*,Endowment,Interdisciplinary Studies in Social Science - Social Science Education,780
*,Cincinnati,*,*,*,Interior Design,11455,,*,Cincinnati,*,*,Scholarship,Interior Design,1532
*,Cincinnati,*,*,*,Natural Resource Recreation and Tourism,38004,,*,Cincinnati,*,*,Endowment,Natural Resource Recreation and Tourism,1737
*,Cincinnati,*,*,*,Political Science,51217,,*,Cincinnati,*,*,Scholarship,Political Science,12890
*,Cincinnati,*,*,*,Predental,17512,,*,Cincinnati,*,*,Endowment,Predental,2891
*,Cincinnati,*,*,*,Prenursing,21405,,*,Cincinnati,*,*,Campus Resource,Prenursing,363
*,Cincinnati,*,*,*,Prenursing,21405,,*,Cincinnati,*,*,Endowment,Prenursing,4090
*,Cincinnati,*,*,*,Preveterinary,59282,,*,Cincinnati,*,*,Campus Resource,Preveterinary,19275
*,Cincinnati,*,*,*,Preveterinary,59282,,*,Cincinnati,*,*,Scholarship,Preveterinary,13049
*,Cincinnati,*,*,*,Professional Writing,23617,,*,Cincinnati,*,*,Campus Resource,Professional Writing,3404
*,Cincinnati,*,*,*,Professional Writing,23617,,*,Cincinnati,*,*,Scholarship,Professional Writing,6158
*,Cincinnati,*,*,*,Public Policy,8779,,*,Cincinnati,*,*,Endowment,Public Policy,2402
*,Cincinnati,*,*,*,Theatre,43604,,*,Cincinnati,*,*,Campus Resource,Theatre,171
*,Cleveland,*,*,*,General Management,7147,,*,Cleveland,*,*,Scholarship,General Management,1001
*,Cleveland,*,*,*,Interdisciplinary Humanities,18994,,*,Cleveland,*,*,Scholarship,Interdisciplinary Humanities,1793
*,Colorado Springs,*,*,*,Agriculture and Natural Resources-No Preference,7825,,*,Colorado Springs,*,*,Endowment,Agriculture and Natural Resources-No Preference,1793
*,Colorado Springs,*,*,*,Education,9818,,*,Colorado Springs,*,*,Endowment,Education,850
*,Colorado Springs,*,*,*,History,19602,,*,Colorado Springs,*,*,Endowment,History,2468
*,Colorado Springs,*,*,*,Horticulture,32913,,*,Colorado Springs,*,*,Campus Resource,Horticulture,5074
*,Colorado Springs,*,*,*,Interdisciplinary Studies in Social Science,24970,,*,Colorado Springs,*,*,Scholarship,Interdisciplinary Studies in Social Science,2201
*,Colorado Springs,*,*,*,Zoology,57041,,*,Colorado Springs,*,*,Campus Resource,Zoology,15972
*,Colorado Springs,*,*,*,Zoology,57041,,*,Colorado Springs,*,*,Scholarship,Zoology,18251
*,Columbia,*,*,*,Apparel and Textile Design,28544,,*,Columbia,*,*,Campus Resource,Apparel and Textile Design,4356
*,Columbia,*,*,*,Apparel and Textile Design,28544,,*,Columbia,*,*,Endowment,Apparel and Textile Design,5724
*,Columbia,*,*,*,Criminal Justice,11034,,*,Columbia,*,*,Endowment,Criminal Justice,2022
*,Columbia,*,*,*,Sociology,17617,,*,Columbia,*,*,Scholarship,Sociology,5239
*,Columbia,*,*,*,Women's and Gender Studies,12247,,*,Columbia,*,*,Endowment,Women's and Gender Studies,3883
*,Dallas,*,*,*,Agriculture and Natural Resources-No Preference,30293,,*,Dallas,*,*,Campus Resource,Agriculture and Natural Resources-No Preference,4967
*,Dallas,*,*,*,Art Education,23054,,*,Dallas,*,*,Scholarship,Art Education,109
*,Dallas,*,*,*,Biochemistry and Molecular Biology,3029,,*,Dallas,*,*,Scholarship,Biochemistry and Molecular Biology,383
*,Dallas,*,*,*,College of Political Science,48843,,*,Dallas,*,*,Campus Resource,College of Political Science,11175
*,Dallas,*,*,*,College of Political Science,48843,,*,Dallas,*,*,Scholarship,College of Political Science,15309
*,Dallas,*,*,*,General Management,23588,,*,Dallas,*,*,Endowment,General Management,5811
*,Dallas,*,*,*,Geological Sciences,24778,,*,Dallas,*,*,Endowment,Geological Sciences,2919
*,Dallas,*,*,*,Horticulture,14751,,*,Dallas,*,*,Campus Resource,Horticulture,3912
*,Dallas,*,*,*,Horticulture,14751,,*,Dallas,*,*,Endowment,Horticulture,1321
*,Dallas,*,*,*,Interdisciplinary Studies in Social Science,25167,,*,Dallas,*,*,Campus Resource,Interdisciplinary Studies in Social Science,5740
*,Dallas,*,*,*,Neuroscience,26338,,*,Dallas,*,*,Campus Resource,Neuroscience,6440
*,Dallas,*,*,*,Neuroscience,26338,,*,Dallas,*,*,Scholarship,Neuroscience,5271
*,Dallas,*,*,*,Political Science-Prelaw,1805,,*,Dallas,*,*,Endowment,Political Science-Prelaw,427
*,Dallas,*,*,*,Preveterinary,30765,,*,Dallas,*,*,Campus Resource,Preveterinary,3411
*,Dallas,*,*,*,Preveterinary,30765,,*,Dallas,*,*,Endowment,Preveterinary,9945
*,Dallas,*,*,*,Studio Art,8874,,*,Dallas,*,*,Endowment,Studio Art,2147
*,Denver,*,*,*,Agribusiness Management,51708.0,,*,Denver,*,*,Endowment,Agribusiness Management,6886.5
*,Denver,*,*,*,Anthropology,32641.5,,*,Denver,*,*,Endowment,Anthropology,9916.5
*,Denver,*,*,*,Apparel and Textile Design,62467.5,,*,Denver,*,*,Scholarship,Apparel and Textile Design,15720
*,Denver,*,*,*,Arabic,118822.5,,*,Denver,*,*,Campus Resource,Arabic,23562
*,Denver,*,*,*,Art Education,115039.5,,*,Denver,*,*,Campus Resource,Art Education,21687
*,Denver,*,*,*,Art History and Visual Culture,39556.5,,*,Denver,*,*,Scholarship,Art History and Visual Culture,12073.5
*,Denver,*,*,*,Biochemistry and Molecular Biology/Biotechnology,11310,,*,Denver,*,*,Scholarship,Biochemistry and Molecular Biology/Biotechnology,1329
*,Denver,*,*,*,Chemical Physics,35281.5,,*,Denver,*,*,Campus Resource,Chemical Physics,11058
*,Denver,*,*,*,Chemical Physics,35281.5,,*,Denver,*,*,Scholarship,Chemical Physics,6078.0
*,Denver,*,*,*,Composition,137493.0,,*,Denver,*,*,Campus Resource,Composition,14367
*,Denver,*,*,*,Computer Science,23257.5,,*,Denver,*,*,Campus Resource,Computer Science,7546.5
*,Denver,*,*,*,Construction Management,51630.0,,*,Denver,*,*,Endowment,Construction Management,9574.5
*,Denver,*,*,*,Criminal Justice,72856.5,,*,Denver,*,*,Endowment,Criminal Justice,21760.5
*,Denver,*,*,*,Criminal Justice,72856.5,,*,Denver,*,*,Scholarship,Criminal Justice,20058
*,Denver,*,*,*,Earth Science Interdepartmental,44632.5,,*,Denver,*,*,Scholarship,Earth Science Interdepartmental,7552.5
*,Denver,*,*,*,Education,32622.0,,*,Denver,*,*,Campus Resource,Education,4717.5
*,Denver,*,*,*,Environmental Biology/Zoology,25057.5,,*,Denver,*,*,Endowment,Environmental Biology/Zoology,5281.5
*,Denver,*,*,*,Environmental Economics and Policy,24801.0,,*,Denver,*,*,Scholarship,Environmental Economics and Policy,2635.5
*,Denver,*,*,*,Experience Architecture,41410.5,,*,Denver,*,*,Endowment,Experience Architecture,12997.5
*,Denver,*,*,*,Experience Architecture,41410.5,,*,Denver,*,*,Scholarship,Experience Architecture,3618
*,Denver,*,*,*,Fisheries and Wildlife,28017.0,,*,Denver,*,*,Campus Resource,Fisheries and Wildlife,4738.5
*,Denver,*,*,*,Fisheries and Wildlife,28017.0,,*,Denver,*,*,Endowment,Fisheries and Wildlife,9121.5
*,Denver,*,*,*,Food Industry Management,89709.0,,*,Denver,*,*,Endowment,Food Industry Management,28338
*,Denver,*,*,*,Food Science,29055.0,,*,Denver,*,*,Campus Resource,Food Science,7138.5
*,Denver,*,*,*,Humanities-Prelaw,21828.0,,*,Denver,*,*,Campus Resource,Humanities-Prelaw,5980.5
*,Denver,*,*,*,Interdisciplinary Studies in Social Science,11227.5,,*,Denver,*,*,Scholarship,Interdisciplinary Studies in Social Science,1470
*,Denver,*,*,*,Interdisciplinary Studies in Social Science - Social Science Education,13345.5,,*,Denver,*,*,Campus Resource,Interdisciplinary Studies in Social Science - Social Science Education,4381.5
*,Denver,*,*,*,Interdisciplinary Studies in Social Science - Social Science Education,13345.5,,*,Denver,*,*,Scholarship,Interdisciplinary Studies in Social Science - Social Science Education,4381.5
*,Denver,*,*,*,Interior Design,56070.0,,*,Denver,*,*,Endowment,Interior Design,5244
*,Denver,*,*,*,Japanese,18490.5,,*,Denver,*,*,Scholarship,Japanese,250.5
*,Denver,*,*,*,Journalism,2781,,*,Denver,*,*,Campus Resource,Journalism,696
*,Denver,*,*,*,Journalism,2781,,*,Denver,*,*,Endowment,Journalism,696
*,Denver,*,*,*,Kinesiology,29593.5,,*,Denver,*,*,Endowment,Kinesiology,7663.5
*,Denver,*,*,*,Materials Science and Engineering,25660.5,,*,Denver,*,*,Endowment,Materials Science and Engineering,5397
*,Denver,*,*,*,Mathematics  Advanced,30594.0,,*,Denver,*,*,Endowment,Mathematics  Advanced,1035.0
*,Denver,*,*,*,Mechanical Engineering,27031.5,,*,Denver,*,*,Campus Resource,Mechanical Engineering,5797.5
*,Denver,*,*,*,Music Performance,27436.5,,*,Denver,*,*,Scholarship,Music Performance,1476
*,Denver,*,*,*,Nursing,43762.5,,*,Denver,*,*,Campus Resource,Nursing,10065
*,Denver,*,*,*,Nursing,43762.5,,*,Denver,*,*,Scholarship,Nursing,7594.5
*,Denver,*,*,*,Nutritional Sciences,8361.0,,*,Denver,*,*,Endowment,Nutritional Sciences,2068.5
*,Denver,*,*,*,Psychology,17250.0,,*,Denver,*,*,Endowment,Psychology,3834
*,Denver,*,*,*,Public Policy,70369.5,,*,Denver,*,*,Campus Resource,Public Policy,14196
*,Denver,*,*,*,Russian,9795,,*,Denver,*,*,Scholarship,Russian,2145
*,Denver,*,*,*,Sociology,36742.5,,*,Denver,*,*,Campus Resource,Sociology,9984
*,Denver,*,*,*,Sociology,36742.5,,*,Denver,*,*,Endowment,Sociology,280.5
*,Denver,*,*,*,Spanish,38637.0,,*,Denver,*,*,Campus Resource,Spanish,11460
*,Denver,*,*,*,Special Education-Learning Disabilities,91764.0,,*,Denver,*,*,Campus Resource,Special Education-Learning Disabilities,14746.5
*,Denver,*,*,*,Studio Art,43734.0,,*,Denver,*,*,Campus Resource,Studio Art,9199.5
*,Denver,*,*,*,Studio Art,43734.0,,*,Denver,*,*,Scholarship,Studio Art,13590
*,Denver,*,*,*,Summer Research Program,33637.5,,*,Denver,*,*,Scholarship,Summer Research Program,10816.5
*,Denver,*,*,*,Urban and Regional Planning,62236.5,,*,Denver,*,*,Campus Resource,Urban and Regional Planning,6121.5
*,Denver,*,*,*,Urban and Regional Planning,62236.5,,*,Denver,*,*,Endowment,Urban and Regional Planning,4444.5
*,Denver,*,*,*,World Politics,53311.5,,*,Denver,*,*,Campus Resource,World Politics,12645
*,Denver,*,*,*,World Politics,53311.5,,*,Denver,*,*,Endowment,World Politics,13498.5
*,Des Moines,*,*,*,History,8904,,*,Des Moines,*,*,Scholarship,History,1532
*,Des Moines,*,*,*,Summer Research Program,7509,,*,Des Moines,*,*,Endowment,Summer Research Program,383
*,Detroit,*,*,*,College of Political Science,15872,,*,Detroit,*,*,Endowment,College of Political Science,3057
*,Detroit,*,*,*,College of Political Science,15872,,*,Detroit,*,*,Scholarship,College of Political Science,2226
*,Detroit,*,*,*,Composition,11176,,*,Detroit,*,*,Scholarship,Composition,1437
*,Detroit,*,*,*,Entomology,14712,,*,Detroit,*,*,Scholarship,Entomology,3848
*,Detroit,*,*,*,Geological Sciences,24428,,*,Detroit,*,*,Endowment,Geological Sciences,5002
*,Detroit,*,*,*,Journalism,6896,,*,Detroit,*,*,Endowment,Journalism,1949
*,Detroit,*,*,*,Russian,8735,,*,Detroit,*,*,Campus Resource,Russian,2729
*,Detroit,*,*,*,Social Relations and Policy,80445,,*,Detroit,*,*,Endowment,Social Relations and Policy,6862
*,Detroit,*,*,*,Statistics,911,,*,Detroit,*,*,Scholarship,Statistics,8
*,Detroit,*,*,*,Summer Research Program,34830,,*,Detroit,*,*,Scholarship,Summer Research Program,9117
*,Durham,*,*,*,Actuarial Science,25245,,*,Durham,*,*,Campus Resource,Actuarial Science,8323
*,Durham,*,*,*,Actuarial Science,25245,,*,Durham,*,*,Scholarship,Actuarial Science,8323
*,Durham,*,*,*,Construction Management,2512,,*,Durham,*,*,Scholarship,Construction Management,267
*,Durham,*,*,*,Environmental Biology/Plant Biol,49665,,*,Durham,*,*,Campus Resource,Environmental Biology/Plant Biol,15788
*,Durham,*,*,*,Environmental Biology/Plant Biol,49665,,*,Durham,*,*,Scholarship,Environmental Biology/Plant Biol,9990
*,Durham,*,*,*,Geography,22167,,*,Durham,*,*,Campus Resource,Geography,7043
*,Durham,*,*,*,Human Development and Family Studies,4143,,*,Durham,*,*,Endowment,Human Development and Family Studies,665
*,Durham,*,*,*,Materials Science and Engineering,23011,,*,Durham,*,*,Campus Resource,Materials Science and Engineering,7126
*,Durham,*,*,*,Microbiology,24270,,*,Durham,*,*,Campus Resource,Microbiology,2961
*,Durham,*,*,*,Music,21474,,*,Durham,*,*,Endowment,Music,2931
*,El Paso,*,*,*,Astrophysics,22748,,*,El Paso,*,*,Scholarship,Astrophysics,4251
*,Eugene,*,*,*,Biochemistry and Molecular Biology,13009,,*,Eugene,*,*,Campus Resource,Biochemistry and Molecular Biology,3564
*,Eugene,*,*,*,Human Biology,26176,,*,Eugene,*,*,Endowment,Human Biology,7398
*,Fort Lauderdale,*,*,*,Packaging,11981,,*,Fort Lauderdale,*,*,Endowment,Packaging,3896
*,Fresno,*,*,*,Global & Area Studies - Soc Sci,34843,,*,Fresno,*,*,Endowment,Global & Area Studies - Soc Sci,10858
*,Fresno,*,*,*,Global & Area Studies - Soc Sci,34843,,*,Fresno,*,*,Scholarship,Global & Area Studies - Soc Sci,6464
*,Fresno,*,*,*,Interdisciplinary Humanities,21145,,*,Fresno,*,*,Campus Resource,Interdisciplinary Humanities,4750
*,Fresno,*,*,*,Interdisciplinary Humanities,21145,,*,Fresno,*,*,Endowment,Interdisciplinary Humanities,3896
*,Fresno,*,*,*,Natural Resource Recreation and Tourism,56631,,*,Fresno,*,*,Endowment,Natural Resource Recreation and Tourism,14875
*,Fresno,*,*,*,Natural Resource Recreation and Tourism,56631,,*,Fresno,*,*,Scholarship,Natural Resource Recreation and Tourism,13181
*,Fresno,*,*,*,Political Science,38850,,*,Fresno,*,*,Endowment,Political Science,9185
*,Fresno,*,*,*,Political Science,38850,,*,Fresno,*,*,Scholarship,Political Science,9471
*,Grand Rapids,*,*,*,Human Development and Family Studies,13447,,*,Grand Rapids,*,*,Scholarship,Human Development and Family Studies,4022
*,Hartford,*,*,*,Agribusiness Management,6995,,*,Hartford,*,*,Scholarship,Agribusiness Management,2279
*,Hartford,*,*,*,Biological Science Interdepartmental,9814,,*,Hartford,*,*,Scholarship,Biological Science Interdepartmental,1478
*,Hartford,*,*,*,Comparative Cultures and Politics,18845,,*,Hartford,*,*,Endowment,Comparative Cultures and Politics,5163
*,Hartford,*,*,*,Criminal Justice,7431,,*,Hartford,*,*,Endowment,Criminal Justice,243
*,Hartford,*,*,*,Entomology,36794,,*,Hartford,*,*,Endowment,Entomology,10347
*,Hartford,*,*,*,Environmental Engineering,27902,,*,Hartford,*,*,Campus Resource,Environmental Engineering,7315
*,Hartford,*,*,*,Environmental Engineering,27902,,*,Hartford,*,*,Endowment,Environmental Engineering,7315
*,Hartford,*,*,*,Natural Resource Recreation and Tourism,34769,,*,Hartford,*,*,Scholarship,Natural Resource Recreation and Tourism,249
*,Hartford,*,*,*,Theatre,8745,,*,Hartford,*,*,Scholarship,Theatre,999
*,Henderson,*,*,*,Advertising,35803,,*,Henderson,*,*,Campus Resource,Advertising,2898
*,Henderson,*,*,*,Advertising,35803,,*,Henderson,*,*,Scholarship,Advertising,5336
*,Henderson,*,*,*,Astrophysics,18458,,*,Henderson,*,*,Endowment,Astrophysics,4287
*,Henderson,*,*,*,Composition,5212,,*,Henderson,*,*,Campus Resource,Composition,995
*,Henderson,*,*,*,Horticulture,7202,,*,Henderson,*,*,Scholarship,Horticulture,1355
*,Houston,*,*,*,Arts & Letters-General,26058,,*,Houston,*,*,Scholarship,Arts & Letters-General,643
*,Houston,*,*,*,Astrophysics,26001,,*,Houston,*,*,Endowment,Astrophysics,584
*,Houston,*,*,*,College of Political Science,8904,,*,Houston,*,*,Campus Resource,College of Political Science,1601
*,Houston,*,*,*,Comparative Cultures and Politics,1901,,*,Houston,*,*,Scholarship,Comparative Cultures and Politics,464
*,Houston,*,*,*,Computational Mathematics,6300,,*,Houston,*,*,Endowment,Computational Mathematics,582
*,Houston,*,*,*,Fisheries and Wildlife,20675,,*,Houston,*,*,Campus Resource,Fisheries and Wildlife,4821
*,Houston,*,*,*,Fisheries and Wildlife,20675,,*,Houston,*,*,Scholarship,Fisheries and Wildlife,5981
*,Houston,*,*,*,Hospitality Business,10361,,*,Houston,*,*,Scholarship,Hospitality Business,2165
*,Houston,*,*,*,Landscape Architecture,11442,,*,Houston,*,*,Scholarship,Landscape Architecture,3180
*,Houston,*,*,*,Materials Science and Engineering,24749,,*,Houston,*,*,Endowment,Materials Science and Engineering,7490
*,Houston,*,*,*,Materials Science and Engineering,24749,,*,Houston,*,*,Scholarship,Materials Science and Engineering,7490
*,Houston,*,*,*,Neuroscience,54930,,*,Houston,*,*,Campus Resource,Neuroscience,9434
*,Houston,*,*,*,Nutritional Sciences,2181,,*,Houston,*,*,Endowment,Nutritional Sciences,52
*,Houston,*,*,*,Preoptometry,8058,,*,Houston,*,*,Campus Resource,Preoptometry,1010
*,Houston,*,*,*,Women's and Gender Studies,47703,,*,Houston,*,*,Endowment,Women's and Gender Studies,8642
*,Houston,*,*,*,Women's and Gender Studies,47703,,*,Houston,*,*,Scholarship,Women's and Gender Studies,3793
*,Indianapolis,*,*,*,Biochemistry and Molecular Biology,16812,,*,Indianapolis,*,*,Campus Resource,Biochemistry and Molecular Biology,3599
*,Indianapolis,*,*,*,Biochemistry and Molecular Biology,16812,,*,Indianapolis,*,*,Scholarship,Biochemistry and Molecular Biology,5010
*,Indianapolis,*,*,*,Global & Area Studies - Soc Sci,47435,,*,Indianapolis,*,*,Endowment,Global & Area Studies - Soc Sci,7580
*,Indianapolis,*,*,*,Hospitality Business,41058,,*,Indianapolis,*,*,Campus Resource,Hospitality Business,7753
*,Indianapolis,*,*,*,Interdisciplinary Studies in Social Science,5690,,*,Indianapolis,*,*,Campus Resource,Interdisciplinary Studies in Social Science,1778
*,Indianapolis,*,*,*,Neuroscience,21924,,*,Indianapolis,*,*,Campus Resource,Neuroscience,465
*,Indianapolis,*,*,*,Neuroscience,21924,,*,Indianapolis,*,*,Endowment,Neuroscience,6083
*,Indianapolis,*,*,*,Russian,10033,,*,Indianapolis,*,*,Endowment,Russian,3263
*,Jacksonville,*,*,*,Construction Management,23181,,*,Jacksonville,*,*,Scholarship,Construction Management,4140
*,Jacksonville,*,*,*,Environmental Geosciences,18887,,*,Jacksonville,*,*,Campus Resource,Environmental Geosciences,3801
*,Jacksonville,*,*,*,Environmental Geosciences,18887,,*,Jacksonville,*,*,Scholarship,Environmental Geosciences,1556
*,Kansas City,*,*,*,Arabic,17293,,*,Kansas City,*,*,Endowment,Arabic,1848
*,Kansas City,*,*,*,Biosystems Engineering,21768,,*,Kansas City,*,*,Scholarship,Biosystems Engineering,6526
*,Kansas City,*,*,*,Comparative Cultures and Politics,42143,,*,Kansas City,*,*,Campus Resource,Comparative Cultures and Politics,1454
*,Kansas City,*,*,*,Comparative Cultures and Politics,42143,,*,Kansas City,*,*,Endowment,Comparative Cultures and Politics,11209
*,Kansas City,*,*,*,Criminal Justice,4213,,*,Kansas City,*,*,Endowment,Criminal Justice,921
*,Kansas City,*,*,*,Fisheries and Wildlife,76151,,*,Kansas City,*,*,Campus Resource,Fisheries and Wildlife,17136
*,Kansas City,*,*,*,Interdisciplinary Humanities,29263,,*,Kansas City,*,*,Scholarship,Interdisciplinary Humanities,8227
*,Kansas City,*,*,*,Plant Biology,19712,,*,Kansas City,*,*,Campus Resource,Plant Biology,6217
*,Kansas City,*,*,*,Public Policy,30613,,*,Kansas City,*,*,Scholarship,Public Policy,2556
*,Knoxville,*,*,*,Environmental Engineering,16225,,*,Knoxville,*,*,Campus Resource,Environmental Engineering,416
*,Knoxville,*,*,*,Genomics & Molecular Genetics,9445,,*,Knoxville,*,*,Endowment,Genomics & Molecular Genetics,78
*,Knoxville,*,*,*,Japanese,17277,,*,Knoxville,*,*,Scholarship,Japanese,3897
*,Knoxville,*,*,*,Media and Information,31199,,*,Knoxville,*,*,Scholarship,Media and Information,7344
*,Lansing,*,*,*,Accounting,9000,,*,Lansing,*,*,Endowment,Accounting,2639
*,Lansing,*,*,*,Environmental Biology/Zoology,9590,,*,Lansing,*,*,Endowment,Environmental Biology/Zoology,3071
*,Lansing,*,*,*,Environmental Biology/Zoology,9590,,*,Lansing,*,*,Scholarship,Environmental Biology/Zoology,2396
*,Lansing,*,*,*,General Management,45206,,*,Lansing,*,*,Campus Resource,General Management,9319
*,Lansing,*,*,*,General Management,45206,,*,Lansing,*,*,Scholarship,General Management,9667
*,Lansing,*,*,*,History Education,1312,,*,Lansing,*,*,Scholarship,History Education,313
*,Lansing,*,*,*,Interior Design,10963,,*,Lansing,*,*,Campus Resource,Interior Design,1599
*,Lansing,*,*,*,Prenursing,30577,,*,Lansing,*,*,Scholarship,Prenursing,4340
*,Lansing,*,*,*,Professional Writing,18332,,*,Lansing,*,*,Campus Resource,Professional Writing,5752
*,Las Vegas,*,*,*,Environmental Engineering,46412,,*,Las Vegas,*,*,Endowment,Environmental Engineering,10565
*,Lexington,*,*,*,Music Performance,12441,,*,Lexington,*,*,Endowment,Music Performance,3598
*,Lincoln,*,*,*,Human Development and Family Studies,4152,,*,Lincoln,*,*,Scholarship,Human Development and Family Studies,267
*,Little Rock,*,*,*,Accounting,12564,,*,Little Rock,*,*,Endowment,Accounting,3993
*,Little Rock,*,*,*,Mathematics  Advanced,38903,,*,Little Rock,*,*,Endowment,Mathematics  Advanced,4680
*,Little Rock,*,*,*,Mathematics  Advanced,38903,,*,Little Rock,*,*,Scholarship,Mathematics  Advanced,12931
*,Little Rock,*,*,*,Statistics,7923,,*,Little Rock,*,*,Scholarship,Statistics,313
*,Los Angeles,*,*,*,Animal Science,20975,,*,Los Angeles,*,*,Campus Resource,Animal Science,5715
*,Los Angeles,*,*,*,Animal Science,20975,,*,Los Angeles,*,*,Endowment,Animal Science,1839
*,Los Angeles,*,*,*,Art Education,1571,,*,Los Angeles,*,*,Endowment,Art Education,373
*,Los Angeles,*,*,*,Biochemistry and Molecular Biology/Biotechnology,16489,,*,Los Angeles,*,*,Campus Resource,Biochemistry and Molecular Biology/Biotechnology,2879
*,Los Angeles,*,*,*,Economics,3977,,*,Los Angeles,*,*,Scholarship,Economics,173
*,Los Angeles,*,*,*,Environmental Economics and Policy,41664,,*,Los Angeles,*,*,Campus Resource,Environmental Economics and Policy,8352
*,Los Angeles,*,*,*,Environmental Geosciences,18624,,*,Los Angeles,*,*,Endowment,Environmental Geosciences,5375
*,Los Angeles,*,*,*,German,11941,,*,Los Angeles,*,*,Endowment,German,2329
*,Los Angeles,*,*,*,History,26419,,*,Los Angeles,*,*,Endowment,History,4256
*,Los Angeles,*,*,*,Human Resource Management,29700,,*,Los Angeles,*,*,Campus Resource,Human Resource Management,4869
*,Los Angeles,*,*,*,Human Resource Management,29700,,*,Los Angeles,*,*,Scholarship,Human Resource Management,4869
*,Los Angeles,*,*,*,Jazz Studies,44951,,*,Los Angeles,*,*,Campus Resource,Jazz Studies,8290
*,Los Angeles,*,*,*,Jazz Studies,44951,,*,Los Angeles,*,*,Endowment,Jazz Studies,9945
*,Los Angeles,*,*,*,Marketing,23795,,*,Los Angeles,*,*,Campus Resource,Marketing,7929
*,Los Angeles,*,*,*,Marketing,23795,,*,Los Angeles,*,*,Endowment,Marketing,4958
*,Los Angeles,*,*,*,Materials Science and Engineering,2047,,*,Los Angeles,*,*,Scholarship,Materials Science and Engineering,293
*,Los Angeles,*,*,*,Microbiology,24296,,*,Los Angeles,*,*,Scholarship,Microbiology,4973
*,Los Angeles,*,*,*,Nutritional Sciences,14164,,*,Los Angeles,*,*,Scholarship,Nutritional Sciences,2243
*,Los Angeles,*,*,*,Political Science-Prelaw,15961,,*,Los Angeles,*,*,Endowment,Political Science-Prelaw,2242
*,Los Angeles,*,*,*,Preoptometry,44119,,*,Los Angeles,*,*,Endowment,Preoptometry,12452
*,Los Angeles,*,*,*,Preoptometry,44119,,*,Los Angeles,*,*,Scholarship,Preoptometry,11659
*,Los Angeles,*,*,*,Studio Art,24578,,*,Los Angeles,*,*,Scholarship,Studio Art,6658
*,Los Angeles,*,*,*,Summer Research Program,19403,,*,Los Angeles,*,*,Endowment,Summer Research Program,584
*,Louisville,*,*,*,English,15485,,*,Louisville,*,*,Campus Resource,English,3009
*,Louisville,*,*,*,English,15485,,*,Louisville,*,*,Endowment,English,5056
*,Madison,*,*,*,Public Policy,13650,,*,Madison,*,*,Endowment,Public Policy,278
*,Manchester,*,*,*,Arts & Letters-General,28568,,*,Manchester,*,*,Endowment,Arts & Letters-General,5988
*,Manchester,*,*,*,Arts & Letters-General,28568,,*,Manchester,*,*,Scholarship,Arts & Letters-General,5988
*,Manchester,*,*,*,Global & Area Studies - Soc Sci,26907,,*,Manchester,*,*,Campus Resource,Global & Area Studies - Soc Sci,6238
*,Manchester,*,*,*,Global & Area Studies - Soc Sci,26907,,*,Manchester,*,*,Endowment,Global & Area Studies - Soc Sci,427
*,Manchester,*,*,*,Humanities-Prelaw,39684,,*,Manchester,*,*,Campus Resource,Humanities-Prelaw,9735
*,Manchester,*,*,*,Humanities-Prelaw,39684,,*,Manchester,*,*,Scholarship,Humanities-Prelaw,10580
*,Manchester,*,*,*,Music Performance,10151,,*,Manchester,*,*,Endowment,Music Performance,486
*,Memphis,*,*,*,Agriculture and Natural Resources-No Preference,13048,,*,Memphis,*,*,Scholarship,Agriculture and Natural Resources-No Preference,3734
*,Memphis,*,*,*,Applied Engineering Sciences,12774,,*,Memphis,*,*,Campus Resource,Applied Engineering Sciences,3379
*,Memphis,*,*,*,Biological Science Interdepartmental,25404,,*,Memphis,*,*,Campus Resource,Biological Science Interdepartmental,7220
*,Memphis,*,*,*,Chemistry,1091,,*,Memphis,*,*,Campus Resource,Chemistry,41
*,Memphis,*,*,*,Finance,26486,,*,Memphis,*,*,Endowment,Finance,8481
*,Memphis,*,*,*,Global Studies in the Arts and Humanities,36676,,*,Memphis,*,*,Endowment,Global Studies in the Arts and Humanities,10172
*,Memphis,*,*,*,Global Studies in the Arts and Humanities,36676,,*,Memphis,*,*,Scholarship,Global Studies in the Arts and Humanities,11886
*,Memphis,*,*,*,Physical Science Interdepartmental,951,,*,Memphis,*,*,Scholarship,Physical Science Interdepartmental,251
*,Memphis,*,*,*,Social Relations and Policy,21714,,*,Memphis,*,*,Campus Resource,Social Relations and Policy,2192
*,Memphis,*,*,*,Spanish,13992,,*,Memphis,*,*,Endowment,Spanish,4327
*,Memphis,*,*,*,Zoology,28182,,*,Memphis,*,*,Campus Resource,Zoology,8248
*,Memphis,*,*,*,Zoology,28182,,*,Memphis,*,*,Scholarship,Zoology,2405
*,Mesa,*,*,*,Entomology,18364,,*,Mesa,*,*,Campus Resource,Entomology,145
*,Mesa,*,*,*,Entomology,18364,,*,Mesa,*,*,Endowment,Entomology,891
*,Mesa,*,*,*,Environmental Economics and Policy,21240,,*,Mesa,*,*,Campus Resource,Environmental Economics and Policy,2966
*,Mesa,*,*,*,Music,15071,,*,Mesa,*,*,Campus Resource,Music,1666
*,Miami,*,*,*,Computer Science,11926,,*,Miami,*,*,Endowment,Computer Science,2209
*,Miami,*,*,*,Engineering-No Major,7560,,*,Miami,*,*,Scholarship,Engineering-No Major,1119
*,Miami,*,*,*,Packaging,36379,,*,Miami,*,*,Campus Resource,Packaging,6519
*,Miami,*,*,*,Sociology,24931,,*,Miami,*,*,Campus Resource,Sociology,7362
*,Miami,*,*,*,Sociology,24931,,*,Miami,*,*,Endowment,Sociology,7362
*,Milwaukee,*,*,*,Advertising,23052,,*,Milwaukee,*,*,Campus Resource,Advertising,6092
*,Milwaukee,*,*,*,Advertising,23052,,*,Milwaukee,*,*,Endowment,Advertising,3064
*,Milwaukee,*,*,*,Anthropology,13045,,*,Milwaukee,*,*,Endowment,Anthropology,4017
*,Milwaukee,*,*,*,Anthropology,13045,,*,Milwaukee,*,*,Scholarship,Anthropology,2727
*,Milwaukee,*,*,*,College of Political Science,16127,,*,Milwaukee,*,*,Scholarship,College of Political Science,2587
*,Minneapolis,*,*,*,Marketing,24348,,*,Minneapolis,*,*,Scholarship,Marketing,6356
*,New Orleans,*,*,*,Apparel and Textile Design,40756,,*,New Orleans,*,*,Endowment,Apparel and Textile Design,11162
*,New Orleans,*,*,*,General Management,16115,,*,New Orleans,*,*,Campus Resource,General Management,895
*,New York,*,*,*,Apparel and Textiles,27135,,*,New York,*,*,Endowment,Apparel and Textiles,127
*,New York,*,*,*,Applied Engineering Sciences,1834,,*,New York,*,*,Endowment,Applied Engineering Sciences,16
*,New York,*,*,*,Chemistry,17262,,*,New York,*,*,Campus Resource,Chemistry,5717
*,New York,*,*,*,Comparative Cultures and Politics,57585,,*,New York,*,*,Endowment,Comparative Cultures and Politics,12117
*,New York,*,*,*,Criminal Justice,45306,,*,New York,*,*,Scholarship,Criminal Justice,6768
*,New York,*,*,*,Earth Science Interdepartmental,20478,,*,New York,*,*,Endowment,Earth Science Interdepartmental,4466
*,New York,*,*,*,Education,27714,,*,New York,*,*,Endowment,Education,2028
*,New York,*,*,*,Education,27714,,*,New York,*,*,Scholarship,Education,7459
*,New York,*,*,*,Entomology,28419,,*,New York,*,*,Endowment,Entomology,7219
*,New York,*,*,*,Geography,6094,,*,New York,*,*,Endowment,Geography,984
*,New York,*,*,*,Geological Sciences,14199,,*,New York,*,*,Campus Resource,Geological Sciences,4111
*,New York,*,*,*,Geological Sciences,14199,,*,New York,*,*,Endowment,Geological Sciences,1791
*,New York,*,*,*,Interior Design,25722,,*,New York,*,*,Campus Resource,Interior Design,2553
*,New York,*,*,*,Interior Design,25722,,*,New York,*,*,Scholarship,Interior Design,3766
*,New York,*,*,*,Japanese,4905,,*,New York,*,*,Scholarship,Japanese,1538
*,New York,*,*,*,Natural Resource Recreation and Tourism,13319,,*,New York,*,*,Campus Resource,Natural Resource Recreation and Tourism,4240
*,New York,*,*,*,Preoptometry,16255,,*,New York,*,*,Scholarship,Preoptometry,3255
*,New York,*,*,*,Professional Writing,48103,,*,New York,*,*,Campus Resource,Professional Writing,1278
*,New York,*,*,*,Professional Writing,48103,,*,New York,*,*,Endowment,Professional Writing,12619
*,New York,*,*,*,Social Relations and Policy,41591,,*,New York,*,*,Endowment,Social Relations and Policy,9074
*,New York,*,*,*,Social Relations and Policy,41591,,*,New York,*,*,Scholarship,Social Relations and Policy,5842
*,New York,*,*,*,Theatre,22287,,*,New York,*,*,Endowment,Theatre,5288
*,North Las Vegas,*,*,*,Environmental Biology/Zoology,20133,,*,North Las Vegas,*,*,Campus Resource,Environmental Biology/Zoology,3784
*,North Las Vegas,*,*,*,French,18512,,*,North Las Vegas,*,*,Endowment,French,160
*,North Las Vegas,*,*,*,Marketing,17575,,*,North Las Vegas,*,*,Endowment,Marketing,2483
*,Oklahoma City,*,*,*,Marketing,42369,,*,Oklahoma City,*,*,Scholarship,Marketing,9044
*,Oklahoma City,*,*,*,Neuroscience,22387,,*,Oklahoma City,*,*,Campus Resource,Neuroscience,2873
*,Oklahoma City,*,*,*,Political Theory and Constitutional Democracy,8717,,*,Oklahoma City,*,*,Scholarship,Political Theory and Constitutional Democracy,888
*,Oklahoma City,*,*,*,Professional Writing,9723,,*,Oklahoma City,*,*,Endowment,Professional Writing,711
*,Omaha,*,*,*,Environmental Studies and Agriscience,10680,,*,Omaha,*,*,Campus Resource,Environmental Studies and Agriscience,38
*,Omaha,*,*,*,Environmental Studies and Agriscience,10680,,*,Omaha,*,*,Endowment,Environmental Studies and Agriscience,2305
*,Orlando,*,*,*,Agriculture and Natural Resources-No Preference,24823,,*,Orlando,*,*,Campus Resource,Agriculture and Natural Resources-No Preference,1615
*,Orlando,*,*,*,Agriculture and Natural Resources-No Preference,24823,,*,Orlando,*,*,Scholarship,Agriculture and Natural Resources-No Preference,7261
*,Orlando,*,*,*,Environmental Biology/Plant Biol,28721,,*,Orlando,*,*,Scholarship,Environmental Biology/Plant Biol,8650
*,Orlando,*,*,*,Fisheries and Wildlife,21443,,*,Orlando,*,*,Scholarship,Fisheries and Wildlife,2640
*,Orlando,*,*,*,Interdisciplinary Humanities,25338,,*,Orlando,*,*,Endowment,Interdisciplinary Humanities,6230
*,Orlando,*,*,*,Materials Science and Engineering,6517,,*,Orlando,*,*,Scholarship,Materials Science and Engineering,173
*,Orlando,*,*,*,Neuroscience,46916,,*,Orlando,*,*,Scholarship,Neuroscience,10199
*,Overland Park,*,*,*,Biomedical Laboratory Science,11159,,*,Overland Park,*,*,Scholarship,Biomedical Laboratory Science,1434
*,Overland Park,*,*,*,Environmental Economics and Policy,17265,,*,Overland Park,*,*,Campus Resource,Environmental Economics and Policy,3278
*,Overland Park,*,*,*,Global Studies in the Arts and Humanities,11478,,*,Overland Park,*,*,Campus Resource,Global Studies in the Arts and Humanities,1001
*,Overland Park,*,*,*,Jazz Studies,32419,,*,Overland Park,*,*,Endowment,Jazz Studies,6564
*,Overland Park,*,*,*,Nutritional Sciences,42143,,*,Overland Park,*,*,Campus Resource,Nutritional Sciences,7687
*,Overland Park,*,*,*,Nutritional Sciences,42143,,*,Overland Park,*,*,Endowment,Nutritional Sciences,9422
*,Paterson,*,*,*,Zoology,43858,,*,Paterson,*,*,Endowment,Zoology,5427
*,Philadelphia,*,*,*,Arabic,40880,,*,Philadelphia,*,*,Endowment,Arabic,11427
*,Philadelphia,*,*,*,Arabic,40880,,*,Philadelphia,*,*,Scholarship,Arabic,11784
*,Philadelphia,*,*,*,Geographic Information Science,55413,,*,Philadelphia,*,*,Campus Resource,Geographic Information Science,17320
*,Philadelphia,*,*,*,Geographic Information Science,55413,,*,Philadelphia,*,*,Endowment,Geographic Information Science,17320
*,Philadelphia,*,*,*,Global & Area Studies - Soc Sci,7143,,*,Philadelphia,*,*,Endowment,Global & Area Studies - Soc Sci,1811
*,Philadelphia,*,*,*,Interdisciplinary Studies in Social Science,8748,,*,Philadelphia,*,*,Endowment,Interdisciplinary Studies in Social Science,1330
*,Phoenix,*,*,*,Art Education,27327,,*,Phoenix,*,*,Campus Resource,Art Education,7371
*,Phoenix,*,*,*,Art Education,27327,,*,Phoenix,*,*,Scholarship,Art Education,6245
*,Phoenix,*,*,*,Biochemistry and Molecular Biology/Biotechnology,5661,,*,Phoenix,*,*,Campus Resource,Biochemistry and Molecular Biology/Biotechnology,892
*,Phoenix,*,*,*,Biochemistry and Molecular Biology/Biotechnology,5661,,*,Phoenix,*,*,Scholarship,Biochemistry and Molecular Biology/Biotechnology,862
*,Phoenix,*,*,*,Biological Science Interdepartmental,8592,,*,Phoenix,*,*,Scholarship,Biological Science Interdepartmental,2733
*,Phoenix,*,*,*,Computer Science,11516,,*,Phoenix,*,*,Scholarship,Computer Science,334
*,Phoenix,*,*,*,Construction Management,20503,,*,Phoenix,*,*,Scholarship,Construction Management,6006
*,Phoenix,*,*,*,Electrical Engineering,48200,,*,Phoenix,*,*,Scholarship,Electrical Engineering,15453
*,Phoenix,*,*,*,English,10473,,*,Phoenix,*,*,Endowment,English,1942
*,Phoenix,*,*,*,Finance,12251,,*,Phoenix,*,*,Campus Resource,Finance,2679
*,Phoenix,*,*,*,Finance,12251,,*,Phoenix,*,*,Endowment,Finance,2679
*,Phoenix,*,*,*,History Education,6256,,*,Phoenix,*,*,Scholarship,History Education,1355
*,Phoenix,*,*,*,Jazz Studies,14989,,*,Phoenix,*,*,Endowment,Jazz Studies,3984
*,Phoenix,*,*,*,Jazz Studies,14989,,*,Phoenix,*,*,Scholarship,Jazz Studies,4884
*,Phoenix,*,*,*,Materials Science and Engineering,22165,,*,Phoenix,*,*,Endowment,Materials Science and Engineering,2963
*,Phoenix,*,*,*,Media and Information,14965,,*,Phoenix,*,*,Scholarship,Media and Information,3392
*,Phoenix,*,*,*,Nursing,56030,,*,Phoenix,*,*,Campus Resource,Nursing,2981
*,Phoenix,*,*,*,Physical Science Interdepartmental,35578,,*,Phoenix,*,*,Endowment,Physical Science Interdepartmental,10466
*,Phoenix,*,*,*,Prenursing,41529,,*,Phoenix,*,*,Scholarship,Prenursing,2977
*,Phoenix,*,*,*,Professional Writing,1414,,*,Phoenix,*,*,Campus Resource,Professional Writing,84
*,Phoenix,*,*,*,Supply Chain Management,13358,,*,Phoenix,*,*,Endowment,Supply Chain Management,2439
*,Phoenix,*,*,*,Supply Chain Management,13358,,*,Phoenix,*,*,Scholarship,Supply Chain Management,4240
*,Portland,*,*,*,Biochemistry and Molecular Biology/Biotechnology,14846,,*,Portland,*,*,Scholarship,Biochemistry and Molecular Biology/Biotechnology,3901
*,Portland,*,*,*,Geography,10861,,*,Portland,*,*,Campus Resource,Geography,2634
*,Portland,*,*,*,Humanities-Prelaw,13886,,*,Portland,*,*,Scholarship,Humanities-Prelaw,4256
*,Providence,*,*,*,Arts & Letters-General,22643,,*,Providence,*,*,Campus Resource,Arts & Letters-General,2773
*,Providence,*,*,*,Geological Sciences,14645,,*,Providence,*,*,Campus Resource,Geological Sciences,4789
*,Providence,*,*,*,German,16257,,*,Providence,*,*,Endowment,German,699
*,Providence,*,*,*,History Education,13045,,*,Providence,*,*,Scholarship,History Education,2810
*,Provo,*,*,*,Astrophysics,34337,,*,Provo,*,*,Scholarship,Astrophysics,11314
*,Raleigh,*,*,*,Advertising,19584,,*,Raleigh,*,*,Campus Resource,Advertising,3230
*,Raleigh,*,*,*,Advertising,19584,,*,Raleigh,*,*,Endowment,Advertising,4474
*,Raleigh,*,*,*,Apparel and Textiles,11546,,*,Raleigh,*,*,Endowment,Apparel and Textiles,584
*,Raleigh,*,*,*,Astrophysics,10175,,*,Raleigh,*,*,Scholarship,Astrophysics,2319
*,Raleigh,*,*,*,College of Political Science,10105,,*,Raleigh,*,*,Campus Resource,College of Political Science,493
*,Raleigh,*,*,*,Predental,11933,,*,Raleigh,*,*,Scholarship,Predental,2313
*,Richmond,*,*,*,Animal Science,45615,,*,Richmond,*,*,Campus Resource,Animal Science,1858
*,Richmond,*,*,*,Biological Science Interdepartmental,12518,,*,Richmond,*,*,Endowment,Biological Science Interdepartmental,2267
*,Richmond,*,*,*,Chemical Physics,11353,,*,Richmond,*,*,Campus Resource,Chemical Physics,2869
*,Richmond,*,*,*,Engineering-No Major,15978,,*,Richmond,*,*,Campus Resource,Engineering-No Major,3782
*,Richmond,*,*,*,Engineering-No Major,15978,,*,Richmond,*,*,Endowment,Engineering-No Major,5216
*,Richmond,*,*,*,Food Science,24564,,*,Richmond,*,*,Endowment,Food Science,7612
*,Richmond,*,*,*,Food Science,24564,,*,Richmond,*,*,Scholarship,Food Science,6225
*,Richmond,*,*,*,Global Studies in the Arts and Humanities,6474,,*,Richmond,*,*,Scholarship,Global Studies in the Arts and Humanities,2079
*,Rochester,*,*,*,Humanities-Prelaw,22322,,*,Rochester,*,*,Scholarship,Humanities-Prelaw,3496
*,Sacramento,*,*,*,Kinesiology,20652,,*,Sacramento,*,*,Scholarship,Kinesiology,650
*,Sacramento,*,*,*,Materials Science and Engineering,14712,,*,Sacramento,*,*,Endowment,Materials Science and Engineering,3591
*,Salem,*,*,*,Jazz Studies,16790,,*,Salem,*,*,Campus Resource,Jazz Studies,5309
*,Salem,*,*,*,Social Relations and Policy,4841,,*,Salem,*,*,Campus Resource,Social Relations and Policy,501
*,Salt Lake City,*,*,*,Biosystems Engineering,34197,,*,Salt Lake City,*,*,Campus Resource,Biosystems Engineering,4782
*,Salt Lake City,*,*,*,Biosystems Engineering,34197,,*,Salt Lake City,*,*,Scholarship,Biosystems Engineering,2977
*,Salt Lake City,*,*,*,Computer Science,21660,,*,Salt Lake City,*,*,Campus Resource,Computer Science,4913
*,San Antonio,*,*,*,English,12087,,*,San Antonio,*,*,Campus Resource,English,169
*,San Antonio,*,*,*,General Management,29316,,*,San Antonio,*,*,Campus Resource,General Management,8225
*,San Antonio,*,*,*,General Management,29316,,*,San Antonio,*,*,Endowment,General Management,8225
*,San Antonio,*,*,*,Interdisciplinary Humanities,15233,,*,San Antonio,*,*,Scholarship,Interdisciplinary Humanities,5020
*,San Antonio,*,*,*,Statistics,39522,,*,San Antonio,*,*,Campus Resource,Statistics,11162
*,San Antonio,*,*,*,Statistics,39522,,*,San Antonio,*,*,Scholarship,Statistics,2798
*,San Diego,*,*,*,Biomedical Laboratory Science,2836,,*,San Diego,*,*,Scholarship,Biomedical Laboratory Science,292
*,San Diego,*,*,*,Composition,41582,,*,San Diego,*,*,Scholarship,Composition,12522
*,San Diego,*,*,*,Environmental Studies and Agriscience,7478,,*,San Diego,*,*,Scholarship,Environmental Studies and Agriscience,1724
*,San Diego,*,*,*,French,12597,,*,San Diego,*,*,Campus Resource,French,3885
*,San Diego,*,*,*,Linguistics,4528,,*,San Diego,*,*,Campus Resource,Linguistics,645
*,San Diego,*,*,*,Political Science,1435,,*,San Diego,*,*,Scholarship,Political Science,43
*,San Diego,*,*,*,Russian,6951,,*,San Diego,*,*,Endowment,Russian,1077
*,San Diego,*,*,*,Social Work,10914,,*,San Diego,*,*,Endowment,Social Work,3367
*,San Francisco,*,*,*,Agribusiness Management,12905,,*,San Francisco,*,*,Scholarship,Agribusiness Management,3045
*,San Francisco,*,*,*,Animal Science,33822,,*,San Francisco,*,*,Campus Resource,Animal Science,1490
*,San Francisco,*,*,*,Animal Science,33822,,*,San Francisco,*,*,Scholarship,Animal Science,1490
*,San Francisco,*,*,*,Apparel and Textile Design,14010,,*,San Francisco,*,*,Scholarship,Apparel and Textile Design,3527
*,San Francisco,*,*,*,Art History and Visual Culture,52906,,*,San Francisco,*,*,Campus Resource,Art History and Visual Culture,14562
*,San Francisco,*,*,*,Art History and Visual Culture,52906,,*,San Francisco,*,*,Scholarship,Art History and Visual Culture,14156
*,San Francisco,*,*,*,Biochemistry and Molecular Biology/Biotechnology,25773,,*,San Francisco,*,*,Scholarship,Biochemistry and Molecular Biology/Biotechnology,3892
*,San Francisco,*,*,*,Composition,16438,,*,San Francisco,*,*,Campus Resource,Composition,3666
*,San Francisco,*,*,*,Economics,6526,,*,San Francisco,*,*,Scholarship,Economics,858
*,San Francisco,*,*,*,Environmental Biology/Zoology,11804,,*,San Francisco,*,*,Scholarship,Environmental Biology/Zoology,3929
*,San Francisco,*,*,*,Finance,15975,,*,San Francisco,*,*,Campus Resource,Finance,612
*,San Francisco,*,*,*,Horticulture,19403,,*,San Francisco,*,*,Scholarship,Horticulture,6356
*,San Francisco,*,*,*,Human Biology,41061,,*,San Francisco,*,*,Endowment,Human Biology,8078
*,San Francisco,*,*,*,Human Biology,41061,,*,San Francisco,*,*,Scholarship,Human Biology,7426
*,San Francisco,*,*,*,Human Development and Family Studies,11655,,*,San Francisco,*,*,Scholarship,Human Development and Family Studies,3793
*,San Francisco,*,*,*,Japanese,4765,,*,San Francisco,*,*,Campus Resource,Japanese,151
*,San Francisco,*,*,*,Jazz Studies,21886,,*,San Francisco,*,*,Endowment,Jazz Studies,908
*,San Francisco,*,*,*,Kinesiology,64367,,*,San Francisco,*,*,Endowment,Kinesiology,17413
*,San Francisco,*,*,*,Political Science-Prelaw,37064,,*,San Francisco,*,*,Scholarship,Political Science-Prelaw,8996
*,San Francisco,*,*,*,Public Policy,51184,,*,San Francisco,*,*,Campus Resource,Public Policy,9972
*,San Francisco,*,*,*,Public Policy,51184,,*,San Francisco,*,*,Endowment,Public Policy,8935
*,San Francisco,*,*,*,Social Relations and Policy,10042,,*,San Francisco,*,*,Endowment,Social Relations and Policy,628
*,San Francisco,*,*,*,Sociology,8838,,*,San Francisco,*,*,Campus Resource,Sociology,1576
*,San Francisco,*,*,*,Zoology,29907,,*,San Francisco,*,*,Endowment,Zoology,4788
*,Savannah,*,*,*,Human Biology,32152,,*,Savannah,*,*,Campus Resource,Human Biology,10679
*,Savannah,*,*,*,Human Biology,32152,,*,Savannah,*,*,Endowment,Human Biology,9497
*,Scottsdale,*,*,*,Biochemistry and Molecular Biology/Biotechnology,28674,,*,Scottsdale,*,*,Endowment,Biochemistry and Molecular Biology/Biotechnology,833
*,Scottsdale,*,*,*,Biochemistry and Molecular Biology/Biotechnology,28674,,*,Scottsdale,*,*,Scholarship,Biochemistry and Molecular Biology/Biotechnology,5689
*,Scottsdale,*,*,*,Materials Science and Engineering,6166,,*,Scottsdale,*,*,Campus Resource,Materials Science and Engineering,486
*,Seattle,*,*,*,Agriculture and Natural Resources-No Preference,10166,,*,Seattle,*,*,Scholarship,Agriculture and Natural Resources-No Preference,1655
*,Seattle,*,*,*,Apparel and Textile Design,12178,,*,Seattle,*,*,Endowment,Apparel and Textile Design,1743
*,Seattle,*,*,*,Applied Engineering Sciences,19671,,*,Seattle,*,*,Scholarship,Applied Engineering Sciences,2517
*,Seattle,*,*,*,Biomedical Laboratory Science,33673,,*,Seattle,*,*,Scholarship,Biomedical Laboratory Science,7273
*,Seattle,*,*,*,English,29278,,*,Seattle,*,*,Campus Resource,English,4894
*,Seattle,*,*,*,English,29278,,*,Seattle,*,*,Scholarship,English,9745
*,Seattle,*,*,*,Hospitality Business,29110,,*,Seattle,*,*,Campus Resource,Hospitality Business,8893
*,Seattle,*,*,*,Hospitality Business,29110,,*,Seattle,*,*,Scholarship,Hospitality Business,8893
*,Seattle,*,*,*,Human Development and Family Studies,18981,,*,Seattle,*,*,Scholarship,Human Development and Family Studies,4517
*,Seattle,*,*,*,Japanese,25164,,*,Seattle,*,*,Campus Resource,Japanese,4802
*,Seattle,*,*,*,Japanese,25164,,*,Seattle,*,*,Endowment,Japanese,4855
*,Seattle,*,*,*,Journalism,10121,,*,Seattle,*,*,Scholarship,Journalism,650
*,Seattle,*,*,*,Music,4751,,*,Seattle,*,*,Campus Resource,Music,373
*,Seattle,*,*,*,Music,4751,,*,Seattle,*,*,Endowment,Music,508
*,Seattle,*,*,*,Packaging,6119,,*,Seattle,*,*,Endowment,Packaging,52
*,Seattle,*,*,*,Social Work,23516,,*,Seattle,*,*,Campus Resource,Social Work,7597
*,Seattle,*,*,*,Social Work,23516,,*,Seattle,*,*,Endowment,Social Work,7525
*,Spokane,*,*,*,Fisheries and Wildlife,20246,,*,Spokane,*,*,Endowment,Fisheries and Wildlife,5177
*,Spokane,*,*,*,Natural Resource Recreation and Tourism,4418,,*,Spokane,*,*,Endowment,Natural Resource Recreation and Tourism,1133
*,Spokane,*,*,*,Predental,32286,,*,Spokane,*,*,Scholarship,Predental,8955
*,Spokane,*,*,*,Social Work,37027,,*,Spokane,*,*,Endowment,Social Work,8119
*,Springfield,*,*,*,Experience Architecture,8315,,*,Springfield,*,*,Scholarship,Experience Architecture,2002
*,St. Louis,*,*,*,Agribusiness Management,17963,,*,St. Louis,*,*,Campus Resource,Agribusiness Management,345
*,St. Louis,*,*,*,Agribusiness Management,17963,,*,St. Louis,*,*,Scholarship,Agribusiness Management,1729
*,St. Louis,*,*,*,Education,38519,,*,St. Louis,*,*,Campus Resource,Education,6148
*,St. Louis,*,*,*,Education,38519,,*,St. Louis,*,*,Endowment,Education,8942
*,St. Louis,*,*,*,Mathematics,229014,,*,St. Louis,*,*,Campus Resource,Mathematics,3171
*,St. Louis,*,*,*,Media and Information,11808,,*,St. Louis,*,*,Endowment,Media and Information,2051
*,St. Louis,*,*,*,Media and Information,11808,,*,St. Louis,*,*,Scholarship,Media and Information,149
*,Syracuse,*,*,*,Food Science,14622,,*,Syracuse,*,*,Campus Resource,Food Science,1920
*,Syracuse,*,*,*,Global & Area Studies - Soc Sci,8496,,*,Syracuse,*,*,Endowment,Global & Area Studies - Soc Sci,2464
*,Syracuse,*,*,*,Materials Science and Engineering,14108,,*,Syracuse,*,*,Endowment,Materials Science and Engineering,3957
*,Tallahassee,*,*,*,Agribusiness Management,39387,,*,Tallahassee,*,*,Campus Resource,Agribusiness Management,2982
*,Tallahassee,*,*,*,Agribusiness Management,39387,,*,Tallahassee,*,*,Scholarship,Agribusiness Management,630
*,Tallahassee,*,*,*,Art History and Visual Culture,16103,,*,Tallahassee,*,*,Scholarship,Art History and Visual Culture,3724
*,Tallahassee,*,*,*,Experience Architecture,14836,,*,Tallahassee,*,*,Endowment,Experience Architecture,355
*,Tallahassee,*,*,*,Fisheries and Wildlife,15012,,*,Tallahassee,*,*,Scholarship,Fisheries and Wildlife,4672
*,Tulsa,*,*,*,Human Development and Family Studies,11700,,*,Tulsa,*,*,Campus Resource,Human Development and Family Studies,1633
*,Tulsa,*,*,*,Supply Chain Management,19817,,*,Tulsa,*,*,Campus Resource,Supply Chain Management,5901
*,Tulsa,*,*,*,Supply Chain Management,19817,,*,Tulsa,*,*,Scholarship,Supply Chain Management,5901
*,Washington,*,*,*,Agriculture and Natural Resources-No Preference,14815,,*,Washington,*,*,Endowment,Agriculture and Natural Resources-No Preference,2581
*,Washington,*,*,*,Environmental Studies and Agriscience,682,,*,Washington,*,*,Campus Resource,Environmental Studies and Agriscience,204
*,Washington,*,*,*,Interdisciplinary Studies in Social Science - Social Science Education,14538,,*,Washington,*,*,Campus Resource,Interdisciplinary Studies in Social Science - Social Science Education,171
*,Washington,*,*,*,Interdisciplinary Studies in Social Science - Social Science Education,14538,,*,Washington,*,*,Endowment,Interdisciplinary Studies in Social Science - Social Science Education,535
*,Washington,*,*,*,Packaging,18182,,*,Washington,*,*,Campus Resource,Packaging,1763
*,Washington,*,*,*,Psychology,31771,,*,Washington,*,*,Scholarship,Psychology,5506
*,Washington,*,*,*,Summer Research Program,28927,,*,Washington,*,*,Campus Resource,Summer Research Program,431
*,Washington,*,*,*,Summer Research Program,28927,,*,Washington,*,*,Endowment,Summer Research Program,5240
*,Washington,*,*,*,Urban and Regional Planning,29140,,*,Washington,*,*,Campus Resource,Urban and Regional Planning,676
*,West Valley City,*,*,*,Art History and Visual Culture,24441,,*,West Valley City,*,*,Endowment,Art History and Visual Culture,5361
*,West Valley City,*,*,*,Biomedical Laboratory Science,10341,,*,West Valley City,*,*,Endowment,Biomedical Laboratory Science,2925
*,West Valley City,*,*,*,Political Theory and Constitutional Democracy,27065,,*,West Valley City,*,*,Campus Resource,Political Theory and Constitutional Democracy,7152
*,West Valley City,*,*,*,Political Theory and Constitutional Democracy,27065,,*,West Valley City,*,*,Scholarship,Political Theory and Constitutional Democracy,7152
*,Wichita,*,*,*,Chemical Physics,24209,,*,Wichita,*,*,Endowment,Chemical Physics,6264
*,Wichita,*,*,*,Preoptometry,13905,,*,Wichita,*,*,Scholarship,Preoptometry,2209
