AL,*,*,College of Arts and Sciences,*,*,16951,,AL,Mobile,*,College of Arts and Sciences,*,*,4743
AL,*,*,College of Business,*,*,2842,,AL,Mobile,*,College of Business,*,*,309
AL,*,*,College of Engineering,*,*,12112,,AL,Mobile,*,College of Engineering,*,*,2279
AL,*,*,College of Natural Science,*,*,49811,,AL,Huntsville,*,College of Natural Science,*,*,1609
AL,*,*,College of Natural Science,*,*,49811,,AL,Mobile,*,College of Natural Science,*,*,14711
AL,*,*,Faculty Chair Endowments,*,*,43277,,AL,Huntsville,*,Faculty Chair Endowments,*,*,8974
AL,*,*,Minority Scholarship Fund,*,*,28632,,AL,Mobile,*,Minority Scholarship Fund,*,*,1438
AL,*,*,University Annual Fund,*,*,46383,,AL,Mobile,*,University Annual Fund,*,*,13256
AZ,*,*,Alumni Association,*,*,42386,,AZ,Phoenix,*,Alumni Association,*,*,7836
AZ,*,*,Alumni Association,*,*,42386,,AZ,Tucson,*,Alumni Association,*,*,7196
AZ,*,*,Athletics,*,*,58881,,AZ,Mesa,*,Athletics,*,*,9428
AZ,*,*,Campus Recreation,*,*,7183,,AZ,Scottsdale,*,Campus Recreation,*,*,486
AZ,*,*,College of Agriculture and Natural Resources,*,*,49387,,AZ,Mesa,*,College of Agriculture and Natural Resources,*,*,5544
AZ,*,*,College of Agriculture and Natural Resources,*,*,49387,,AZ,Scottsdale,*,College of Agriculture and Natural Resources,*,*,5680
AZ,*,*,College of Arts and Sciences,*,*,61890,,AZ,Tucson,*,College of Arts and Sciences,*,*,8847
AZ,*,*,College of Business,*,*,39001,,AZ,Mesa,*,College of Business,*,*,6165
AZ,*,*,College of Business,*,*,39001,,AZ,Scottsdale,*,College of Business,*,*,5680
AZ,*,*,College of Natural Science,*,*,58752,,AZ,Tucson,*,College of Natural Science,*,*,6433
AZ,*,*,College of Social Science,*,*,84621,,AZ,Tucson,*,College of Social Science,*,*,794
AZ,*,*,Diversity Fund,*,*,130340,,AZ,Mesa,*,Diversity Fund,*,*,8752
AZ,*,*,Diversity Fund,*,*,130340,,AZ,Scottsdale,*,Diversity Fund,*,*,12994
AZ,*,*,Diversity Fund,*,*,130340,,AZ,Tucson,*,Diversity Fund,*,*,24594
AZ,*,*,Faculty Chair Endowments,*,*,40372,,AZ,Scottsdale,*,Faculty Chair Endowments,*,*,8939
AZ,*,*,Faculty Chair Endowments,*,*,40372,,AZ,Tucson,*,Faculty Chair Endowments,*,*,3865
AZ,*,*,Honors Program,*,*,17905,,AZ,Mesa,*,Honors Program,*,*,833
AZ,*,*,In-State Scholarship Fund,*,*,23205,,AZ,Phoenix,*,In-State Scholarship Fund,*,*,7141
AZ,*,*,In-State Scholarship Fund,*,*,23205,,AZ,Tucson,*,In-State Scholarship Fund,*,*,6830
AZ,*,*,Minority Scholarship Fund,*,*,43965,,AZ,Scottsdale,*,Minority Scholarship Fund,*,*,13706
AZ,*,*,Minority Scholarship Fund,*,*,43965,,AZ,Tucson,*,Minority Scholarship Fund,*,*,9191
AZ,*,*,Parents Association,*,*,34283,,AZ,Mesa,*,Parents Association,*,*,145
AZ,*,*,Parents Association,*,*,34283,,AZ,Tucson,*,Parents Association,*,*,2731
AZ,*,*,Trustees Fund,*,*,146656,,AZ,Mesa,*,Trustees Fund,*,*,12102
AZ,*,*,Trustees Fund,*,*,146656,,AZ,Scottsdale,*,Trustees Fund,*,*,833
AZ,*,*,Trustees Fund,*,*,146656,,AZ,Tucson,*,Trustees Fund,*,*,5620
AZ,*,*,University Annual Fund,*,*,93955,,AZ,Mesa,*,University Annual Fund,*,*,19792
AZ,*,*,University Annual Fund,*,*,93955,,AZ,Scottsdale,*,University Annual Fund,*,*,9728
AZ,*,*,University Annual Fund,*,*,93955,,AZ,Tucson,*,University Annual Fund,*,*,4792
AZ,*,*,University Libraries,*,*,21278,,AZ,Phoenix,*,University Libraries,*,*,1284
CA,*,*,Alumni Association,*,*,48536,,CA,Fresno,*,Alumni Association,*,*,427
CA,*,*,Alumni Association,*,*,48536,,CA,Los Angeles,*,Alumni Association,*,*,2577
CA,*,*,Alumni Association,*,*,48536,,CA,San Diego,*,Alumni Association,*,*,2390
CA,*,*,Athletics,*,*,98369,,CA,Anaheim,*,Athletics,*,*,4636
CA,*,*,Athletics,*,*,98369,,CA,Fresno,*,Athletics,*,*,24870
CA,*,*,Athletics,*,*,98369,,CA,Los Angeles,*,Athletics,*,*,25777
CA,*,*,Athletics,*,*,98369,,CA,Sacramento,*,Athletics,*,*,2779
CA,*,*,Campus Museums,*,*,74249,,CA,Anaheim,*,Campus Museums,*,*,1122
CA,*,*,Campus Museums,*,*,74249,,CA,Fresno,*,Campus Museums,*,*,8028
CA,*,*,Campus Museums,*,*,74249,,CA,Sacramento,*,Campus Museums,*,*,4782
CA,*,*,Campus Museums,*,*,74249,,CA,San Diego,*,Campus Museums,*,*,5678
CA,*,*,Campus Museums,*,*,74249,,CA,San Francisco,*,Campus Museums,*,*,11111
CA,*,*,Campus Recreation,*,*,64256,,CA,Anaheim,*,Campus Recreation,*,*,9425
CA,*,*,Campus Recreation,*,*,64256,,CA,Fresno,*,Campus Recreation,*,*,1538
CA,*,*,Campus Recreation,*,*,64256,,CA,Los Angeles,*,Campus Recreation,*,*,7579
CA,*,*,Campus Recreation,*,*,64256,,CA,Sacramento,*,Campus Recreation,*,*,11390
CA,*,*,Campus Recreation,*,*,64256,,CA,San Diego,*,Campus Recreation,*,*,2910
CA,*,*,College of Agriculture and Natural Resources,*,*,110015,,CA,Sacramento,*,College of Agriculture and Natural Resources,*,*,650
CA,*,*,College of Agriculture and Natural Resources,*,*,110015,,CA,San Diego,*,College of Agriculture and Natural Resources,*,*,5425
CA,*,*,College of Arts and Sciences,*,*,221852,,CA,Anaheim,*,College of Arts and Sciences,*,*,6892
CA,*,*,College of Arts and Sciences,*,*,221852,,CA,Fresno,*,College of Arts and Sciences,*,*,10889
CA,*,*,College of Arts and Sciences,*,*,221852,,CA,Sacramento,*,College of Arts and Sciences,*,*,15679
CA,*,*,College of Arts and Sciences,*,*,221852,,CA,San Diego,*,College of Arts and Sciences,*,*,22898
CA,*,*,College of Business,*,*,51149,,CA,Fresno,*,College of Business,*,*,2396
CA,*,*,College of Business,*,*,51149,,CA,San Diego,*,College of Business,*,*,2817
CA,*,*,College of Communication Arts and Sciences,*,*,65650,,CA,Sacramento,*,College of Communication Arts and Sciences,*,*,5669
CA,*,*,College of Communication Arts and Sciences,*,*,65650,,CA,San Diego,*,College of Communication Arts and Sciences,*,*,6559
CA,*,*,College of Communication Arts and Sciences,*,*,65650,,CA,San Francisco,*,College of Communication Arts and Sciences,*,*,14668
CA,*,*,College of Education,*,*,61105,,CA,Los Angeles,*,College of Education,*,*,19779
CA,*,*,College of Education,*,*,61105,,CA,San Diego,*,College of Education,*,*,3219
CA,*,*,College of Engineering,*,*,42043,,CA,Fresno,*,College of Engineering,*,*,9471
CA,*,*,College of Engineering,*,*,42043,,CA,San Francisco,*,College of Engineering,*,*,9322
CA,*,*,College of Music,*,*,24964,,CA,Anaheim,*,College of Music,*,*,2045
CA,*,*,College of Music,*,*,24964,,CA,Los Angeles,*,College of Music,*,*,1839
CA,*,*,College of Music,*,*,24964,,CA,Sacramento,*,College of Music,*,*,6339
CA,*,*,College of Natural Science,*,*,255476,,CA,Anaheim,*,College of Natural Science,*,*,32827
CA,*,*,College of Natural Science,*,*,255476,,CA,Fresno,*,College of Natural Science,*,*,25692
CA,*,*,College of Natural Science,*,*,255476,,CA,Los Angeles,*,College of Natural Science,*,*,58436
CA,*,*,College of Natural Science,*,*,255476,,CA,San Diego,*,College of Natural Science,*,*,71954
CA,*,*,College of Natural Science,*,*,255476,,CA,San Francisco,*,College of Natural Science,*,*,66567
CA,*,*,College of Political Science,*,*,33375,,CA,Fresno,*,College of Political Science,*,*,2639
CA,*,*,College of Political Science,*,*,33375,,CA,Los Angeles,*,College of Political Science,*,*,5114
CA,*,*,College of Social Science,*,*,98484,,CA,San Diego,*,College of Social Science,*,*,21509
CA,*,*,College of Social Science,*,*,98484,,CA,San Francisco,*,College of Social Science,*,*,20085
CA,*,*,College of Veterinary Medicine,*,*,946,,CA,San Diego,*,College of Veterinary Medicine,*,*,43
CA,*,*,Diversity Fund,*,*,318826,,CA,Anaheim,*,Diversity Fund,*,*,25483
CA,*,*,Diversity Fund,*,*,318826,,CA,Fresno,*,Diversity Fund,*,*,17127
CA,*,*,Diversity Fund,*,*,318826,,CA,Los Angeles,*,Diversity Fund,*,*,85686
CA,*,*,Diversity Fund,*,*,318826,,CA,Sacramento,*,Diversity Fund,*,*,20543
CA,*,*,Diversity Fund,*,*,318826,,CA,San Diego,*,Diversity Fund,*,*,33744
CA,*,*,Faculty Chair Endowments,*,*,167935,,CA,Fresno,*,Faculty Chair Endowments,*,*,35848
CA,*,*,Faculty Chair Endowments,*,*,167935,,CA,Sacramento,*,Faculty Chair Endowments,*,*,8700
CA,*,*,Faculty Chair Endowments,*,*,167935,,CA,San Diego,*,Faculty Chair Endowments,*,*,17161
CA,*,*,Faculty Chair Endowments,*,*,167935,,CA,San Francisco,*,Faculty Chair Endowments,*,*,28108
CA,*,*,Honors Program,*,*,96351,,CA,Fresno,*,Honors Program,*,*,9185
CA,*,*,Honors Program,*,*,96351,,CA,Sacramento,*,Honors Program,*,*,2779
CA,*,*,Honors Program,*,*,96351,,CA,San Diego,*,Honors Program,*,*,6403
CA,*,*,In-State Scholarship Fund,*,*,88801,,CA,Fresno,*,In-State Scholarship Fund,*,*,13832
CA,*,*,In-State Scholarship Fund,*,*,88801,,CA,San Diego,*,In-State Scholarship Fund,*,*,16079
CA,*,*,In-State Scholarship Fund,*,*,88801,,CA,San Francisco,*,In-State Scholarship Fund,*,*,27153
CA,*,*,Minority Scholarship Fund,*,*,70242,,CA,San Diego,*,Minority Scholarship Fund,*,*,7333
CA,*,*,Minority Scholarship Fund,*,*,70242,,CA,San Francisco,*,Minority Scholarship Fund,*,*,11545
CA,*,*,Parents Association,*,*,107254,,CA,Fresno,*,Parents Association,*,*,26992
CA,*,*,Parents Association,*,*,107254,,CA,Los Angeles,*,Parents Association,*,*,18821
CA,*,*,Parents Association,*,*,107254,,CA,Sacramento,*,Parents Association,*,*,21855
CA,*,*,Parents Association,*,*,107254,,CA,San Diego,*,Parents Association,*,*,10909
CA,*,*,Parents Association,*,*,107254,,CA,San Francisco,*,Parents Association,*,*,28677
CA,*,*,Trustees Fund,*,*,239255,,CA,Fresno,*,Trustees Fund,*,*,26172
CA,*,*,Trustees Fund,*,*,239255,,CA,Los Angeles,*,Trustees Fund,*,*,61590
CA,*,*,Trustees Fund,*,*,239255,,CA,Sacramento,*,Trustees Fund,*,*,5051
CA,*,*,Trustees Fund,*,*,239255,,CA,San Diego,*,Trustees Fund,*,*,26345
CA,*,*,University Annual Fund,*,*,337253,,CA,Anaheim,*,University Annual Fund,*,*,19853
CA,*,*,University Annual Fund,*,*,337253,,CA,Fresno,*,University Annual Fund,*,*,16061
CA,*,*,University Annual Fund,*,*,337253,,CA,Los Angeles,*,University Annual Fund,*,*,74936
CA,*,*,University Annual Fund,*,*,337253,,CA,Sacramento,*,University Annual Fund,*,*,25470
CA,*,*,University Annual Fund,*,*,337253,,CA,San Diego,*,University Annual Fund,*,*,59857
CA,*,*,University Libraries,*,*,68606,,CA,San Diego,*,University Libraries,*,*,3885
CO,*,*,Alumni Association,*,*,93292.5,,CO,Colorado Springs,*,Alumni Association,*,*,7986
CO,*,*,Campus Museums,*,*,133813.5,,CO,Colorado Springs,*,Campus Museums,*,*,9309
CO,*,*,College of Agriculture and Natural Resources,*,*,201180.5,,CO,Colorado Springs,*,College of Agriculture and Natural Resources,*,*,8396
CO,*,*,College of Arts and Sciences,*,*,262681.5,,CO,Colorado Springs,*,College of Arts and Sciences,*,*,8151
CO,*,*,College of Business,*,*,69945.0,,CO,Colorado Springs,*,College of Business,*,*,17199
CO,*,*,College of Engineering,*,*,112075.5,,CO,Colorado Springs,*,College of Engineering,*,*,30636
CO,*,*,College of Music,*,*,37168.5,,CO,Colorado Springs,*,College of Music,*,*,4887
CO,*,*,College of Natural Science,*,*,173459.0,,CO,Colorado Springs,*,College of Natural Science,*,*,22349
CO,*,*,College of Social Science,*,*,249646.0,,CO,Colorado Springs,*,College of Social Science,*,*,16069
CO,*,*,Diversity Fund,*,*,269656.5,,CO,Colorado Springs,*,Diversity Fund,*,*,31185
CO,*,*,Faculty Chair Endowments,*,*,265769.0,,CO,Colorado Springs,*,Faculty Chair Endowments,*,*,34193
CO,*,*,Minority Scholarship Fund,*,*,85076.5,,CO,Colorado Springs,*,Minority Scholarship Fund,*,*,3820
CO,*,*,Parents Association,*,*,97546.5,,CO,Colorado Springs,*,Parents Association,*,*,25572
CO,*,*,Trustees Fund,*,*,220628.0,,CO,Colorado Springs,*,Trustees Fund,*,*,23237
CO,*,*,University Annual Fund,*,*,328901.0,,CO,Colorado Springs,*,University Annual Fund,*,*,32954
CO,*,*,University Libraries,*,*,87344.5,,CO,Colorado Springs,*,University Libraries,*,*,5074
CT,*,*,Campus Recreation,*,*,3607,,CT,Hartford,*,Campus Recreation,*,*,1105
CT,*,*,College of Agriculture and Natural Resources,*,*,29810,,CT,New Haven,*,College of Agriculture and Natural Resources,*,*,2502
CT,*,*,College of Business,*,*,26844,,CT,New Haven,*,College of Business,*,*,8725
CT,*,*,Faculty Chair Endowments,*,*,30186,,CT,New Haven,*,Faculty Chair Endowments,*,*,1106
CT,*,*,University Annual Fund,*,*,59795,,CT,New Haven,*,University Annual Fund,*,*,19300
FL,*,*,Athletics,*,*,13857,,FL,Jacksonville,*,Athletics,*,*,2245
FL,*,*,Campus Museums,*,*,12127,,FL,Miami,*,Campus Museums,*,*,1080
FL,*,*,Campus Museums,*,*,12127,,FL,Orlando,*,Campus Museums,*,*,3263
FL,*,*,Campus Recreation,*,*,24064,,FL,Orlando,*,Campus Recreation,*,*,5976
FL,*,*,Campus Recreation,*,*,24064,,FL,Tallahassee,*,Campus Recreation,*,*,2982
FL,*,*,College of Agriculture and Natural Resources,*,*,84787,,FL,Fort Lauderdale,*,College of Agriculture and Natural Resources,*,*,5107
FL,*,*,College of Agriculture and Natural Resources,*,*,84787,,FL,Jacksonville,*,College of Agriculture and Natural Resources,*,*,7578
FL,*,*,College of Agriculture and Natural Resources,*,*,84787,,FL,Miami,*,College of Agriculture and Natural Resources,*,*,25368
FL,*,*,College of Agriculture and Natural Resources,*,*,84787,,FL,Tallahassee,*,College of Agriculture and Natural Resources,*,*,17663
FL,*,*,College of Arts and Sciences,*,*,97705,,FL,Fort Lauderdale,*,College of Arts and Sciences,*,*,26900
FL,*,*,College of Arts and Sciences,*,*,97705,,FL,Jacksonville,*,College of Arts and Sciences,*,*,8450
FL,*,*,College of Arts and Sciences,*,*,97705,,FL,Miami,*,College of Arts and Sciences,*,*,29179
FL,*,*,College of Arts and Sciences,*,*,97705,,FL,Orlando,*,College of Arts and Sciences,*,*,24456
FL,*,*,College of Arts and Sciences,*,*,97705,,FL,Tallahassee,*,College of Arts and Sciences,*,*,8720
FL,*,*,College of Natural Science,*,*,56256,,FL,Fort Lauderdale,*,College of Natural Science,*,*,8085
FL,*,*,College of Natural Science,*,*,56256,,FL,Jacksonville,*,College of Natural Science,*,*,7534
FL,*,*,College of Natural Science,*,*,56256,,FL,Miami,*,College of Natural Science,*,*,11882
FL,*,*,College of Natural Science,*,*,56256,,FL,Orlando,*,College of Natural Science,*,*,8530
FL,*,*,College of Political Science,*,*,9482,,FL,Jacksonville,*,College of Political Science,*,*,1587
FL,*,*,College of Social Science,*,*,69502,,FL,Jacksonville,*,College of Social Science,*,*,14156
FL,*,*,College of Social Science,*,*,69502,,FL,Tallahassee,*,College of Social Science,*,*,794
FL,*,*,Diversity Fund,*,*,156782,,FL,Fort Lauderdale,*,Diversity Fund,*,*,3896
FL,*,*,Diversity Fund,*,*,156782,,FL,Jacksonville,*,Diversity Fund,*,*,27672
FL,*,*,Diversity Fund,*,*,156782,,FL,Miami,*,Diversity Fund,*,*,48116
FL,*,*,Diversity Fund,*,*,156782,,FL,Orlando,*,Diversity Fund,*,*,38724
FL,*,*,Diversity Fund,*,*,156782,,FL,Tallahassee,*,Diversity Fund,*,*,38374
FL,*,*,Faculty Chair Endowments,*,*,64032,,FL,Tallahassee,*,Faculty Chair Endowments,*,*,8819
FL,*,*,Honors Program,*,*,29724,,FL,Jacksonville,*,Honors Program,*,*,9582
FL,*,*,Honors Program,*,*,29724,,FL,Miami,*,Honors Program,*,*,9717
FL,*,*,Honors Program,*,*,29724,,FL,Orlando,*,Honors Program,*,*,1606
FL,*,*,Honors Program,*,*,29724,,FL,Tallahassee,*,Honors Program,*,*,8819
FL,*,*,Minority Scholarship Fund,*,*,76129,,FL,Jacksonville,*,Minority Scholarship Fund,*,*,2553
FL,*,*,Minority Scholarship Fund,*,*,76129,,FL,Tallahassee,*,Minority Scholarship Fund,*,*,14239
FL,*,*,Parents Association,*,*,26519,,FL,Jacksonville,*,Parents Association,*,*,1556
FL,*,*,Trustees Fund,*,*,124815,,FL,Jacksonville,*,Trustees Fund,*,*,18416
FL,*,*,Trustees Fund,*,*,124815,,FL,Miami,*,Trustees Fund,*,*,31183
FL,*,*,Trustees Fund,*,*,124815,,FL,Orlando,*,Trustees Fund,*,*,39907
FL,*,*,Trustees Fund,*,*,124815,,FL,Tallahassee,*,Trustees Fund,*,*,35309
FL,*,*,University Annual Fund,*,*,179714,,FL,Fort Lauderdale,*,University Annual Fund,*,*,4018
FL,*,*,University Annual Fund,*,*,179714,,FL,Jacksonville,*,University Annual Fund,*,*,19966
FL,*,*,University Annual Fund,*,*,179714,,FL,Miami,*,University Annual Fund,*,*,42441
FL,*,*,University Annual Fund,*,*,179714,,FL,Orlando,*,University Annual Fund,*,*,42245
FL,*,*,University Libraries,*,*,19962,,FL,Orlando,*,University Libraries,*,*,41
GA,*,*,College of Agriculture and Natural Resources,*,*,20564,,GA,Savannah,*,College of Agriculture and Natural Resources,*,*,36
GA,*,*,College of Arts and Sciences,*,*,32231,,GA,Atlanta,*,College of Arts and Sciences,*,*,6399
GA,*,*,College of Natural Science,*,*,57373,,GA,Savannah,*,College of Natural Science,*,*,14707
GA,*,*,College of Social Science,*,*,11411,,GA,Savannah,*,College of Social Science,*,*,3180
GA,*,*,Diversity Fund,*,*,32594,,GA,Savannah,*,Diversity Fund,*,*,8801
GA,*,*,University Annual Fund,*,*,61993,,GA,Savannah,*,University Annual Fund,*,*,14803
IA,*,*,College of Social Science,*,*,14837,,IA,Des Moines,*,College of Social Science,*,*,1587
IA,*,*,Faculty Chair Endowments,*,*,5396,,IA,Des Moines,*,Faculty Chair Endowments,*,*,383
IA,*,*,In-State Scholarship Fund,*,*,10393,,IA,Cedar Rapids,*,In-State Scholarship Fund,*,*,3267
IA,*,*,University Annual Fund,*,*,16987,,IA,Des Moines,*,University Annual Fund,*,*,1587
IA,*,*,University Libraries,*,*,9880,,IA,Cedar Rapids,*,University Libraries,*,*,3024
IL,*,*,Alumni Association,*,*,24333,,IL,Springfield,*,Alumni Association,*,*,2877
IL,*,*,Athletics,*,*,71156,,IL,Naperville,*,Athletics,*,*,12318
IL,*,*,College of Agriculture and Natural Resources,*,*,29668,,IL,Naperville,*,College of Agriculture and Natural Resources,*,*,1780
IL,*,*,College of Agriculture and Natural Resources,*,*,29668,,IL,Springfield,*,College of Agriculture and Natural Resources,*,*,4962
IL,*,*,College of Arts and Sciences,*,*,85892,,IL,Naperville,*,College of Arts and Sciences,*,*,8685
IL,*,*,College of Education,*,*,21416,,IL,Springfield,*,College of Education,*,*,6838
IL,*,*,College of Natural Science,*,*,116028,,IL,Naperville,*,College of Natural Science,*,*,8979
IL,*,*,College of Social Science,*,*,52444,,IL,Springfield,*,College of Social Science,*,*,2002
IL,*,*,Diversity Fund,*,*,544105,,IL,Springfield,*,Diversity Fund,*,*,14548
IL,*,*,Faculty Chair Endowments,*,*,88928,,IL,Naperville,*,Faculty Chair Endowments,*,*,16355
IL,*,*,Trustees Fund,*,*,100214,,IL,Naperville,*,Trustees Fund,*,*,27989
IL,*,*,Trustees Fund,*,*,100214,,IL,Springfield,*,Trustees Fund,*,*,6313
IL,*,*,University Annual Fund,*,*,78478,,IL,Naperville,*,University Annual Fund,*,*,7275
IL,*,*,University Annual Fund,*,*,78478,,IL,Springfield,*,University Annual Fund,*,*,15159
KS,*,*,Alumni Association,*,*,6708,,KS,Kansas City,*,Alumni Association,*,*,1454
KS,*,*,Alumni Association,*,*,6708,,KS,Overland Park,*,Alumni Association,*,*,605
KS,*,*,Athletics,*,*,21099,,KS,Overland Park,*,Athletics,*,*,4875
KS,*,*,Campus Museums,*,*,32616,,KS,Wichita,*,Campus Museums,*,*,7047
KS,*,*,Campus Recreation,*,*,4954,,KS,Overland Park,*,Campus Recreation,*,*,714
KS,*,*,College of Agriculture and Natural Resources,*,*,17456,,KS,Wichita,*,College of Agriculture and Natural Resources,*,*,4258
KS,*,*,College of Arts and Sciences,*,*,49755,,KS,Wichita,*,College of Arts and Sciences,*,*,6405
KS,*,*,College of Natural Science,*,*,58837,,KS,Kansas City,*,College of Natural Science,*,*,6779
KS,*,*,College of Social Science,*,*,79039,,KS,Wichita,*,College of Social Science,*,*,3691
KS,*,*,Diversity Fund,*,*,51204,,KS,Kansas City,*,Diversity Fund,*,*,13152
KS,*,*,Diversity Fund,*,*,51204,,KS,Overland Park,*,Diversity Fund,*,*,9329
KS,*,*,Faculty Chair Endowments,*,*,51824,,KS,Kansas City,*,Faculty Chair Endowments,*,*,15013
KS,*,*,Faculty Chair Endowments,*,*,51824,,KS,Wichita,*,Faculty Chair Endowments,*,*,8941
KS,*,*,Honors Program,*,*,28247,,KS,Kansas City,*,Honors Program,*,*,6197
KS,*,*,Trustees Fund,*,*,37246,,KS,Kansas City,*,Trustees Fund,*,*,8352
KS,*,*,Trustees Fund,*,*,37246,,KS,Wichita,*,Trustees Fund,*,*,8337
KS,*,*,University Annual Fund,*,*,53428,,KS,Kansas City,*,University Annual Fund,*,*,368
KY,*,*,College of Arts and Sciences,*,*,10405,,KY,Lexington,*,College of Arts and Sciences,*,*,936
KY,*,*,College of Natural Science,*,*,33070,,KY,Lexington,*,College of Natural Science,*,*,4238
KY,*,*,Faculty Chair Endowments,*,*,39444,,KY,Lexington,*,Faculty Chair Endowments,*,*,12917
KY,*,*,Parents Association,*,*,12306,,KY,Lexington,*,Parents Association,*,*,2639
LA,*,*,Faculty Chair Endowments,*,*,36293,,LA,New Orleans,*,Faculty Chair Endowments,*,*,7610
MI,*,*,Alumni Association,*,*,17572,,MI,Lansing,*,Alumni Association,*,*,1967
MI,*,*,Campus Museums,*,*,48289,,MI,Lansing,*,Campus Museums,*,*,6361
MI,*,*,College of Agriculture and Natural Resources,*,*,30030,,MI,Grand Rapids,*,College of Agriculture and Natural Resources,*,*,9396
MI,*,*,College of Agriculture and Natural Resources,*,*,30030,,MI,Lansing,*,College of Agriculture and Natural Resources,*,*,8963
MI,*,*,College of Arts and Sciences,*,*,60170,,MI,Lansing,*,College of Arts and Sciences,*,*,4228
MI,*,*,College of Business,*,*,17568,,MI,Grand Rapids,*,College of Business,*,*,3207
MI,*,*,College of Engineering,*,*,21561,,MI,Lansing,*,College of Engineering,*,*,5384
MI,*,*,College of Natural Science,*,*,80393,,MI,Grand Rapids,*,College of Natural Science,*,*,4022
MI,*,*,College of Social Science,*,*,19279,,MI,Detroit,*,College of Social Science,*,*,816
MI,*,*,Diversity Fund,*,*,61358,,MI,Detroit,*,Diversity Fund,*,*,15780
MI,*,*,Diversity Fund,*,*,61358,,MI,Grand Rapids,*,Diversity Fund,*,*,12768
MI,*,*,Faculty Chair Endowments,*,*,90523,,MI,Grand Rapids,*,Faculty Chair Endowments,*,*,14482
MI,*,*,Honors Program,*,*,43972,,MI,Lansing,*,Honors Program,*,*,13422
MI,*,*,In-State Scholarship Fund,*,*,33647,,MI,Lansing,*,In-State Scholarship Fund,*,*,9364
MI,*,*,Trustees Fund,*,*,118279,,MI,Grand Rapids,*,Trustees Fund,*,*,11288
MI,*,*,University Annual Fund,*,*,65645,,MI,Detroit,*,University Annual Fund,*,*,14431
MI,*,*,University Annual Fund,*,*,65645,,MI,Grand Rapids,*,University Annual Fund,*,*,18347
MN,*,*,Campus Museums,*,*,7578,,MN,Minneapolis,*,Campus Museums,*,*,740
MN,*,*,Diversity Fund,*,*,6865,,MN,St. Paul,*,Diversity Fund,*,*,1047
MN,*,*,Faculty Chair Endowments,*,*,33199,,MN,St. Paul,*,Faculty Chair Endowments,*,*,3438
MO,*,*,Campus Recreation,*,*,7885,,MO,St. Louis,*,Campus Recreation,*,*,267
MO,*,*,College of Agriculture and Natural Resources,*,*,48517,,MO,St. Louis,*,College of Agriculture and Natural Resources,*,*,10800
MO,*,*,College of Arts and Sciences,*,*,48758,,MO,St. Louis,*,College of Arts and Sciences,*,*,6965
MO,*,*,College of Communication Arts and Sciences,*,*,7731,,MO,St. Louis,*,College of Communication Arts and Sciences,*,*,149
MO,*,*,College of Education,*,*,7210,,MO,St. Louis,*,College of Education,*,*,1715
MO,*,*,College of Natural Science,*,*,282900,,MO,Kansas City,*,College of Natural Science,*,*,36718
MO,*,*,College of Social Science,*,*,17202,,MO,Kansas City,*,College of Social Science,*,*,4985
MO,*,*,Faculty Chair Endowments,*,*,56104,,MO,St. Louis,*,Faculty Chair Endowments,*,*,11987
MO,*,*,Honors Program,*,*,18967,,MO,St. Louis,*,Honors Program,*,*,6195
MO,*,*,In-State Scholarship Fund,*,*,21678,,MO,Kansas City,*,In-State Scholarship Fund,*,*,3677
MO,*,*,Parents Association,*,*,3390,,MO,St. Louis,*,Parents Association,*,*,345
MO,*,*,University Libraries,*,*,26688,,MO,Kansas City,*,University Libraries,*,*,1906
NC,*,*,Alumni Association,*,*,44414,,NC,Durham,*,Alumni Association,*,*,6378
NC,*,*,Alumni Association,*,*,44414,,NC,Raleigh,*,Alumni Association,*,*,11005
NC,*,*,Athletics,*,*,13450,,NC,Charlotte,*,Athletics,*,*,3514
NC,*,*,Campus Recreation,*,*,21570,,NC,Raleigh,*,Campus Recreation,*,*,2808
NC,*,*,College of Arts and Sciences,*,*,27866,,NC,Charlotte,*,College of Arts and Sciences,*,*,6288
NC,*,*,College of Arts and Sciences,*,*,27866,,NC,Durham,*,College of Arts and Sciences,*,*,3784
NC,*,*,College of Arts and Sciences,*,*,27866,,NC,Raleigh,*,College of Arts and Sciences,*,*,5543
NC,*,*,College of Communication Arts and Sciences,*,*,29354,,NC,Charlotte,*,College of Communication Arts and Sciences,*,*,9277
NC,*,*,College of Communication Arts and Sciences,*,*,29354,,NC,Durham,*,College of Communication Arts and Sciences,*,*,9626
NC,*,*,College of Communication Arts and Sciences,*,*,29354,,NC,Raleigh,*,College of Communication Arts and Sciences,*,*,2872
NC,*,*,College of Communication Arts and Sciences,*,*,29354,,NC,Winston-salem,*,College of Communication Arts and Sciences,*,*,7579
NC,*,*,College of Education,*,*,13899,,NC,Durham,*,College of Education,*,*,4607
NC,*,*,College of Engineering,*,*,11225,,NC,Durham,*,College of Engineering,*,*,1362
NC,*,*,College of Natural Science,*,*,22185,,NC,Durham,*,College of Natural Science,*,*,7374
NC,*,*,College of Natural Science,*,*,22185,,NC,Raleigh,*,College of Natural Science,*,*,584
NC,*,*,College of Nursing,*,*,7314,,NC,Durham,*,College of Nursing,*,*,267
NC,*,*,College of Social Science,*,*,57910,,NC,Charlotte,*,College of Social Science,*,*,15168
NC,*,*,Diversity Fund,*,*,55389,,NC,Charlotte,*,Diversity Fund,*,*,10955
NC,*,*,Diversity Fund,*,*,55389,,NC,Durham,*,Diversity Fund,*,*,9990
NC,*,*,Faculty Chair Endowments,*,*,89282,,NC,Raleigh,*,Faculty Chair Endowments,*,*,8181
NC,*,*,Honors Program,*,*,22575,,NC,Raleigh,*,Honors Program,*,*,83
NC,*,*,Minority Scholarship Fund,*,*,29402,,NC,Raleigh,*,Minority Scholarship Fund,*,*,7292
NC,*,*,Trustees Fund,*,*,49091,,NC,Charlotte,*,Trustees Fund,*,*,103
NC,*,*,University Annual Fund,*,*,43603,,NC,Raleigh,*,University Annual Fund,*,*,9490
NE,*,*,Campus Museums,*,*,16618,,NE,Omaha,*,Campus Museums,*,*,4738
NE,*,*,Campus Recreation,*,*,6396,,NE,Omaha,*,Campus Recreation,*,*,19
NE,*,*,College of Agriculture and Natural Resources,*,*,8555,,NE,Omaha,*,College of Agriculture and Natural Resources,*,*,2209
NE,*,*,Diversity Fund,*,*,24838,,NE,Lincoln,*,Diversity Fund,*,*,3648
NE,*,*,In-State Scholarship Fund,*,*,18285,,NE,Lincoln,*,In-State Scholarship Fund,*,*,417
NE,*,*,Minority Scholarship Fund,*,*,25103,,NE,Omaha,*,Minority Scholarship Fund,*,*,7897
NV,*,*,Athletics,*,*,14971,,NV,Henderson,*,Athletics,*,*,434
NV,*,*,Campus Recreation,*,*,15096,,NV,North Las Vegas,*,Campus Recreation,*,*,307
NV,*,*,College of Agriculture and Natural Resources,*,*,33841,,NV,Reno,*,College of Agriculture and Natural Resources,*,*,5385
NV,*,*,College of Arts and Sciences,*,*,48081,,NV,North Las Vegas,*,College of Arts and Sciences,*,*,13535
NV,*,*,College of Engineering,*,*,6821,,NV,Las Vegas,*,College of Engineering,*,*,1758
NV,*,*,College of Natural Science,*,*,20017,,NV,Henderson,*,College of Natural Science,*,*,2966
NV,*,*,College of Social Science,*,*,23279,,NV,North Las Vegas,*,College of Social Science,*,*,6474
NV,*,*,Diversity Fund,*,*,36849,,NV,Henderson,*,Diversity Fund,*,*,8704
NV,*,*,Diversity Fund,*,*,36849,,NV,North Las Vegas,*,Diversity Fund,*,*,6676
NV,*,*,Diversity Fund,*,*,36849,,NV,Reno,*,Diversity Fund,*,*,4658
NV,*,*,Faculty Chair Endowments,*,*,42151,,NV,Las Vegas,*,Faculty Chair Endowments,*,*,8860
NV,*,*,Faculty Chair Endowments,*,*,42151,,NV,Reno,*,Faculty Chair Endowments,*,*,10437
NV,*,*,Parents Association,*,*,51480,,NV,Henderson,*,Parents Association,*,*,2898
NV,*,*,Parents Association,*,*,51480,,NV,Reno,*,Parents Association,*,*,13732
NV,*,*,Trustees Fund,*,*,58575,,NV,Las Vegas,*,Trustees Fund,*,*,15276
NV,*,*,Trustees Fund,*,*,58575,,NV,Reno,*,Trustees Fund,*,*,6733
NV,*,*,University Annual Fund,*,*,52159,,NV,Las Vegas,*,University Annual Fund,*,*,9640
NV,*,*,University Annual Fund,*,*,52159,,NV,North Las Vegas,*,University Annual Fund,*,*,16071
NV,*,*,University Annual Fund,*,*,52159,,NV,Reno,*,University Annual Fund,*,*,4948
NY,*,*,Alumni Association,*,*,34395,,NY,Syracuse,*,Alumni Association,*,*,1367
NY,*,*,Athletics,*,*,50048,,NY,Syracuse,*,Athletics,*,*,1920
NY,*,*,College of Agriculture and Natural Resources,*,*,50596,,NY,Rochester,*,College of Agriculture and Natural Resources,*,*,3496
NY,*,*,College of Arts and Sciences,*,*,83531,,NY,Rochester,*,College of Arts and Sciences,*,*,7753
NY,*,*,College of Arts and Sciences,*,*,83531,,NY,Syracuse,*,College of Arts and Sciences,*,*,3896
NY,*,*,College of Natural Science,*,*,110195,,NY,Rochester,*,College of Natural Science,*,*,22852
NY,*,*,College of Natural Science,*,*,110195,,NY,Syracuse,*,College of Natural Science,*,*,6032
NY,*,*,College of Social Science,*,*,60806,,NY,Syracuse,*,College of Social Science,*,*,14764
NY,*,*,Diversity Fund,*,*,106355,,NY,Syracuse,*,Diversity Fund,*,*,5870
NY,*,*,Faculty Chair Endowments,*,*,89711,,NY,Rochester,*,Faculty Chair Endowments,*,*,15330
NY,*,*,Faculty Chair Endowments,*,*,89711,,NY,Syracuse,*,Faculty Chair Endowments,*,*,6862
NY,*,*,In-State Scholarship Fund,*,*,54809,,NY,Rochester,*,In-State Scholarship Fund,*,*,14190
NY,*,*,In-State Scholarship Fund,*,*,54809,,NY,Syracuse,*,In-State Scholarship Fund,*,*,5656
NY,*,*,Minority Scholarship Fund,*,*,21505,,NY,Syracuse,*,Minority Scholarship Fund,*,*,1812
NY,*,*,Trustees Fund,*,*,55343,,NY,Rochester,*,Trustees Fund,*,*,4164
NY,*,*,Trustees Fund,*,*,55343,,NY,Syracuse,*,Trustees Fund,*,*,1707
NY,*,*,University Annual Fund,*,*,135597,,NY,Rochester,*,University Annual Fund,*,*,30413
NY,*,*,University Annual Fund,*,*,135597,,NY,Syracuse,*,University Annual Fund,*,*,2464
NY,*,*,University Libraries,*,*,21926,,NY,Rochester,*,University Libraries,*,*,2576
OH,*,*,College of Agriculture and Natural Resources,*,*,46633,,OH,Cleveland,*,College of Agriculture and Natural Resources,*,*,8538
OH,*,*,College of Arts and Sciences,*,*,50260,,OH,Cleveland,*,College of Arts and Sciences,*,*,14500
OH,*,*,College of Music,*,*,21600,,OH,Cleveland,*,College of Music,*,*,6757
OH,*,*,College of Natural Science,*,*,112293,,OH,Cleveland,*,College of Natural Science,*,*,11183
OH,*,*,College of Social Science,*,*,56558,,OH,Cleveland,*,College of Social Science,*,*,1793
OH,*,*,Diversity Fund,*,*,32658,,OH,Cleveland,*,Diversity Fund,*,*,7050
OH,*,*,Faculty Chair Endowments,*,*,78440,,OH,Cleveland,*,Faculty Chair Endowments,*,*,7928
OH,*,*,Trustees Fund,*,*,56615,,OH,Cleveland,*,Trustees Fund,*,*,14374
OH,*,*,University Annual Fund,*,*,94282,,OH,Cleveland,*,University Annual Fund,*,*,21242
OK,*,*,Campus Museums,*,*,24024,,OK,Tulsa,*,Campus Museums,*,*,5901
OK,*,*,Honors Program,*,*,17636,,OK,Tulsa,*,Honors Program,*,*,5275
OR,*,*,Athletics,*,*,16777,,OR,Eugene,*,Athletics,*,*,3564
OR,*,*,Campus Museums,*,*,15674,,OR,Portland,*,Campus Museums,*,*,1395
OR,*,*,Campus Museums,*,*,15674,,OR,Salem,*,Campus Museums,*,*,3724
OR,*,*,College of Social Science,*,*,34281,,OR,Portland,*,College of Social Science,*,*,3254
OR,*,*,Honors Program,*,*,12953,,OR,Portland,*,Honors Program,*,*,4269
OR,*,*,In-State Scholarship Fund,*,*,16524,,OR,Portland,*,In-State Scholarship Fund,*,*,4256
OR,*,*,In-State Scholarship Fund,*,*,16524,,OR,Salem,*,In-State Scholarship Fund,*,*,3978
OR,*,*,Trustees Fund,*,*,31154,,OR,Eugene,*,Trustees Fund,*,*,4839
OR,*,*,Trustees Fund,*,*,31154,,OR,Salem,*,Trustees Fund,*,*,10056
OR,*,*,University Annual Fund,*,*,34989,,OR,Eugene,*,University Annual Fund,*,*,7398
OR,*,*,University Annual Fund,*,*,34989,,OR,Salem,*,University Annual Fund,*,*,8133
OR,*,*,University Libraries,*,*,20833,,OR,Salem,*,University Libraries,*,*,5309
PA,*,*,Diversity Fund,*,*,13578,,PA,Pittsburgh,*,Diversity Fund,*,*,2162
PA,*,*,Faculty Chair Endowments,*,*,42215,,PA,Pittsburgh,*,Faculty Chair Endowments,*,*,10848
PA,*,*,Parents Association,*,*,23516,,PA,Pittsburgh,*,Parents Association,*,*,7126
PA,*,*,Trustees Fund,*,*,11837,,PA,Pittsburgh,*,Trustees Fund,*,*,662
SC,*,*,College of Arts and Sciences,*,*,30014,,SC,Charleston,*,College of Arts and Sciences,*,*,3468
SC,*,*,College of Communication Arts and Sciences,*,*,27493,,SC,Charleston,*,College of Communication Arts and Sciences,*,*,6519
SC,*,*,Diversity Fund,*,*,16834,,SC,Columbia,*,Diversity Fund,*,*,1742
SC,*,*,Parents Association,*,*,13459,,SC,Columbia,*,Parents Association,*,*,1162
TN,*,*,Alumni Association,*,*,32586,,TN,Memphis,*,Alumni Association,*,*,8315
TN,*,*,Campus Museums,*,*,26293,,TN,Knoxville,*,Campus Museums,*,*,3897
TN,*,*,Campus Museums,*,*,26293,,TN,Murfreesboro,*,Campus Museums,*,*,7242
TN,*,*,Campus Recreation,*,*,39407,,TN,Knoxville,*,Campus Recreation,*,*,9483
TN,*,*,College of Agriculture and Natural Resources,*,*,71774,,TN,Knoxville,*,College of Agriculture and Natural Resources,*,*,15809
TN,*,*,College of Agriculture and Natural Resources,*,*,71774,,TN,Murfreesboro,*,College of Agriculture and Natural Resources,*,*,8199
TN,*,*,College of Agriculture and Natural Resources,*,*,71774,,TN,Nashville,*,College of Agriculture and Natural Resources,*,*,8523
TN,*,*,College of Arts and Sciences,*,*,77055,,TN,Knoxville,*,College of Arts and Sciences,*,*,7181
TN,*,*,College of Arts and Sciences,*,*,77055,,TN,Nashville,*,College of Arts and Sciences,*,*,3870
TN,*,*,College of Natural Science,*,*,39266,,TN,Knoxville,*,College of Natural Science,*,*,11676
TN,*,*,College of Natural Science,*,*,39266,,TN,Nashville,*,College of Natural Science,*,*,8782
TN,*,*,College of Political Science,*,*,17840,,TN,Nashville,*,College of Political Science,*,*,5129
TN,*,*,College of Social Science,*,*,48199,,TN,Knoxville,*,College of Social Science,*,*,7344
TN,*,*,Diversity Fund,*,*,66817,,TN,Knoxville,*,Diversity Fund,*,*,1577
TN,*,*,Diversity Fund,*,*,66817,,TN,Nashville,*,Diversity Fund,*,*,4877
TN,*,*,Faculty Chair Endowments,*,*,39625,,TN,Knoxville,*,Faculty Chair Endowments,*,*,5554
TN,*,*,Honors Program,*,*,28060,,TN,Nashville,*,Honors Program,*,*,4032
TN,*,*,Parents Association,*,*,13569,,TN,Knoxville,*,Parents Association,*,*,1316
TN,*,*,Trustees Fund,*,*,34904,,TN,Knoxville,*,Trustees Fund,*,*,8955
TN,*,*,University Annual Fund,*,*,23588,,TN,Knoxville,*,University Annual Fund,*,*,1215
TN,*,*,University Libraries,*,*,39078,,TN,Knoxville,*,University Libraries,*,*,9367
TN,*,*,University Libraries,*,*,39078,,TN,Nashville,*,University Libraries,*,*,7916
TX,*,*,Alumni Association,*,*,30261,,TX,Houston,*,Alumni Association,*,*,5687
TX,*,*,Athletics,*,*,71547,,TX,Amarillo,*,Athletics,*,*,14870
TX,*,*,Athletics,*,*,71547,,TX,Austin,*,Athletics,*,*,13693
TX,*,*,Athletics,*,*,71547,,TX,El Paso,*,Athletics,*,*,13848
TX,*,*,Athletics,*,*,71547,,TX,Houston,*,Athletics,*,*,18923
TX,*,*,Athletics,*,*,71547,,TX,San Antonio,*,Athletics,*,*,10213
TX,*,*,Campus Museums,*,*,50621,,TX,Austin,*,Campus Museums,*,*,9060
TX,*,*,Campus Museums,*,*,50621,,TX,El Paso,*,Campus Museums,*,*,4939
TX,*,*,Campus Recreation,*,*,74899,,TX,Houston,*,Campus Recreation,*,*,1411
TX,*,*,Campus Recreation,*,*,74899,,TX,San Antonio,*,Campus Recreation,*,*,19387
TX,*,*,College of Agriculture and Natural Resources,*,*,100917,,TX,Amarillo,*,College of Agriculture and Natural Resources,*,*,18061
TX,*,*,College of Agriculture and Natural Resources,*,*,100917,,TX,Austin,*,College of Agriculture and Natural Resources,*,*,22141
TX,*,*,College of Agriculture and Natural Resources,*,*,100917,,TX,El Paso,*,College of Agriculture and Natural Resources,*,*,11076
TX,*,*,College of Agriculture and Natural Resources,*,*,100917,,TX,Houston,*,College of Agriculture and Natural Resources,*,*,14701
TX,*,*,College of Arts and Sciences,*,*,103585,,TX,Austin,*,College of Arts and Sciences,*,*,21545
TX,*,*,College of Arts and Sciences,*,*,103585,,TX,San Antonio,*,College of Arts and Sciences,*,*,3903
TX,*,*,College of Education,*,*,34643,,TX,El Paso,*,College of Education,*,*,4251
TX,*,*,College of Education,*,*,34643,,TX,Houston,*,College of Education,*,*,7490
TX,*,*,College of Engineering,*,*,58117,,TX,Amarillo,*,College of Engineering,*,*,17453
TX,*,*,College of Engineering,*,*,58117,,TX,Dallas,*,College of Engineering,*,*,15544
TX,*,*,College of Music,*,*,9689,,TX,Amarillo,*,College of Music,*,*,2372
TX,*,*,College of Music,*,*,9689,,TX,Austin,*,College of Music,*,*,2633
TX,*,*,College of Natural Science,*,*,141549,,TX,Amarillo,*,College of Natural Science,*,*,1207
TX,*,*,College of Natural Science,*,*,141549,,TX,Austin,*,College of Natural Science,*,*,44238
TX,*,*,College of Natural Science,*,*,141549,,TX,El Paso,*,College of Natural Science,*,*,7315
TX,*,*,College of Natural Science,*,*,141549,,TX,Houston,*,College of Natural Science,*,*,36216
TX,*,*,College of Natural Science,*,*,141549,,TX,San Antonio,*,College of Natural Science,*,*,5020
TX,*,*,College of Political Science,*,*,15735,,TX,Austin,*,College of Political Science,*,*,4607
TX,*,*,College of Political Science,*,*,15735,,TX,El Paso,*,College of Political Science,*,*,724
TX,*,*,College of Political Science,*,*,15735,,TX,San Antonio,*,College of Political Science,*,*,4123
TX,*,*,College of Social Science,*,*,101594,,TX,Amarillo,*,College of Social Science,*,*,3766
TX,*,*,College of Social Science,*,*,101594,,TX,Austin,*,College of Social Science,*,*,7244
TX,*,*,College of Social Science,*,*,101594,,TX,El Paso,*,College of Social Science,*,*,11555
TX,*,*,College of Social Science,*,*,101594,,TX,Houston,*,College of Social Science,*,*,21455
TX,*,*,College of Social Science,*,*,101594,,TX,San Antonio,*,College of Social Science,*,*,2070
TX,*,*,Diversity Fund,*,*,182765,,TX,Amarillo,*,Diversity Fund,*,*,6959
TX,*,*,Diversity Fund,*,*,182765,,TX,Austin,*,Diversity Fund,*,*,21988
TX,*,*,Diversity Fund,*,*,182765,,TX,Dallas,*,Diversity Fund,*,*,28635
TX,*,*,Diversity Fund,*,*,182765,,TX,El Paso,*,Diversity Fund,*,*,9446
TX,*,*,Diversity Fund,*,*,182765,,TX,San Antonio,*,Diversity Fund,*,*,32111
TX,*,*,Faculty Chair Endowments,*,*,160082,,TX,Amarillo,*,Faculty Chair Endowments,*,*,20944
TX,*,*,Faculty Chair Endowments,*,*,160082,,TX,Austin,*,Faculty Chair Endowments,*,*,26479
TX,*,*,Faculty Chair Endowments,*,*,160082,,TX,El Paso,*,Faculty Chair Endowments,*,*,724
TX,*,*,Faculty Chair Endowments,*,*,160082,,TX,Houston,*,Faculty Chair Endowments,*,*,30803
TX,*,*,Faculty Chair Endowments,*,*,160082,,TX,San Antonio,*,Faculty Chair Endowments,*,*,8971
TX,*,*,Honors Program,*,*,79300,,TX,Dallas,*,Honors Program,*,*,11446
TX,*,*,Honors Program,*,*,79300,,TX,San Antonio,*,Honors Program,*,*,169
TX,*,*,In-State Scholarship Fund,*,*,61102,,TX,Amarillo,*,In-State Scholarship Fund,*,*,4784
TX,*,*,In-State Scholarship Fund,*,*,61102,,TX,Austin,*,In-State Scholarship Fund,*,*,9990
TX,*,*,In-State Scholarship Fund,*,*,61102,,TX,Dallas,*,In-State Scholarship Fund,*,*,2031
TX,*,*,In-State Scholarship Fund,*,*,61102,,TX,El Paso,*,In-State Scholarship Fund,*,*,1848
TX,*,*,In-State Scholarship Fund,*,*,61102,,TX,San Antonio,*,In-State Scholarship Fund,*,*,19556
TX,*,*,Minority Scholarship Fund,*,*,77133,,TX,Amarillo,*,Minority Scholarship Fund,*,*,1634
TX,*,*,Parents Association,*,*,65360,,TX,Austin,*,Parents Association,*,*,9783
TX,*,*,Parents Association,*,*,65360,,TX,Houston,*,Parents Association,*,*,17630
TX,*,*,Parents Association,*,*,65360,,TX,San Antonio,*,Parents Association,*,*,5619
TX,*,*,Trustees Fund,*,*,175611,,TX,Amarillo,*,Trustees Fund,*,*,21759
TX,*,*,Trustees Fund,*,*,175611,,TX,Austin,*,Trustees Fund,*,*,34812
TX,*,*,Trustees Fund,*,*,175611,,TX,El Paso,*,Trustees Fund,*,*,17502
TX,*,*,Trustees Fund,*,*,175611,,TX,Houston,*,Trustees Fund,*,*,34973
TX,*,*,University Annual Fund,*,*,180892,,TX,Amarillo,*,University Annual Fund,*,*,2279
TX,*,*,University Annual Fund,*,*,180892,,TX,Austin,*,University Annual Fund,*,*,15536
TX,*,*,University Annual Fund,*,*,180892,,TX,Dallas,*,University Annual Fund,*,*,50864
TX,*,*,University Annual Fund,*,*,180892,,TX,El Paso,*,University Annual Fund,*,*,10541
TX,*,*,University Annual Fund,*,*,180892,,TX,San Antonio,*,University Annual Fund,*,*,27548
TX,*,*,University Libraries,*,*,83745,,TX,Amarillo,*,University Libraries,*,*,6202
TX,*,*,University Libraries,*,*,83745,,TX,Austin,*,University Libraries,*,*,8414
TX,*,*,University Libraries,*,*,83745,,TX,Dallas,*,University Libraries,*,*,24937
TX,*,*,University Libraries,*,*,83745,,TX,El Paso,*,University Libraries,*,*,8257
TX,*,*,University Libraries,*,*,83745,,TX,San Antonio,*,University Libraries,*,*,750
UT,*,*,Athletics,*,*,31702,,UT,Provo,*,Athletics,*,*,8911
UT,*,*,Athletics,*,*,31702,,UT,Salt Lake City,*,Athletics,*,*,9695
UT,*,*,College of Arts and Sciences,*,*,26467,,UT,West Valley City,*,College of Arts and Sciences,*,*,6155
UT,*,*,College of Natural Science,*,*,32211,,UT,Provo,*,College of Natural Science,*,*,2264
UT,*,*,College of Natural Science,*,*,32211,,UT,West Valley City,*,College of Natural Science,*,*,7580
UT,*,*,Diversity Fund,*,*,66328,,UT,Provo,*,Diversity Fund,*,*,16598
UT,*,*,Diversity Fund,*,*,66328,,UT,West Valley City,*,Diversity Fund,*,*,8576
UT,*,*,Faculty Chair Endowments,*,*,34105,,UT,Salt Lake City,*,Faculty Chair Endowments,*,*,7019
UT,*,*,Faculty Chair Endowments,*,*,34105,,UT,West Valley City,*,Faculty Chair Endowments,*,*,9231
UT,*,*,Trustees Fund,*,*,25693,,UT,Provo,*,Trustees Fund,*,*,6425
UT,*,*,Trustees Fund,*,*,25693,,UT,Salt Lake City,*,Trustees Fund,*,*,6384
UT,*,*,University Annual Fund,*,*,33064,,UT,Provo,*,University Annual Fund,*,*,10323
UT,*,*,University Annual Fund,*,*,33064,,UT,Salt Lake City,*,University Annual Fund,*,*,7664
VA,*,*,Athletics,*,*,16442,,VA,Richmond,*,Athletics,*,*,3782
VA,*,*,Campus Recreation,*,*,13176,,VA,Alexandria,*,Campus Recreation,*,*,2449
VA,*,*,College of Arts and Sciences,*,*,67031,,VA,Alexandria,*,College of Arts and Sciences,*,*,19849
VA,*,*,College of Natural Science,*,*,43051,,VA,Alexandria,*,College of Natural Science,*,*,9450
WA,*,*,Campus Recreation,*,*,42826,,WA,Seattle,*,Campus Recreation,*,*,6067
WA,*,*,College of Agriculture and Natural Resources,*,*,54081,,WA,Spokane,*,College of Agriculture and Natural Resources,*,*,5794
WA,*,*,College of Music,*,*,8617,,WA,Spokane,*,College of Music,*,*,669
WA,*,*,Faculty Chair Endowments,*,*,60955,,WA,Spokane,*,Faculty Chair Endowments,*,*,15476
WA,*,*,Honors Program,*,*,17890,,WA,Spokane,*,Honors Program,*,*,3285
WA,*,*,Parents Association,*,*,35408,,WA,Spokane,*,Parents Association,*,*,7188
WA,*,*,Trustees Fund,*,*,46218,,WA,Spokane,*,Trustees Fund,*,*,13756
WA,*,*,University Annual Fund,*,*,67067,,WA,Spokane,*,University Annual Fund,*,*,8119
WA,*,*,University Libraries,*,*,12900,,WA,Spokane,*,University Libraries,*,*,3204
WI,*,*,Diversity Fund,*,*,4652,,WI,Madison,*,Diversity Fund,*,*,453
