AL,*,College of Natural Science,College of Arts and Sciences,*,*,21100,,AL,*,College of Natural Science,College of Arts and Sciences,Scholarship,*,4743
AL,*,College of Natural Science,College of Natural Science,*,*,14000,,AL,*,College of Natural Science,College of Business,Scholarship,*,2533
AR,*,College of Natural Science,College of Natural Science,*,*,3780,,AR,*,College of Natural Science,College of Engineering,Scholarship,*,313
AZ,*,College of Natural Science,College of Arts and Sciences,*,*,29439,,AZ,*,College of Natural Science,College of Arts and Sciences,Scholarship,*,2733
AZ,*,College of Nursing,College of Nursing,*,*,7834,,AZ,*,College of Nursing,Campus Recreation,Campus Resource,*,1864
CA,*,College of Agriculture and Natural Resources,College of Agriculture and Natural Resources,*,*,23122,,CA,*,College of Agriculture and Natural Resources,Alumni Association,Campus Resource,*,2577
CA,*,College of Agriculture and Natural Resources,College of Agriculture and Natural Resources,*,*,23122,,CA,*,College of Agriculture and Natural Resources,Campus Recreation,Campus Resource,*,5051
CA,*,College of Engineering,College of Agriculture and Natural Resources,*,*,13038,,CA,*,College of Engineering,College of Agriculture and Natural Resources,Scholarship,*,1675
CA,*,College of Arts and Sciences,College of Arts and Sciences,*,*,37688,,CA,*,College of Arts and Sciences,Alumni Association,Campus Resource,*,8403
CA,*,College of Arts and Sciences,College of Arts and Sciences,*,*,37688,,CA,*,College of Arts and Sciences,Campus Museums,Campus Resource,*,1549
CA,*,College of Business,College of Arts and Sciences,*,*,14319,,CA,*,College of Business,College of Arts and Sciences,Scholarship,*,4614
CA,*,College of Education,College of Education,*,*,24932,,CA,*,College of Education,College of Business,Scholarship,*,6819
CA,*,College of Education,College of Education,*,*,24932,,CA,*,College of Education,College of Agriculture and Natural Resources,Scholarship,*,5489
CA,*,College of Education,College of Education,*,*,24932,,CA,*,College of Education,College of Arts and Sciences,Scholarship,*,6757
CA,*,College of Engineering,College of Arts and Sciences,*,*,39745,,CA,*,College of Engineering,College of Arts and Sciences,Scholarship,*,9612
CA,*,College of Music,College of Agriculture and Natural Resources,*,*,18280,,CA,*,College of Music,College of Agriculture and Natural Resources,Scholarship,*,1839
CA,*,College of Natural Science,College of Natural Science,*,*,73125,,CA,*,College of Natural Science,College of Business,Scholarship,*,9012
CA,*,College of Natural Science,College of Natural Science,*,*,73125,,CA,*,College of Natural Science,College of Education,Scholarship,*,17183
CA,*,College of Natural Science,College of Natural Science,*,*,73125,,CA,*,College of Natural Science,Alumni Association,Campus Resource,*,8333
CA,*,College of Natural Science,College of Natural Science,*,*,73125,,CA,*,College of Natural Science,Athletics,Campus Resource,*,23693
CA,*,College of Natural Science,College of Natural Science,*,*,73125,,CA,*,College of Natural Science,Campus Museums,Campus Resource,*,16053
CA,*,College of Natural Science,College of Natural Science,*,*,73125,,CA,*,College of Natural Science,Campus Recreation,Campus Resource,*,11925
CA,*,College of Natural Science,College of Natural Science,*,*,73125,,CA,*,College of Natural Science,College of Agriculture and Natural Resources,Scholarship,*,14979
CA,*,College of Natural Science,College of Natural Science,*,*,73125,,CA,*,College of Natural Science,College of Business,Scholarship,*,6070
CA,*,College of Natural Science,College of Natural Science,*,*,73125,,CA,*,College of Natural Science,College of Communication Arts and Sciences,Scholarship,*,5658
CA,*,College of Natural Science,College of Natural Science,*,*,73125,,CA,*,College of Natural Science,College of Engineering,Scholarship,*,600
CA,*,College of Natural Science,College of Natural Science,*,*,73125,,CA,*,College of Natural Science,College of Music,Scholarship,*,3929
CA,*,College of Political Science,College of Natural Science,*,*,4989,,CA,*,College of Political Science,College of Natural Science,Scholarship,*,1617
CA,*,College of Social Science,College of Business,*,*,11005,,CA,*,College of Social Science,College of Business,Scholarship,*,3348
CA,*,College of Social Science,College of Communication Arts and Sciences,*,*,29187,,CA,*,College of Social Science,College of Communication Arts and Sciences,Scholarship,*,2307
CA,*,College of Social Science,College of Social Science,*,*,13777,,CA,*,College of Social Science,College of Business,Scholarship,*,3348
CA,*,College of Social Science,College of Social Science,*,*,13777,,CA,*,College of Social Science,College of Communication Arts and Sciences,Scholarship,*,2307
CA,*,College of Social Science,College of Social Science,*,*,13777,,CA,*,College of Social Science,Campus Museums,Campus Resource,*,3804
CO,*,College of Agriculture and Natural Resources,College of Agriculture and Natural Resources,*,*,66808.5,,CO,*,College of Agriculture and Natural Resources,Alumni Association,Campus Resource,*,13431.0
CO,*,College of Agriculture and Natural Resources,College of Agriculture and Natural Resources,*,*,66808.5,,CO,*,College of Agriculture and Natural Resources,Athletics,Campus Resource,*,11158.5
CO,*,College of Agriculture and Natural Resources,College of Agriculture and Natural Resources,*,*,66808.5,,CO,*,College of Agriculture and Natural Resources,Campus Recreation,Campus Resource,*,4738.5
CO,*,College of Social Science,College of Agriculture and Natural Resources,*,*,67324.5,,CO,*,College of Social Science,College of Agriculture and Natural Resources,Scholarship,*,21823.5
CO,*,College of Arts and Sciences,College of Arts and Sciences,*,*,44936.5,,CO,*,College of Arts and Sciences,Alumni Association,Campus Resource,*,2718
CO,*,College of Natural Science,College of Natural Science,*,*,25073.0,,CO,*,College of Natural Science,Alumni Association,Campus Resource,*,5518
CO,*,College of Natural Science,College of Natural Science,*,*,25073.0,,CO,*,College of Natural Science,College of Business,Scholarship,*,2695.5
CO,*,College of Natural Science,College of Natural Science,*,*,25073.0,,CO,*,College of Natural Science,College of Engineering,Scholarship,*,3829.5
CO,*,College of Political Science,College of Political Science,*,*,9858.0,,CO,*,College of Political Science,College of Agriculture and Natural Resources,Scholarship,*,2635.5
CT,*,College of Social Science,College of Social Science,*,*,9861,,CT,*,College of Social Science,College of Natural Science,Scholarship,*,724
DC,*,College of Natural Science,College of Natural Science,*,*,9249,,DC,*,College of Natural Science,Campus Recreation,Campus Resource,*,530
DC,*,College of Social Science,College of Social Science,*,*,21167,,DC,*,College of Social Science,College of Agriculture and Natural Resources,Scholarship,*,4912
DC,*,College of Social Science,College of Social Science,*,*,21167,,DC,*,College of Social Science,Alumni Association,Campus Resource,*,676
DC,*,College of Social Science,College of Social Science,*,*,21167,,DC,*,College of Social Science,College of Agriculture and Natural Resources,Scholarship,*,2544
DC,*,College of Social Science,College of Social Science,*,*,21167,,DC,*,College of Social Science,College of Arts and Sciences,Scholarship,*,3985
DC,*,College of Social Science,College of Social Science,*,*,21167,,DC,*,College of Social Science,College of Engineering,Scholarship,*,5506
DC,*,College of Social Science,College of Social Science,*,*,21167,,DC,*,College of Social Science,College of Natural Science,Scholarship,*,7020
FL,*,College of Agriculture and Natural Resources,College of Agriculture and Natural Resources,*,*,36458,,FL,*,College of Agriculture and Natural Resources,Campus Recreation,Campus Resource,*,2982
FL,*,College of Arts and Sciences,College of Agriculture and Natural Resources,*,*,32157,,FL,*,College of Arts and Sciences,College of Agriculture and Natural Resources,Scholarship,*,5107
FL,*,College of Engineering,College of Arts and Sciences,*,*,6146,,FL,*,College of Engineering,College of Arts and Sciences,Scholarship,*,1292
FL,*,College of Natural Science,College of Arts and Sciences,*,*,34809,,FL,*,College of Natural Science,College of Arts and Sciences,Scholarship,*,7534
FL,*,College of Political Science,College of Political Science,*,*,7895,,FL,*,College of Political Science,College of Agriculture and Natural Resources,Scholarship,*,1587
FL,*,College of Political Science,College of Political Science,*,*,7895,,FL,*,College of Political Science,College of Agriculture and Natural Resources,Scholarship,*,2265
FL,*,College of Social Science,College of Social Science,*,*,19474,,FL,*,College of Social Science,College of Agriculture and Natural Resources,Scholarship,*,2877
FL,*,College of Social Science,College of Social Science,*,*,19474,,FL,*,College of Social Science,Athletics,Campus Resource,*,2512
FL,*,College of Social Science,College of Social Science,*,*,19474,,FL,*,College of Social Science,College of Agriculture and Natural Resources,Scholarship,*,5947
FL,*,College of Social Science,College of Social Science,*,*,19474,,FL,*,College of Social Science,College of Engineering,Scholarship,*,3326
GA,*,College of Natural Science,College of Natural Science,*,*,21075,,GA,*,College of Natural Science,Alumni Association,Campus Resource,*,5229
GA,*,College of Social Science,College of Natural Science,*,*,12811,,GA,*,College of Social Science,College of Natural Science,Scholarship,*,3180
IA,*,College of Social Science,College of Social Science,*,*,8789,,IA,*,College of Social Science,College of Agriculture and Natural Resources,Scholarship,*,1532
IL,*,College of Agriculture and Natural Resources,College of Agriculture and Natural Resources,*,*,4657,,IL,*,College of Agriculture and Natural Resources,Campus Recreation,Campus Resource,*,1536
IL,*,College of Natural Science,College of Agriculture and Natural Resources,*,*,38934,,IL,*,College of Natural Science,College of Agriculture and Natural Resources,Scholarship,*,2099
IL,*,College of Arts and Sciences,College of Arts and Sciences,*,*,33140,,IL,*,College of Arts and Sciences,College of Agriculture and Natural Resources,Scholarship,*,7950
IL,*,College of Arts and Sciences,College of Arts and Sciences,*,*,33140,,IL,*,College of Arts and Sciences,Alumni Association,Campus Resource,*,2877
IL,*,College of Arts and Sciences,College of Arts and Sciences,*,*,33140,,IL,*,College of Arts and Sciences,Campus Recreation,Campus Resource,*,9585
IL,*,College of Arts and Sciences,College of Arts and Sciences,*,*,33140,,IL,*,College of Arts and Sciences,College of Agriculture and Natural Resources,Scholarship,*,4296
IL,*,College of Natural Science,College of Arts and Sciences,*,*,19926,,IL,*,College of Natural Science,College of Arts and Sciences,Scholarship,*,2696
IL,*,College of Social Science,College of Arts and Sciences,*,*,21343,,IL,*,College of Social Science,College of Arts and Sciences,Scholarship,*,4749
IL,*,College of Social Science,College of Social Science,*,*,28291,,IL,*,College of Social Science,College of Arts and Sciences,Scholarship,*,4749
IL,*,College of Social Science,College of Social Science,*,*,28291,,IL,*,College of Social Science,Campus Museums,Campus Resource,*,8674
IL,*,College of Social Science,College of Social Science,*,*,28291,,IL,*,College of Social Science,College of Agriculture and Natural Resources,Scholarship,*,1384
IL,*,College of Social Science,College of Social Science,*,*,28291,,IL,*,College of Social Science,College of Music,Scholarship,*,4777
IN,*,College of Natural Science,College of Natural Science,*,*,13198,,IN,*,College of Natural Science,Campus Museums,Campus Resource,*,1381
IN,*,College of Natural Science,College of Natural Science,*,*,13198,,IN,*,College of Natural Science,Campus Recreation,Campus Resource,*,3599
IN,*,College of Natural Science,College of Natural Science,*,*,13198,,IN,*,College of Natural Science,College of Communication Arts and Sciences,Scholarship,*,1567
KS,*,College of Natural Science,College of Natural Science,*,*,14254,,KS,*,College of Natural Science,Alumni Association,Campus Resource,*,4649
KS,*,College of Natural Science,College of Natural Science,*,*,14254,,KS,*,College of Natural Science,Campus Recreation,Campus Resource,*,4240
KS,*,College of Social Science,College of Natural Science,*,*,14380,,KS,*,College of Social Science,College of Natural Science,Scholarship,*,3691
MI,*,College of Agriculture and Natural Resources,College of Agriculture and Natural Resources,*,*,16284,,MI,*,College of Agriculture and Natural Resources,Alumni Association,Campus Resource,*,1599
MI,*,College of Veterinary Medicine,College of Agriculture and Natural Resources,*,*,9813,,MI,*,College of Veterinary Medicine,College of Agriculture and Natural Resources,Scholarship,*,1767
MI,*,College of Arts and Sciences,College of Arts and Sciences,*,*,12731,,MI,*,College of Arts and Sciences,Alumni Association,Campus Resource,*,368
MI,*,College of Arts and Sciences,College of Arts and Sciences,*,*,12731,,MI,*,College of Arts and Sciences,Campus Recreation,Campus Resource,*,2489
MI,*,College of Social Science,College of Arts and Sciences,*,*,6417,,MI,*,College of Social Science,College of Arts and Sciences,Scholarship,*,313
MI,*,College of Natural Science,College of Natural Science,*,*,24613,,MI,*,College of Natural Science,College of Music,Scholarship,*,8
MO,*,College of Agriculture and Natural Resources,College of Agriculture and Natural Resources,*,*,30718,,MO,*,College of Agriculture and Natural Resources,Alumni Association,Campus Resource,*,8662
MO,*,College of Arts and Sciences,College of Agriculture and Natural Resources,*,*,25665,,MO,*,College of Arts and Sciences,College of Agriculture and Natural Resources,Scholarship,*,2331
MO,*,College of Arts and Sciences,College of Arts and Sciences,*,*,8227,,MO,*,College of Arts and Sciences,College of Agriculture and Natural Resources,Scholarship,*,2331
MO,*,College of Education,College of Agriculture and Natural Resources,*,*,8942,,MO,*,College of Education,College of Agriculture and Natural Resources,Scholarship,*,1818
MO,*,College of Natural Science,College of Natural Science,*,*,237014,,MO,*,College of Natural Science,College of Agriculture and Natural Resources,Scholarship,*,25420
MO,*,College of Natural Science,College of Natural Science,*,*,237014,,MO,*,College of Natural Science,College of Arts and Sciences,Scholarship,*,7047
MO,*,College of Natural Science,College of Natural Science,*,*,237014,,MO,*,College of Natural Science,Alumni Association,Campus Resource,*,1503
MO,*,College of Natural Science,College of Natural Science,*,*,237014,,MO,*,College of Natural Science,Campus Museums,Campus Resource,*,18717
MO,*,College of Natural Science,College of Natural Science,*,*,237014,,MO,*,College of Natural Science,College of Arts and Sciences,Scholarship,*,5581
MO,*,College of Natural Science,College of Natural Science,*,*,237014,,MO,*,College of Natural Science,College of Business,Scholarship,*,4266
MO,*,College of Natural Science,College of Natural Science,*,*,237014,,MO,*,College of Natural Science,College of Music,Scholarship,*,6502
NC,*,College of Arts and Sciences,College of Arts and Sciences,*,*,12251,,NC,*,College of Arts and Sciences,Alumni Association,Campus Resource,*,3423
NC,*,College of Social Science,College of Social Science,*,*,3478,,NC,*,College of Social Science,College of Natural Science,Scholarship,*,584
NV,*,College of Arts and Sciences,College of Arts and Sciences,*,*,11058,,NV,*,College of Arts and Sciences,Athletics,Campus Resource,*,2587
NV,*,College of Music,College of Music,*,*,6234,,NV,*,College of Music,Alumni Association,Campus Resource,*,995
NV,*,College of Natural Science,College of Natural Science,*,*,7647,,NV,*,College of Natural Science,Campus Recreation,Campus Resource,*,307
NV,*,College of Natural Science,College of Natural Science,*,*,7647,,NV,*,College of Natural Science,College of Communication Arts and Sciences,Scholarship,*,1300
NV,*,College of Social Science,College of Natural Science,*,*,11469,,NV,*,College of Social Science,College of Natural Science,Scholarship,*,2966
NV,*,College of Political Science,College of Agriculture and Natural Resources,*,*,8720,,NV,*,College of Political Science,College of Agriculture and Natural Resources,Scholarship,*,1270
NY,*,College of Arts and Sciences,College of Arts and Sciences,*,*,16563,,NY,*,College of Arts and Sciences,Campus Museums,Campus Resource,*,3598
NY,*,College of Arts and Sciences,College of Arts and Sciences,*,*,16563,,NY,*,College of Arts and Sciences,Campus Recreation,Campus Resource,*,1795
NY,*,College of Arts and Sciences,College of Arts and Sciences,*,*,16563,,NY,*,College of Arts and Sciences,College of Agriculture and Natural Resources,Scholarship,*,3496
NY,*,College of Natural Science,College of Arts and Sciences,*,*,57292,,NY,*,College of Natural Science,College of Arts and Sciences,Scholarship,*,3896
NY,*,College of Natural Science,College of Natural Science,*,*,22336,,NY,*,College of Natural Science,Alumni Association,Campus Resource,*,5746
NY,*,College of Natural Science,College of Natural Science,*,*,22336,,NY,*,College of Natural Science,Athletics,Campus Resource,*,4154
NY,*,College of Natural Science,College of Natural Science,*,*,22336,,NY,*,College of Natural Science,Campus Recreation,Campus Resource,*,5717
NY,*,College of Natural Science,College of Natural Science,*,*,22336,,NY,*,College of Natural Science,College of Arts and Sciences,Scholarship,*,3896
NY,*,College of Natural Science,College of Natural Science,*,*,22336,,NY,*,College of Natural Science,College of Business,Scholarship,*,6481
NY,*,College of Social Science,College of Arts and Sciences,*,*,6847,,NY,*,College of Social Science,College of Arts and Sciences,Scholarship,*,1562
NY,*,College of Social Science,College of Social Science,*,*,6768,,NY,*,College of Social Science,College of Arts and Sciences,Scholarship,*,1562
NY,*,College of Social Science,College of Social Science,*,*,6768,,NY,*,College of Social Science,Alumni Association,Campus Resource,*,1367
OH,*,College of Social Science,College of Arts and Sciences,*,*,36410,,OH,*,College of Social Science,College of Arts and Sciences,Scholarship,*,8712
OH,*,College of Natural Science,College of Natural Science,*,*,23572,,OH,*,College of Natural Science,College of Engineering,Scholarship,*,7374
OH,*,College of Social Science,College of Social Science,*,*,19147,,OH,*,College of Social Science,Campus Museums,Campus Resource,*,1652
OK,*,College of Natural Science,College of Natural Science,*,*,19514,,OK,*,College of Natural Science,Alumni Association,Campus Resource,*,2873
OK,*,College of Natural Science,College of Natural Science,*,*,19514,,OK,*,College of Natural Science,College of Agriculture and Natural Resources,Scholarship,*,3349
OK,*,College of Natural Science,College of Natural Science,*,*,19514,,OK,*,College of Natural Science,College of Music,Scholarship,*,6028
RI,*,College of Education,College of Arts and Sciences,*,*,7456,,RI,*,College of Education,College of Arts and Sciences,Scholarship,*,2192
RI,*,College of Social Science,College of Arts and Sciences,*,*,18420,,RI,*,College of Social Science,College of Arts and Sciences,Scholarship,*,3141
SC,*,College of Agriculture and Natural Resources,College of Agriculture and Natural Resources,*,*,13063,,SC,*,College of Agriculture and Natural Resources,Campus Museums,Campus Resource,*,3648
SC,*,College of Natural Science,College of Natural Science,*,*,9094,,SC,*,College of Natural Science,Athletics,Campus Resource,*,625
SC,*,College of Natural Science,College of Natural Science,*,*,9094,,SC,*,College of Natural Science,Campus Recreation,Campus Resource,*,290
SC,*,College of Natural Science,College of Natural Science,*,*,9094,,SC,*,College of Natural Science,College of Arts and Sciences,Scholarship,*,2960
TX,*,College of Arts and Sciences,College of Arts and Sciences,*,*,25980,,TX,*,College of Arts and Sciences,Campus Museums,Campus Resource,*,6727
TX,*,College of Arts and Sciences,College of Arts and Sciences,*,*,25980,,TX,*,College of Arts and Sciences,Campus Recreation,Campus Resource,*,1411
TX,*,College of Natural Science,College of Natural Science,*,*,21865,,TX,*,College of Natural Science,College of Business,Scholarship,*,5510
TX,*,College of Political Science,College of Natural Science,*,*,15309,,TX,*,College of Political Science,College of Natural Science,Scholarship,*,2684
TX,*,College of Social Science,College of Social Science,*,*,15357,,TX,*,College of Social Science,College of Communication Arts and Sciences,Scholarship,*,3766
TX,*,College of Social Science,College of Social Science,*,*,15357,,TX,*,College of Social Science,Campus Recreation,Campus Resource,*,3138
UT,*,College of Natural Science,College of Arts and Sciences,*,*,20312,,UT,*,College of Natural Science,College of Arts and Sciences,Scholarship,*,428
UT,*,College of Natural Science,College of Natural Science,*,*,7327,,UT,*,College of Natural Science,College of Arts and Sciences,Scholarship,*,428
VA,*,College of Education,College of Agriculture and Natural Resources,*,*,14000,,VA,*,College of Education,College of Agriculture and Natural Resources,Scholarship,*,543
VA,*,College of Arts and Sciences,College of Arts and Sciences,*,*,24324,,VA,*,College of Arts and Sciences,Alumni Association,Campus Resource,*,5962
VA,*,College of Engineering,College of Engineering,*,*,6980,,VA,*,College of Engineering,Alumni Association,Campus Resource,*,1782
VA,*,College of Natural Science,College of Arts and Sciences,*,*,17741,,VA,*,College of Natural Science,College of Arts and Sciences,Scholarship,*,4999
VA,*,College of Natural Science,College of Natural Science,*,*,12872,,VA,*,College of Natural Science,Alumni Association,Campus Resource,*,2869
VA,*,College of Social Science,College of Social Science,*,*,7804,,VA,*,College of Social Science,College of Agriculture and Natural Resources,Scholarship,*,1198
WA,*,College of Natural Science,College of Agriculture and Natural Resources,*,*,15124,,WA,*,College of Natural Science,College of Agriculture and Natural Resources,Scholarship,*,2585
WA,*,College of Social Science,College of Arts and Sciences,*,*,37302,,WA,*,College of Social Science,College of Arts and Sciences,Scholarship,*,10342
