AZ,*,College of Agriculture and Natural Resources,*,Endowment,Entomology,9356,,AZ,Mesa,College of Agriculture and Natural Resources,*,Endowment,Entomology,891
AZ,*,College of Agriculture and Natural Resources,*,Scholarship,Entomology,25227,,AZ,Phoenix,College of Agriculture and Natural Resources,*,Scholarship,Entomology,7899
AZ,*,College of Agriculture and Natural Resources,*,Scholarship,Landscape Architecture,8351,,AZ,Phoenix,College of Agriculture and Natural Resources,*,Scholarship,Landscape Architecture,334
AZ,*,College of Business,*,Endowment,Supply Chain Management,16472,,AZ,Phoenix,College of Business,*,Endowment,Supply Chain Management,2439
AZ,*,College of Communication Arts and Sciences,*,Endowment,Media and Information,15438,,AZ,Tucson,College of Communication Arts and Sciences,*,Endowment,Media and Information,3865
AZ,*,College of Music,*,Scholarship,Music,7402,,AZ,Tucson,College of Music,*,Scholarship,Music,1858
AZ,*,College of Natural Science,*,Campus Resource,Biochemistry and Molecular Biology/Biotechnology,23044,,AZ,Phoenix,College of Natural Science,*,Campus Resource,Biochemistry and Molecular Biology/Biotechnology,892
AZ,*,College of Natural Science,*,Endowment,Biochemistry and Molecular Biology/Biotechnology,4740,,AZ,Scottsdale,College of Natural Science,*,Endowment,Biochemistry and Molecular Biology/Biotechnology,833
AZ,*,College of Natural Science,*,Endowment,Plant Biology,6106,,AZ,Phoenix,College of Natural Science,*,Endowment,Plant Biology,486
AZ,*,College of Natural Science,*,Scholarship,Biochemistry and Molecular Biology/Biotechnology,6551,,AZ,Phoenix,College of Natural Science,*,Scholarship,Biochemistry and Molecular Biology/Biotechnology,862
AZ,*,College of Natural Science,*,Scholarship,Preoptometry,11674,,AZ,Phoenix,College of Natural Science,*,Scholarship,Preoptometry,3132
AZ,*,College of Political Science,*,Campus Resource,Social Relations and Policy,6223,,AZ,Phoenix,College of Political Science,*,Campus Resource,Social Relations and Policy,41
AZ,*,College of Political Science,*,Endowment,Social Relations and Policy,6223,,AZ,Phoenix,College of Political Science,*,Endowment,Social Relations and Policy,41
CA,*,College of Agriculture and Natural Resources,*,Campus Resource,Animal Science,7205,,CA,San Francisco,College of Agriculture and Natural Resources,*,Campus Resource,Animal Science,1490
CA,*,College of Agriculture and Natural Resources,*,Campus Resource,Landscape Architecture,11719,,CA,San Francisco,College of Agriculture and Natural Resources,*,Campus Resource,Landscape Architecture,1822
CA,*,College of Agriculture and Natural Resources,*,Campus Resource,Natural Resource Recreation and Tourism,49159,,CA,Los Angeles,College of Agriculture and Natural Resources,*,Campus Resource,Natural Resource Recreation and Tourism,14552
CA,*,College of Agriculture and Natural Resources,*,Campus Resource,Natural Resource Recreation and Tourism,49159,,CA,San Francisco,College of Agriculture and Natural Resources,*,Campus Resource,Natural Resource Recreation and Tourism,6032
CA,*,College of Agriculture and Natural Resources,*,Endowment,Animal Science,32681,,CA,Los Angeles,College of Agriculture and Natural Resources,*,Endowment,Animal Science,1839
CA,*,College of Agriculture and Natural Resources,*,Endowment,Environmental Economics and Policy,24810,,CA,Anaheim,College of Agriculture and Natural Resources,*,Endowment,Environmental Economics and Policy,6156
CA,*,College of Agriculture and Natural Resources,*,Scholarship,Agriculture and Natural Resources-No Preference,9592,,CA,San Francisco,College of Agriculture and Natural Resources,*,Scholarship,Agriculture and Natural Resources-No Preference,2869
CA,*,College of Agriculture and Natural Resources,*,Scholarship,Animal Science,14911,,CA,San Francisco,College of Agriculture and Natural Resources,*,Scholarship,Animal Science,1490
CA,*,College of Agriculture and Natural Resources,*,Scholarship,Entomology,15216,,CA,San Diego,College of Agriculture and Natural Resources,*,Scholarship,Entomology,3175
CA,*,College of Agriculture and Natural Resources,*,Scholarship,Natural Resource Recreation and Tourism,16400,,CA,San Diego,College of Agriculture and Natural Resources,*,Scholarship,Natural Resource Recreation and Tourism,3219
CA,*,College of Arts and Sciences,*,Campus Resource,Linguistics,14438,,CA,San Diego,College of Arts and Sciences,*,Campus Resource,Linguistics,645
CA,*,College of Arts and Sciences,*,Endowment,Art Education,19137,,CA,Los Angeles,College of Arts and Sciences,*,Endowment,Art Education,373
CA,*,College of Arts and Sciences,*,Endowment,Art History and Visual Culture,29807,,CA,Los Angeles,College of Arts and Sciences,*,Endowment,Art History and Visual Culture,5619
CA,*,College of Arts and Sciences,*,Endowment,German,12680,,CA,Los Angeles,College of Arts and Sciences,*,Endowment,German,2329
CA,*,College of Arts and Sciences,*,Endowment,German,12680,,CA,San Francisco,College of Arts and Sciences,*,Endowment,German,2507
CA,*,College of Arts and Sciences,*,Endowment,Philosophy,25500,,CA,Los Angeles,College of Arts and Sciences,*,Endowment,Philosophy,6368
CA,*,College of Arts and Sciences,*,Endowment,Professional Writing,24165,,CA,Los Angeles,College of Arts and Sciences,*,Endowment,Professional Writing,3791
CA,*,College of Arts and Sciences,*,Endowment,Theatre,12963,,CA,Los Angeles,College of Arts and Sciences,*,Endowment,Theatre,1115
CA,*,College of Arts and Sciences,*,Scholarship,Apparel and Textile Design,42472,,CA,San Francisco,College of Arts and Sciences,*,Scholarship,Apparel and Textile Design,3527
CA,*,College of Arts and Sciences,*,Scholarship,German,13234,,CA,San Francisco,College of Arts and Sciences,*,Scholarship,German,3622
CA,*,College of Arts and Sciences,*,Scholarship,Interdisciplinary Humanities,23386,,CA,Los Angeles,College of Arts and Sciences,*,Scholarship,Interdisciplinary Humanities,6377
CA,*,College of Arts and Sciences,*,Scholarship,Interdisciplinary Humanities,23386,,CA,San Francisco,College of Arts and Sciences,*,Scholarship,Interdisciplinary Humanities,4510
CA,*,College of Arts and Sciences,*,Scholarship,Linguistics,14570,,CA,San Diego,College of Arts and Sciences,*,Scholarship,Linguistics,3883
CA,*,College of Business,*,Campus Resource,Supply Chain Management,11219,,CA,Anaheim,College of Business,*,Campus Resource,Supply Chain Management,3145
CA,*,College of Communication Arts and Sciences,*,Scholarship,Media and Information,11319,,CA,San Francisco,College of Communication Arts and Sciences,*,Scholarship,Media and Information,2307
CA,*,College of Education,*,Scholarship,Kinesiology,47604,,CA,Sacramento,College of Education,*,Scholarship,Kinesiology,650
CA,*,College of Engineering,*,Campus Resource,Mechanical Engineering,14899,,CA,Los Angeles,College of Engineering,*,Campus Resource,Mechanical Engineering,4462
CA,*,College of Engineering,*,Endowment,Applied Engineering Sciences,10279,,CA,San Diego,College of Engineering,*,Endowment,Applied Engineering Sciences,554
CA,*,College of Engineering,*,Endowment,Materials Science and Engineering,5345,,CA,Los Angeles,College of Engineering,*,Endowment,Materials Science and Engineering,1754
CA,*,College of Engineering,*,Scholarship,Applied Engineering Sciences,9424,,CA,San Diego,College of Engineering,*,Scholarship,Applied Engineering Sciences,1093
CA,*,College of Engineering,*,Scholarship,Computer Engineering,13699,,CA,San Diego,College of Engineering,*,Scholarship,Computer Engineering,477
CA,*,College of Engineering,*,Scholarship,Materials Science and Engineering,12612,,CA,Los Angeles,College of Engineering,*,Scholarship,Materials Science and Engineering,293
CA,*,College of Engineering,*,Scholarship,Materials Science and Engineering,12612,,CA,San Francisco,College of Engineering,*,Scholarship,Materials Science and Engineering,1198
CA,*,College of Music,*,Campus Resource,Music,8962,,CA,Los Angeles,College of Music,*,Campus Resource,Music,1128
CA,*,College of Music,*,Endowment,Composition,35461,,CA,San Francisco,College of Music,*,Endowment,Composition,6401
CA,*,College of Music,*,Endowment,Jazz Studies,10853,,CA,San Francisco,College of Music,*,Endowment,Jazz Studies,908
CA,*,College of Music,*,Scholarship,Jazz Studies,56127,,CA,Anaheim,College of Music,*,Scholarship,Jazz Studies,8433
CA,*,College of Natural Science,*,Campus Resource,Biochemistry and Molecular Biology/Biotechnology,15949,,CA,Los Angeles,College of Natural Science,*,Campus Resource,Biochemistry and Molecular Biology/Biotechnology,2879
CA,*,College of Natural Science,*,Campus Resource,Preoptometry,25231,,CA,San Diego,College of Natural Science,*,Campus Resource,Preoptometry,5223
CA,*,College of Natural Science,*,Endowment,Biomedical Laboratory Science,11413,,CA,San Diego,College of Natural Science,*,Endowment,Biomedical Laboratory Science,2544
CA,*,College of Natural Science,*,Scholarship,Biochemistry and Molecular Biology/Biotechnology,17502,,CA,San Francisco,College of Natural Science,*,Scholarship,Biochemistry and Molecular Biology/Biotechnology,3892
CA,*,College of Natural Science,*,Scholarship,Biological Science Interdepartmental,4547,,CA,Los Angeles,College of Natural Science,*,Scholarship,Biological Science Interdepartmental,998
CA,*,College of Natural Science,*,Scholarship,Physical Science Interdepartmental,28655,,CA,Los Angeles,College of Natural Science,*,Scholarship,Physical Science Interdepartmental,4332
CA,*,College of Natural Science,*,Scholarship,Physical Science Interdepartmental,28655,,CA,San Diego,College of Natural Science,*,Scholarship,Physical Science Interdepartmental,9344
CA,*,College of Natural Science,*,Scholarship,Predental,20806,,CA,San Francisco,College of Natural Science,*,Scholarship,Predental,3577
CA,*,College of Nursing,*,Endowment,Summer Research Program,3847,,CA,Los Angeles,College of Nursing,*,Endowment,Summer Research Program,584
CA,*,College of Nursing,*,Scholarship,Summer Research Program,80819,,CA,Los Angeles,College of Nursing,*,Scholarship,Summer Research Program,18819
CA,*,College of Political Science,*,Endowment,College of Political Science,8700,,CA,Fresno,College of Political Science,*,Endowment,Political Theory and Constitutional Democracy,158
CA,*,College of Political Science,*,Endowment,College of Political Science,8700,,CA,San Francisco,College of Political Science,*,Endowment,Social Relations and Policy,628
CA,*,College of Social Science,*,Campus Resource,Geographic Information Science,11973,,CA,Los Angeles,College of Social Science,*,Campus Resource,Geographic Information Science,1797
CA,*,College of Social Science,*,Campus Resource,Political Science,36702,,CA,San Diego,College of Social Science,*,Campus Resource,Political Science,1392
CA,*,College of Social Science,*,Endowment,Global & Area Studies - Soc Sci,38472,,CA,Fresno,College of Social Science,*,Endowment,Global & Area Studies - Soc Sci,10858
CA,*,College of Social Science,*,Endowment,Global & Area Studies - Soc Sci,38472,,CA,Sacramento,College of Social Science,*,Endowment,Global & Area Studies - Soc Sci,7544
CA,*,College of Social Science,*,Endowment,Human Development and Family Studies,9425,,CA,Los Angeles,College of Social Science,*,Endowment,Human Development and Family Studies,1563
CA,*,College of Social Science,*,Endowment,Interdisciplinary Studies in Social Science - Social Science Education,7884,,CA,San Diego,College of Social Science,*,Endowment,Interdisciplinary Studies in Social Science - Social Science Education,2049
CA,*,College of Social Science,*,Endowment,Political Science-Prelaw,16647,,CA,Los Angeles,College of Social Science,*,Endowment,Political Science-Prelaw,2242
CA,*,College of Social Science,*,Scholarship,Economics,8746,,CA,Los Angeles,College of Social Science,*,Scholarship,Economics,173
CA,*,College of Social Science,*,Scholarship,Economics,8746,,CA,San Francisco,College of Social Science,*,Scholarship,Economics,858
CA,*,College of Social Science,*,Scholarship,Geography,19540,,CA,San Diego,College of Social Science,*,Scholarship,Geography,531
CA,*,College of Social Science,*,Scholarship,Human Development and Family Studies,5356,,CA,Los Angeles,College of Social Science,*,Scholarship,Human Development and Family Studies,1563
CA,*,College of Social Science,*,Scholarship,Political Science,9514,,CA,San Diego,College of Social Science,*,Scholarship,Political Science,43
CA,*,College of Social Science,*,Scholarship,Public Policy,36166,,CA,Los Angeles,College of Social Science,*,Scholarship,Public Policy,3889
CA,*,College of Veterinary Medicine,*,Endowment,Preveterinary,12215,,CA,San Francisco,College of Veterinary Medicine,*,Endowment,Preveterinary,2268
CO,*,College of Agriculture and Natural Resources,*,Campus Resource,Horticulture,16025.5,,CO,Colorado Springs,College of Agriculture and Natural Resources,*,Campus Resource,Horticulture,5074
CO,*,College of Agriculture and Natural Resources,*,Scholarship,Construction Management,55615.5,,CO,Colorado Springs,College of Agriculture and Natural Resources,*,Scholarship,Construction Management,13560
CO,*,College of Arts and Sciences,*,Endowment,Apparel and Textile Design,58237.5,,CO,Colorado Springs,College of Arts and Sciences,*,Endowment,Apparel and Textile Design,11490
CO,*,College of Arts and Sciences,*,Endowment,French,13775.5,,CO,Colorado Springs,College of Arts and Sciences,*,Endowment,French,1720
CO,*,College of Arts and Sciences,*,Scholarship,Interdisciplinary Humanities,18825.5,,CO,Colorado Springs,College of Arts and Sciences,*,Scholarship,Interdisciplinary Humanities,4238
CO,*,College of Arts and Sciences,*,Scholarship,Spanish,29945.0,,CO,Colorado Springs,College of Arts and Sciences,*,Scholarship,Spanish,2768
CO,*,College of Education,*,Scholarship,Education,36872.5,,CO,Colorado Springs,College of Education,*,Scholarship,Education,8968
CO,*,College of Engineering,*,Endowment,Applied Engineering Sciences,17481.5,,CO,Colorado Springs,College of Engineering,*,Endowment,Applied Engineering Sciences,5822
CO,*,College of Social Science,*,Endowment,Interdisciplinary Studies in Social Science,32526.5,,CO,Denver,College of Social Science,*,Endowment,Interdisciplinary Studies in Social Science,9757.5
CT,*,College of Natural Science,*,Endowment,Astrophysics,13957,,CT,New Haven,College of Natural Science,*,Endowment,Astrophysics,4357
FL,*,College of Agriculture and Natural Resources,*,Scholarship,Agribusiness Management,8064,,FL,Tallahassee,College of Agriculture and Natural Resources,*,Scholarship,Agribusiness Management,630
FL,*,College of Agriculture and Natural Resources,*,Scholarship,Construction Management,16477,,FL,Jacksonville,College of Agriculture and Natural Resources,*,Scholarship,Construction Management,4140
FL,*,College of Agriculture and Natural Resources,*,Scholarship,Packaging,37945,,FL,Fort Lauderdale,College of Agriculture and Natural Resources,*,Scholarship,Packaging,8085
FL,*,College of Arts and Sciences,*,Scholarship,Arts & Letters-General,23802,,FL,Jacksonville,College of Arts and Sciences,*,Scholarship,Arts & Letters-General,7534
FL,*,College of Arts and Sciences,*,Scholarship,Interdisciplinary Humanities,16109,,FL,Miami,College of Arts and Sciences,*,Scholarship,Interdisciplinary Humanities,5107
FL,*,College of Arts and Sciences,*,Scholarship,Interdisciplinary Humanities,16109,,FL,Tallahassee,College of Arts and Sciences,*,Scholarship,Interdisciplinary Humanities,1509
FL,*,College of Engineering,*,Scholarship,Engineering-No Major,8473,,FL,Miami,College of Engineering,*,Scholarship,Engineering-No Major,1119
FL,*,College of Natural Science,*,Endowment,Physical Science Interdepartmental,14358,,FL,Fort Lauderdale,College of Natural Science,*,Endowment,Physical Science Interdepartmental,4018
FL,*,College of Social Science,*,Scholarship,Psychology,13956,,FL,Tallahassee,College of Social Science,*,Scholarship,Psychology,4048
GA,*,College of Arts and Sciences,*,Scholarship,Humanities-Prelaw,4537,,GA,Savannah,College of Arts and Sciences,*,Scholarship,Humanities-Prelaw,36
GA,*,College of Natural Science,*,Endowment,Earth Science Interdepartmental,29341,,GA,Atlanta,College of Natural Science,*,Endowment,Earth Science Interdepartmental,7392
IL,*,College of Arts and Sciences,*,Scholarship,Experience Architecture,11613,,IL,Springfield,College of Arts and Sciences,*,Scholarship,Experience Architecture,2002
IL,*,College of Arts and Sciences,*,Scholarship,Interdisciplinary Humanities,9013,,IL,Chicago,College of Arts and Sciences,*,Scholarship,Interdisciplinary Humanities,960
IL,*,College of Engineering,*,Endowment,Applied Engineering Sciences,27070,,IL,Chicago,College of Engineering,*,Endowment,Applied Engineering Sciences,2422
IL,*,College of Natural Science,*,Scholarship,Earth Science Interdepartmental,2047,,IL,Chicago,College of Natural Science,*,Scholarship,Earth Science Interdepartmental,267
KS,*,College of Natural Science,*,Campus Resource,Plant Biology,18936,,KS,Overland Park,College of Natural Science,*,Campus Resource,Plant Biology,5819
KS,*,College of Natural Science,*,Endowment,Mathematics,18125,,KS,Overland Park,College of Natural Science,*,Endowment,Mathematics,4571
LA,*,College of Arts and Sciences,*,Endowment,Spanish,11166,,LA,Baton Rouge,College of Arts and Sciences,*,Endowment,Spanish,2773
MI,*,College of Nursing,*,Scholarship,Prenursing,14172,,MI,Lansing,College of Nursing,*,Scholarship,Prenursing,4340
MO,*,College of Engineering,*,Endowment,Biosystems Engineering,20732,,MO,St. Louis,College of Engineering,*,Endowment,Biosystems Engineering,5490
NC,*,College of Arts and Sciences,*,Endowment,Apparel and Textile Design,14067,,NC,Durham,College of Arts and Sciences,*,Endowment,Apparel and Textile Design,4469
NC,*,College of Engineering,*,Endowment,Materials Science and Engineering,15988,,NC,Charlotte,College of Engineering,*,Endowment,Materials Science and Engineering,103
NC,*,College of Political Science,*,Campus Resource,College of Political Science,6610,,NC,Raleigh,College of Political Science,*,Campus Resource,College of Political Science,493
NE,*,College of Arts and Sciences,*,Scholarship,Spanish,14014,,NE,Lincoln,College of Arts and Sciences,*,Scholarship,Spanish,3240
NV,*,College of Music,*,Endowment,Composition,9987,,NV,Las Vegas,College of Music,*,Endowment,Composition,3254
NY,*,College of Agriculture and Natural Resources,*,Endowment,Food Science,10132,,NY,New York,College of Agriculture and Natural Resources,*,Endowment,Food Science,3270
NY,*,College of Agriculture and Natural Resources,*,Scholarship,Landscape Architecture,33954,,NY,New York,College of Agriculture and Natural Resources,*,Scholarship,Landscape Architecture,8723
NY,*,College of Social Science,*,Endowment,Geography,5148,,NY,New York,College of Social Science,*,Endowment,Geography,984
OH,*,College of Arts and Sciences,*,Endowment,Interdisciplinary Humanities,9256,,OH,Cincinnati,College of Arts and Sciences,*,Endowment,Interdisciplinary Humanities,1328
OH,*,College of Social Science,*,Endowment,Economics,45435,,OH,Cleveland,College of Social Science,*,Endowment,Economics,8712
OH,*,College of Veterinary Medicine,*,Endowment,Preveterinary,32830,,OH,Cleveland,College of Veterinary Medicine,*,Endowment,Preveterinary,5872
OR,*,College of Political Science,*,Endowment,Social Relations and Policy,14168,,OR,Salem,College of Political Science,*,Endowment,Social Relations and Policy,4340
PA,*,College of Education,*,Endowment,Education,13320,,PA,Philadelphia,College of Education,*,Endowment,Education,3135
SC,*,College of Social Science,*,Endowment,Criminal Justice,13196,,SC,Columbia,College of Social Science,*,Endowment,Criminal Justice,2022
TN,*,College of Agriculture and Natural Resources,*,Scholarship,Agriculture and Natural Resources-No Preference,12252,,TN,Memphis,College of Agriculture and Natural Resources,*,Scholarship,Agriculture and Natural Resources-No Preference,3734
TN,*,College of Arts and Sciences,*,Scholarship,Japanese,12096,,TN,Knoxville,College of Arts and Sciences,*,Scholarship,Japanese,3897
TX,*,College of Agriculture and Natural Resources,*,Campus Resource,Fisheries and Wildlife,16698,,TX,Houston,College of Agriculture and Natural Resources,*,Campus Resource,Fisheries and Wildlife,4821
TX,*,College of Agriculture and Natural Resources,*,Endowment,Agriculture and Natural Resources-No Preference,32399,,TX,Austin,College of Agriculture and Natural Resources,*,Endowment,Agriculture and Natural Resources-No Preference,7073
TX,*,College of Agriculture and Natural Resources,*,Endowment,Nutritional Sciences,2377,,TX,Houston,College of Agriculture and Natural Resources,*,Endowment,Nutritional Sciences,52
TX,*,College of Agriculture and Natural Resources,*,Scholarship,Fisheries and Wildlife,29444,,TX,Houston,College of Agriculture and Natural Resources,*,Scholarship,Fisheries and Wildlife,5981
TX,*,College of Agriculture and Natural Resources,*,Scholarship,Horticulture,11190,,TX,Austin,College of Agriculture and Natural Resources,*,Scholarship,Horticulture,1672
TX,*,College of Arts and Sciences,*,Campus Resource,Humanities-Prelaw,11962,,TX,Austin,College of Arts and Sciences,*,Campus Resource,Humanities-Prelaw,3404
TX,*,College of Arts and Sciences,*,Endowment,Chinese,12983,,TX,Dallas,College of Arts and Sciences,*,Endowment,Chinese,4062
TX,*,College of Arts and Sciences,*,Endowment,Studio Art,10449,,TX,Dallas,College of Arts and Sciences,*,Endowment,Studio Art,2147
TX,*,College of Arts and Sciences,*,Scholarship,Art Education,1924,,TX,Dallas,College of Arts and Sciences,*,Scholarship,Art Education,109
TX,*,College of Arts and Sciences,*,Scholarship,Experience Architecture,8278,,TX,Amarillo,College of Arts and Sciences,*,Scholarship,Experience Architecture,1634
TX,*,College of Arts and Sciences,*,Scholarship,German,40020,,TX,Dallas,College of Arts and Sciences,*,Scholarship,German,5114
TX,*,College of Arts and Sciences,*,Scholarship,Humanities-Prelaw,4296,,TX,Houston,College of Arts and Sciences,*,Scholarship,Humanities-Prelaw,892
TX,*,College of Arts and Sciences,*,Scholarship,Interdisciplinary Humanities,7392,,TX,Amarillo,College of Arts and Sciences,*,Scholarship,Interdisciplinary Humanities,2372
TX,*,College of Business,*,Campus Resource,Finance,9810,,TX,San Antonio,College of Business,*,Campus Resource,Finance,750
TX,*,College of Business,*,Campus Resource,General Management,26002,,TX,San Antonio,College of Business,*,Campus Resource,General Management,8225
TX,*,College of Business,*,Endowment,Marketing,15691,,TX,Austin,College of Business,*,Endowment,Marketing,4217
TX,*,College of Business,*,Scholarship,Hospitality Business,11264,,TX,Houston,College of Business,*,Scholarship,Hospitality Business,2165
TX,*,College of Education,*,Scholarship,Athletic Training,16982,,TX,San Antonio,College of Education,*,Scholarship,Athletic Training,2070
TX,*,College of Natural Science,*,Campus Resource,Biochemistry and Molecular Biology,26907,,TX,Houston,College of Natural Science,*,Campus Resource,Biochemistry and Molecular Biology,2646
TX,*,College of Natural Science,*,Campus Resource,Environmental Biology/Zoology,17297,,TX,Houston,College of Natural Science,*,Campus Resource,Environmental Biology/Zoology,5093
TX,*,College of Natural Science,*,Endowment,Biochemistry and Molecular Biology,37458,,TX,Dallas,College of Natural Science,*,Endowment,Biochemistry and Molecular Biology,2646
TX,*,College of Natural Science,*,Endowment,Environmental Geosciences,14847,,TX,Houston,College of Natural Science,*,Endowment,Environmental Geosciences,1517
TX,*,College of Natural Science,*,Scholarship,Astrophysics,29668,,TX,El Paso,College of Natural Science,*,Scholarship,Astrophysics,4251
TX,*,College of Natural Science,*,Scholarship,Biochemistry and Molecular Biology,27308,,TX,Amarillo,College of Natural Science,*,Scholarship,Biochemistry and Molecular Biology,4784
TX,*,College of Natural Science,*,Scholarship,Biochemistry and Molecular Biology,27308,,TX,Dallas,College of Natural Science,*,Scholarship,Biochemistry and Molecular Biology,383
TX,*,College of Natural Science,*,Scholarship,Earth Science Interdepartmental,13240,,TX,Dallas,College of Natural Science,*,Scholarship,Earth Science Interdepartmental,4095
TX,*,College of Natural Science,*,Scholarship,Neuroscience,29388,,TX,Dallas,College of Natural Science,*,Scholarship,Neuroscience,5271
TX,*,College of Political Science,*,Campus Resource,College of Political Science,12776,,TX,Houston,College of Political Science,*,Campus Resource,College of Political Science,1601
TX,*,College of Political Science,*,Endowment,College of Political Science,29662,,TX,Houston,College of Political Science,*,Endowment,College of Political Science,7303
TX,*,Comparative Cultures and Politics,*,Scholarship,College of Political Science,10552,,TX,Houston,Comparative Cultures and Politics,*,Scholarship,College of Political Science,464
TX,*,College of Social Science,*,Campus Resource,Interdisciplinary Studies in Social Science,28932,,TX,Austin,College of Social Science,*,Campus Resource,Interdisciplinary Studies in Social Science,7970
TX,*,College of Social Science,*,Campus Resource,Interdisciplinary Studies in Social Science,28932,,TX,Dallas,College of Social Science,*,Campus Resource,Interdisciplinary Studies in Social Science,5740
TX,*,College of Social Science,*,Endowment,History,8664,,TX,Dallas,College of Social Science,*,Endowment,History,1495
TX,*,College of Social Science,*,Endowment,Public Policy,9938,,TX,San Antonio,College of Social Science,*,Endowment,Public Policy,999
TX,*,College of Social Science,*,Endowment,Social Work,7538,,TX,Houston,College of Social Science,*,Endowment,Social Work,2028
TX,*,College of Social Science,*,Endowment,Sociology,22737,,TX,El Paso,College of Social Science,*,Endowment,Sociology,4216
TX,*,College of Social Science,*,Scholarship,World Politics,21408,,TX,Houston,College of Social Science,*,Scholarship,World Politics,6051
TX,*,College of Veterinary Medicine,*,Endowment,Preveterinary,51844,,TX,Dallas,College of Veterinary Medicine,*,Endowment,Preveterinary,9945
UT,*,College of Agriculture and Natural Resources,*,Scholarship,Interior Design,53432,,UT,Provo,College of Agriculture and Natural Resources,*,Scholarship,Interior Design,9635
VA,*,College of Agriculture and Natural Resources,*,Scholarship,Food Science,19255,,VA,Richmond,College of Agriculture and Natural Resources,*,Scholarship,Food Science,6225
VA,*,College of Arts and Sciences,*,Scholarship,Apparel and Textiles,25768,,VA,Alexandria,College of Arts and Sciences,*,Scholarship,Apparel and Textiles,4999
VA,*,College of Natural Science,*,Scholarship,Actuarial Science,9530,,VA,Richmond,College of Natural Science,*,Scholarship,Actuarial Science,451
WA,*,College of Communication Arts and Sciences,*,Endowment,Advertising,10996,,WA,Seattle,College of Communication Arts and Sciences,*,Endowment,Advertising,2271
WA,*,College of Natural Science,*,Campus Resource,Predental,25977,,WA,Seattle,College of Natural Science,*,Campus Resource,Predental,2646
WA,*,College of Natural Science,*,Scholarship,Predental,10748,,WA,Seattle,College of Natural Science,*,Scholarship,Predental,1793
WA,*,College of Social Science,*,Scholarship,Social Work,37302,,WA,Seattle,College of Social Science,*,Scholarship,Social Work,8394
