AL,*,*,*,*,Anthropology,29731,,AL,*,*,*,Scholarship,Anthropology,8744
AL,*,*,*,*,Apparel and Textile Design,16157,,AL,*,*,*,Campus Resource,Apparel and Textile Design,5163
AL,*,*,*,*,Apparel and Textile Design,16157,,AL,*,*,*,Scholarship,Apparel and Textile Design,4777
AL,*,*,*,*,Art History and Visual Culture,44642,,AL,*,*,*,Endowment,Art History and Visual Culture,12342
AL,*,*,*,*,Art History and Visual Culture,44642,,AL,*,*,*,Scholarship,Art History and Visual Culture,13914
AL,*,*,*,*,College of Political Science,10675,,AL,*,*,*,Endowment,College of Political Science,1433
AR,*,*,*,*,Accounting,12564,,AR,*,*,*,Endowment,Accounting,3993
AR,*,*,*,*,Mathematics  Advanced,38903,,AR,*,*,*,Endowment,Mathematics  Advanced,4680
AR,*,*,*,*,Mathematics  Advanced,38903,,AR,*,*,*,Scholarship,Mathematics  Advanced,12931
AR,*,*,*,*,Statistics,7923,,AR,*,*,*,Scholarship,Statistics,313
AZ,*,*,*,*,Art Education,27327,,AZ,*,*,*,Campus Resource,Art Education,7371
AZ,*,*,*,*,Art Education,27327,,AZ,*,*,*,Scholarship,Art Education,6245
AZ,*,*,*,*,Biochemistry and Molecular Biology/Biotechnology,34335,,AZ,*,*,*,Endowment,Biochemistry and Molecular Biology/Biotechnology,4740
AZ,*,*,*,*,Biochemistry and Molecular Biology/Biotechnology,34335,,AZ,*,*,*,Scholarship,Biochemistry and Molecular Biology/Biotechnology,6551
AZ,*,*,*,*,Biological Science Interdepartmental,15479,,AZ,*,*,*,Scholarship,Biological Science Interdepartmental,2733
AZ,*,*,*,*,Computer Science,11516,,AZ,*,*,*,Scholarship,Computer Science,334
AZ,*,*,*,*,Construction Management,20503,,AZ,*,*,*,Scholarship,Construction Management,6006
AZ,*,*,*,*,Earth Science Interdepartmental,9113,,AZ,*,*,*,Scholarship,Earth Science Interdepartmental,2965
AZ,*,*,*,*,Electrical Engineering,48200,,AZ,*,*,*,Scholarship,Electrical Engineering,15453
AZ,*,*,*,*,English,10473,,AZ,*,*,*,Endowment,English,1942
AZ,*,*,*,*,Entomology,34728,,AZ,*,*,*,Campus Resource,Entomology,145
AZ,*,*,*,*,Entomology,34728,,AZ,*,*,*,Endowment,Entomology,9356
AZ,*,*,*,*,Environmental Economics and Policy,21240,,AZ,*,*,*,Campus Resource,Environmental Economics and Policy,2966
AZ,*,*,*,*,Finance,12251,,AZ,*,*,*,Campus Resource,Finance,2679
AZ,*,*,*,*,Finance,12251,,AZ,*,*,*,Endowment,Finance,2679
AZ,*,*,*,*,German,14620,,AZ,*,*,*,Endowment,German,4635
AZ,*,*,*,*,History Education,6256,,AZ,*,*,*,Scholarship,History Education,1355
AZ,*,*,*,*,Interior Design,13810,,AZ,*,*,*,Scholarship,Interior Design,2206
AZ,*,*,*,*,Jazz Studies,14989,,AZ,*,*,*,Endowment,Jazz Studies,3984
AZ,*,*,*,*,Jazz Studies,14989,,AZ,*,*,*,Scholarship,Jazz Studies,4884
AZ,*,*,*,*,Kinesiology,19780,,AZ,*,*,*,Endowment,Kinesiology,4792
AZ,*,*,*,*,Materials Science and Engineering,28331,,AZ,*,*,*,Campus Resource,Materials Science and Engineering,486
AZ,*,*,*,*,Materials Science and Engineering,28331,,AZ,*,*,*,Endowment,Materials Science and Engineering,8643
AZ,*,*,*,*,Media and Information,22695,,AZ,*,*,*,Scholarship,Media and Information,7257
AZ,*,*,*,*,Music,16929,,AZ,*,*,*,Campus Resource,Music,1666
AZ,*,*,*,*,Nursing,56030,,AZ,*,*,*,Campus Resource,Nursing,2981
AZ,*,*,*,*,Physical Science Interdepartmental,35578,,AZ,*,*,*,Endowment,Physical Science Interdepartmental,10466
AZ,*,*,*,*,Prenursing,41529,,AZ,*,*,*,Scholarship,Prenursing,2977
AZ,*,*,*,*,Professional Writing,1414,,AZ,*,*,*,Campus Resource,Professional Writing,84
AZ,*,*,*,*,Supply Chain Management,27391,,AZ,*,*,*,Campus Resource,Supply Chain Management,6679
AZ,*,*,*,*,Supply Chain Management,27391,,AZ,*,*,*,Scholarship,Supply Chain Management,4240
AZ,*,*,*,*,Urban and Regional Planning,20333,,AZ,*,*,*,Scholarship,Urban and Regional Planning,6165
AZ,*,*,*,*,Women's and Gender Studies,17224,,AZ,*,*,*,Campus Resource,Women's and Gender Studies,2731
CA,*,*,*,*,Agribusiness Management,12905,,CA,*,*,*,Scholarship,Agribusiness Management,3045
CA,*,*,*,*,Animal Science,54797,,CA,*,*,*,Campus Resource,Animal Science,7205
CA,*,*,*,*,Animal Science,54797,,CA,*,*,*,Scholarship,Animal Science,14911
CA,*,*,*,*,Apparel and Textile Design,52955,,CA,*,*,*,Endowment,Apparel and Textile Design,10483
CA,*,*,*,*,Arabic,38079,,CA,*,*,*,Scholarship,Arabic,5629
CA,*,*,*,*,Art Education,20335,,CA,*,*,*,Scholarship,Art Education,1198
CA,*,*,*,*,Art History and Visual Culture,58525,,CA,*,*,*,Campus Resource,Art History and Visual Culture,14562
CA,*,*,*,*,Art History and Visual Culture,58525,,CA,*,*,*,Scholarship,Art History and Visual Culture,14156
CA,*,*,*,*,Biochemistry and Molecular Biology/Biotechnology,42262,,CA,*,*,*,Endowment,Biochemistry and Molecular Biology/Biotechnology,8811
CA,*,*,*,*,Biomedical Laboratory Science,11705,,CA,*,*,*,Scholarship,Biomedical Laboratory Science,292
CA,*,*,*,*,Chemistry,6559,,CA,*,*,*,Scholarship,Chemistry,1617
CA,*,*,*,*,Chinese,21832,,CA,*,*,*,Scholarship,Chinese,6638
CA,*,*,*,*,Composition,58020,,CA,*,*,*,Campus Resource,Composition,3666
CA,*,*,*,*,Composition,58020,,CA,*,*,*,Scholarship,Composition,18893
CA,*,*,*,*,Criminal Justice,15951,,CA,*,*,*,Endowment,Criminal Justice,4745
CA,*,*,*,*,Criminal Justice,15951,,CA,*,*,*,Scholarship,Criminal Justice,4209
CA,*,*,*,*,Electrical Engineering,10574,,CA,*,*,*,Campus Resource,Electrical Engineering,2390
CA,*,*,*,*,Entomology,17394,,CA,*,*,*,Campus Resource,Entomology,2178
CA,*,*,*,*,Environmental Biology/Zoology,11804,,CA,*,*,*,Scholarship,Environmental Biology/Zoology,3929
CA,*,*,*,*,Environmental Economics and Policy,47820,,CA,*,*,*,Campus Resource,Environmental Economics and Policy,8352
CA,*,*,*,*,Environmental Economics and Policy,47820,,CA,*,*,*,Scholarship,Environmental Economics and Policy,14658
CA,*,*,*,*,Environmental Geosciences,18624,,CA,*,*,*,Endowment,Environmental Geosciences,5375
CA,*,*,*,*,Environmental Studies and Agriscience,17580,,CA,*,*,*,Campus Resource,Environmental Studies and Agriscience,5051
CA,*,*,*,*,Environmental Studies and Agriscience,17580,,CA,*,*,*,Scholarship,Environmental Studies and Agriscience,1724
CA,*,*,*,*,Experience Architecture,21105,,CA,*,*,*,Scholarship,Experience Architecture,4049
CA,*,*,*,*,Finance,15975,,CA,*,*,*,Campus Resource,Finance,612
CA,*,*,*,*,Food Industry Management,24107,,CA,*,*,*,Campus Resource,Food Industry Management,7699
CA,*,*,*,*,Food Industry Management,24107,,CA,*,*,*,Scholarship,Food Industry Management,7699
CA,*,*,*,*,Food Science,19595,,CA,*,*,*,Endowment,Food Science,6083
CA,*,*,*,*,French,19577,,CA,*,*,*,Scholarship,French,3578
CA,*,*,*,*,Geographic Information Science,30892,,CA,*,*,*,Endowment,Geographic Information Science,2524
CA,*,*,*,*,Geological Sciences,38135,,CA,*,*,*,Scholarship,Geological Sciences,5072
CA,*,*,*,*,Global & Area Studies - Soc Sci,62457,,CA,*,*,*,Campus Resource,Global & Area Studies - Soc Sci,17521
CA,*,*,*,*,Global & Area Studies - Soc Sci,62457,,CA,*,*,*,Scholarship,Global & Area Studies - Soc Sci,6464
CA,*,*,*,*,History,27599,,CA,*,*,*,Campus Resource,History,1180
CA,*,*,*,*,History,27599,,CA,*,*,*,Endowment,History,4256
CA,*,*,*,*,Horticulture,30027,,CA,*,*,*,Campus Resource,Horticulture,5648
CA,*,*,*,*,Human Biology,46263,,CA,*,*,*,Endowment,Human Biology,13280
CA,*,*,*,*,Human Biology,46263,,CA,*,*,*,Scholarship,Human Biology,7426
CA,*,*,*,*,Human Resource Management,36519,,CA,*,*,*,Campus Resource,Human Resource Management,4869
CA,*,*,*,*,Human Resource Management,36519,,CA,*,*,*,Scholarship,Human Resource Management,11688
CA,*,*,*,*,Interdisciplinary Humanities,37410,,CA,*,*,*,Campus Resource,Interdisciplinary Humanities,4750
CA,*,*,*,*,Interdisciplinary Humanities,37410,,CA,*,*,*,Endowment,Interdisciplinary Humanities,9274
CA,*,*,*,*,Interdisciplinary Studies in Social Science,18156,,CA,*,*,*,Scholarship,Interdisciplinary Studies in Social Science,3345
CA,*,*,*,*,Interior Design,18779,,CA,*,*,*,Scholarship,Interior Design,4558
CA,*,*,*,*,Japanese,4765,,CA,*,*,*,Campus Resource,Japanese,151
CA,*,*,*,*,Jazz Studies,75270,,CA,*,*,*,Campus Resource,Jazz Studies,8290
CA,*,*,*,*,Jazz Studies,75270,,CA,*,*,*,Endowment,Jazz Studies,10853
CA,*,*,*,*,Kinesiology,85019,,CA,*,*,*,Campus Resource,Kinesiology,8797
CA,*,*,*,*,Landscape Architecture,29079,,CA,*,*,*,Scholarship,Landscape Architecture,3584
CA,*,*,*,*,Marketing,29353,,CA,*,*,*,Endowment,Marketing,4958
CA,*,*,*,*,Materials Science and Engineering,20028,,CA,*,*,*,Campus Resource,Materials Science and Engineering,2071
CA,*,*,*,*,Materials Science and Engineering,20028,,CA,*,*,*,Endowment,Materials Science and Engineering,5345
CA,*,*,*,*,Mechanical Engineering,37647,,CA,*,*,*,Endowment,Mechanical Engineering,7346
CA,*,*,*,*,Microbiology,39503,,CA,*,*,*,Campus Resource,Microbiology,10311
CA,*,*,*,*,Microbiology,39503,,CA,*,*,*,Scholarship,Microbiology,10531
CA,*,*,*,*,Natural Resource Recreation and Tourism,80434,,CA,*,*,*,Endowment,Natural Resource Recreation and Tourism,14875
CA,*,*,*,*,Natural Resource Recreation and Tourism,80434,,CA,*,*,*,Scholarship,Natural Resource Recreation and Tourism,16400
CA,*,*,*,*,Neuroscience,35972,,CA,*,*,*,Endowment,Neuroscience,9874
CA,*,*,*,*,Nutritional Sciences,14164,,CA,*,*,*,Scholarship,Nutritional Sciences,2243
CA,*,*,*,*,Physical Science Interdepartmental,36992,,CA,*,*,*,Endowment,Physical Science Interdepartmental,8337
CA,*,*,*,*,Political Science,55401,,CA,*,*,*,Endowment,Political Science,9185
CA,*,*,*,*,Political Science,55401,,CA,*,*,*,Scholarship,Political Science,9514
CA,*,*,*,*,Political Science-Prelaw,61756,,CA,*,*,*,Endowment,Political Science-Prelaw,16647
CA,*,*,*,*,Preoptometry,56077,,CA,*,*,*,Endowment,Preoptometry,12452
CA,*,*,*,*,Preoptometry,56077,,CA,*,*,*,Scholarship,Preoptometry,18394
CA,*,*,*,*,Professional Writing,25287,,CA,*,*,*,Campus Resource,Professional Writing,1122
CA,*,*,*,*,Public Policy,55073,,CA,*,*,*,Campus Resource,Public Policy,9972
CA,*,*,*,*,Public Policy,55073,,CA,*,*,*,Endowment,Public Policy,8935
CA,*,*,*,*,Russian,6951,,CA,*,*,*,Endowment,Russian,1077
CA,*,*,*,*,Social Relations and Policy,10042,,CA,*,*,*,Endowment,Social Relations and Policy,628
CA,*,*,*,*,Social Work,10914,,CA,*,*,*,Endowment,Social Work,3367
CA,*,*,*,*,Sociology,8838,,CA,*,*,*,Campus Resource,Sociology,1576
CA,*,*,*,*,Spanish,34464,,CA,*,*,*,Scholarship,Spanish,3577
CA,*,*,*,*,Statistics,24290,,CA,*,*,*,Scholarship,Statistics,6754
CA,*,*,*,*,Summer Research Program,84666,,CA,*,*,*,Endowment,Summer Research Program,3847
CA,*,*,*,*,Supply Chain Management,26079,,CA,*,*,*,Scholarship,Supply Chain Management,2045
CA,*,*,*,*,Zoology,29907,,CA,*,*,*,Endowment,Zoology,4788
CO,*,*,*,*,Agribusiness Management,51708.0,,CO,*,*,*,Endowment,Agribusiness Management,6886.5
CO,*,*,*,*,Agriculture and Natural Resources-No Preference,7825,,CO,*,*,*,Endowment,Agriculture and Natural Resources-No Preference,1793
CO,*,*,*,*,Anthropology,32641.5,,CO,*,*,*,Endowment,Anthropology,9916.5
CO,*,*,*,*,Apparel and Textile Design,73957.5,,CO,*,*,*,Scholarship,Apparel and Textile Design,15720
CO,*,*,*,*,Arabic,118822.5,,CO,*,*,*,Campus Resource,Arabic,23562
CO,*,*,*,*,Art Education,115039.5,,CO,*,*,*,Campus Resource,Art Education,21687
CO,*,*,*,*,Art History and Visual Culture,39556.5,,CO,*,*,*,Scholarship,Art History and Visual Culture,12073.5
CO,*,*,*,*,Biochemistry and Molecular Biology/Biotechnology,11310,,CO,*,*,*,Scholarship,Biochemistry and Molecular Biology/Biotechnology,1329
CO,*,*,*,*,Chemical Physics,35281.5,,CO,*,*,*,Campus Resource,Chemical Physics,11058
CO,*,*,*,*,Chemical Physics,35281.5,,CO,*,*,*,Scholarship,Chemical Physics,6078.0
CO,*,*,*,*,Composition,137493.0,,CO,*,*,*,Campus Resource,Composition,14367
CO,*,*,*,*,Computer Science,25595.5,,CO,*,*,*,Campus Resource,Computer Science,7546.5
CO,*,*,*,*,Computer Science,25595.5,,CO,*,*,*,Endowment,Computer Science,2338
CO,*,*,*,*,Construction Management,65190.0,,CO,*,*,*,Endowment,Construction Management,9574.5
CO,*,*,*,*,Criminal Justice,72856.5,,CO,*,*,*,Endowment,Criminal Justice,21760.5
CO,*,*,*,*,Criminal Justice,72856.5,,CO,*,*,*,Scholarship,Criminal Justice,20058
CO,*,*,*,*,Earth Science Interdepartmental,44632.5,,CO,*,*,*,Scholarship,Earth Science Interdepartmental,7552.5
CO,*,*,*,*,Education,42440.0,,CO,*,*,*,Campus Resource,Education,4717.5
CO,*,*,*,*,Education,42440.0,,CO,*,*,*,Endowment,Education,850
CO,*,*,*,*,Environmental Biology/Microbiology,18751.0,,CO,*,*,*,Endowment,Environmental Biology/Microbiology,5546
CO,*,*,*,*,Environmental Biology/Zoology,25057.5,,CO,*,*,*,Endowment,Environmental Biology/Zoology,5281.5
CO,*,*,*,*,Environmental Economics and Policy,24801.0,,CO,*,*,*,Scholarship,Environmental Economics and Policy,2635.5
CO,*,*,*,*,Environmental Geosciences,32138.5,,CO,*,*,*,Campus Resource,Environmental Geosciences,5518
CO,*,*,*,*,Environmental Geosciences,32138.5,,CO,*,*,*,Scholarship,Environmental Geosciences,6628.5
CO,*,*,*,*,Experience Architecture,41410.5,,CO,*,*,*,Endowment,Experience Architecture,12997.5
CO,*,*,*,*,Experience Architecture,41410.5,,CO,*,*,*,Scholarship,Experience Architecture,3618
CO,*,*,*,*,Fisheries and Wildlife,28017.0,,CO,*,*,*,Campus Resource,Fisheries and Wildlife,4738.5
CO,*,*,*,*,Fisheries and Wildlife,28017.0,,CO,*,*,*,Endowment,Fisheries and Wildlife,9121.5
CO,*,*,*,*,Food Industry Management,89709.0,,CO,*,*,*,Endowment,Food Industry Management,28338
CO,*,*,*,*,Food Science,29055.0,,CO,*,*,*,Campus Resource,Food Science,7138.5
CO,*,*,*,*,French,15495.5,,CO,*,*,*,Campus Resource,French,1720
CO,*,*,*,*,German,27840,,CO,*,*,*,Campus Resource,German,9066
CO,*,*,*,*,German,27840,,CO,*,*,*,Endowment,German,9066
CO,*,*,*,*,History,19602,,CO,*,*,*,Endowment,History,2468
CO,*,*,*,*,Human Biology,20355.5,,CO,*,*,*,Endowment,Human Biology,1286
CO,*,*,*,*,Humanities-Prelaw,21828.0,,CO,*,*,*,Campus Resource,Humanities-Prelaw,5980.5
CO,*,*,*,*,Interdisciplinary Studies in Social Science,36197.5,,CO,*,*,*,Scholarship,Interdisciplinary Studies in Social Science,3671
CO,*,*,*,*,Interdisciplinary Studies in Social Science - Social Science Education,13345.5,,CO,*,*,*,Campus Resource,Interdisciplinary Studies in Social Science - Social Science Education,4381.5
CO,*,*,*,*,Interdisciplinary Studies in Social Science - Social Science Education,13345.5,,CO,*,*,*,Scholarship,Interdisciplinary Studies in Social Science - Social Science Education,4381.5
CO,*,*,*,*,Interior Design,56070.0,,CO,*,*,*,Endowment,Interior Design,5244
CO,*,*,*,*,Japanese,18490.5,,CO,*,*,*,Scholarship,Japanese,250.5
CO,*,*,*,*,Journalism,2781,,CO,*,*,*,Campus Resource,Journalism,696
CO,*,*,*,*,Journalism,2781,,CO,*,*,*,Endowment,Journalism,696
CO,*,*,*,*,Kinesiology,29593.5,,CO,*,*,*,Endowment,Kinesiology,7663.5
CO,*,*,*,*,Materials Science and Engineering,25660.5,,CO,*,*,*,Endowment,Materials Science and Engineering,5397
CO,*,*,*,*,Mathematics  Advanced,30594.0,,CO,*,*,*,Endowment,Mathematics  Advanced,1035.0
CO,*,*,*,*,Mechanical Engineering,27031.5,,CO,*,*,*,Campus Resource,Mechanical Engineering,5797.5
CO,*,*,*,*,Music Performance,27436.5,,CO,*,*,*,Scholarship,Music Performance,1476
CO,*,*,*,*,Natural Resource Recreation and Tourism,19960,,CO,*,*,*,Campus Resource,Natural Resource Recreation and Tourism,790
CO,*,*,*,*,Nursing,43762.5,,CO,*,*,*,Campus Resource,Nursing,10065
CO,*,*,*,*,Nursing,43762.5,,CO,*,*,*,Scholarship,Nursing,7594.5
CO,*,*,*,*,Nutritional Sciences,8361.0,,CO,*,*,*,Endowment,Nutritional Sciences,2068.5
CO,*,*,*,*,Philosophy,41042.0,,CO,*,*,*,Scholarship,Philosophy,1262
CO,*,*,*,*,Psychology,17250.0,,CO,*,*,*,Endowment,Psychology,3834
CO,*,*,*,*,Public Policy,70369.5,,CO,*,*,*,Campus Resource,Public Policy,14196
CO,*,*,*,*,Russian,9795,,CO,*,*,*,Scholarship,Russian,2145
CO,*,*,*,*,Sociology,36742.5,,CO,*,*,*,Campus Resource,Sociology,9984
CO,*,*,*,*,Sociology,36742.5,,CO,*,*,*,Endowment,Sociology,280.5
CO,*,*,*,*,Spanish,41405.0,,CO,*,*,*,Campus Resource,Spanish,11460
CO,*,*,*,*,Special Education-Learning Disabilities,91764.0,,CO,*,*,*,Campus Resource,Special Education-Learning Disabilities,14746.5
CO,*,*,*,*,Studio Art,43734.0,,CO,*,*,*,Campus Resource,Studio Art,9199.5
CO,*,*,*,*,Studio Art,43734.0,,CO,*,*,*,Scholarship,Studio Art,13590
CO,*,*,*,*,Summer Research Program,33637.5,,CO,*,*,*,Scholarship,Summer Research Program,10816.5
CO,*,*,*,*,Urban and Regional Planning,62236.5,,CO,*,*,*,Campus Resource,Urban and Regional Planning,6121.5
CO,*,*,*,*,Urban and Regional Planning,62236.5,,CO,*,*,*,Endowment,Urban and Regional Planning,4444.5
CO,*,*,*,*,World Politics,53311.5,,CO,*,*,*,Campus Resource,World Politics,12645
CO,*,*,*,*,World Politics,53311.5,,CO,*,*,*,Endowment,World Politics,13498.5
CO,*,*,*,*,Zoology,57041,,CO,*,*,*,Campus Resource,Zoology,15972
CO,*,*,*,*,Zoology,57041,,CO,*,*,*,Scholarship,Zoology,18251
CT,*,*,*,*,Agribusiness Management,6995,,CT,*,*,*,Scholarship,Agribusiness Management,2279
CT,*,*,*,*,Biological Science Interdepartmental,9814,,CT,*,*,*,Scholarship,Biological Science Interdepartmental,1478
CT,*,*,*,*,Comparative Cultures and Politics,18845,,CT,*,*,*,Endowment,Comparative Cultures and Politics,5163
CT,*,*,*,*,Criminal Justice,16156,,CT,*,*,*,Endowment,Criminal Justice,243
CT,*,*,*,*,Entomology,36794,,CT,*,*,*,Endowment,Entomology,10347
CT,*,*,*,*,Environmental Engineering,27902,,CT,*,*,*,Campus Resource,Environmental Engineering,7315
CT,*,*,*,*,Environmental Engineering,27902,,CT,*,*,*,Endowment,Environmental Engineering,7315
CT,*,*,*,*,Natural Resource Recreation and Tourism,34769,,CT,*,*,*,Scholarship,Natural Resource Recreation and Tourism,249
CT,*,*,*,*,Social Work,12213,,CT,*,*,*,Endowment,Social Work,1106
CT,*,*,*,*,Theatre,8745,,CT,*,*,*,Scholarship,Theatre,999
DC,*,*,*,*,Agriculture and Natural Resources-No Preference,14815,,DC,*,*,*,Endowment,Agriculture and Natural Resources-No Preference,2581
DC,*,*,*,*,Environmental Studies and Agriscience,682,,DC,*,*,*,Campus Resource,Environmental Studies and Agriscience,204
DC,*,*,*,*,Interdisciplinary Studies in Social Science - Social Science Education,14538,,DC,*,*,*,Campus Resource,Interdisciplinary Studies in Social Science - Social Science Education,171
DC,*,*,*,*,Interdisciplinary Studies in Social Science - Social Science Education,14538,,DC,*,*,*,Endowment,Interdisciplinary Studies in Social Science - Social Science Education,535
DC,*,*,*,*,Packaging,18182,,DC,*,*,*,Campus Resource,Packaging,1763
DC,*,*,*,*,Psychology,31771,,DC,*,*,*,Scholarship,Psychology,5506
DC,*,*,*,*,Summer Research Program,28927,,DC,*,*,*,Campus Resource,Summer Research Program,431
DC,*,*,*,*,Summer Research Program,28927,,DC,*,*,*,Endowment,Summer Research Program,5240
DC,*,*,*,*,Urban and Regional Planning,29140,,DC,*,*,*,Campus Resource,Urban and Regional Planning,676
FL,*,*,*,*,Accounting,7884,,FL,*,*,*,Campus Resource,Accounting,41
FL,*,*,*,*,Agribusiness Management,46821,,FL,*,*,*,Campus Resource,Agribusiness Management,2982
FL,*,*,*,*,Agribusiness Management,46821,,FL,*,*,*,Scholarship,Agribusiness Management,8064
FL,*,*,*,*,Agriculture and Natural Resources-No Preference,32389,,FL,*,*,*,Campus Resource,Agriculture and Natural Resources-No Preference,1615
FL,*,*,*,*,Art History and Visual Culture,16103,,FL,*,*,*,Scholarship,Art History and Visual Culture,3724
FL,*,*,*,*,Computer Science,14575,,FL,*,*,*,Endowment,Computer Science,2209
FL,*,*,*,*,Computer Science,14575,,FL,*,*,*,Scholarship,Computer Science,2649
FL,*,*,*,*,Construction Management,44079,,FL,*,*,*,Campus Resource,Construction Management,9582
FL,*,*,*,*,Engineering-No Major,22698,,FL,*,*,*,Endowment,Engineering-No Major,6441
FL,*,*,*,*,English,14447,,FL,*,*,*,Endowment,English,3459
FL,*,*,*,*,Environmental Geosciences,18887,,FL,*,*,*,Campus Resource,Environmental Geosciences,3801
FL,*,*,*,*,Environmental Geosciences,18887,,FL,*,*,*,Scholarship,Environmental Geosciences,1556
FL,*,*,*,*,Experience Architecture,19943,,FL,*,*,*,Endowment,Experience Architecture,355
FL,*,*,*,*,Fisheries and Wildlife,36455,,FL,*,*,*,Campus Resource,Fisheries and Wildlife,9864
FL,*,*,*,*,Fisheries and Wildlife,36455,,FL,*,*,*,Scholarship,Fisheries and Wildlife,7312
FL,*,*,*,*,Interdisciplinary Humanities,31954,,FL,*,*,*,Campus Resource,Interdisciplinary Humanities,9615
FL,*,*,*,*,Interdisciplinary Humanities,31954,,FL,*,*,*,Endowment,Interdisciplinary Humanities,6230
FL,*,*,*,*,Materials Science and Engineering,6517,,FL,*,*,*,Scholarship,Materials Science and Engineering,173
FL,*,*,*,*,Neuroscience,53488,,FL,*,*,*,Scholarship,Neuroscience,16771
FL,*,*,*,*,Packaging,48360,,FL,*,*,*,Campus Resource,Packaging,6519
FL,*,*,*,*,Packaging,48360,,FL,*,*,*,Endowment,Packaging,3896
FL,*,*,*,*,Physical Science Interdepartmental,18376,,FL,*,*,*,Campus Resource,Physical Science Interdepartmental,4018
FL,*,*,*,*,Political Theory and Constitutional Democracy,24302,,FL,*,*,*,Endowment,Political Theory and Constitutional Democracy,4606
FL,*,*,*,*,Public Policy,12297,,FL,*,*,*,Scholarship,Public Policy,3411
FL,*,*,*,*,Sociology,31621,,FL,*,*,*,Campus Resource,Sociology,7362
FL,*,*,*,*,Sociology,31621,,FL,*,*,*,Scholarship,Sociology,10207
FL,*,*,*,*,Summer Research Program,8955,,FL,*,*,*,Campus Resource,Summer Research Program,1606
FL,*,*,*,*,Summer Research Program,8955,,FL,*,*,*,Scholarship,Summer Research Program,303
FL,*,*,*,*,Urban and Regional Planning,23910,,FL,*,*,*,Campus Resource,Urban and Regional Planning,5024
FL,*,*,*,*,Urban and Regional Planning,23910,,FL,*,*,*,Endowment,Urban and Regional Planning,4409
GA,*,*,*,*,Agribusiness Management,10948,,GA,*,*,*,Campus Resource,Agribusiness Management,3281
GA,*,*,*,*,College of Political Science,15512,,GA,*,*,*,Campus Resource,College of Political Science,4709
GA,*,*,*,*,Computer Engineering,19064,,GA,*,*,*,Campus Resource,Computer Engineering,3402
GA,*,*,*,*,Finance,5641,,GA,*,*,*,Endowment,Finance,883
GA,*,*,*,*,Human Biology,32152,,GA,*,*,*,Campus Resource,Human Biology,10679
GA,*,*,*,*,Human Biology,32152,,GA,*,*,*,Endowment,Human Biology,9497
GA,*,*,*,*,Mathematics,36016,,GA,*,*,*,Scholarship,Mathematics,11170
IA,*,*,*,*,History,8904,,IA,*,*,*,Scholarship,History,1532
IA,*,*,*,*,Summer Research Program,7509,,IA,*,*,*,Endowment,Summer Research Program,383
IL,*,*,*,*,Apparel and Textiles,31610,,IL,*,*,*,Endowment,Apparel and Textiles,5874
IL,*,*,*,*,Apparel and Textiles,31610,,IL,*,*,*,Scholarship,Apparel and Textiles,8196
IL,*,*,*,*,Art Education,9934,,IL,*,*,*,Scholarship,Art Education,697
IL,*,*,*,*,Biochemistry and Molecular Biology/Biotechnology,13038,,IL,*,*,*,Scholarship,Biochemistry and Molecular Biology/Biotechnology,3600
IL,*,*,*,*,Composition,22107,,IL,*,*,*,Campus Resource,Composition,640
IL,*,*,*,*,Composition,22107,,IL,*,*,*,Scholarship,Composition,1574
IL,*,*,*,*,Computer Engineering,18007,,IL,*,*,*,Endowment,Computer Engineering,3414
IL,*,*,*,*,Computer Science,37714,,IL,*,*,*,Endowment,Computer Science,10020
IL,*,*,*,*,Computer Science,37714,,IL,*,*,*,Scholarship,Computer Science,11970
IL,*,*,*,*,Economics,23308,,IL,*,*,*,Endowment,Economics,7211
IL,*,*,*,*,Economics,23308,,IL,*,*,*,Scholarship,Economics,7211
IL,*,*,*,*,Engineering-No Major,461329,,IL,*,*,*,Scholarship,Engineering-No Major,5508
IL,*,*,*,*,Environmental Geosciences,2984,,IL,*,*,*,Scholarship,Environmental Geosciences,319
IL,*,*,*,*,Environmental Studies and Agriscience,21076,,IL,*,*,*,Endowment,Environmental Studies and Agriscience,6497
IL,*,*,*,*,Genomics & Molecular Genetics,11099,,IL,*,*,*,Scholarship,Genomics & Molecular Genetics,2429
IL,*,*,*,*,Geographic Information Science,25913,,IL,*,*,*,Endowment,Geographic Information Science,189
IL,*,*,*,*,Geographic Information Science,25913,,IL,*,*,*,Scholarship,Geographic Information Science,5981
IL,*,*,*,*,Horticulture,9732,,IL,*,*,*,Campus Resource,Horticulture,1782
IL,*,*,*,*,Interdisciplinary Studies in Social Science,39899,,IL,*,*,*,Campus Resource,Interdisciplinary Studies in Social Science,7004
IL,*,*,*,*,Interdisciplinary Studies in Social Science,39899,,IL,*,*,*,Endowment,Interdisciplinary Studies in Social Science,4604
IL,*,*,*,*,Japanese,29315,,IL,*,*,*,Campus Resource,Japanese,4674
IL,*,*,*,*,Kinesiology,50528,,IL,*,*,*,Campus Resource,Kinesiology,16833
IL,*,*,*,*,Kinesiology,50528,,IL,*,*,*,Endowment,Kinesiology,11103
IL,*,*,*,*,Landscape Architecture,10228,,IL,*,*,*,Endowment,Landscape Architecture,2587
IL,*,*,*,*,Linguistics,33133,,IL,*,*,*,Scholarship,Linguistics,7316
IL,*,*,*,*,Marketing,36366,,IL,*,*,*,Campus Resource,Marketing,7938
IL,*,*,*,*,Music Performance,37102,,IL,*,*,*,Campus Resource,Music Performance,551
IL,*,*,*,*,Music Performance,37102,,IL,*,*,*,Endowment,Music Performance,9411
IL,*,*,*,*,Philosophy,12234,,IL,*,*,*,Scholarship,Philosophy,3336
IL,*,*,*,*,Urban and Regional Planning,18130,,IL,*,*,*,Endowment,Urban and Regional Planning,1384
IL,*,*,*,*,Women's and Gender Studies,10953,,IL,*,*,*,Scholarship,Women's and Gender Studies,2747
IN,*,*,*,*,Biochemistry and Molecular Biology,16812,,IN,*,*,*,Campus Resource,Biochemistry and Molecular Biology,3599
IN,*,*,*,*,Biochemistry and Molecular Biology,16812,,IN,*,*,*,Scholarship,Biochemistry and Molecular Biology,5010
IN,*,*,*,*,Global & Area Studies - Soc Sci,47435,,IN,*,*,*,Endowment,Global & Area Studies - Soc Sci,7580
IN,*,*,*,*,Hospitality Business,41058,,IN,*,*,*,Campus Resource,Hospitality Business,7753
IN,*,*,*,*,Interdisciplinary Studies in Social Science,5690,,IN,*,*,*,Campus Resource,Interdisciplinary Studies in Social Science,1778
IN,*,*,*,*,Neuroscience,21924,,IN,*,*,*,Campus Resource,Neuroscience,465
IN,*,*,*,*,Neuroscience,21924,,IN,*,*,*,Endowment,Neuroscience,6083
IN,*,*,*,*,Russian,10033,,IN,*,*,*,Endowment,Russian,3263
KS,*,*,*,*,Biomedical Laboratory Science,13208,,KS,*,*,*,Scholarship,Biomedical Laboratory Science,3483
KS,*,*,*,*,Chemical Physics,24209,,KS,*,*,*,Endowment,Chemical Physics,6264
KS,*,*,*,*,Comparative Cultures and Politics,42143,,KS,*,*,*,Campus Resource,Comparative Cultures and Politics,1454
KS,*,*,*,*,Comparative Cultures and Politics,42143,,KS,*,*,*,Endowment,Comparative Cultures and Politics,11209
KS,*,*,*,*,Environmental Economics and Policy,17265,,KS,*,*,*,Campus Resource,Environmental Economics and Policy,3278
KS,*,*,*,*,Global Studies in the Arts and Humanities,11478,,KS,*,*,*,Campus Resource,Global Studies in the Arts and Humanities,1001
KS,*,*,*,*,Jazz Studies,32419,,KS,*,*,*,Endowment,Jazz Studies,6564
KS,*,*,*,*,Mathematics,22696,,KS,*,*,*,Campus Resource,Mathematics,4571
KS,*,*,*,*,Nutritional Sciences,42143,,KS,*,*,*,Campus Resource,Nutritional Sciences,7687
KS,*,*,*,*,Nutritional Sciences,42143,,KS,*,*,*,Endowment,Nutritional Sciences,9422
KS,*,*,*,*,Preoptometry,13905,,KS,*,*,*,Scholarship,Preoptometry,2209
KY,*,*,*,*,English,15485,,KY,*,*,*,Campus Resource,English,3009
KY,*,*,*,*,English,15485,,KY,*,*,*,Endowment,English,5056
KY,*,*,*,*,Music Performance,12441,,KY,*,*,*,Endowment,Music Performance,3598
KY,*,*,*,*,Psychology,10706,,KY,*,*,*,Scholarship,Psychology,3556
LA,*,*,*,*,Apparel and Textile Design,40756,,LA,*,*,*,Endowment,Apparel and Textile Design,11162
LA,*,*,*,*,General Management,16115,,LA,*,*,*,Campus Resource,General Management,895
LA,*,*,*,*,Interior Design,28424,,LA,*,*,*,Endowment,Interior Design,5578
LA,*,*,*,*,Supply Chain Management,32762,,LA,*,*,*,Campus Resource,Supply Chain Management,7243
LA,*,*,*,*,Supply Chain Management,32762,,LA,*,*,*,Scholarship,Supply Chain Management,2414
LA,*,*,*,*,Zoology,12092,,LA,*,*,*,Scholarship,Zoology,3095
MA,*,*,*,*,Accounting,23146,,MA,*,*,*,Campus Resource,Accounting,6493
MA,*,*,*,*,Biomedical Laboratory Science,10550,,MA,*,*,*,Campus Resource,Biomedical Laboratory Science,701
MA,*,*,*,*,Economics,4556,,MA,*,*,*,Scholarship,Economics,292
MA,*,*,*,*,Horticulture,32206,,MA,*,*,*,Campus Resource,Horticulture,208
MA,*,*,*,*,Jazz Studies,31977,,MA,*,*,*,Campus Resource,Jazz Studies,8726
MA,*,*,*,*,Jazz Studies,31977,,MA,*,*,*,Endowment,Jazz Studies,8527
MA,*,*,*,*,Nutritional Sciences,37784,,MA,*,*,*,Campus Resource,Nutritional Sciences,7547
MI,*,*,*,*,Accounting,9000,,MI,*,*,*,Endowment,Accounting,2639
MI,*,*,*,*,College of Political Science,20929,,MI,*,*,*,Scholarship,College of Political Science,2226
MI,*,*,*,*,Composition,11176,,MI,*,*,*,Scholarship,Composition,1437
MI,*,*,*,*,English,11473,,MI,*,*,*,Campus Resource,English,2489
MI,*,*,*,*,Entomology,14712,,MI,*,*,*,Scholarship,Entomology,3848
MI,*,*,*,*,Environmental Biology/Zoology,9590,,MI,*,*,*,Endowment,Environmental Biology/Zoology,3071
MI,*,*,*,*,Environmental Biology/Zoology,9590,,MI,*,*,*,Scholarship,Environmental Biology/Zoology,2396
MI,*,*,*,*,Fisheries and Wildlife,19384,,MI,*,*,*,Endowment,Fisheries and Wildlife,6345
MI,*,*,*,*,General Management,45206,,MI,*,*,*,Campus Resource,General Management,9319
MI,*,*,*,*,General Management,45206,,MI,*,*,*,Scholarship,General Management,9667
MI,*,*,*,*,Geological Sciences,24428,,MI,*,*,*,Endowment,Geological Sciences,5002
MI,*,*,*,*,History Education,1312,,MI,*,*,*,Scholarship,History Education,313
MI,*,*,*,*,Human Development and Family Studies,13447,,MI,*,*,*,Scholarship,Human Development and Family Studies,4022
MI,*,*,*,*,Interdisciplinary Studies in Social Science,14547,,MI,*,*,*,Endowment,Interdisciplinary Studies in Social Science,4204
MI,*,*,*,*,Interdisciplinary Studies in Social Science,14547,,MI,*,*,*,Scholarship,Interdisciplinary Studies in Social Science,4269
MI,*,*,*,*,Interior Design,10963,,MI,*,*,*,Campus Resource,Interior Design,1599
MI,*,*,*,*,Jazz Studies,13534,,MI,*,*,*,Scholarship,Jazz Studies,1632
MI,*,*,*,*,Journalism,6896,,MI,*,*,*,Endowment,Journalism,1949
MI,*,*,*,*,Professional Writing,18332,,MI,*,*,*,Campus Resource,Professional Writing,5752
MI,*,*,*,*,Russian,8735,,MI,*,*,*,Campus Resource,Russian,2729
MI,*,*,*,*,Social Relations and Policy,80445,,MI,*,*,*,Endowment,Social Relations and Policy,6862
MI,*,*,*,*,Statistics,6545,,MI,*,*,*,Campus Resource,Statistics,903
MI,*,*,*,*,Statistics,6545,,MI,*,*,*,Scholarship,Statistics,8
MI,*,*,*,*,Summer Research Program,34830,,MI,*,*,*,Scholarship,Summer Research Program,9117
MI,*,*,*,*,Supply Chain Management,27060,,MI,*,*,*,Endowment,Supply Chain Management,7420
MI,*,*,*,*,Supply Chain Management,27060,,MI,*,*,*,Scholarship,Supply Chain Management,8433
MN,*,*,*,*,Interior Design,9644,,MN,*,*,*,Scholarship,Interior Design,181
MN,*,*,*,*,Marketing,24348,,MN,*,*,*,Scholarship,Marketing,6356
MO,*,*,*,*,Agribusiness Management,17963,,MO,*,*,*,Campus Resource,Agribusiness Management,345
MO,*,*,*,*,Agribusiness Management,17963,,MO,*,*,*,Scholarship,Agribusiness Management,1729
MO,*,*,*,*,Arabic,17293,,MO,*,*,*,Endowment,Arabic,1848
MO,*,*,*,*,Computer Science,18146,,MO,*,*,*,Endowment,Computer Science,2556
MO,*,*,*,*,Criminal Justice,4213,,MO,*,*,*,Endowment,Criminal Justice,921
MO,*,*,*,*,Education,38519,,MO,*,*,*,Campus Resource,Education,6148
MO,*,*,*,*,Education,38519,,MO,*,*,*,Endowment,Education,8942
MO,*,*,*,*,Fisheries and Wildlife,76151,,MO,*,*,*,Campus Resource,Fisheries and Wildlife,17136
MO,*,*,*,*,Interdisciplinary Humanities,29263,,MO,*,*,*,Scholarship,Interdisciplinary Humanities,8227
MO,*,*,*,*,Mathematics,229014,,MO,*,*,*,Campus Resource,Mathematics,3171
MO,*,*,*,*,Media and Information,11808,,MO,*,*,*,Endowment,Media and Information,2051
MO,*,*,*,*,Media and Information,11808,,MO,*,*,*,Scholarship,Media and Information,149
MO,*,*,*,*,Plant Biology,19712,,MO,*,*,*,Campus Resource,Plant Biology,6217
MO,*,*,*,*,Public Policy,30613,,MO,*,*,*,Scholarship,Public Policy,2556
NC,*,*,*,*,Actuarial Science,25245,,NC,*,*,*,Campus Resource,Actuarial Science,8323
NC,*,*,*,*,Actuarial Science,25245,,NC,*,*,*,Scholarship,Actuarial Science,8323
NC,*,*,*,*,Advertising,19584,,NC,*,*,*,Campus Resource,Advertising,3230
NC,*,*,*,*,Advertising,19584,,NC,*,*,*,Endowment,Advertising,4474
NC,*,*,*,*,Apparel and Textiles,11546,,NC,*,*,*,Endowment,Apparel and Textiles,584
NC,*,*,*,*,Astrophysics,10175,,NC,*,*,*,Scholarship,Astrophysics,2319
NC,*,*,*,*,College of Political Science,22830,,NC,*,*,*,Campus Resource,College of Political Science,6610
NC,*,*,*,*,Composition,17753,,NC,*,*,*,Endowment,Composition,2585
NC,*,*,*,*,Construction Management,2512,,NC,*,*,*,Scholarship,Construction Management,267
NC,*,*,*,*,Environmental Biology/Plant Biol,49665,,NC,*,*,*,Campus Resource,Environmental Biology/Plant Biol,15788
NC,*,*,*,*,Environmental Biology/Plant Biol,49665,,NC,*,*,*,Scholarship,Environmental Biology/Plant Biol,9990
NC,*,*,*,*,Geography,22167,,NC,*,*,*,Campus Resource,Geography,7043
NC,*,*,*,*,Human Development and Family Studies,4143,,NC,*,*,*,Endowment,Human Development and Family Studies,665
NC,*,*,*,*,Materials Science and Engineering,23114,,NC,*,*,*,Campus Resource,Materials Science and Engineering,7126
NC,*,*,*,*,Microbiology,24270,,NC,*,*,*,Campus Resource,Microbiology,2961
NC,*,*,*,*,Music,21474,,NC,*,*,*,Endowment,Music,2931
NC,*,*,*,*,Predental,11933,,NC,*,*,*,Scholarship,Predental,2313
NC,*,*,*,*,Public Policy,7531,,NC,*,*,*,Scholarship,Public Policy,584
NC,*,*,*,*,Spanish,14378,,NC,*,*,*,Campus Resource,Spanish,3423
NC,*,*,*,*,Special Education-Learning Disabilities,24285,,NC,*,*,*,Scholarship,Special Education-Learning Disabilities,274
NE,*,*,*,*,Electrical Engineering,18838,,NE,*,*,*,Campus Resource,Electrical Engineering,4738
NE,*,*,*,*,Electrical Engineering,18838,,NE,*,*,*,Endowment,Electrical Engineering,4738
NE,*,*,*,*,Environmental Studies and Agriscience,10680,,NE,*,*,*,Campus Resource,Environmental Studies and Agriscience,38
NE,*,*,*,*,Environmental Studies and Agriscience,10680,,NE,*,*,*,Endowment,Environmental Studies and Agriscience,2305
NE,*,*,*,*,Human Development and Family Studies,44577,,NE,*,*,*,Campus Resource,Human Development and Family Studies,3885
NE,*,*,*,*,Human Development and Family Studies,44577,,NE,*,*,*,Scholarship,Human Development and Family Studies,267
NH,*,*,*,*,Arts & Letters-General,28568,,NH,*,*,*,Endowment,Arts & Letters-General,5988
NH,*,*,*,*,Arts & Letters-General,28568,,NH,*,*,*,Scholarship,Arts & Letters-General,5988
NH,*,*,*,*,Global & Area Studies - Soc Sci,26907,,NH,*,*,*,Campus Resource,Global & Area Studies - Soc Sci,6238
NH,*,*,*,*,Global & Area Studies - Soc Sci,26907,,NH,*,*,*,Endowment,Global & Area Studies - Soc Sci,427
NH,*,*,*,*,Humanities-Prelaw,39684,,NH,*,*,*,Campus Resource,Humanities-Prelaw,9735
NH,*,*,*,*,Humanities-Prelaw,39684,,NH,*,*,*,Scholarship,Humanities-Prelaw,10580
NH,*,*,*,*,Music Performance,10151,,NH,*,*,*,Endowment,Music Performance,486
NJ,*,*,*,*,Zoology,43858,,NJ,*,*,*,Endowment,Zoology,5427
NM,*,*,*,*,Journalism,20690,,NM,*,*,*,Campus Resource,Journalism,2646
NV,*,*,*,*,Advertising,35803,,NV,*,*,*,Campus Resource,Advertising,2898
NV,*,*,*,*,Advertising,35803,,NV,*,*,*,Scholarship,Advertising,5336
NV,*,*,*,*,Astrophysics,18458,,NV,*,*,*,Endowment,Astrophysics,4287
NV,*,*,*,*,Composition,18357,,NV,*,*,*,Campus Resource,Composition,995
NV,*,*,*,*,Computer Science,22358,,NV,*,*,*,Campus Resource,Computer Science,6318
NV,*,*,*,*,Computer Science,22358,,NV,*,*,*,Scholarship,Computer Science,6400
NV,*,*,*,*,Environmental Biology/Zoology,20133,,NV,*,*,*,Campus Resource,Environmental Biology/Zoology,3784
NV,*,*,*,*,Environmental Economics and Policy,2479,,NV,*,*,*,Endowment,Environmental Economics and Policy,582
NV,*,*,*,*,Environmental Engineering,46412,,NV,*,*,*,Endowment,Environmental Engineering,10565
NV,*,*,*,*,French,18512,,NV,*,*,*,Endowment,French,160
NV,*,*,*,*,Horticulture,17098,,NV,*,*,*,Endowment,Horticulture,4948
NV,*,*,*,*,Horticulture,17098,,NV,*,*,*,Scholarship,Horticulture,1355
NV,*,*,*,*,Interdisciplinary Studies in Social Science,31311,,NV,*,*,*,Endowment,Interdisciplinary Studies in Social Science,10437
NV,*,*,*,*,Interdisciplinary Studies in Social Science,31311,,NV,*,*,*,Scholarship,Interdisciplinary Studies in Social Science,5385
NV,*,*,*,*,Marketing,17575,,NV,*,*,*,Endowment,Marketing,2483
NV,*,*,*,*,Studio Art,11088,,NV,*,*,*,Campus Resource,Studio Art,2587
NY,*,*,*,*,Apparel and Textiles,27135,,NY,*,*,*,Endowment,Apparel and Textiles,127
NY,*,*,*,*,Applied Engineering Sciences,1834,,NY,*,*,*,Endowment,Applied Engineering Sciences,16
NY,*,*,*,*,Chemistry,17262,,NY,*,*,*,Campus Resource,Chemistry,5717
NY,*,*,*,*,Comparative Cultures and Politics,57585,,NY,*,*,*,Endowment,Comparative Cultures and Politics,12117
NY,*,*,*,*,Criminal Justice,45306,,NY,*,*,*,Scholarship,Criminal Justice,6768
NY,*,*,*,*,Earth Science Interdepartmental,20478,,NY,*,*,*,Endowment,Earth Science Interdepartmental,4466
NY,*,*,*,*,Education,27714,,NY,*,*,*,Endowment,Education,2028
NY,*,*,*,*,Education,27714,,NY,*,*,*,Scholarship,Education,7459
NY,*,*,*,*,Entomology,28419,,NY,*,*,*,Endowment,Entomology,7219
NY,*,*,*,*,Food Science,17892,,NY,*,*,*,Campus Resource,Food Science,1920
NY,*,*,*,*,Food Science,17892,,NY,*,*,*,Scholarship,Food Science,5840
NY,*,*,*,*,Geological Sciences,14199,,NY,*,*,*,Campus Resource,Geological Sciences,4111
NY,*,*,*,*,Geological Sciences,14199,,NY,*,*,*,Endowment,Geological Sciences,1791
NY,*,*,*,*,Global & Area Studies - Soc Sci,11970,,NY,*,*,*,Endowment,Global & Area Studies - Soc Sci,2464
NY,*,*,*,*,Humanities-Prelaw,22322,,NY,*,*,*,Scholarship,Humanities-Prelaw,3496
NY,*,*,*,*,Interior Design,25722,,NY,*,*,*,Campus Resource,Interior Design,2553
NY,*,*,*,*,Interior Design,25722,,NY,*,*,*,Scholarship,Interior Design,3766
NY,*,*,*,*,Japanese,4905,,NY,*,*,*,Scholarship,Japanese,1538
NY,*,*,*,*,Materials Science and Engineering,14108,,NY,*,*,*,Endowment,Materials Science and Engineering,3957
NY,*,*,*,*,Natural Resource Recreation and Tourism,13319,,NY,*,*,*,Campus Resource,Natural Resource Recreation and Tourism,4240
NY,*,*,*,*,Preoptometry,16255,,NY,*,*,*,Scholarship,Preoptometry,3255
NY,*,*,*,*,Professional Writing,48103,,NY,*,*,*,Campus Resource,Professional Writing,1278
NY,*,*,*,*,Professional Writing,48103,,NY,*,*,*,Endowment,Professional Writing,12619
NY,*,*,*,*,Social Relations and Policy,41591,,NY,*,*,*,Endowment,Social Relations and Policy,9074
NY,*,*,*,*,Social Relations and Policy,41591,,NY,*,*,*,Scholarship,Social Relations and Policy,5842
NY,*,*,*,*,Theatre,22287,,NY,*,*,*,Endowment,Theatre,5288
NY,*,*,*,*,Women's and Gender Studies,11419,,NY,*,*,*,Campus Resource,Women's and Gender Studies,2576
OH,*,*,*,*,Apparel and Textiles,31810,,OH,*,*,*,Endowment,Apparel and Textiles,3925
OH,*,*,*,*,Athletic Training,12661,,OH,*,*,*,Scholarship,Athletic Training,3029
OH,*,*,*,*,Earth Science Interdepartmental,8683,,OH,*,*,*,Campus Resource,Earth Science Interdepartmental,91
OH,*,*,*,*,Economics,54147,,OH,*,*,*,Scholarship,Economics,8712
OH,*,*,*,*,Environmental Biology/Zoology,15348,,OH,*,*,*,Endowment,Environmental Biology/Zoology,3240
OH,*,*,*,*,General Management,7147,,OH,*,*,*,Scholarship,General Management,1001
OH,*,*,*,*,Geographic Information Science,31923,,OH,*,*,*,Campus Resource,Geographic Information Science,9521
OH,*,*,*,*,Geographic Information Science,31923,,OH,*,*,*,Endowment,Geographic Information Science,3255
OH,*,*,*,*,German,23009,,OH,*,*,*,Campus Resource,German,6904
OH,*,*,*,*,German,23009,,OH,*,*,*,Endowment,German,7050
OH,*,*,*,*,Global Studies in the Arts and Humanities,35012,,OH,*,*,*,Campus Resource,Global Studies in the Arts and Humanities,9909
OH,*,*,*,*,Global Studies in the Arts and Humanities,35012,,OH,*,*,*,Endowment,Global Studies in the Arts and Humanities,6997
OH,*,*,*,*,Humanities-Prelaw,20610,,OH,*,*,*,Endowment,Humanities-Prelaw,3176
OH,*,*,*,*,Interdisciplinary Humanities,20322,,OH,*,*,*,Scholarship,Interdisciplinary Humanities,1793
OH,*,*,*,*,Interdisciplinary Studies in Social Science - Social Science Education,22256,,OH,*,*,*,Endowment,Interdisciplinary Studies in Social Science - Social Science Education,780
OH,*,*,*,*,Interior Design,11455,,OH,*,*,*,Scholarship,Interior Design,1532
OH,*,*,*,*,Natural Resource Recreation and Tourism,38004,,OH,*,*,*,Endowment,Natural Resource Recreation and Tourism,1737
OH,*,*,*,*,Political Science,51217,,OH,*,*,*,Scholarship,Political Science,12890
OH,*,*,*,*,Predental,17512,,OH,*,*,*,Endowment,Predental,2891
OH,*,*,*,*,Prenursing,21405,,OH,*,*,*,Campus Resource,Prenursing,363
OH,*,*,*,*,Prenursing,21405,,OH,*,*,*,Endowment,Prenursing,4090
OH,*,*,*,*,Preveterinary,65154,,OH,*,*,*,Campus Resource,Preveterinary,19275
OH,*,*,*,*,Preveterinary,65154,,OH,*,*,*,Scholarship,Preveterinary,13049
OH,*,*,*,*,Professional Writing,23617,,OH,*,*,*,Campus Resource,Professional Writing,3404
OH,*,*,*,*,Professional Writing,23617,,OH,*,*,*,Scholarship,Professional Writing,6158
OH,*,*,*,*,Public Policy,8779,,OH,*,*,*,Endowment,Public Policy,2402
OH,*,*,*,*,Theatre,43604,,OH,*,*,*,Campus Resource,Theatre,171
OK,*,*,*,*,Human Development and Family Studies,11700,,OK,*,*,*,Campus Resource,Human Development and Family Studies,1633
OK,*,*,*,*,Marketing,42369,,OK,*,*,*,Scholarship,Marketing,9044
OK,*,*,*,*,Neuroscience,22387,,OK,*,*,*,Campus Resource,Neuroscience,2873
OK,*,*,*,*,Political Theory and Constitutional Democracy,8717,,OK,*,*,*,Scholarship,Political Theory and Constitutional Democracy,888
OK,*,*,*,*,Professional Writing,9723,,OK,*,*,*,Endowment,Professional Writing,711
OK,*,*,*,*,Supply Chain Management,19817,,OK,*,*,*,Campus Resource,Supply Chain Management,5901
OK,*,*,*,*,Supply Chain Management,19817,,OK,*,*,*,Scholarship,Supply Chain Management,5901
OR,*,*,*,*,Biochemistry and Molecular Biology,13009,,OR,*,*,*,Campus Resource,Biochemistry and Molecular Biology,3564
OR,*,*,*,*,Biochemistry and Molecular Biology/Biotechnology,14846,,OR,*,*,*,Scholarship,Biochemistry and Molecular Biology/Biotechnology,3901
OR,*,*,*,*,Geography,10861,,OR,*,*,*,Campus Resource,Geography,2634
OR,*,*,*,*,Human Biology,26176,,OR,*,*,*,Endowment,Human Biology,7398
OR,*,*,*,*,Humanities-Prelaw,13886,,OR,*,*,*,Scholarship,Humanities-Prelaw,4256
OR,*,*,*,*,Jazz Studies,16790,,OR,*,*,*,Campus Resource,Jazz Studies,5309
OR,*,*,*,*,Social Relations and Policy,14669,,OR,*,*,*,Campus Resource,Social Relations and Policy,501
PA,*,*,*,*,Arabic,40880,,PA,*,*,*,Endowment,Arabic,11427
PA,*,*,*,*,Arabic,40880,,PA,*,*,*,Scholarship,Arabic,11784
PA,*,*,*,*,Geographic Information Science,66589,,PA,*,*,*,Endowment,Geographic Information Science,17320
PA,*,*,*,*,Geographic Information Science,66589,,PA,*,*,*,Scholarship,Geographic Information Science,20773
PA,*,*,*,*,Global & Area Studies - Soc Sci,7143,,PA,*,*,*,Endowment,Global & Area Studies - Soc Sci,1811
PA,*,*,*,*,Interdisciplinary Studies in Social Science,8748,,PA,*,*,*,Endowment,Interdisciplinary Studies in Social Science,1330
RI,*,*,*,*,Arts & Letters-General,22643,,RI,*,*,*,Campus Resource,Arts & Letters-General,2773
RI,*,*,*,*,Geological Sciences,14645,,RI,*,*,*,Campus Resource,Geological Sciences,4789
RI,*,*,*,*,German,16257,,RI,*,*,*,Endowment,German,699
RI,*,*,*,*,History Education,13045,,RI,*,*,*,Scholarship,History Education,2810
SC,*,*,*,*,Apparel and Textile Design,28544,,SC,*,*,*,Campus Resource,Apparel and Textile Design,4356
SC,*,*,*,*,Apparel and Textile Design,28544,,SC,*,*,*,Endowment,Apparel and Textile Design,5724
SC,*,*,*,*,Biochemistry and Molecular Biology/Biotechnology,17240,,SC,*,*,*,Campus Resource,Biochemistry and Molecular Biology/Biotechnology,5186
SC,*,*,*,*,Sociology,17617,,SC,*,*,*,Scholarship,Sociology,5239
SC,*,*,*,*,Women's and Gender Studies,12247,,SC,*,*,*,Endowment,Women's and Gender Studies,3883
TN,*,*,*,*,Agriculture and Natural Resources-No Preference,27752,,TN,*,*,*,Endowment,Agriculture and Natural Resources-No Preference,4657
TN,*,*,*,*,Applied Engineering Sciences,12774,,TN,*,*,*,Campus Resource,Applied Engineering Sciences,3379
TN,*,*,*,*,Biological Science Interdepartmental,27877,,TN,*,*,*,Campus Resource,Biological Science Interdepartmental,7220
TN,*,*,*,*,Biological Science Interdepartmental,27877,,TN,*,*,*,Endowment,Biological Science Interdepartmental,2473
TN,*,*,*,*,Chemistry,1091,,TN,*,*,*,Campus Resource,Chemistry,41
TN,*,*,*,*,Environmental Engineering,16225,,TN,*,*,*,Campus Resource,Environmental Engineering,416
TN,*,*,*,*,Finance,26486,,TN,*,*,*,Endowment,Finance,8481
TN,*,*,*,*,Genomics & Molecular Genetics,9445,,TN,*,*,*,Endowment,Genomics & Molecular Genetics,78
TN,*,*,*,*,Global Studies in the Arts and Humanities,36676,,TN,*,*,*,Endowment,Global Studies in the Arts and Humanities,10172
TN,*,*,*,*,Global Studies in the Arts and Humanities,36676,,TN,*,*,*,Scholarship,Global Studies in the Arts and Humanities,11886
TN,*,*,*,*,Interdisciplinary Studies in Social Science - Social Science Education,4308,,TN,*,*,*,Endowment,Interdisciplinary Studies in Social Science - Social Science Education,174
TN,*,*,*,*,Media and Information,31199,,TN,*,*,*,Scholarship,Media and Information,7344
TN,*,*,*,*,Physical Science Interdepartmental,951,,TN,*,*,*,Scholarship,Physical Science Interdepartmental,251
TN,*,*,*,*,Political Science-Prelaw,10119,,TN,*,*,*,Endowment,Political Science-Prelaw,1596
TN,*,*,*,*,Social Relations and Policy,21714,,TN,*,*,*,Campus Resource,Social Relations and Policy,2192
TN,*,*,*,*,Spanish,21196,,TN,*,*,*,Campus Resource,Spanish,1316
TN,*,*,*,*,Spanish,21196,,TN,*,*,*,Endowment,Spanish,4327
TN,*,*,*,*,Zoology,28182,,TN,*,*,*,Campus Resource,Zoology,8248
TN,*,*,*,*,Zoology,28182,,TN,*,*,*,Scholarship,Zoology,2405
TX,*,*,*,*,Agribusiness Management,9665,,TX,*,*,*,Endowment,Agribusiness Management,645
TX,*,*,*,*,Agriculture and Natural Resources-No Preference,52852,,TX,*,*,*,Campus Resource,Agriculture and Natural Resources-No Preference,4967
TX,*,*,*,*,Agriculture and Natural Resources-No Preference,52852,,TX,*,*,*,Scholarship,Agriculture and Natural Resources-No Preference,15486
TX,*,*,*,*,Apparel and Textile Design,7716,,TX,*,*,*,Campus Resource,Apparel and Textile Design,1411
TX,*,*,*,*,Apparel and Textile Design,7716,,TX,*,*,*,Scholarship,Apparel and Textile Design,1411
TX,*,*,*,*,Applied Engineering Sciences,32976,,TX,*,*,*,Endowment,Applied Engineering Sciences,4391
TX,*,*,*,*,Art Education,24869,,TX,*,*,*,Scholarship,Art Education,1924
TX,*,*,*,*,Arts & Letters-General,26058,,TX,*,*,*,Scholarship,Arts & Letters-General,643
TX,*,*,*,*,Astrophysics,48749,,TX,*,*,*,Endowment,Astrophysics,584
TX,*,*,*,*,Athletic Training,19052,,TX,*,*,*,Endowment,Athletic Training,2070
TX,*,*,*,*,Biochemistry and Molecular Biology,91673,,TX,*,*,*,Campus Resource,Biochemistry and Molecular Biology,26907
TX,*,*,*,*,Biochemistry and Molecular Biology,91673,,TX,*,*,*,Scholarship,Biochemistry and Molecular Biology,27308
TX,*,*,*,*,Biochemistry and Molecular Biology/Biotechnology,26572,,TX,*,*,*,Endowment,Biochemistry and Molecular Biology/Biotechnology,7049
TX,*,*,*,*,Biochemistry and Molecular Biology/Biotechnology,26572,,TX,*,*,*,Scholarship,Biochemistry and Molecular Biology/Biotechnology,4503
TX,*,*,*,*,College of Political Science,57747,,TX,*,*,*,Campus Resource,College of Political Science,12776
TX,*,*,*,*,College of Political Science,57747,,TX,*,*,*,Scholarship,College of Political Science,15309
TX,*,*,*,*,Comparative Cultures and Politics,11989,,TX,*,*,*,Campus Resource,Comparative Cultures and Politics,1437
TX,*,*,*,*,Composition,14344,,TX,*,*,*,Scholarship,Composition,1286
TX,*,*,*,*,Computational Mathematics,13751,,TX,*,*,*,Endowment,Computational Mathematics,582
TX,*,*,*,*,English,20993,,TX,*,*,*,Campus Resource,English,169
TX,*,*,*,*,Environmental Biology/Plant Biol,33989,,TX,*,*,*,Campus Resource,Environmental Biology/Plant Biol,9783
TX,*,*,*,*,Environmental Biology/Plant Biol,33989,,TX,*,*,*,Scholarship,Environmental Biology/Plant Biol,9864
TX,*,*,*,*,Environmental Geosciences,24889,,TX,*,*,*,Campus Resource,Environmental Geosciences,7553
TX,*,*,*,*,Environmental Geosciences,24889,,TX,*,*,*,Scholarship,Environmental Geosciences,2489
TX,*,*,*,*,Experience Architecture,17936,,TX,*,*,*,Endowment,Experience Architecture,3014
TX,*,*,*,*,Fisheries and Wildlife,62994,,TX,*,*,*,Campus Resource,Fisheries and Wildlife,16698
TX,*,*,*,*,Fisheries and Wildlife,62994,,TX,*,*,*,Endowment,Fisheries and Wildlife,16852
TX,*,*,*,*,French,12840,,TX,*,*,*,Endowment,French,4078
TX,*,*,*,*,General Management,52904,,TX,*,*,*,Endowment,General Management,14036
TX,*,*,*,*,General Management,52904,,TX,*,*,*,Scholarship,General Management,12866
TX,*,*,*,*,Geological Sciences,24778,,TX,*,*,*,Endowment,Geological Sciences,2919
TX,*,*,*,*,German,50219,,TX,*,*,*,Campus Resource,German,5085
TX,*,*,*,*,German,50219,,TX,*,*,*,Endowment,German,5114
TX,*,*,*,*,Horticulture,16423,,TX,*,*,*,Campus Resource,Horticulture,3912
TX,*,*,*,*,Horticulture,16423,,TX,*,*,*,Endowment,Horticulture,1321
TX,*,*,*,*,Human Resource Management,17220,,TX,*,*,*,Campus Resource,Human Resource Management,5619
TX,*,*,*,*,Human Resource Management,17220,,TX,*,*,*,Endowment,Human Resource Management,5550
TX,*,*,*,*,Humanities-Prelaw,16258,,TX,*,*,*,Scholarship,Humanities-Prelaw,4296
TX,*,*,*,*,Interdisciplinary Humanities,21552,,TX,*,*,*,Endowment,Interdisciplinary Humanities,3947
TX,*,*,*,*,Interdisciplinary Studies in Social Science,72532,,TX,*,*,*,Endowment,Interdisciplinary Studies in Social Science,19427
TX,*,*,*,*,Interdisciplinary Studies in Social Science,72532,,TX,*,*,*,Scholarship,Interdisciplinary Studies in Social Science,24173
TX,*,*,*,*,Landscape Architecture,11442,,TX,*,*,*,Scholarship,Landscape Architecture,3180
TX,*,*,*,*,Materials Science and Engineering,24749,,TX,*,*,*,Endowment,Materials Science and Engineering,7490
TX,*,*,*,*,Materials Science and Engineering,24749,,TX,*,*,*,Scholarship,Materials Science and Engineering,7490
TX,*,*,*,*,Media and Information,12106,,TX,*,*,*,Campus Resource,Media and Information,3766
TX,*,*,*,*,Neuroscience,81268,,TX,*,*,*,Campus Resource,Neuroscience,15874
TX,*,*,*,*,Physical Science Interdepartmental,29706,,TX,*,*,*,Endowment,Physical Science Interdepartmental,6049
TX,*,*,*,*,Physical Science Interdepartmental,29706,,TX,*,*,*,Scholarship,Physical Science Interdepartmental,7315
TX,*,*,*,*,Political Science-Prelaw,1805,,TX,*,*,*,Endowment,Political Science-Prelaw,427
TX,*,*,*,*,Preoptometry,8058,,TX,*,*,*,Campus Resource,Preoptometry,1010
TX,*,*,*,*,Preveterinary,72664,,TX,*,*,*,Campus Resource,Preveterinary,3411
TX,*,*,*,*,Preveterinary,72664,,TX,*,*,*,Scholarship,Preveterinary,17409
TX,*,*,*,*,Sociology,27046,,TX,*,*,*,Scholarship,Sociology,4309
TX,*,*,*,*,Statistics,39522,,TX,*,*,*,Campus Resource,Statistics,11162
TX,*,*,*,*,Statistics,39522,,TX,*,*,*,Scholarship,Statistics,2798
TX,*,*,*,*,Studio Art,44967,,TX,*,*,*,Endowment,Studio Art,10449
TX,*,*,*,*,Women's and Gender Studies,47703,,TX,*,*,*,Endowment,Women's and Gender Studies,8642
TX,*,*,*,*,Women's and Gender Studies,47703,,TX,*,*,*,Scholarship,Women's and Gender Studies,3793
TX,*,*,*,*,World Politics,27459,,TX,*,*,*,Campus Resource,World Politics,6051
UT,*,*,*,*,Art History and Visual Culture,24441,,UT,*,*,*,Endowment,Art History and Visual Culture,5361
UT,*,*,*,*,Biomedical Laboratory Science,10341,,UT,*,*,*,Endowment,Biomedical Laboratory Science,2925
UT,*,*,*,*,Biosystems Engineering,34197,,UT,*,*,*,Campus Resource,Biosystems Engineering,4782
UT,*,*,*,*,Biosystems Engineering,34197,,UT,*,*,*,Scholarship,Biosystems Engineering,2977
UT,*,*,*,*,Computer Science,21660,,UT,*,*,*,Campus Resource,Computer Science,4913
UT,*,*,*,*,Political Theory and Constitutional Democracy,27065,,UT,*,*,*,Campus Resource,Political Theory and Constitutional Democracy,7152
UT,*,*,*,*,Political Theory and Constitutional Democracy,27065,,UT,*,*,*,Scholarship,Political Theory and Constitutional Democracy,7152
VA,*,*,*,*,Animal Science,45615,,VA,*,*,*,Campus Resource,Animal Science,1858
VA,*,*,*,*,Applied Engineering Sciences,23221,,VA,*,*,*,Campus Resource,Applied Engineering Sciences,6032
VA,*,*,*,*,Applied Engineering Sciences,23221,,VA,*,*,*,Endowment,Applied Engineering Sciences,5550
VA,*,*,*,*,Arabic,32793,,VA,*,*,*,Scholarship,Arabic,10212
VA,*,*,*,*,Athletic Training,6706,,VA,*,*,*,Scholarship,Athletic Training,543
VA,*,*,*,*,Biological Science Interdepartmental,12518,,VA,*,*,*,Endowment,Biological Science Interdepartmental,2267
VA,*,*,*,*,Chemical Physics,11353,,VA,*,*,*,Campus Resource,Chemical Physics,2869
VA,*,*,*,*,Computational Mathematics,12613,,VA,*,*,*,Scholarship,Computational Mathematics,3281
VA,*,*,*,*,Engineering-No Major,15978,,VA,*,*,*,Campus Resource,Engineering-No Major,3782
VA,*,*,*,*,Engineering-No Major,15978,,VA,*,*,*,Endowment,Engineering-No Major,5216
VA,*,*,*,*,Food Science,37594,,VA,*,*,*,Campus Resource,Food Science,10727
VA,*,*,*,*,Food Science,37594,,VA,*,*,*,Endowment,Food Science,7612
VA,*,*,*,*,Global Studies in the Arts and Humanities,6474,,VA,*,*,*,Scholarship,Global Studies in the Arts and Humanities,2079
VA,*,*,*,*,Mechanical Engineering,9660,,VA,*,*,*,Scholarship,Mechanical Engineering,91
VA,*,*,*,*,Political Theory and Constitutional Democracy,26828,,VA,*,*,*,Campus Resource,Political Theory and Constitutional Democracy,4343
VA,*,*,*,*,Political Theory and Constitutional Democracy,26828,,VA,*,*,*,Scholarship,Political Theory and Constitutional Democracy,7479
VA,*,*,*,*,Prenursing,10199,,VA,*,*,*,Endowment,Prenursing,2002
VA,*,*,*,*,Prenursing,10199,,VA,*,*,*,Scholarship,Prenursing,2002
VA,*,*,*,*,Professional Writing,25628,,VA,*,*,*,Campus Resource,Professional Writing,2525
WA,*,*,*,*,Agriculture and Natural Resources-No Preference,10166,,WA,*,*,*,Scholarship,Agriculture and Natural Resources-No Preference,1655
WA,*,*,*,*,Apparel and Textile Design,12178,,WA,*,*,*,Endowment,Apparel and Textile Design,1743
WA,*,*,*,*,Applied Engineering Sciences,19671,,WA,*,*,*,Scholarship,Applied Engineering Sciences,2517
WA,*,*,*,*,Biomedical Laboratory Science,33673,,WA,*,*,*,Scholarship,Biomedical Laboratory Science,7273
WA,*,*,*,*,English,29278,,WA,*,*,*,Campus Resource,English,4894
WA,*,*,*,*,English,29278,,WA,*,*,*,Scholarship,English,9745
WA,*,*,*,*,Fisheries and Wildlife,20246,,WA,*,*,*,Endowment,Fisheries and Wildlife,5177
WA,*,*,*,*,Hospitality Business,29110,,WA,*,*,*,Campus Resource,Hospitality Business,8893
WA,*,*,*,*,Hospitality Business,29110,,WA,*,*,*,Scholarship,Hospitality Business,8893
WA,*,*,*,*,Human Development and Family Studies,18981,,WA,*,*,*,Scholarship,Human Development and Family Studies,4517
WA,*,*,*,*,Japanese,25164,,WA,*,*,*,Campus Resource,Japanese,4802
WA,*,*,*,*,Japanese,25164,,WA,*,*,*,Endowment,Japanese,4855
WA,*,*,*,*,Journalism,10121,,WA,*,*,*,Scholarship,Journalism,650
WA,*,*,*,*,Media and Information,16305,,WA,*,*,*,Campus Resource,Media and Information,3605
WA,*,*,*,*,Music,4751,,WA,*,*,*,Campus Resource,Music,373
WA,*,*,*,*,Music,4751,,WA,*,*,*,Endowment,Music,508
WA,*,*,*,*,Natural Resource Recreation and Tourism,4418,,WA,*,*,*,Endowment,Natural Resource Recreation and Tourism,1133
WA,*,*,*,*,Packaging,6119,,WA,*,*,*,Endowment,Packaging,52
WA,*,*,*,*,Physical Science Interdepartmental,14174,,WA,*,*,*,Campus Resource,Physical Science Interdepartmental,3715
WA,*,*,*,*,Predental,36725,,WA,*,*,*,Scholarship,Predental,10748
WA,*,*,*,*,Social Work,60543,,WA,*,*,*,Campus Resource,Social Work,7597
WA,*,*,*,*,Social Work,60543,,WA,*,*,*,Endowment,Social Work,15644
WI,*,*,*,*,Advertising,23052,,WI,*,*,*,Campus Resource,Advertising,6092
WI,*,*,*,*,Advertising,23052,,WI,*,*,*,Endowment,Advertising,3064
WI,*,*,*,*,Anthropology,13045,,WI,*,*,*,Endowment,Anthropology,4017
WI,*,*,*,*,Anthropology,13045,,WI,*,*,*,Scholarship,Anthropology,2727
WI,*,*,*,*,College of Political Science,16127,,WI,*,*,*,Scholarship,College of Political Science,2587
WI,*,*,*,*,Public Policy,13650,,WI,*,*,*,Endowment,Public Policy,278
WY,*,*,*,*,Studio Art,36999,,WY,*,*,*,Campus Resource,Studio Art,9411
