AL,Birmingham,*,*,*,Anthropology,29731,,AL,Birmingham,*,*,Scholarship,Anthropology,8744
AL,Birmingham,*,*,*,Apparel and Textile Design,16157,,AL,Birmingham,*,*,Campus Resource,Apparel and Textile Design,5163
AL,Birmingham,*,*,*,Apparel and Textile Design,16157,,AL,Birmingham,*,*,Scholarship,Apparel and Textile Design,4777
AL,Birmingham,*,*,*,Art History and Visual Culture,44642,,AL,Birmingham,*,*,Endowment,Art History and Visual Culture,12342
AL,Birmingham,*,*,*,Art History and Visual Culture,44642,,AL,Birmingham,*,*,Scholarship,Art History and Visual Culture,13914
AL,Birmingham,*,*,*,College of Political Science,10675,,AL,Birmingham,*,*,Endowment,College of Political Science,1433
AR,Little Rock,*,*,*,Accounting,12564,,AR,Little Rock,*,*,Endowment,Accounting,3993
AR,Little Rock,*,*,*,Mathematics  Advanced,38903,,AR,Little Rock,*,*,Endowment,Mathematics  Advanced,4680
AR,Little Rock,*,*,*,Mathematics  Advanced,38903,,AR,Little Rock,*,*,Scholarship,Mathematics  Advanced,12931
AR,Little Rock,*,*,*,Statistics,7923,,AR,Little Rock,*,*,Scholarship,Statistics,313
AZ,Mesa,*,*,*,Entomology,18364,,AZ,Mesa,*,*,Campus Resource,Entomology,145
AZ,Mesa,*,*,*,Entomology,18364,,AZ,Mesa,*,*,Endowment,Entomology,891
AZ,Mesa,*,*,*,Environmental Economics and Policy,21240,,AZ,Mesa,*,*,Campus Resource,Environmental Economics and Policy,2966
AZ,Mesa,*,*,*,Music,15071,,AZ,Mesa,*,*,Campus Resource,Music,1666
AZ,Phoenix,*,*,*,Art Education,27327,,AZ,Phoenix,*,*,Campus Resource,Art Education,7371
AZ,Phoenix,*,*,*,Art Education,27327,,AZ,Phoenix,*,*,Scholarship,Art Education,6245
AZ,Phoenix,*,*,*,Biochemistry and Molecular Biology/Biotechnology,5661,,AZ,Phoenix,*,*,Campus Resource,Biochemistry and Molecular Biology/Biotechnology,892
AZ,Phoenix,*,*,*,Biochemistry and Molecular Biology/Biotechnology,5661,,AZ,Phoenix,*,*,Scholarship,Biochemistry and Molecular Biology/Biotechnology,862
AZ,Phoenix,*,*,*,Biological Science Interdepartmental,8592,,AZ,Phoenix,*,*,Scholarship,Biological Science Interdepartmental,2733
AZ,Phoenix,*,*,*,Computer Science,11516,,AZ,Phoenix,*,*,Scholarship,Computer Science,334
AZ,Phoenix,*,*,*,Construction Management,20503,,AZ,Phoenix,*,*,Scholarship,Construction Management,6006
AZ,Phoenix,*,*,*,Electrical Engineering,48200,,AZ,Phoenix,*,*,Scholarship,Electrical Engineering,15453
AZ,Phoenix,*,*,*,English,10473,,AZ,Phoenix,*,*,Endowment,English,1942
AZ,Phoenix,*,*,*,Finance,12251,,AZ,Phoenix,*,*,Campus Resource,Finance,2679
AZ,Phoenix,*,*,*,Finance,12251,,AZ,Phoenix,*,*,Endowment,Finance,2679
AZ,Phoenix,*,*,*,History Education,6256,,AZ,Phoenix,*,*,Scholarship,History Education,1355
AZ,Phoenix,*,*,*,Jazz Studies,14989,,AZ,Phoenix,*,*,Endowment,Jazz Studies,3984
AZ,Phoenix,*,*,*,Jazz Studies,14989,,AZ,Phoenix,*,*,Scholarship,Jazz Studies,4884
AZ,Phoenix,*,*,*,Materials Science and Engineering,22165,,AZ,Phoenix,*,*,Endowment,Materials Science and Engineering,2963
AZ,Phoenix,*,*,*,Media and Information,14965,,AZ,Phoenix,*,*,Scholarship,Media and Information,3392
AZ,Phoenix,*,*,*,Nursing,56030,,AZ,Phoenix,*,*,Campus Resource,Nursing,2981
AZ,Phoenix,*,*,*,Physical Science Interdepartmental,35578,,AZ,Phoenix,*,*,Endowment,Physical Science Interdepartmental,10466
AZ,Phoenix,*,*,*,Prenursing,41529,,AZ,Phoenix,*,*,Scholarship,Prenursing,2977
AZ,Phoenix,*,*,*,Professional Writing,1414,,AZ,Phoenix,*,*,Campus Resource,Professional Writing,84
AZ,Phoenix,*,*,*,Supply Chain Management,13358,,AZ,Phoenix,*,*,Endowment,Supply Chain Management,2439
AZ,Phoenix,*,*,*,Supply Chain Management,13358,,AZ,Phoenix,*,*,Scholarship,Supply Chain Management,4240
AZ,Scottsdale,*,*,*,Biochemistry and Molecular Biology/Biotechnology,28674,,AZ,Scottsdale,*,*,Endowment,Biochemistry and Molecular Biology/Biotechnology,833
AZ,Scottsdale,*,*,*,Biochemistry and Molecular Biology/Biotechnology,28674,,AZ,Scottsdale,*,*,Scholarship,Biochemistry and Molecular Biology/Biotechnology,5689
AZ,Scottsdale,*,*,*,Materials Science and Engineering,6166,,AZ,Scottsdale,*,*,Campus Resource,Materials Science and Engineering,486
CA,Anaheim,*,*,*,Neuroscience,35972,,CA,Anaheim,*,*,Endowment,Neuroscience,9874
CA,Anaheim,*,*,*,Professional Writing,10875,,CA,Anaheim,*,*,Campus Resource,Professional Writing,1122
CA,Anaheim,*,*,*,Supply Chain Management,18005,,CA,Anaheim,*,*,Campus Resource,Supply Chain Management,3145
CA,Anaheim,*,*,*,Supply Chain Management,18005,,CA,Anaheim,*,*,Scholarship,Supply Chain Management,2045
CA,Fresno,*,*,*,Global & Area Studies - Soc Sci,34843,,CA,Fresno,*,*,Endowment,Global & Area Studies - Soc Sci,10858
CA,Fresno,*,*,*,Global & Area Studies - Soc Sci,34843,,CA,Fresno,*,*,Scholarship,Global & Area Studies - Soc Sci,6464
CA,Fresno,*,*,*,Interdisciplinary Humanities,21145,,CA,Fresno,*,*,Campus Resource,Interdisciplinary Humanities,4750
CA,Fresno,*,*,*,Interdisciplinary Humanities,21145,,CA,Fresno,*,*,Endowment,Interdisciplinary Humanities,3896
CA,Fresno,*,*,*,Natural Resource Recreation and Tourism,56631,,CA,Fresno,*,*,Endowment,Natural Resource Recreation and Tourism,14875
CA,Fresno,*,*,*,Natural Resource Recreation and Tourism,56631,,CA,Fresno,*,*,Scholarship,Natural Resource Recreation and Tourism,13181
CA,Fresno,*,*,*,Political Science,38850,,CA,Fresno,*,*,Endowment,Political Science,9185
CA,Fresno,*,*,*,Political Science,38850,,CA,Fresno,*,*,Scholarship,Political Science,9471
CA,Los Angeles,*,*,*,Animal Science,20975,,CA,Los Angeles,*,*,Campus Resource,Animal Science,5715
CA,Los Angeles,*,*,*,Animal Science,20975,,CA,Los Angeles,*,*,Endowment,Animal Science,1839
CA,Los Angeles,*,*,*,Art Education,1571,,CA,Los Angeles,*,*,Endowment,Art Education,373
CA,Los Angeles,*,*,*,Biochemistry and Molecular Biology/Biotechnology,16489,,CA,Los Angeles,*,*,Campus Resource,Biochemistry and Molecular Biology/Biotechnology,2879
CA,Los Angeles,*,*,*,Economics,3977,,CA,Los Angeles,*,*,Scholarship,Economics,173
CA,Los Angeles,*,*,*,Environmental Economics and Policy,41664,,CA,Los Angeles,*,*,Campus Resource,Environmental Economics and Policy,8352
CA,Los Angeles,*,*,*,Environmental Geosciences,18624,,CA,Los Angeles,*,*,Endowment,Environmental Geosciences,5375
CA,Los Angeles,*,*,*,German,11941,,CA,Los Angeles,*,*,Endowment,German,2329
CA,Los Angeles,*,*,*,History,26419,,CA,Los Angeles,*,*,Endowment,History,4256
CA,Los Angeles,*,*,*,Human Resource Management,29700,,CA,Los Angeles,*,*,Campus Resource,Human Resource Management,4869
CA,Los Angeles,*,*,*,Human Resource Management,29700,,CA,Los Angeles,*,*,Scholarship,Human Resource Management,4869
CA,Los Angeles,*,*,*,Jazz Studies,44951,,CA,Los Angeles,*,*,Campus Resource,Jazz Studies,8290
CA,Los Angeles,*,*,*,Jazz Studies,44951,,CA,Los Angeles,*,*,Endowment,Jazz Studies,9945
CA,Los Angeles,*,*,*,Marketing,23795,,CA,Los Angeles,*,*,Campus Resource,Marketing,7929
CA,Los Angeles,*,*,*,Marketing,23795,,CA,Los Angeles,*,*,Endowment,Marketing,4958
CA,Los Angeles,*,*,*,Materials Science and Engineering,2047,,CA,Los Angeles,*,*,Scholarship,Materials Science and Engineering,293
CA,Los Angeles,*,*,*,Microbiology,24296,,CA,Los Angeles,*,*,Scholarship,Microbiology,4973
CA,Los Angeles,*,*,*,Nutritional Sciences,14164,,CA,Los Angeles,*,*,Scholarship,Nutritional Sciences,2243
CA,Los Angeles,*,*,*,Political Science-Prelaw,15961,,CA,Los Angeles,*,*,Endowment,Political Science-Prelaw,2242
CA,Los Angeles,*,*,*,Preoptometry,44119,,CA,Los Angeles,*,*,Endowment,Preoptometry,12452
CA,Los Angeles,*,*,*,Preoptometry,44119,,CA,Los Angeles,*,*,Scholarship,Preoptometry,11659
CA,Los Angeles,*,*,*,Studio Art,24578,,CA,Los Angeles,*,*,Scholarship,Studio Art,6658
CA,Los Angeles,*,*,*,Summer Research Program,19403,,CA,Los Angeles,*,*,Endowment,Summer Research Program,584
CA,Sacramento,*,*,*,Kinesiology,20652,,CA,Sacramento,*,*,Scholarship,Kinesiology,650
CA,Sacramento,*,*,*,Materials Science and Engineering,14712,,CA,Sacramento,*,*,Endowment,Materials Science and Engineering,3591
CA,San Diego,*,*,*,Biomedical Laboratory Science,2836,,CA,San Diego,*,*,Scholarship,Biomedical Laboratory Science,292
CA,San Diego,*,*,*,Composition,41582,,CA,San Diego,*,*,Scholarship,Composition,12522
CA,San Diego,*,*,*,Environmental Studies and Agriscience,7478,,CA,San Diego,*,*,Scholarship,Environmental Studies and Agriscience,1724
CA,San Diego,*,*,*,French,12597,,CA,San Diego,*,*,Campus Resource,French,3885
CA,San Diego,*,*,*,Linguistics,4528,,CA,San Diego,*,*,Campus Resource,Linguistics,645
CA,San Diego,*,*,*,Political Science,1435,,CA,San Diego,*,*,Scholarship,Political Science,43
CA,San Diego,*,*,*,Russian,6951,,CA,San Diego,*,*,Endowment,Russian,1077
CA,San Diego,*,*,*,Social Work,10914,,CA,San Diego,*,*,Endowment,Social Work,3367
CA,San Francisco,*,*,*,Agribusiness Management,12905,,CA,San Francisco,*,*,Scholarship,Agribusiness Management,3045
CA,San Francisco,*,*,*,Animal Science,33822,,CA,San Francisco,*,*,Campus Resource,Animal Science,1490
CA,San Francisco,*,*,*,Animal Science,33822,,CA,San Francisco,*,*,Scholarship,Animal Science,1490
CA,San Francisco,*,*,*,Apparel and Textile Design,14010,,CA,San Francisco,*,*,Scholarship,Apparel and Textile Design,3527
CA,San Francisco,*,*,*,Art History and Visual Culture,52906,,CA,San Francisco,*,*,Campus Resource,Art History and Visual Culture,14562
CA,San Francisco,*,*,*,Art History and Visual Culture,52906,,CA,San Francisco,*,*,Scholarship,Art History and Visual Culture,14156
CA,San Francisco,*,*,*,Biochemistry and Molecular Biology/Biotechnology,25773,,CA,San Francisco,*,*,Scholarship,Biochemistry and Molecular Biology/Biotechnology,3892
CA,San Francisco,*,*,*,Composition,16438,,CA,San Francisco,*,*,Campus Resource,Composition,3666
CA,San Francisco,*,*,*,Economics,6526,,CA,San Francisco,*,*,Scholarship,Economics,858
CA,San Francisco,*,*,*,Environmental Biology/Zoology,11804,,CA,San Francisco,*,*,Scholarship,Environmental Biology/Zoology,3929
CA,San Francisco,*,*,*,Finance,15975,,CA,San Francisco,*,*,Campus Resource,Finance,612
CA,San Francisco,*,*,*,Horticulture,19403,,CA,San Francisco,*,*,Scholarship,Horticulture,6356
CA,San Francisco,*,*,*,Human Biology,41061,,CA,San Francisco,*,*,Endowment,Human Biology,8078
CA,San Francisco,*,*,*,Human Biology,41061,,CA,San Francisco,*,*,Scholarship,Human Biology,7426
CA,San Francisco,*,*,*,Human Development and Family Studies,11655,,CA,San Francisco,*,*,Scholarship,Human Development and Family Studies,3793
CA,San Francisco,*,*,*,Japanese,4765,,CA,San Francisco,*,*,Campus Resource,Japanese,151
CA,San Francisco,*,*,*,Jazz Studies,21886,,CA,San Francisco,*,*,Endowment,Jazz Studies,908
CA,San Francisco,*,*,*,Kinesiology,64367,,CA,San Francisco,*,*,Endowment,Kinesiology,17413
CA,San Francisco,*,*,*,Political Science-Prelaw,37064,,CA,San Francisco,*,*,Scholarship,Political Science-Prelaw,8996
CA,San Francisco,*,*,*,Public Policy,51184,,CA,San Francisco,*,*,Campus Resource,Public Policy,9972
CA,San Francisco,*,*,*,Public Policy,51184,,CA,San Francisco,*,*,Endowment,Public Policy,8935
CA,San Francisco,*,*,*,Social Relations and Policy,10042,,CA,San Francisco,*,*,Endowment,Social Relations and Policy,628
CA,San Francisco,*,*,*,Sociology,8838,,CA,San Francisco,*,*,Campus Resource,Sociology,1576
CA,San Francisco,*,*,*,Zoology,29907,,CA,San Francisco,*,*,Endowment,Zoology,4788
CO,Colorado Springs,*,*,*,Agriculture and Natural Resources-No Preference,7825,,CO,Colorado Springs,*,*,Endowment,Agriculture and Natural Resources-No Preference,1793
CO,Colorado Springs,*,*,*,Education,9818,,CO,Colorado Springs,*,*,Endowment,Education,850
CO,Colorado Springs,*,*,*,History,19602,,CO,Colorado Springs,*,*,Endowment,History,2468
CO,Colorado Springs,*,*,*,Horticulture,32913,,CO,Colorado Springs,*,*,Campus Resource,Horticulture,5074
CO,Colorado Springs,*,*,*,Interdisciplinary Studies in Social Science,24970,,CO,Colorado Springs,*,*,Scholarship,Interdisciplinary Studies in Social Science,2201
CO,Colorado Springs,*,*,*,Zoology,57041,,CO,Colorado Springs,*,*,Campus Resource,Zoology,15972
CO,Colorado Springs,*,*,*,Zoology,57041,,CO,Colorado Springs,*,*,Scholarship,Zoology,18251
CO,Denver,*,*,*,Agribusiness Management,51708.0,,CO,Denver,*,*,Endowment,Agribusiness Management,6886.5
CO,Denver,*,*,*,Anthropology,32641.5,,CO,Denver,*,*,Endowment,Anthropology,9916.5
CO,Denver,*,*,*,Apparel and Textile Design,62467.5,,CO,Denver,*,*,Scholarship,Apparel and Textile Design,15720
CO,Denver,*,*,*,Arabic,118822.5,,CO,Denver,*,*,Campus Resource,Arabic,23562
CO,Denver,*,*,*,Art Education,115039.5,,CO,Denver,*,*,Campus Resource,Art Education,21687
CO,Denver,*,*,*,Art History and Visual Culture,39556.5,,CO,Denver,*,*,Scholarship,Art History and Visual Culture,12073.5
CO,Denver,*,*,*,Biochemistry and Molecular Biology/Biotechnology,11310,,CO,Denver,*,*,Scholarship,Biochemistry and Molecular Biology/Biotechnology,1329
CO,Denver,*,*,*,Chemical Physics,35281.5,,CO,Denver,*,*,Campus Resource,Chemical Physics,11058
CO,Denver,*,*,*,Chemical Physics,35281.5,,CO,Denver,*,*,Scholarship,Chemical Physics,6078.0
CO,Denver,*,*,*,Composition,137493.0,,CO,Denver,*,*,Campus Resource,Composition,14367
CO,Denver,*,*,*,Computer Science,23257.5,,CO,Denver,*,*,Campus Resource,Computer Science,7546.5
CO,Denver,*,*,*,Construction Management,51630.0,,CO,Denver,*,*,Endowment,Construction Management,9574.5
CO,Denver,*,*,*,Criminal Justice,72856.5,,CO,Denver,*,*,Endowment,Criminal Justice,21760.5
CO,Denver,*,*,*,Criminal Justice,72856.5,,CO,Denver,*,*,Scholarship,Criminal Justice,20058
CO,Denver,*,*,*,Earth Science Interdepartmental,44632.5,,CO,Denver,*,*,Scholarship,Earth Science Interdepartmental,7552.5
CO,Denver,*,*,*,Education,32622.0,,CO,Denver,*,*,Campus Resource,Education,4717.5
CO,Denver,*,*,*,Environmental Biology/Zoology,25057.5,,CO,Denver,*,*,Endowment,Environmental Biology/Zoology,5281.5
CO,Denver,*,*,*,Environmental Economics and Policy,24801.0,,CO,Denver,*,*,Scholarship,Environmental Economics and Policy,2635.5
CO,Denver,*,*,*,Experience Architecture,41410.5,,CO,Denver,*,*,Endowment,Experience Architecture,12997.5
CO,Denver,*,*,*,Experience Architecture,41410.5,,CO,Denver,*,*,Scholarship,Experience Architecture,3618
CO,Denver,*,*,*,Fisheries and Wildlife,28017.0,,CO,Denver,*,*,Campus Resource,Fisheries and Wildlife,4738.5
CO,Denver,*,*,*,Fisheries and Wildlife,28017.0,,CO,Denver,*,*,Endowment,Fisheries and Wildlife,9121.5
CO,Denver,*,*,*,Food Industry Management,89709.0,,CO,Denver,*,*,Endowment,Food Industry Management,28338
CO,Denver,*,*,*,Food Science,29055.0,,CO,Denver,*,*,Campus Resource,Food Science,7138.5
CO,Denver,*,*,*,Humanities-Prelaw,21828.0,,CO,Denver,*,*,Campus Resource,Humanities-Prelaw,5980.5
CO,Denver,*,*,*,Interdisciplinary Studies in Social Science,11227.5,,CO,Denver,*,*,Scholarship,Interdisciplinary Studies in Social Science,1470
CO,Denver,*,*,*,Interdisciplinary Studies in Social Science - Social Science Education,13345.5,,CO,Denver,*,*,Campus Resource,Interdisciplinary Studies in Social Science - Social Science Education,4381.5
CO,Denver,*,*,*,Interdisciplinary Studies in Social Science - Social Science Education,13345.5,,CO,Denver,*,*,Scholarship,Interdisciplinary Studies in Social Science - Social Science Education,4381.5
CO,Denver,*,*,*,Interior Design,56070.0,,CO,Denver,*,*,Endowment,Interior Design,5244
CO,Denver,*,*,*,Japanese,18490.5,,CO,Denver,*,*,Scholarship,Japanese,250.5
CO,Denver,*,*,*,Journalism,2781,,CO,Denver,*,*,Campus Resource,Journalism,696
CO,Denver,*,*,*,Journalism,2781,,CO,Denver,*,*,Endowment,Journalism,696
CO,Denver,*,*,*,Kinesiology,29593.5,,CO,Denver,*,*,Endowment,Kinesiology,7663.5
CO,Denver,*,*,*,Materials Science and Engineering,25660.5,,CO,Denver,*,*,Endowment,Materials Science and Engineering,5397
CO,Denver,*,*,*,Mathematics  Advanced,30594.0,,CO,Denver,*,*,Endowment,Mathematics  Advanced,1035.0
CO,Denver,*,*,*,Mechanical Engineering,27031.5,,CO,Denver,*,*,Campus Resource,Mechanical Engineering,5797.5
CO,Denver,*,*,*,Music Performance,27436.5,,CO,Denver,*,*,Scholarship,Music Performance,1476
CO,Denver,*,*,*,Nursing,43762.5,,CO,Denver,*,*,Campus Resource,Nursing,10065
CO,Denver,*,*,*,Nursing,43762.5,,CO,Denver,*,*,Scholarship,Nursing,7594.5
CO,Denver,*,*,*,Nutritional Sciences,8361.0,,CO,Denver,*,*,Endowment,Nutritional Sciences,2068.5
CO,Denver,*,*,*,Psychology,17250.0,,CO,Denver,*,*,Endowment,Psychology,3834
CO,Denver,*,*,*,Public Policy,70369.5,,CO,Denver,*,*,Campus Resource,Public Policy,14196
CO,Denver,*,*,*,Russian,9795,,CO,Denver,*,*,Scholarship,Russian,2145
CO,Denver,*,*,*,Sociology,36742.5,,CO,Denver,*,*,Campus Resource,Sociology,9984
CO,Denver,*,*,*,Sociology,36742.5,,CO,Denver,*,*,Endowment,Sociology,280.5
CO,Denver,*,*,*,Spanish,38637.0,,CO,Denver,*,*,Campus Resource,Spanish,11460
CO,Denver,*,*,*,Special Education-Learning Disabilities,91764.0,,CO,Denver,*,*,Campus Resource,Special Education-Learning Disabilities,14746.5
CO,Denver,*,*,*,Studio Art,43734.0,,CO,Denver,*,*,Campus Resource,Studio Art,9199.5
CO,Denver,*,*,*,Studio Art,43734.0,,CO,Denver,*,*,Scholarship,Studio Art,13590
CO,Denver,*,*,*,Summer Research Program,33637.5,,CO,Denver,*,*,Scholarship,Summer Research Program,10816.5
CO,Denver,*,*,*,Urban and Regional Planning,62236.5,,CO,Denver,*,*,Campus Resource,Urban and Regional Planning,6121.5
CO,Denver,*,*,*,Urban and Regional Planning,62236.5,,CO,Denver,*,*,Endowment,Urban and Regional Planning,4444.5
CO,Denver,*,*,*,World Politics,53311.5,,CO,Denver,*,*,Campus Resource,World Politics,12645
CO,Denver,*,*,*,World Politics,53311.5,,CO,Denver,*,*,Endowment,World Politics,13498.5
CT,Hartford,*,*,*,Agribusiness Management,6995,,CT,Hartford,*,*,Scholarship,Agribusiness Management,2279
CT,Hartford,*,*,*,Biological Science Interdepartmental,9814,,CT,Hartford,*,*,Scholarship,Biological Science Interdepartmental,1478
CT,Hartford,*,*,*,Comparative Cultures and Politics,18845,,CT,Hartford,*,*,Endowment,Comparative Cultures and Politics,5163
CT,Hartford,*,*,*,Criminal Justice,7431,,CT,Hartford,*,*,Endowment,Criminal Justice,243
CT,Hartford,*,*,*,Entomology,36794,,CT,Hartford,*,*,Endowment,Entomology,10347
CT,Hartford,*,*,*,Environmental Engineering,27902,,CT,Hartford,*,*,Campus Resource,Environmental Engineering,7315
CT,Hartford,*,*,*,Environmental Engineering,27902,,CT,Hartford,*,*,Endowment,Environmental Engineering,7315
CT,Hartford,*,*,*,Natural Resource Recreation and Tourism,34769,,CT,Hartford,*,*,Scholarship,Natural Resource Recreation and Tourism,249
CT,Hartford,*,*,*,Theatre,8745,,CT,Hartford,*,*,Scholarship,Theatre,999
DC,Washington,*,*,*,Agriculture and Natural Resources-No Preference,14815,,DC,Washington,*,*,Endowment,Agriculture and Natural Resources-No Preference,2581
DC,Washington,*,*,*,Environmental Studies and Agriscience,682,,DC,Washington,*,*,Campus Resource,Environmental Studies and Agriscience,204
DC,Washington,*,*,*,Interdisciplinary Studies in Social Science - Social Science Education,14538,,DC,Washington,*,*,Campus Resource,Interdisciplinary Studies in Social Science - Social Science Education,171
DC,Washington,*,*,*,Interdisciplinary Studies in Social Science - Social Science Education,14538,,DC,Washington,*,*,Endowment,Interdisciplinary Studies in Social Science - Social Science Education,535
DC,Washington,*,*,*,Packaging,18182,,DC,Washington,*,*,Campus Resource,Packaging,1763
DC,Washington,*,*,*,Psychology,31771,,DC,Washington,*,*,Scholarship,Psychology,5506
DC,Washington,*,*,*,Summer Research Program,28927,,DC,Washington,*,*,Campus Resource,Summer Research Program,431
DC,Washington,*,*,*,Summer Research Program,28927,,DC,Washington,*,*,Endowment,Summer Research Program,5240
DC,Washington,*,*,*,Urban and Regional Planning,29140,,DC,Washington,*,*,Campus Resource,Urban and Regional Planning,676
FL,Fort Lauderdale,*,*,*,Packaging,11981,,FL,Fort Lauderdale,*,*,Endowment,Packaging,3896
FL,Jacksonville,*,*,*,Construction Management,23181,,FL,Jacksonville,*,*,Scholarship,Construction Management,4140
FL,Jacksonville,*,*,*,Environmental Geosciences,18887,,FL,Jacksonville,*,*,Campus Resource,Environmental Geosciences,3801
FL,Jacksonville,*,*,*,Environmental Geosciences,18887,,FL,Jacksonville,*,*,Scholarship,Environmental Geosciences,1556
FL,Miami,*,*,*,Computer Science,11926,,FL,Miami,*,*,Endowment,Computer Science,2209
FL,Miami,*,*,*,Engineering-No Major,7560,,FL,Miami,*,*,Scholarship,Engineering-No Major,1119
FL,Miami,*,*,*,Packaging,36379,,FL,Miami,*,*,Campus Resource,Packaging,6519
FL,Miami,*,*,*,Sociology,24931,,FL,Miami,*,*,Campus Resource,Sociology,7362
FL,Miami,*,*,*,Sociology,24931,,FL,Miami,*,*,Endowment,Sociology,7362
FL,Orlando,*,*,*,Agriculture and Natural Resources-No Preference,24823,,FL,Orlando,*,*,Campus Resource,Agriculture and Natural Resources-No Preference,1615
FL,Orlando,*,*,*,Agriculture and Natural Resources-No Preference,24823,,FL,Orlando,*,*,Scholarship,Agriculture and Natural Resources-No Preference,7261
FL,Orlando,*,*,*,Environmental Biology/Plant Biol,28721,,FL,Orlando,*,*,Scholarship,Environmental Biology/Plant Biol,8650
FL,Orlando,*,*,*,Fisheries and Wildlife,21443,,FL,Orlando,*,*,Scholarship,Fisheries and Wildlife,2640
FL,Orlando,*,*,*,Interdisciplinary Humanities,25338,,FL,Orlando,*,*,Endowment,Interdisciplinary Humanities,6230
FL,Orlando,*,*,*,Materials Science and Engineering,6517,,FL,Orlando,*,*,Scholarship,Materials Science and Engineering,173
FL,Orlando,*,*,*,Neuroscience,46916,,FL,Orlando,*,*,Scholarship,Neuroscience,10199
FL,Tallahassee,*,*,*,Agribusiness Management,39387,,FL,Tallahassee,*,*,Campus Resource,Agribusiness Management,2982
FL,Tallahassee,*,*,*,Agribusiness Management,39387,,FL,Tallahassee,*,*,Scholarship,Agribusiness Management,630
FL,Tallahassee,*,*,*,Art History and Visual Culture,16103,,FL,Tallahassee,*,*,Scholarship,Art History and Visual Culture,3724
FL,Tallahassee,*,*,*,Experience Architecture,14836,,FL,Tallahassee,*,*,Endowment,Experience Architecture,355
FL,Tallahassee,*,*,*,Fisheries and Wildlife,15012,,FL,Tallahassee,*,*,Scholarship,Fisheries and Wildlife,4672
GA,Atlanta,*,*,*,Agribusiness Management,10948,,GA,Atlanta,*,*,Campus Resource,Agribusiness Management,3281
GA,Atlanta,*,*,*,College of Political Science,15512,,GA,Atlanta,*,*,Campus Resource,College of Political Science,4709
GA,Atlanta,*,*,*,Finance,5641,,GA,Atlanta,*,*,Endowment,Finance,883
GA,Atlanta,*,*,*,Mathematics,36016,,GA,Atlanta,*,*,Scholarship,Mathematics,11170
GA,Savannah,*,*,*,Human Biology,32152,,GA,Savannah,*,*,Campus Resource,Human Biology,10679
GA,Savannah,*,*,*,Human Biology,32152,,GA,Savannah,*,*,Endowment,Human Biology,9497
IA,Des Moines,*,*,*,History,8904,,IA,Des Moines,*,*,Scholarship,History,1532
IA,Des Moines,*,*,*,Summer Research Program,7509,,IA,Des Moines,*,*,Endowment,Summer Research Program,383
IL,Chicago,*,*,*,Apparel and Textiles,31610,,IL,Chicago,*,*,Endowment,Apparel and Textiles,5874
IL,Chicago,*,*,*,Apparel and Textiles,31610,,IL,Chicago,*,*,Scholarship,Apparel and Textiles,8196
IL,Chicago,*,*,*,Art Education,9934,,IL,Chicago,*,*,Scholarship,Art Education,697
IL,Chicago,*,*,*,Biochemistry and Molecular Biology/Biotechnology,13038,,IL,Chicago,*,*,Scholarship,Biochemistry and Molecular Biology/Biotechnology,3600
IL,Chicago,*,*,*,Composition,22107,,IL,Chicago,*,*,Campus Resource,Composition,640
IL,Chicago,*,*,*,Composition,22107,,IL,Chicago,*,*,Scholarship,Composition,1574
IL,Chicago,*,*,*,Computer Engineering,13045,,IL,Chicago,*,*,Endowment,Computer Engineering,3414
IL,Chicago,*,*,*,Computer Science,37714,,IL,Chicago,*,*,Endowment,Computer Science,10020
IL,Chicago,*,*,*,Computer Science,37714,,IL,Chicago,*,*,Scholarship,Computer Science,11970
IL,Chicago,*,*,*,Economics,23308,,IL,Chicago,*,*,Endowment,Economics,7211
IL,Chicago,*,*,*,Economics,23308,,IL,Chicago,*,*,Scholarship,Economics,7211
IL,Chicago,*,*,*,Engineering-No Major,461329,,IL,Chicago,*,*,Scholarship,Engineering-No Major,5508
IL,Chicago,*,*,*,Environmental Geosciences,2984,,IL,Chicago,*,*,Scholarship,Environmental Geosciences,319
IL,Chicago,*,*,*,Environmental Studies and Agriscience,21076,,IL,Chicago,*,*,Endowment,Environmental Studies and Agriscience,6497
IL,Chicago,*,*,*,Geographic Information Science,25913,,IL,Chicago,*,*,Endowment,Geographic Information Science,189
IL,Chicago,*,*,*,Geographic Information Science,25913,,IL,Chicago,*,*,Scholarship,Geographic Information Science,5981
IL,Chicago,*,*,*,Horticulture,9732,,IL,Chicago,*,*,Campus Resource,Horticulture,1782
IL,Chicago,*,*,*,Interdisciplinary Studies in Social Science,35295,,IL,Chicago,*,*,Campus Resource,Interdisciplinary Studies in Social Science,7004
IL,Chicago,*,*,*,Kinesiology,50528,,IL,Chicago,*,*,Campus Resource,Kinesiology,16833
IL,Chicago,*,*,*,Kinesiology,50528,,IL,Chicago,*,*,Endowment,Kinesiology,11103
IL,Chicago,*,*,*,Landscape Architecture,10228,,IL,Chicago,*,*,Endowment,Landscape Architecture,2587
IL,Chicago,*,*,*,Linguistics,33133,,IL,Chicago,*,*,Scholarship,Linguistics,7316
IL,Chicago,*,*,*,Marketing,36366,,IL,Chicago,*,*,Campus Resource,Marketing,7938
IL,Chicago,*,*,*,Music Performance,37102,,IL,Chicago,*,*,Campus Resource,Music Performance,551
IL,Chicago,*,*,*,Music Performance,37102,,IL,Chicago,*,*,Endowment,Music Performance,9411
IL,Chicago,*,*,*,Philosophy,12234,,IL,Chicago,*,*,Scholarship,Philosophy,3336
IL,Chicago,*,*,*,Urban and Regional Planning,18130,,IL,Chicago,*,*,Endowment,Urban and Regional Planning,1384
IL,Chicago,*,*,*,Women's and Gender Studies,10953,,IL,Chicago,*,*,Scholarship,Women's and Gender Studies,2747
IL,Springfield,*,*,*,Experience Architecture,8315,,IL,Springfield,*,*,Scholarship,Experience Architecture,2002
IN,Indianapolis,*,*,*,Biochemistry and Molecular Biology,16812,,IN,Indianapolis,*,*,Campus Resource,Biochemistry and Molecular Biology,3599
IN,Indianapolis,*,*,*,Biochemistry and Molecular Biology,16812,,IN,Indianapolis,*,*,Scholarship,Biochemistry and Molecular Biology,5010
IN,Indianapolis,*,*,*,Global & Area Studies - Soc Sci,47435,,IN,Indianapolis,*,*,Endowment,Global & Area Studies - Soc Sci,7580
IN,Indianapolis,*,*,*,Hospitality Business,41058,,IN,Indianapolis,*,*,Campus Resource,Hospitality Business,7753
IN,Indianapolis,*,*,*,Interdisciplinary Studies in Social Science,5690,,IN,Indianapolis,*,*,Campus Resource,Interdisciplinary Studies in Social Science,1778
IN,Indianapolis,*,*,*,Neuroscience,21924,,IN,Indianapolis,*,*,Campus Resource,Neuroscience,465
IN,Indianapolis,*,*,*,Neuroscience,21924,,IN,Indianapolis,*,*,Endowment,Neuroscience,6083
IN,Indianapolis,*,*,*,Russian,10033,,IN,Indianapolis,*,*,Endowment,Russian,3263
KS,Kansas City,*,*,*,Comparative Cultures and Politics,42143,,KS,Kansas City,*,*,Campus Resource,Comparative Cultures and Politics,1454
KS,Kansas City,*,*,*,Comparative Cultures and Politics,42143,,KS,Kansas City,*,*,Endowment,Comparative Cultures and Politics,11209
KS,Overland Park,*,*,*,Biomedical Laboratory Science,11159,,KS,Overland Park,*,*,Scholarship,Biomedical Laboratory Science,1434
KS,Overland Park,*,*,*,Environmental Economics and Policy,17265,,KS,Overland Park,*,*,Campus Resource,Environmental Economics and Policy,3278
KS,Overland Park,*,*,*,Global Studies in the Arts and Humanities,11478,,KS,Overland Park,*,*,Campus Resource,Global Studies in the Arts and Humanities,1001
KS,Overland Park,*,*,*,Jazz Studies,32419,,KS,Overland Park,*,*,Endowment,Jazz Studies,6564
KS,Overland Park,*,*,*,Nutritional Sciences,42143,,KS,Overland Park,*,*,Campus Resource,Nutritional Sciences,7687
KS,Overland Park,*,*,*,Nutritional Sciences,42143,,KS,Overland Park,*,*,Endowment,Nutritional Sciences,9422
KS,Wichita,*,*,*,Chemical Physics,24209,,KS,Wichita,*,*,Endowment,Chemical Physics,6264
KS,Wichita,*,*,*,Preoptometry,13905,,KS,Wichita,*,*,Scholarship,Preoptometry,2209
KY,Lexington,*,*,*,Music Performance,12441,,KY,Lexington,*,*,Endowment,Music Performance,3598
KY,Louisville,*,*,*,English,15485,,KY,Louisville,*,*,Campus Resource,English,3009
KY,Louisville,*,*,*,English,15485,,KY,Louisville,*,*,Endowment,English,5056
LA,Baton Rouge,*,*,*,Interior Design,28424,,LA,Baton Rouge,*,*,Endowment,Interior Design,5578
LA,Baton Rouge,*,*,*,Supply Chain Management,32762,,LA,Baton Rouge,*,*,Campus Resource,Supply Chain Management,7243
LA,Baton Rouge,*,*,*,Supply Chain Management,32762,,LA,Baton Rouge,*,*,Scholarship,Supply Chain Management,2414
LA,Baton Rouge,*,*,*,Zoology,12092,,LA,Baton Rouge,*,*,Scholarship,Zoology,3095
LA,New Orleans,*,*,*,Apparel and Textile Design,40756,,LA,New Orleans,*,*,Endowment,Apparel and Textile Design,11162
LA,New Orleans,*,*,*,General Management,16115,,LA,New Orleans,*,*,Campus Resource,General Management,895
MA,Boston,*,*,*,Accounting,23146,,MA,Boston,*,*,Campus Resource,Accounting,6493
MA,Boston,*,*,*,Biomedical Laboratory Science,10550,,MA,Boston,*,*,Campus Resource,Biomedical Laboratory Science,701
MA,Boston,*,*,*,Economics,4556,,MA,Boston,*,*,Scholarship,Economics,292
MA,Boston,*,*,*,Horticulture,32206,,MA,Boston,*,*,Campus Resource,Horticulture,208
MA,Boston,*,*,*,Jazz Studies,31977,,MA,Boston,*,*,Campus Resource,Jazz Studies,8726
MA,Boston,*,*,*,Jazz Studies,31977,,MA,Boston,*,*,Endowment,Jazz Studies,8527
MA,Boston,*,*,*,Nutritional Sciences,37784,,MA,Boston,*,*,Campus Resource,Nutritional Sciences,7547
MI,Detroit,*,*,*,College of Political Science,15872,,MI,Detroit,*,*,Endowment,College of Political Science,3057
MI,Detroit,*,*,*,College of Political Science,15872,,MI,Detroit,*,*,Scholarship,College of Political Science,2226
MI,Detroit,*,*,*,Composition,11176,,MI,Detroit,*,*,Scholarship,Composition,1437
MI,Detroit,*,*,*,Entomology,14712,,MI,Detroit,*,*,Scholarship,Entomology,3848
MI,Detroit,*,*,*,Geological Sciences,24428,,MI,Detroit,*,*,Endowment,Geological Sciences,5002
MI,Detroit,*,*,*,Journalism,6896,,MI,Detroit,*,*,Endowment,Journalism,1949
MI,Detroit,*,*,*,Russian,8735,,MI,Detroit,*,*,Campus Resource,Russian,2729
MI,Detroit,*,*,*,Social Relations and Policy,80445,,MI,Detroit,*,*,Endowment,Social Relations and Policy,6862
MI,Detroit,*,*,*,Statistics,911,,MI,Detroit,*,*,Scholarship,Statistics,8
MI,Detroit,*,*,*,Summer Research Program,34830,,MI,Detroit,*,*,Scholarship,Summer Research Program,9117
MI,Grand Rapids,*,*,*,Human Development and Family Studies,13447,,MI,Grand Rapids,*,*,Scholarship,Human Development and Family Studies,4022
MI,Lansing,*,*,*,Accounting,9000,,MI,Lansing,*,*,Endowment,Accounting,2639
MI,Lansing,*,*,*,Environmental Biology/Zoology,9590,,MI,Lansing,*,*,Endowment,Environmental Biology/Zoology,3071
MI,Lansing,*,*,*,Environmental Biology/Zoology,9590,,MI,Lansing,*,*,Scholarship,Environmental Biology/Zoology,2396
MI,Lansing,*,*,*,General Management,45206,,MI,Lansing,*,*,Campus Resource,General Management,9319
MI,Lansing,*,*,*,General Management,45206,,MI,Lansing,*,*,Scholarship,General Management,9667
MI,Lansing,*,*,*,History Education,1312,,MI,Lansing,*,*,Scholarship,History Education,313
MI,Lansing,*,*,*,Interior Design,10963,,MI,Lansing,*,*,Campus Resource,Interior Design,1599
MI,Lansing,*,*,*,Prenursing,30577,,MI,Lansing,*,*,Scholarship,Prenursing,4340
MI,Lansing,*,*,*,Professional Writing,18332,,MI,Lansing,*,*,Campus Resource,Professional Writing,5752
MN,Minneapolis,*,*,*,Marketing,24348,,MN,Minneapolis,*,*,Scholarship,Marketing,6356
MO,Kansas City,*,*,*,Arabic,17293,,MO,Kansas City,*,*,Endowment,Arabic,1848
MO,Kansas City,*,*,*,Biosystems Engineering,21768,,MO,Kansas City,*,*,Scholarship,Biosystems Engineering,6526
MO,Kansas City,*,*,*,Criminal Justice,4213,,MO,Kansas City,*,*,Endowment,Criminal Justice,921
MO,Kansas City,*,*,*,Fisheries and Wildlife,76151,,MO,Kansas City,*,*,Campus Resource,Fisheries and Wildlife,17136
MO,Kansas City,*,*,*,Interdisciplinary Humanities,29263,,MO,Kansas City,*,*,Scholarship,Interdisciplinary Humanities,8227
MO,Kansas City,*,*,*,Plant Biology,19712,,MO,Kansas City,*,*,Campus Resource,Plant Biology,6217
MO,Kansas City,*,*,*,Public Policy,30613,,MO,Kansas City,*,*,Scholarship,Public Policy,2556
MO,St. Louis,*,*,*,Agribusiness Management,17963,,MO,St. Louis,*,*,Campus Resource,Agribusiness Management,345
MO,St. Louis,*,*,*,Agribusiness Management,17963,,MO,St. Louis,*,*,Scholarship,Agribusiness Management,1729
MO,St. Louis,*,*,*,Education,38519,,MO,St. Louis,*,*,Campus Resource,Education,6148
MO,St. Louis,*,*,*,Education,38519,,MO,St. Louis,*,*,Endowment,Education,8942
MO,St. Louis,*,*,*,Mathematics,229014,,MO,St. Louis,*,*,Campus Resource,Mathematics,3171
MO,St. Louis,*,*,*,Media and Information,11808,,MO,St. Louis,*,*,Endowment,Media and Information,2051
MO,St. Louis,*,*,*,Media and Information,11808,,MO,St. Louis,*,*,Scholarship,Media and Information,149
NC,Charlotte,*,*,*,Composition,17753,,NC,Charlotte,*,*,Endowment,Composition,2585
NC,Charlotte,*,*,*,Spanish,14378,,NC,Charlotte,*,*,Campus Resource,Spanish,3423
NC,Charlotte,*,*,*,Special Education-Learning Disabilities,24285,,NC,Charlotte,*,*,Scholarship,Special Education-Learning Disabilities,274
NC,Durham,*,*,*,Actuarial Science,25245,,NC,Durham,*,*,Campus Resource,Actuarial Science,8323
NC,Durham,*,*,*,Actuarial Science,25245,,NC,Durham,*,*,Scholarship,Actuarial Science,8323
NC,Durham,*,*,*,Construction Management,2512,,NC,Durham,*,*,Scholarship,Construction Management,267
NC,Durham,*,*,*,Environmental Biology/Plant Biol,49665,,NC,Durham,*,*,Campus Resource,Environmental Biology/Plant Biol,15788
NC,Durham,*,*,*,Environmental Biology/Plant Biol,49665,,NC,Durham,*,*,Scholarship,Environmental Biology/Plant Biol,9990
NC,Durham,*,*,*,Geography,22167,,NC,Durham,*,*,Campus Resource,Geography,7043
NC,Durham,*,*,*,Human Development and Family Studies,4143,,NC,Durham,*,*,Endowment,Human Development and Family Studies,665
NC,Durham,*,*,*,Materials Science and Engineering,23011,,NC,Durham,*,*,Campus Resource,Materials Science and Engineering,7126
NC,Durham,*,*,*,Microbiology,24270,,NC,Durham,*,*,Campus Resource,Microbiology,2961
NC,Durham,*,*,*,Music,21474,,NC,Durham,*,*,Endowment,Music,2931
NC,Raleigh,*,*,*,Advertising,19584,,NC,Raleigh,*,*,Campus Resource,Advertising,3230
NC,Raleigh,*,*,*,Advertising,19584,,NC,Raleigh,*,*,Endowment,Advertising,4474
NC,Raleigh,*,*,*,Apparel and Textiles,11546,,NC,Raleigh,*,*,Endowment,Apparel and Textiles,584
NC,Raleigh,*,*,*,Astrophysics,10175,,NC,Raleigh,*,*,Scholarship,Astrophysics,2319
NC,Raleigh,*,*,*,College of Political Science,10105,,NC,Raleigh,*,*,Campus Resource,College of Political Science,493
NC,Raleigh,*,*,*,Predental,11933,,NC,Raleigh,*,*,Scholarship,Predental,2313
NE,Lincoln,*,*,*,Human Development and Family Studies,4152,,NE,Lincoln,*,*,Scholarship,Human Development and Family Studies,267
NE,Omaha,*,*,*,Environmental Studies and Agriscience,10680,,NE,Omaha,*,*,Campus Resource,Environmental Studies and Agriscience,38
NE,Omaha,*,*,*,Environmental Studies and Agriscience,10680,,NE,Omaha,*,*,Endowment,Environmental Studies and Agriscience,2305
NH,Manchester,*,*,*,Arts & Letters-General,28568,,NH,Manchester,*,*,Endowment,Arts & Letters-General,5988
NH,Manchester,*,*,*,Arts & Letters-General,28568,,NH,Manchester,*,*,Scholarship,Arts & Letters-General,5988
NH,Manchester,*,*,*,Global & Area Studies - Soc Sci,26907,,NH,Manchester,*,*,Campus Resource,Global & Area Studies - Soc Sci,6238
NH,Manchester,*,*,*,Global & Area Studies - Soc Sci,26907,,NH,Manchester,*,*,Endowment,Global & Area Studies - Soc Sci,427
NH,Manchester,*,*,*,Humanities-Prelaw,39684,,NH,Manchester,*,*,Campus Resource,Humanities-Prelaw,9735
NH,Manchester,*,*,*,Humanities-Prelaw,39684,,NH,Manchester,*,*,Scholarship,Humanities-Prelaw,10580
NH,Manchester,*,*,*,Music Performance,10151,,NH,Manchester,*,*,Endowment,Music Performance,486
NJ,Paterson,*,*,*,Zoology,43858,,NJ,Paterson,*,*,Endowment,Zoology,5427
NM,Albuquerque,*,*,*,Journalism,20690,,NM,Albuquerque,*,*,Campus Resource,Journalism,2646
NV,Henderson,*,*,*,Advertising,35803,,NV,Henderson,*,*,Campus Resource,Advertising,2898
NV,Henderson,*,*,*,Advertising,35803,,NV,Henderson,*,*,Scholarship,Advertising,5336
NV,Henderson,*,*,*,Astrophysics,18458,,NV,Henderson,*,*,Endowment,Astrophysics,4287
NV,Henderson,*,*,*,Composition,5212,,NV,Henderson,*,*,Campus Resource,Composition,995
NV,Henderson,*,*,*,Horticulture,7202,,NV,Henderson,*,*,Scholarship,Horticulture,1355
NV,Las Vegas,*,*,*,Environmental Engineering,46412,,NV,Las Vegas,*,*,Endowment,Environmental Engineering,10565
NV,North Las Vegas,*,*,*,Environmental Biology/Zoology,20133,,NV,North Las Vegas,*,*,Campus Resource,Environmental Biology/Zoology,3784
NV,North Las Vegas,*,*,*,French,18512,,NV,North Las Vegas,*,*,Endowment,French,160
NV,North Las Vegas,*,*,*,Marketing,17575,,NV,North Las Vegas,*,*,Endowment,Marketing,2483
NY,New York,*,*,*,Apparel and Textiles,27135,,NY,New York,*,*,Endowment,Apparel and Textiles,127
NY,New York,*,*,*,Applied Engineering Sciences,1834,,NY,New York,*,*,Endowment,Applied Engineering Sciences,16
NY,New York,*,*,*,Chemistry,17262,,NY,New York,*,*,Campus Resource,Chemistry,5717
NY,New York,*,*,*,Comparative Cultures and Politics,57585,,NY,New York,*,*,Endowment,Comparative Cultures and Politics,12117
NY,New York,*,*,*,Criminal Justice,45306,,NY,New York,*,*,Scholarship,Criminal Justice,6768
NY,New York,*,*,*,Earth Science Interdepartmental,20478,,NY,New York,*,*,Endowment,Earth Science Interdepartmental,4466
NY,New York,*,*,*,Education,27714,,NY,New York,*,*,Endowment,Education,2028
NY,New York,*,*,*,Education,27714,,NY,New York,*,*,Scholarship,Education,7459
NY,New York,*,*,*,Entomology,28419,,NY,New York,*,*,Endowment,Entomology,7219
NY,New York,*,*,*,Geography,6094,,NY,New York,*,*,Endowment,Geography,984
NY,New York,*,*,*,Geological Sciences,14199,,NY,New York,*,*,Campus Resource,Geological Sciences,4111
NY,New York,*,*,*,Geological Sciences,14199,,NY,New York,*,*,Endowment,Geological Sciences,1791
NY,New York,*,*,*,Interior Design,25722,,NY,New York,*,*,Campus Resource,Interior Design,2553
NY,New York,*,*,*,Interior Design,25722,,NY,New York,*,*,Scholarship,Interior Design,3766
NY,New York,*,*,*,Japanese,4905,,NY,New York,*,*,Scholarship,Japanese,1538
NY,New York,*,*,*,Natural Resource Recreation and Tourism,13319,,NY,New York,*,*,Campus Resource,Natural Resource Recreation and Tourism,4240
NY,New York,*,*,*,Preoptometry,16255,,NY,New York,*,*,Scholarship,Preoptometry,3255
NY,New York,*,*,*,Professional Writing,48103,,NY,New York,*,*,Campus Resource,Professional Writing,1278
NY,New York,*,*,*,Professional Writing,48103,,NY,New York,*,*,Endowment,Professional Writing,12619
NY,New York,*,*,*,Social Relations and Policy,41591,,NY,New York,*,*,Endowment,Social Relations and Policy,9074
NY,New York,*,*,*,Social Relations and Policy,41591,,NY,New York,*,*,Scholarship,Social Relations and Policy,5842
NY,New York,*,*,*,Theatre,22287,,NY,New York,*,*,Endowment,Theatre,5288
NY,Rochester,*,*,*,Humanities-Prelaw,22322,,NY,Rochester,*,*,Scholarship,Humanities-Prelaw,3496
NY,Syracuse,*,*,*,Food Science,14622,,NY,Syracuse,*,*,Campus Resource,Food Science,1920
NY,Syracuse,*,*,*,Global & Area Studies - Soc Sci,8496,,NY,Syracuse,*,*,Endowment,Global & Area Studies - Soc Sci,2464
NY,Syracuse,*,*,*,Materials Science and Engineering,14108,,NY,Syracuse,*,*,Endowment,Materials Science and Engineering,3957
OH,Cincinnati,*,*,*,Apparel and Textiles,31810,,OH,Cincinnati,*,*,Endowment,Apparel and Textiles,3925
OH,Cincinnati,*,*,*,Athletic Training,12661,,OH,Cincinnati,*,*,Scholarship,Athletic Training,3029
OH,Cincinnati,*,*,*,Composition,24041,,OH,Cincinnati,*,*,Scholarship,Composition,6334
OH,Cincinnati,*,*,*,Earth Science Interdepartmental,8683,,OH,Cincinnati,*,*,Campus Resource,Earth Science Interdepartmental,91
OH,Cincinnati,*,*,*,Environmental Biology/Zoology,15348,,OH,Cincinnati,*,*,Endowment,Environmental Biology/Zoology,3240
OH,Cincinnati,*,*,*,Geographic Information Science,31923,,OH,Cincinnati,*,*,Campus Resource,Geographic Information Science,9521
OH,Cincinnati,*,*,*,Geographic Information Science,31923,,OH,Cincinnati,*,*,Endowment,Geographic Information Science,3255
OH,Cincinnati,*,*,*,Global Studies in the Arts and Humanities,35012,,OH,Cincinnati,*,*,Campus Resource,Global Studies in the Arts and Humanities,9909
OH,Cincinnati,*,*,*,Global Studies in the Arts and Humanities,35012,,OH,Cincinnati,*,*,Endowment,Global Studies in the Arts and Humanities,6997
OH,Cincinnati,*,*,*,Interdisciplinary Studies in Social Science - Social Science Education,22256,,OH,Cincinnati,*,*,Endowment,Interdisciplinary Studies in Social Science - Social Science Education,780
OH,Cincinnati,*,*,*,Interior Design,11455,,OH,Cincinnati,*,*,Scholarship,Interior Design,1532
OH,Cincinnati,*,*,*,Natural Resource Recreation and Tourism,38004,,OH,Cincinnati,*,*,Endowment,Natural Resource Recreation and Tourism,1737
OH,Cincinnati,*,*,*,Political Science,51217,,OH,Cincinnati,*,*,Scholarship,Political Science,12890
OH,Cincinnati,*,*,*,Predental,17512,,OH,Cincinnati,*,*,Endowment,Predental,2891
OH,Cincinnati,*,*,*,Prenursing,21405,,OH,Cincinnati,*,*,Campus Resource,Prenursing,363
OH,Cincinnati,*,*,*,Prenursing,21405,,OH,Cincinnati,*,*,Endowment,Prenursing,4090
OH,Cincinnati,*,*,*,Preveterinary,59282,,OH,Cincinnati,*,*,Campus Resource,Preveterinary,19275
OH,Cincinnati,*,*,*,Preveterinary,59282,,OH,Cincinnati,*,*,Scholarship,Preveterinary,13049
OH,Cincinnati,*,*,*,Professional Writing,23617,,OH,Cincinnati,*,*,Campus Resource,Professional Writing,3404
OH,Cincinnati,*,*,*,Professional Writing,23617,,OH,Cincinnati,*,*,Scholarship,Professional Writing,6158
OH,Cincinnati,*,*,*,Public Policy,8779,,OH,Cincinnati,*,*,Endowment,Public Policy,2402
OH,Cincinnati,*,*,*,Theatre,43604,,OH,Cincinnati,*,*,Campus Resource,Theatre,171
OH,Cleveland,*,*,*,General Management,7147,,OH,Cleveland,*,*,Scholarship,General Management,1001
OH,Cleveland,*,*,*,Interdisciplinary Humanities,18994,,OH,Cleveland,*,*,Scholarship,Interdisciplinary Humanities,1793
OK,Oklahoma City,*,*,*,Marketing,42369,,OK,Oklahoma City,*,*,Scholarship,Marketing,9044
OK,Oklahoma City,*,*,*,Neuroscience,22387,,OK,Oklahoma City,*,*,Campus Resource,Neuroscience,2873
OK,Oklahoma City,*,*,*,Political Theory and Constitutional Democracy,8717,,OK,Oklahoma City,*,*,Scholarship,Political Theory and Constitutional Democracy,888
OK,Oklahoma City,*,*,*,Professional Writing,9723,,OK,Oklahoma City,*,*,Endowment,Professional Writing,711
OK,Tulsa,*,*,*,Human Development and Family Studies,11700,,OK,Tulsa,*,*,Campus Resource,Human Development and Family Studies,1633
OK,Tulsa,*,*,*,Supply Chain Management,19817,,OK,Tulsa,*,*,Campus Resource,Supply Chain Management,5901
OK,Tulsa,*,*,*,Supply Chain Management,19817,,OK,Tulsa,*,*,Scholarship,Supply Chain Management,5901
OR,Eugene,*,*,*,Biochemistry and Molecular Biology,13009,,OR,Eugene,*,*,Campus Resource,Biochemistry and Molecular Biology,3564
OR,Eugene,*,*,*,Human Biology,26176,,OR,Eugene,*,*,Endowment,Human Biology,7398
OR,Portland,*,*,*,Biochemistry and Molecular Biology/Biotechnology,14846,,OR,Portland,*,*,Scholarship,Biochemistry and Molecular Biology/Biotechnology,3901
OR,Portland,*,*,*,Geography,10861,,OR,Portland,*,*,Campus Resource,Geography,2634
OR,Portland,*,*,*,Humanities-Prelaw,13886,,OR,Portland,*,*,Scholarship,Humanities-Prelaw,4256
OR,Salem,*,*,*,Jazz Studies,16790,,OR,Salem,*,*,Campus Resource,Jazz Studies,5309
OR,Salem,*,*,*,Social Relations and Policy,4841,,OR,Salem,*,*,Campus Resource,Social Relations and Policy,501
PA,Philadelphia,*,*,*,Arabic,40880,,PA,Philadelphia,*,*,Endowment,Arabic,11427
PA,Philadelphia,*,*,*,Arabic,40880,,PA,Philadelphia,*,*,Scholarship,Arabic,11784
PA,Philadelphia,*,*,*,Geographic Information Science,55413,,PA,Philadelphia,*,*,Campus Resource,Geographic Information Science,17320
PA,Philadelphia,*,*,*,Geographic Information Science,55413,,PA,Philadelphia,*,*,Endowment,Geographic Information Science,17320
PA,Philadelphia,*,*,*,Global & Area Studies - Soc Sci,7143,,PA,Philadelphia,*,*,Endowment,Global & Area Studies - Soc Sci,1811
PA,Philadelphia,*,*,*,Interdisciplinary Studies in Social Science,8748,,PA,Philadelphia,*,*,Endowment,Interdisciplinary Studies in Social Science,1330
RI,Providence,*,*,*,Arts & Letters-General,22643,,RI,Providence,*,*,Campus Resource,Arts & Letters-General,2773
RI,Providence,*,*,*,Geological Sciences,14645,,RI,Providence,*,*,Campus Resource,Geological Sciences,4789
RI,Providence,*,*,*,German,16257,,RI,Providence,*,*,Endowment,German,699
RI,Providence,*,*,*,History Education,13045,,RI,Providence,*,*,Scholarship,History Education,2810
SC,Charleston,*,*,*,Biochemistry and Molecular Biology/Biotechnology,17240,,SC,Charleston,*,*,Campus Resource,Biochemistry and Molecular Biology/Biotechnology,5186
SC,Columbia,*,*,*,Apparel and Textile Design,28544,,SC,Columbia,*,*,Campus Resource,Apparel and Textile Design,4356
SC,Columbia,*,*,*,Apparel and Textile Design,28544,,SC,Columbia,*,*,Endowment,Apparel and Textile Design,5724
SC,Columbia,*,*,*,Criminal Justice,11034,,SC,Columbia,*,*,Endowment,Criminal Justice,2022
SC,Columbia,*,*,*,Sociology,17617,,SC,Columbia,*,*,Scholarship,Sociology,5239
SC,Columbia,*,*,*,Women's and Gender Studies,12247,,SC,Columbia,*,*,Endowment,Women's and Gender Studies,3883
TN,Knoxville,*,*,*,Environmental Engineering,16225,,TN,Knoxville,*,*,Campus Resource,Environmental Engineering,416
TN,Knoxville,*,*,*,Genomics & Molecular Genetics,9445,,TN,Knoxville,*,*,Endowment,Genomics & Molecular Genetics,78
TN,Knoxville,*,*,*,Japanese,17277,,TN,Knoxville,*,*,Scholarship,Japanese,3897
TN,Knoxville,*,*,*,Media and Information,31199,,TN,Knoxville,*,*,Scholarship,Media and Information,7344
TN,Memphis,*,*,*,Agriculture and Natural Resources-No Preference,13048,,TN,Memphis,*,*,Scholarship,Agriculture and Natural Resources-No Preference,3734
TN,Memphis,*,*,*,Applied Engineering Sciences,12774,,TN,Memphis,*,*,Campus Resource,Applied Engineering Sciences,3379
TN,Memphis,*,*,*,Biological Science Interdepartmental,25404,,TN,Memphis,*,*,Campus Resource,Biological Science Interdepartmental,7220
TN,Memphis,*,*,*,Chemistry,1091,,TN,Memphis,*,*,Campus Resource,Chemistry,41
TN,Memphis,*,*,*,Finance,26486,,TN,Memphis,*,*,Endowment,Finance,8481
TN,Memphis,*,*,*,Global Studies in the Arts and Humanities,36676,,TN,Memphis,*,*,Endowment,Global Studies in the Arts and Humanities,10172
TN,Memphis,*,*,*,Global Studies in the Arts and Humanities,36676,,TN,Memphis,*,*,Scholarship,Global Studies in the Arts and Humanities,11886
TN,Memphis,*,*,*,Physical Science Interdepartmental,951,,TN,Memphis,*,*,Scholarship,Physical Science Interdepartmental,251
TN,Memphis,*,*,*,Social Relations and Policy,21714,,TN,Memphis,*,*,Campus Resource,Social Relations and Policy,2192
TN,Memphis,*,*,*,Spanish,13992,,TN,Memphis,*,*,Endowment,Spanish,4327
TN,Memphis,*,*,*,Zoology,28182,,TN,Memphis,*,*,Campus Resource,Zoology,8248
TN,Memphis,*,*,*,Zoology,28182,,TN,Memphis,*,*,Scholarship,Zoology,2405
TX,Amarillo,*,*,*,German,39991,,TX,Amarillo,*,*,Campus Resource,German,5085
TX,Austin,*,*,*,Applied Engineering Sciences,15190,,TX,Austin,*,*,Endowment,Applied Engineering Sciences,4391
TX,Austin,*,*,*,Biochemistry and Molecular Biology,81214,,TX,Austin,*,*,Campus Resource,Biochemistry and Molecular Biology,24261
TX,Austin,*,*,*,Biochemistry and Molecular Biology,81214,,TX,Austin,*,*,Scholarship,Biochemistry and Molecular Biology,22141
TX,Austin,*,*,*,Environmental Geosciences,8610,,TX,Austin,*,*,Scholarship,Environmental Geosciences,2489
TX,Austin,*,*,*,Fisheries and Wildlife,42319,,TX,Austin,*,*,Campus Resource,Fisheries and Wildlife,11877
TX,Austin,*,*,*,Fisheries and Wildlife,42319,,TX,Austin,*,*,Endowment,Fisheries and Wildlife,6979
TX,Austin,*,*,*,Interdisciplinary Studies in Social Science,32143,,TX,Austin,*,*,Campus Resource,Interdisciplinary Studies in Social Science,7970
TX,Dallas,*,*,*,Agriculture and Natural Resources-No Preference,30293,,TX,Dallas,*,*,Campus Resource,Agriculture and Natural Resources-No Preference,4967
TX,Dallas,*,*,*,Art Education,23054,,TX,Dallas,*,*,Scholarship,Art Education,109
TX,Dallas,*,*,*,Biochemistry and Molecular Biology,3029,,TX,Dallas,*,*,Scholarship,Biochemistry and Molecular Biology,383
TX,Dallas,*,*,*,College of Political Science,48843,,TX,Dallas,*,*,Campus Resource,College of Political Science,11175
TX,Dallas,*,*,*,College of Political Science,48843,,TX,Dallas,*,*,Scholarship,College of Political Science,15309
TX,Dallas,*,*,*,General Management,23588,,TX,Dallas,*,*,Endowment,General Management,5811
TX,Dallas,*,*,*,Geological Sciences,24778,,TX,Dallas,*,*,Endowment,Geological Sciences,2919
TX,Dallas,*,*,*,Horticulture,14751,,TX,Dallas,*,*,Campus Resource,Horticulture,3912
TX,Dallas,*,*,*,Horticulture,14751,,TX,Dallas,*,*,Endowment,Horticulture,1321
TX,Dallas,*,*,*,Interdisciplinary Studies in Social Science,25167,,TX,Dallas,*,*,Campus Resource,Interdisciplinary Studies in Social Science,5740
TX,Dallas,*,*,*,Neuroscience,26338,,TX,Dallas,*,*,Campus Resource,Neuroscience,6440
TX,Dallas,*,*,*,Neuroscience,26338,,TX,Dallas,*,*,Scholarship,Neuroscience,5271
TX,Dallas,*,*,*,Political Science-Prelaw,1805,,TX,Dallas,*,*,Endowment,Political Science-Prelaw,427
TX,Dallas,*,*,*,Preveterinary,30765,,TX,Dallas,*,*,Campus Resource,Preveterinary,3411
TX,Dallas,*,*,*,Preveterinary,30765,,TX,Dallas,*,*,Endowment,Preveterinary,9945
TX,Dallas,*,*,*,Studio Art,8874,,TX,Dallas,*,*,Endowment,Studio Art,2147
TX,El Paso,*,*,*,Astrophysics,22748,,TX,El Paso,*,*,Scholarship,Astrophysics,4251
TX,Houston,*,*,*,Arts & Letters-General,26058,,TX,Houston,*,*,Scholarship,Arts & Letters-General,643
TX,Houston,*,*,*,Astrophysics,26001,,TX,Houston,*,*,Endowment,Astrophysics,584
TX,Houston,*,*,*,College of Political Science,8904,,TX,Houston,*,*,Campus Resource,College of Political Science,1601
TX,Houston,*,*,*,Comparative Cultures and Politics,1901,,TX,Houston,*,*,Scholarship,Comparative Cultures and Politics,464
TX,Houston,*,*,*,Computational Mathematics,6300,,TX,Houston,*,*,Endowment,Computational Mathematics,582
TX,Houston,*,*,*,Fisheries and Wildlife,20675,,TX,Houston,*,*,Campus Resource,Fisheries and Wildlife,4821
TX,Houston,*,*,*,Fisheries and Wildlife,20675,,TX,Houston,*,*,Scholarship,Fisheries and Wildlife,5981
TX,Houston,*,*,*,Hospitality Business,10361,,TX,Houston,*,*,Scholarship,Hospitality Business,2165
TX,Houston,*,*,*,Landscape Architecture,11442,,TX,Houston,*,*,Scholarship,Landscape Architecture,3180
TX,Houston,*,*,*,Materials Science and Engineering,24749,,TX,Houston,*,*,Endowment,Materials Science and Engineering,7490
TX,Houston,*,*,*,Materials Science and Engineering,24749,,TX,Houston,*,*,Scholarship,Materials Science and Engineering,7490
TX,Houston,*,*,*,Neuroscience,54930,,TX,Houston,*,*,Campus Resource,Neuroscience,9434
TX,Houston,*,*,*,Nutritional Sciences,2181,,TX,Houston,*,*,Endowment,Nutritional Sciences,52
TX,Houston,*,*,*,Preoptometry,8058,,TX,Houston,*,*,Campus Resource,Preoptometry,1010
TX,Houston,*,*,*,Women's and Gender Studies,47703,,TX,Houston,*,*,Endowment,Women's and Gender Studies,8642
TX,Houston,*,*,*,Women's and Gender Studies,47703,,TX,Houston,*,*,Scholarship,Women's and Gender Studies,3793
TX,San Antonio,*,*,*,English,12087,,TX,San Antonio,*,*,Campus Resource,English,169
TX,San Antonio,*,*,*,General Management,29316,,TX,San Antonio,*,*,Campus Resource,General Management,8225
TX,San Antonio,*,*,*,General Management,29316,,TX,San Antonio,*,*,Endowment,General Management,8225
TX,San Antonio,*,*,*,Interdisciplinary Humanities,15233,,TX,San Antonio,*,*,Scholarship,Interdisciplinary Humanities,5020
TX,San Antonio,*,*,*,Statistics,39522,,TX,San Antonio,*,*,Campus Resource,Statistics,11162
TX,San Antonio,*,*,*,Statistics,39522,,TX,San Antonio,*,*,Scholarship,Statistics,2798
UT,Provo,*,*,*,Astrophysics,34337,,UT,Provo,*,*,Scholarship,Astrophysics,11314
UT,Salt Lake City,*,*,*,Biosystems Engineering,34197,,UT,Salt Lake City,*,*,Campus Resource,Biosystems Engineering,4782
UT,Salt Lake City,*,*,*,Biosystems Engineering,34197,,UT,Salt Lake City,*,*,Scholarship,Biosystems Engineering,2977
UT,Salt Lake City,*,*,*,Computer Science,21660,,UT,Salt Lake City,*,*,Campus Resource,Computer Science,4913
UT,West Valley City,*,*,*,Art History and Visual Culture,24441,,UT,West Valley City,*,*,Endowment,Art History and Visual Culture,5361
UT,West Valley City,*,*,*,Biomedical Laboratory Science,10341,,UT,West Valley City,*,*,Endowment,Biomedical Laboratory Science,2925
UT,West Valley City,*,*,*,Political Theory and Constitutional Democracy,27065,,UT,West Valley City,*,*,Campus Resource,Political Theory and Constitutional Democracy,7152
UT,West Valley City,*,*,*,Political Theory and Constitutional Democracy,27065,,UT,West Valley City,*,*,Scholarship,Political Theory and Constitutional Democracy,7152
VA,Alexandria,*,*,*,Arabic,32793,,VA,Alexandria,*,*,Scholarship,Arabic,10212
VA,Alexandria,*,*,*,Athletic Training,6706,,VA,Alexandria,*,*,Scholarship,Athletic Training,543
VA,Alexandria,*,*,*,Computational Mathematics,12613,,VA,Alexandria,*,*,Scholarship,Computational Mathematics,3281
VA,Alexandria,*,*,*,Mechanical Engineering,9660,,VA,Alexandria,*,*,Scholarship,Mechanical Engineering,91
VA,Alexandria,*,*,*,Political Theory and Constitutional Democracy,21078,,VA,Alexandria,*,*,Campus Resource,Political Theory and Constitutional Democracy,4343
VA,Alexandria,*,*,*,Prenursing,10199,,VA,Alexandria,*,*,Endowment,Prenursing,2002
VA,Alexandria,*,*,*,Prenursing,10199,,VA,Alexandria,*,*,Scholarship,Prenursing,2002
VA,Alexandria,*,*,*,Professional Writing,25628,,VA,Alexandria,*,*,Campus Resource,Professional Writing,2525
VA,Richmond,*,*,*,Animal Science,45615,,VA,Richmond,*,*,Campus Resource,Animal Science,1858
VA,Richmond,*,*,*,Biological Science Interdepartmental,12518,,VA,Richmond,*,*,Endowment,Biological Science Interdepartmental,2267
VA,Richmond,*,*,*,Chemical Physics,11353,,VA,Richmond,*,*,Campus Resource,Chemical Physics,2869
VA,Richmond,*,*,*,Engineering-No Major,15978,,VA,Richmond,*,*,Campus Resource,Engineering-No Major,3782
VA,Richmond,*,*,*,Engineering-No Major,15978,,VA,Richmond,*,*,Endowment,Engineering-No Major,5216
VA,Richmond,*,*,*,Food Science,24564,,VA,Richmond,*,*,Endowment,Food Science,7612
VA,Richmond,*,*,*,Food Science,24564,,VA,Richmond,*,*,Scholarship,Food Science,6225
VA,Richmond,*,*,*,Global Studies in the Arts and Humanities,6474,,VA,Richmond,*,*,Scholarship,Global Studies in the Arts and Humanities,2079
WA,Seattle,*,*,*,Agriculture and Natural Resources-No Preference,10166,,WA,Seattle,*,*,Scholarship,Agriculture and Natural Resources-No Preference,1655
WA,Seattle,*,*,*,Apparel and Textile Design,12178,,WA,Seattle,*,*,Endowment,Apparel and Textile Design,1743
WA,Seattle,*,*,*,Applied Engineering Sciences,19671,,WA,Seattle,*,*,Scholarship,Applied Engineering Sciences,2517
WA,Seattle,*,*,*,Biomedical Laboratory Science,33673,,WA,Seattle,*,*,Scholarship,Biomedical Laboratory Science,7273
WA,Seattle,*,*,*,English,29278,,WA,Seattle,*,*,Campus Resource,English,4894
WA,Seattle,*,*,*,English,29278,,WA,Seattle,*,*,Scholarship,English,9745
WA,Seattle,*,*,*,Hospitality Business,29110,,WA,Seattle,*,*,Campus Resource,Hospitality Business,8893
WA,Seattle,*,*,*,Hospitality Business,29110,,WA,Seattle,*,*,Scholarship,Hospitality Business,8893
WA,Seattle,*,*,*,Human Development and Family Studies,18981,,WA,Seattle,*,*,Scholarship,Human Development and Family Studies,4517
WA,Seattle,*,*,*,Japanese,25164,,WA,Seattle,*,*,Campus Resource,Japanese,4802
WA,Seattle,*,*,*,Japanese,25164,,WA,Seattle,*,*,Endowment,Japanese,4855
WA,Seattle,*,*,*,Journalism,10121,,WA,Seattle,*,*,Scholarship,Journalism,650
WA,Seattle,*,*,*,Music,4751,,WA,Seattle,*,*,Campus Resource,Music,373
WA,Seattle,*,*,*,Music,4751,,WA,Seattle,*,*,Endowment,Music,508
WA,Seattle,*,*,*,Packaging,6119,,WA,Seattle,*,*,Endowment,Packaging,52
WA,Seattle,*,*,*,Social Work,23516,,WA,Seattle,*,*,Campus Resource,Social Work,7597
WA,Seattle,*,*,*,Social Work,23516,,WA,Seattle,*,*,Endowment,Social Work,7525
WA,Spokane,*,*,*,Fisheries and Wildlife,20246,,WA,Spokane,*,*,Endowment,Fisheries and Wildlife,5177
WA,Spokane,*,*,*,Natural Resource Recreation and Tourism,4418,,WA,Spokane,*,*,Endowment,Natural Resource Recreation and Tourism,1133
WA,Spokane,*,*,*,Predental,32286,,WA,Spokane,*,*,Scholarship,Predental,8955
WA,Spokane,*,*,*,Social Work,37027,,WA,Spokane,*,*,Endowment,Social Work,8119
WI,Madison,*,*,*,Public Policy,13650,,WI,Madison,*,*,Endowment,Public Policy,278
WI,Milwaukee,*,*,*,Advertising,23052,,WI,Milwaukee,*,*,Campus Resource,Advertising,6092
WI,Milwaukee,*,*,*,Advertising,23052,,WI,Milwaukee,*,*,Endowment,Advertising,3064
WI,Milwaukee,*,*,*,Anthropology,13045,,WI,Milwaukee,*,*,Endowment,Anthropology,4017
WI,Milwaukee,*,*,*,Anthropology,13045,,WI,Milwaukee,*,*,Scholarship,Anthropology,2727
WI,Milwaukee,*,*,*,College of Political Science,16127,,WI,Milwaukee,*,*,Scholarship,College of Political Science,2587
WY,Casper,*,*,*,Studio Art,36999,,WY,Casper,*,*,Campus Resource,Studio Art,9411
