CA,*,*,*,Endowment,College of Political Science,8700,,CA,*,Social Relations and Policy,*,Endowment,College of Political Science,628
MA,*,*,*,Campus Resource,College of Political Science,9788,,MA,*,Social Relations and Policy,*,Campus Resource,College of Political Science,2575
NC,*,*,*,Campus Resource,College of Political Science,6610,,NC,*,Social Relations and Policy,*,Campus Resource,College of Political Science,981
TX,*,*,*,Campus Resource,College of Political Science,12776,,TX,*,Comparative Cultures and Politics,*,Campus Resource,College of Political Science,1437
TX,*,*,*,Scholarship,College of Political Science,15309,,TX,*,Social Relations and Policy,*,Scholarship,College of Political Science,4321
