AL,Birmingham,*,*,*,*,218110,,AL,Birmingham,College of Communication Arts and Sciences,*,*,*,12006
AL,Birmingham,*,*,*,*,218110,,AL,Birmingham,College of Natural Science,*,*,*,31577
AL,Birmingham,*,*,*,*,218110,,AL,Birmingham,College of Nursing,*,*,*,9833
AL,Birmingham,*,*,*,*,218110,,AL,Birmingham,College of Political Science,*,*,*,10675
AL,Birmingham,*,*,*,*,218110,,AL,Birmingham,College of Social Science,*,*,*,36056
AL,Huntsville,*,*,*,*,14364,,AL,Huntsville,College of Natural Science,*,*,*,4142
AL,Mobile,*,*,*,*,119820,,AL,Mobile,College of Agriculture and Natural Resources,*,*,*,24878
AL,Mobile,*,*,*,*,119820,,AL,Mobile,College of Arts and Sciences,*,*,*,4026
AL,Mobile,*,*,*,*,119820,,AL,Mobile,College of Business,*,*,*,23197
AL,Mobile,*,*,*,*,119820,,AL,Mobile,College of Education,*,*,*,11353
AL,Mobile,*,*,*,*,119820,,AL,Mobile,College of Engineering,*,*,*,20092
AL,Mobile,*,*,*,*,119820,,AL,Mobile,College of Natural Science,*,*,*,27100
AL,Mobile,*,*,*,*,119820,,AL,Mobile,College of Social Science,*,*,*,9097
AL,Mobile,*,*,*,*,119820,,AL,Mobile,College of Veterinary Medicine,*,*,*,77
AR,Little Rock,*,*,*,*,147166,,AR,Little Rock,College of Agriculture and Natural Resources,*,*,*,7638
AR,Little Rock,*,*,*,*,147166,,AR,Little Rock,College of Arts and Sciences,*,*,*,10316
AR,Little Rock,*,*,*,*,147166,,AR,Little Rock,College of Business,*,*,*,18569
AR,Little Rock,*,*,*,*,147166,,AR,Little Rock,College of Education,*,*,*,1858
AR,Little Rock,*,*,*,*,147166,,AR,Little Rock,College of Engineering,*,*,*,4976
AR,Little Rock,*,*,*,*,147166,,AR,Little Rock,College of Nursing,*,*,*,14925
AR,Little Rock,*,*,*,*,147166,,AR,Little Rock,College of Political Science,*,*,*,4828
AR,Little Rock,*,*,*,*,147166,,AR,Little Rock,College of Social Science,*,*,*,24825
AR,Springfield,*,*,*,*,8810,,AR,Springfield,College of Natural Science,*,*,*,2734
AZ,Mesa,*,*,*,*,136580,,AZ,Mesa,College of Arts and Sciences,*,*,*,12610
AZ,Mesa,*,*,*,*,136580,,AZ,Mesa,College of Education,*,*,*,14988
AZ,Mesa,*,*,*,*,136580,,AZ,Mesa,College of Music,*,*,*,15071
AZ,Mesa,*,*,*,*,136580,,AZ,Mesa,College of Natural Science,*,*,*,2872
AZ,Mesa,*,*,*,*,136580,,AZ,Mesa,College of Political Science,*,*,*,20201
AZ,Mesa,*,*,*,*,136580,,AZ,Mesa,College of Social Science,*,*,*,10230
AZ,Phoenix,*,*,*,*,712661,,AZ,Phoenix,College of Agriculture and Natural Resources,*,*,*,46432
AZ,Phoenix,*,*,*,*,712661,,AZ,Phoenix,College of Arts and Sciences,*,*,*,165809
AZ,Phoenix,*,*,*,*,712661,,AZ,Phoenix,College of Business,*,*,*,58986
AZ,Phoenix,*,*,*,*,712661,,AZ,Phoenix,College of Communication Arts and Sciences,*,*,*,24150
AZ,Phoenix,*,*,*,*,712661,,AZ,Phoenix,College of Engineering,*,*,*,81881
AZ,Phoenix,*,*,*,*,712661,,AZ,Phoenix,College of Music,*,*,*,33979
AZ,Phoenix,*,*,*,*,712661,,AZ,Phoenix,College of Natural Science,*,*,*,112610
AZ,Phoenix,*,*,*,*,712661,,AZ,Phoenix,College of Nursing,*,*,*,98470
AZ,Phoenix,*,*,*,*,712661,,AZ,Phoenix,College of Political Science,*,*,*,15409
AZ,Phoenix,*,*,*,*,712661,,AZ,Phoenix,College of Social Science,*,*,*,65858
AZ,Phoenix,*,*,*,*,712661,,AZ,Phoenix,College of Veterinary Medicine,*,*,*,9077
AZ,Scottsdale,*,*,*,*,107839,,AZ,Scottsdale,College of Agriculture and Natural Resources,*,*,*,13219
AZ,Scottsdale,*,*,*,*,107839,,AZ,Scottsdale,College of Arts and Sciences,*,*,*,4635
AZ,Scottsdale,*,*,*,*,107839,,AZ,Scottsdale,College of Education,*,*,*,14731
AZ,Scottsdale,*,*,*,*,107839,,AZ,Scottsdale,College of Engineering,*,*,*,6166
AZ,Scottsdale,*,*,*,*,107839,,AZ,Scottsdale,College of Social Science,*,*,*,18667
AZ,Tucson,*,*,*,*,80893,,AZ,Tucson,College of Agriculture and Natural Resources,*,*,*,4575
AZ,Tucson,*,*,*,*,80893,,AZ,Tucson,College of Arts and Sciences,*,*,*,12716
AZ,Tucson,*,*,*,*,80893,,AZ,Tucson,College of Business,*,*,*,23273
AZ,Tucson,*,*,*,*,80893,,AZ,Tucson,College of Communication Arts and Sciences,*,*,*,7730
AZ,Tucson,*,*,*,*,80893,,AZ,Tucson,College of Education,*,*,*,4792
AZ,Tucson,*,*,*,*,80893,,AZ,Tucson,College of Music,*,*,*,1858
AZ,Tucson,*,*,*,*,80893,,AZ,Tucson,College of Natural Science,*,*,*,8585
AZ,Tucson,*,*,*,*,80893,,AZ,Tucson,College of Social Science,*,*,*,17364
CA,Anaheim,*,*,*,*,102283,,CA,Anaheim,College of Agriculture and Natural Resources,*,*,*,6156
CA,Anaheim,*,*,*,*,102283,,CA,Anaheim,College of Arts and Sciences,*,*,*,32226
CA,Anaheim,*,*,*,*,102283,,CA,Anaheim,College of Business,*,*,*,18005
CA,Anaheim,*,*,*,*,102283,,CA,Anaheim,College of Music,*,*,*,8433
CA,Fresno,*,*,*,*,231167,,CA,Fresno,College of Agriculture and Natural Resources,*,*,*,59027
CA,Fresno,*,*,*,*,231167,,CA,Fresno,College of Arts and Sciences,*,*,*,44814
CA,Fresno,*,*,*,*,231167,,CA,Fresno,College of Natural Science,*,*,*,33063
CA,Fresno,*,*,*,*,231167,,CA,Fresno,College of Political Science,*,*,*,158
CA,Los Angeles,*,*,*,*,923123,,CA,Los Angeles,College of Agriculture and Natural Resources,*,*,*,193477
CA,Los Angeles,*,*,*,*,923123,,CA,Los Angeles,College of Arts and Sciences,*,*,*,158566
CA,Los Angeles,*,*,*,*,923123,,CA,Los Angeles,College of Business,*,*,*,80809
CA,Los Angeles,*,*,*,*,923123,,CA,Los Angeles,College of Communication Arts and Sciences,*,*,*,13614
CA,Los Angeles,*,*,*,*,923123,,CA,Los Angeles,College of Education,*,*,*,14129
CA,Los Angeles,*,*,*,*,923123,,CA,Los Angeles,College of Engineering,*,*,*,45595
CA,Los Angeles,*,*,*,*,923123,,CA,Los Angeles,College of Music,*,*,*,56107
CA,Los Angeles,*,*,*,*,923123,,CA,Los Angeles,College of Natural Science,*,*,*,229758
CA,Los Angeles,*,*,*,*,923123,,CA,Los Angeles,College of Nursing,*,*,*,19403
CA,Los Angeles,*,*,*,*,923123,,CA,Los Angeles,College of Political Science,*,*,*,4125
CA,Los Angeles,*,*,*,*,923123,,CA,Los Angeles,College of Social Science,*,*,*,107540
CA,Sacramento,*,*,*,*,131686,,CA,Sacramento,College of Agriculture and Natural Resources,*,*,*,14660
CA,Sacramento,*,*,*,*,131686,,CA,Sacramento,College of Arts and Sciences,*,*,*,33921
CA,Sacramento,*,*,*,*,131686,,CA,Sacramento,College of Business,*,*,*,10340
CA,Sacramento,*,*,*,*,131686,,CA,Sacramento,College of Education,*,*,*,20652
CA,Sacramento,*,*,*,*,131686,,CA,Sacramento,College of Engineering,*,*,*,14712
CA,Sacramento,*,*,*,*,131686,,CA,Sacramento,College of Nursing,*,*,*,12678
CA,Sacramento,*,*,*,*,131686,,CA,Sacramento,College of Political Science,*,*,*,8700
CA,Sacramento,*,*,*,*,131686,,CA,Sacramento,College of Social Science,*,*,*,16023
CA,San Diego,*,*,*,*,327118,,CA,San Diego,College of Agriculture and Natural Resources,*,*,*,16050
CA,San Diego,*,*,*,*,327118,,CA,San Diego,College of Arts and Sciences,*,*,*,59455
CA,San Diego,*,*,*,*,327118,,CA,San Diego,College of Communication Arts and Sciences,*,*,*,5678
CA,San Diego,*,*,*,*,327118,,CA,San Diego,College of Engineering,*,*,*,20661
CA,San Diego,*,*,*,*,327118,,CA,San Diego,College of Music,*,*,*,41582
CA,San Diego,*,*,*,*,327118,,CA,San Diego,College of Natural Science,*,*,*,48828
CA,San Diego,*,*,*,*,327118,,CA,San Diego,College of Nursing,*,*,*,62000
CA,San Diego,*,*,*,*,327118,,CA,San Diego,College of Social Science,*,*,*,62917
CA,San Diego,*,*,*,*,327118,,CA,San Diego,College of Veterinary Medicine,*,*,*,9947
CA,San Francisco,*,*,*,*,1029615,,CA,San Francisco,College of Agriculture and Natural Resources,*,*,*,99461
CA,San Francisco,*,*,*,*,1029615,,CA,San Francisco,College of Arts and Sciences,*,*,*,231819
CA,San Francisco,*,*,*,*,1029615,,CA,San Francisco,College of Business,*,*,*,39735
CA,San Francisco,*,*,*,*,1029615,,CA,San Francisco,College of Communication Arts and Sciences,*,*,*,2307
CA,San Francisco,*,*,*,*,1029615,,CA,San Francisco,College of Education,*,*,*,64367
CA,San Francisco,*,*,*,*,1029615,,CA,San Francisco,College of Engineering,*,*,*,85056
CA,San Francisco,*,*,*,*,1029615,,CA,San Francisco,College of Music,*,*,*,53992
CA,San Francisco,*,*,*,*,1029615,,CA,San Francisco,College of Natural Science,*,*,*,164781
CA,San Francisco,*,*,*,*,1029615,,CA,San Francisco,College of Nursing,*,*,*,17451
CA,San Francisco,*,*,*,*,1029615,,CA,San Francisco,College of Political Science,*,*,*,54521
CA,San Francisco,*,*,*,*,1029615,,CA,San Francisco,College of Social Science,*,*,*,213857
CA,San Francisco,*,*,*,*,1029615,,CA,San Francisco,College of Veterinary Medicine,*,*,*,2268
CO,Colorado Springs,*,*,*,*,327420,,CO,Colorado Springs,College of Agriculture and Natural Resources,*,*,*,55088
CO,Colorado Springs,*,*,*,*,327420,,CO,Colorado Springs,College of Arts and Sciences,*,*,*,62800
CO,Colorado Springs,*,*,*,*,327420,,CO,Colorado Springs,College of Business,*,*,*,7730
CO,Colorado Springs,*,*,*,*,327420,,CO,Colorado Springs,College of Education,*,*,*,9818
CO,Colorado Springs,*,*,*,*,327420,,CO,Colorado Springs,College of Engineering,*,*,*,22289
CO,Colorado Springs,*,*,*,*,327420,,CO,Colorado Springs,College of Natural Science,*,*,*,100189
CO,Colorado Springs,*,*,*,*,327420,,CO,Colorado Springs,College of Nursing,*,*,*,7050
CO,Colorado Springs,*,*,*,*,327420,,CO,Colorado Springs,College of Political Science,*,*,*,17884
CO,Colorado Springs,*,*,*,*,327420,,CO,Colorado Springs,College of Social Science,*,*,*,44572
CO,Denver,*,*,*,*,2856495.0,,CO,Denver,College of Agriculture and Natural Resources,*,*,*,476772.0
CO,Denver,*,*,*,*,2856495.0,,CO,Denver,College of Arts and Sciences,*,*,*,706561.5
CO,Denver,*,*,*,*,2856495.0,,CO,Denver,College of Business,*,*,*,41970.0
CO,Denver,*,*,*,*,2856495.0,,CO,Denver,College of Communication Arts and Sciences,*,*,*,30540.0
CO,Denver,*,*,*,*,2856495.0,,CO,Denver,College of Education,*,*,*,195121.5
CO,Denver,*,*,*,*,2856495.0,,CO,Denver,College of Engineering,*,*,*,129771.0
CO,Denver,*,*,*,*,2856495.0,,CO,Denver,College of Music,*,*,*,189535.5
CO,Denver,*,*,*,*,2856495.0,,CO,Denver,College of Natural Science,*,*,*,421744.5
CO,Denver,*,*,*,*,2856495.0,,CO,Denver,College of Nursing,*,*,*,89625.0
CO,Denver,*,*,*,*,2856495.0,,CO,Denver,College of Political Science,*,*,*,30679.5
CO,Denver,*,*,*,*,2856495.0,,CO,Denver,College of Social Science,*,*,*,522835.5
CO,Denver,*,*,*,*,2856495.0,,CO,Denver,College of Veterinary Medicine,*,*,*,21339.0
CT,Hartford,*,*,*,*,456542,,CT,Hartford,College of Agriculture and Natural Resources,*,*,*,93314
CT,Hartford,*,*,*,*,456542,,CT,Hartford,College of Arts and Sciences,*,*,*,137818
CT,Hartford,*,*,*,*,456542,,CT,Hartford,College of Business,*,*,*,4982
CT,Hartford,*,*,*,*,456542,,CT,Hartford,College of Communication Arts and Sciences,*,*,*,1091
CT,Hartford,*,*,*,*,456542,,CT,Hartford,College of Education,*,*,*,17391
CT,Hartford,*,*,*,*,456542,,CT,Hartford,College of Engineering,*,*,*,46595
CT,Hartford,*,*,*,*,456542,,CT,Hartford,College of Natural Science,*,*,*,73271
CT,Hartford,*,*,*,*,456542,,CT,Hartford,College of Political Science,*,*,*,31169
CT,Hartford,*,*,*,*,456542,,CT,Hartford,College of Social Science,*,*,*,50911
CT,New Haven,*,*,*,*,34135,,CT,New Haven,College of Arts and Sciences,*,*,*,5004
CT,New Haven,*,*,*,*,34135,,CT,New Haven,College of Natural Science,*,*,*,4357
CT,New Haven,*,*,*,*,34135,,CT,New Haven,College of Social Science,*,*,*,9831
DC,Washington,*,*,*,*,238717,,DC,Washington,College of Agriculture and Natural Resources,*,*,*,40381
DC,Washington,*,*,*,*,238717,,DC,Washington,College of Engineering,*,*,*,28753
DC,Washington,*,*,*,*,238717,,DC,Washington,College of Music,*,*,*,2233
DC,Washington,*,*,*,*,238717,,DC,Washington,College of Natural Science,*,*,*,26453
DC,Washington,*,*,*,*,238717,,DC,Washington,College of Nursing,*,*,*,28927
FL,Fort Lauderdale,*,*,*,*,63112,,FL,Fort Lauderdale,College of Agriculture and Natural Resources,*,*,*,19547
FL,Fort Lauderdale,*,*,*,*,63112,,FL,Fort Lauderdale,College of Arts and Sciences,*,*,*,16195
FL,Jacksonville,*,*,*,*,152609,,FL,Jacksonville,College of Agriculture and Natural Resources,*,*,*,26938
FL,Jacksonville,*,*,*,*,152609,,FL,Jacksonville,College of Arts and Sciences,*,*,*,16415
FL,Jacksonville,*,*,*,*,152609,,FL,Jacksonville,College of Business,*,*,*,10851
FL,Jacksonville,*,*,*,*,152609,,FL,Jacksonville,College of Communication Arts and Sciences,*,*,*,25771
FL,Jacksonville,*,*,*,*,152609,,FL,Jacksonville,College of Natural Science,*,*,*,26288
FL,Jacksonville,*,*,*,*,152609,,FL,Jacksonville,College of Nursing,*,*,*,3010
FL,Jacksonville,*,*,*,*,152609,,FL,Jacksonville,College of Political Science,*,*,*,11477
FL,Jacksonville,*,*,*,*,152609,,FL,Jacksonville,College of Social Science,*,*,*,31859
FL,Miami,*,*,*,*,322619,,FL,Miami,College of Agriculture and Natural Resources,*,*,*,80218
FL,Miami,*,*,*,*,322619,,FL,Miami,College of Arts and Sciences,*,*,*,76032
FL,Miami,*,*,*,*,322619,,FL,Miami,College of Business,*,*,*,24014
FL,Miami,*,*,*,*,322619,,FL,Miami,College of Communication Arts and Sciences,*,*,*,20422
FL,Miami,*,*,*,*,322619,,FL,Miami,College of Engineering,*,*,*,19486
FL,Miami,*,*,*,*,322619,,FL,Miami,College of Music,*,*,*,20717
FL,Miami,*,*,*,*,322619,,FL,Miami,College of Natural Science,*,*,*,19043
FL,Miami,*,*,*,*,322619,,FL,Miami,College of Nursing,*,*,*,303
FL,Miami,*,*,*,*,322619,,FL,Miami,College of Social Science,*,*,*,62384
FL,Orlando,*,*,*,*,338161,,FL,Orlando,College of Agriculture and Natural Resources,*,*,*,74376
FL,Orlando,*,*,*,*,338161,,FL,Orlando,College of Arts and Sciences,*,*,*,49778
FL,Orlando,*,*,*,*,338161,,FL,Orlando,College of Business,*,*,*,16687
FL,Orlando,*,*,*,*,338161,,FL,Orlando,College of Engineering,*,*,*,16520
FL,Orlando,*,*,*,*,338161,,FL,Orlando,College of Music,*,*,*,7385
FL,Orlando,*,*,*,*,338161,,FL,Orlando,College of Natural Science,*,*,*,92789
FL,Orlando,*,*,*,*,338161,,FL,Orlando,College of Nursing,*,*,*,1606
FL,Orlando,*,*,*,*,338161,,FL,Orlando,College of Political Science,*,*,*,12825
FL,Orlando,*,*,*,*,338161,,FL,Orlando,College of Social Science,*,*,*,66195
FL,Tallahassee,*,*,*,*,301232,,FL,Tallahassee,College of Agriculture and Natural Resources,*,*,*,78145
FL,Tallahassee,*,*,*,*,301232,,FL,Tallahassee,College of Arts and Sciences,*,*,*,46908
FL,Tallahassee,*,*,*,*,301232,,FL,Tallahassee,College of Business,*,*,*,30295
FL,Tallahassee,*,*,*,*,301232,,FL,Tallahassee,College of Communication Arts and Sciences,*,*,*,3118
FL,Tallahassee,*,*,*,*,301232,,FL,Tallahassee,College of Engineering,*,*,*,11047
FL,Tallahassee,*,*,*,*,301232,,FL,Tallahassee,College of Natural Science,*,*,*,78611
FL,Tallahassee,*,*,*,*,301232,,FL,Tallahassee,College of Nursing,*,*,*,4036
FL,Tallahassee,*,*,*,*,301232,,FL,Tallahassee,College of Political Science,*,*,*,37204
FL,Tallahassee,*,*,*,*,301232,,FL,Tallahassee,College of Social Science,*,*,*,11868
GA,Atlanta,*,*,*,*,264317,,GA,Atlanta,College of Agriculture and Natural Resources,*,*,*,24585
GA,Atlanta,*,*,*,*,264317,,GA,Atlanta,College of Arts and Sciences,*,*,*,41428
GA,Atlanta,*,*,*,*,264317,,GA,Atlanta,College of Business,*,*,*,21687
GA,Atlanta,*,*,*,*,264317,,GA,Atlanta,College of Education,*,*,*,2015
GA,Atlanta,*,*,*,*,264317,,GA,Atlanta,College of Engineering,*,*,*,14938
GA,Atlanta,*,*,*,*,264317,,GA,Atlanta,College of Nursing,*,*,*,11021
GA,Atlanta,*,*,*,*,264317,,GA,Atlanta,College of Political Science,*,*,*,15512
GA,Atlanta,*,*,*,*,264317,,GA,Atlanta,College of Social Science,*,*,*,17513
GA,Savannah,*,*,*,*,139979,,GA,Savannah,College of Arts and Sciences,*,*,*,764
GA,Savannah,*,*,*,*,139979,,GA,Savannah,College of Communication Arts and Sciences,*,*,*,7010
GA,Savannah,*,*,*,*,139979,,GA,Savannah,College of Engineering,*,*,*,9535
GA,Savannah,*,*,*,*,139979,,GA,Savannah,College of Political Science,*,*,*,3802
GA,Savannah,*,*,*,*,139979,,GA,Savannah,College of Social Science,*,*,*,17495
GA,Savannah,*,*,*,*,139979,,GA,Savannah,College of Veterinary Medicine,*,*,*,14794
IA,Cedar Rapids,*,*,*,*,137018,,IA,Cedar Rapids,College of Agriculture and Natural Resources,*,*,*,4539
IA,Cedar Rapids,*,*,*,*,137018,,IA,Cedar Rapids,College of Arts and Sciences,*,*,*,42109
IA,Cedar Rapids,*,*,*,*,137018,,IA,Cedar Rapids,College of Engineering,*,*,*,4693
IA,Cedar Rapids,*,*,*,*,137018,,IA,Cedar Rapids,College of Music,*,*,*,9831
IA,Cedar Rapids,*,*,*,*,137018,,IA,Cedar Rapids,College of Natural Science,*,*,*,38166
IA,Cedar Rapids,*,*,*,*,137018,,IA,Cedar Rapids,College of Social Science,*,*,*,28820
IA,Cedar Rapids,*,*,*,*,137018,,IA,Cedar Rapids,College of Veterinary Medicine,*,*,*,8860
IA,Des Moines,*,*,*,*,32874,,IA,Des Moines,College of Agriculture and Natural Resources,*,*,*,3174
IA,Des Moines,*,*,*,*,32874,,IA,Des Moines,College of Nursing,*,*,*,7509
IA,Des Moines,*,*,*,*,32874,,IA,Des Moines,College of Social Science,*,*,*,8904
IL,Chicago,*,*,*,*,1218280,,IL,Chicago,College of Agriculture and Natural Resources,*,*,*,94827
IL,Chicago,*,*,*,*,1218280,,IL,Chicago,College of Arts and Sciences,*,*,*,135223
IL,Chicago,*,*,*,*,1218280,,IL,Chicago,College of Business,*,*,*,60324
IL,Chicago,*,*,*,*,1218280,,IL,Chicago,College of Communication Arts and Sciences,*,*,*,13566
IL,Chicago,*,*,*,*,1218280,,IL,Chicago,College of Education,*,*,*,56846
IL,Chicago,*,*,*,*,1218280,,IL,Chicago,College of Music,*,*,*,83878
IL,Chicago,*,*,*,*,1218280,,IL,Chicago,College of Natural Science,*,*,*,80262
IL,Chicago,*,*,*,*,1218280,,IL,Chicago,College of Nursing,*,*,*,24857
IL,Chicago,*,*,*,*,1218280,,IL,Chicago,College of Political Science,*,*,*,11375
IL,Chicago,*,*,*,*,1218280,,IL,Chicago,College of Social Science,*,*,*,112877
IL,Chicago,*,*,*,*,1218280,,IL,Chicago,College of Veterinary Medicine,*,*,*,8960
IL,Naperville,*,*,*,*,100675,,IL,Naperville,College of Arts and Sciences,*,*,*,29982
IL,Naperville,*,*,*,*,100675,,IL,Naperville,College of Business,*,*,*,9830
IL,Naperville,*,*,*,*,100675,,IL,Naperville,College of Communication Arts and Sciences,*,*,*,14852
IL,Naperville,*,*,*,*,100675,,IL,Naperville,College of Engineering,*,*,*,9489
IL,Springfield,*,*,*,*,87127,,IL,Springfield,College of Agriculture and Natural Resources,*,*,*,6838
IL,Springfield,*,*,*,*,87127,,IL,Springfield,College of Engineering,*,*,*,20121
IL,Springfield,*,*,*,*,87127,,IL,Springfield,College of Social Science,*,*,*,4604
IN,Indianapolis,*,*,*,*,492392,,IN,Indianapolis,College of Agriculture and Natural Resources,*,*,*,34262
IN,Indianapolis,*,*,*,*,492392,,IN,Indianapolis,College of Arts and Sciences,*,*,*,58732
IN,Indianapolis,*,*,*,*,492392,,IN,Indianapolis,College of Business,*,*,*,59110
IN,Indianapolis,*,*,*,*,492392,,IN,Indianapolis,College of Communication Arts and Sciences,*,*,*,5686
IN,Indianapolis,*,*,*,*,492392,,IN,Indianapolis,College of Education,*,*,*,6243
IN,Indianapolis,*,*,*,*,492392,,IN,Indianapolis,College of Engineering,*,*,*,85241
IN,Indianapolis,*,*,*,*,492392,,IN,Indianapolis,College of Natural Science,*,*,*,147029
IN,Indianapolis,*,*,*,*,492392,,IN,Indianapolis,College of Political Science,*,*,*,25049
IN,Indianapolis,*,*,*,*,492392,,IN,Indianapolis,College of Social Science,*,*,*,71040
KS,Kansas City,*,*,*,*,103660,,KS,Kansas City,College of Arts and Sciences,*,*,*,4510
KS,Kansas City,*,*,*,*,103660,,KS,Kansas City,College of Natural Science,*,*,*,27747
KS,Kansas City,*,*,*,*,103660,,KS,Kansas City,College of Social Science,*,*,*,29260
KS,Overland Park,*,*,*,*,276198,,KS,Overland Park,College of Agriculture and Natural Resources,*,*,*,83048
KS,Overland Park,*,*,*,*,276198,,KS,Overland Park,College of Arts and Sciences,*,*,*,18490
KS,Overland Park,*,*,*,*,276198,,KS,Overland Park,College of Business,*,*,*,17015
KS,Overland Park,*,*,*,*,276198,,KS,Overland Park,College of Education,*,*,*,35239
KS,Overland Park,*,*,*,*,276198,,KS,Overland Park,College of Music,*,*,*,32419
KS,Overland Park,*,*,*,*,276198,,KS,Overland Park,College of Natural Science,*,*,*,56404
KS,Overland Park,*,*,*,*,276198,,KS,Overland Park,College of Political Science,*,*,*,714
KS,Overland Park,*,*,*,*,276198,,KS,Overland Park,College of Social Science,*,*,*,29173
KS,Overland Park,*,*,*,*,276198,,KS,Overland Park,College of Veterinary Medicine,*,*,*,3696
KS,Wichita,*,*,*,*,191457,,KS,Wichita,College of Agriculture and Natural Resources,*,*,*,18591
KS,Wichita,*,*,*,*,191457,,KS,Wichita,College of Arts and Sciences,*,*,*,36209
KS,Wichita,*,*,*,*,191457,,KS,Wichita,College of Business,*,*,*,7067
KS,Wichita,*,*,*,*,191457,,KS,Wichita,College of Communication Arts and Sciences,*,*,*,7347
KS,Wichita,*,*,*,*,191457,,KS,Wichita,College of Engineering,*,*,*,4618
KS,Wichita,*,*,*,*,191457,,KS,Wichita,College of Music,*,*,*,6405
KS,Wichita,*,*,*,*,191457,,KS,Wichita,College of Nursing,*,*,*,11259
KS,Wichita,*,*,*,*,191457,,KS,Wichita,College of Political Science,*,*,*,8849
KS,Wichita,*,*,*,*,191457,,KS,Wichita,College of Social Science,*,*,*,24278
KY,Lexington,*,*,*,*,74020,,KY,Lexington,College of Agriculture and Natural Resources,*,*,*,10970
KY,Lexington,*,*,*,*,74020,,KY,Lexington,College of Arts and Sciences,*,*,*,6656
KY,Lexington,*,*,*,*,74020,,KY,Lexington,College of Business,*,*,*,2639
KY,Lexington,*,*,*,*,74020,,KY,Lexington,College of Engineering,*,*,*,936
KY,Lexington,*,*,*,*,74020,,KY,Lexington,College of Music,*,*,*,21760
KY,Lexington,*,*,*,*,74020,,KY,Lexington,College of Natural Science,*,*,*,23021
KY,Lexington,*,*,*,*,74020,,KY,Lexington,College of Political Science,*,*,*,888
KY,Lexington,*,*,*,*,74020,,KY,Lexington,College of Social Science,*,*,*,7150
KY,Louisville,*,*,*,*,117361,,KY,Louisville,College of Agriculture and Natural Resources,*,*,*,7477
KY,Louisville,*,*,*,*,117361,,KY,Louisville,College of Communication Arts and Sciences,*,*,*,17952
KY,Louisville,*,*,*,*,117361,,KY,Louisville,College of Natural Science,*,*,*,15783
KY,Louisville,*,*,*,*,117361,,KY,Louisville,College of Social Science,*,*,*,22168
LA,Baton Rouge,*,*,*,*,166663,,LA,Baton Rouge,College of Agriculture and Natural Resources,*,*,*,28424
LA,Baton Rouge,*,*,*,*,166663,,LA,Baton Rouge,College of Arts and Sciences,*,*,*,14832
LA,Baton Rouge,*,*,*,*,166663,,LA,Baton Rouge,College of Business,*,*,*,47628
LA,Baton Rouge,*,*,*,*,166663,,LA,Baton Rouge,College of Education,*,*,*,21860
LA,Baton Rouge,*,*,*,*,166663,,LA,Baton Rouge,College of Music,*,*,*,14331
LA,Baton Rouge,*,*,*,*,166663,,LA,Baton Rouge,College of Natural Science,*,*,*,16837
LA,Baton Rouge,*,*,*,*,166663,,LA,Baton Rouge,College of Political Science,*,*,*,13397
LA,Baton Rouge,*,*,*,*,166663,,LA,Baton Rouge,College of Social Science,*,*,*,9354
LA,New Orleans,*,*,*,*,144083,,LA,New Orleans,College of Agriculture and Natural Resources,*,*,*,1867
LA,New Orleans,*,*,*,*,144083,,LA,New Orleans,College of Business,*,*,*,19785
LA,New Orleans,*,*,*,*,144083,,LA,New Orleans,College of Engineering,*,*,*,14719
LA,New Orleans,*,*,*,*,144083,,LA,New Orleans,College of Music,*,*,*,10486
LA,New Orleans,*,*,*,*,144083,,LA,New Orleans,College of Natural Science,*,*,*,10009
LA,New Orleans,*,*,*,*,144083,,LA,New Orleans,College of Social Science,*,*,*,32845
MA,Boston,*,*,*,*,416307,,MA,Boston,College of Agriculture and Natural Resources,*,*,*,130137
MA,Boston,*,*,*,*,416307,,MA,Boston,College of Arts and Sciences,*,*,*,73955
MA,Boston,*,*,*,*,416307,,MA,Boston,College of Business,*,*,*,46625
MA,Boston,*,*,*,*,416307,,MA,Boston,College of Communication Arts and Sciences,*,*,*,8559
MA,Boston,*,*,*,*,416307,,MA,Boston,College of Engineering,*,*,*,26792
MA,Boston,*,*,*,*,416307,,MA,Boston,College of Music,*,*,*,45710
MA,Boston,*,*,*,*,416307,,MA,Boston,College of Natural Science,*,*,*,15170
MA,Boston,*,*,*,*,416307,,MA,Boston,College of Political Science,*,*,*,12363
MA,Boston,*,*,*,*,416307,,MA,Boston,College of Social Science,*,*,*,56996
MI,Detroit,*,*,*,*,455208,,MI,Detroit,College of Agriculture and Natural Resources,*,*,*,114244
MI,Detroit,*,*,*,*,455208,,MI,Detroit,College of Arts and Sciences,*,*,*,56249
MI,Detroit,*,*,*,*,455208,,MI,Detroit,College of Business,*,*,*,18627
MI,Detroit,*,*,*,*,455208,,MI,Detroit,College of Communication Arts and Sciences,*,*,*,6896
MI,Detroit,*,*,*,*,455208,,MI,Detroit,College of Education,*,*,*,28639
MI,Detroit,*,*,*,*,455208,,MI,Detroit,College of Engineering,*,*,*,14073
MI,Detroit,*,*,*,*,455208,,MI,Detroit,College of Music,*,*,*,12808
MI,Detroit,*,*,*,*,455208,,MI,Detroit,College of Natural Science,*,*,*,42023
MI,Detroit,*,*,*,*,455208,,MI,Detroit,College of Nursing,*,*,*,46091
MI,Detroit,*,*,*,*,455208,,MI,Detroit,College of Political Science,*,*,*,96317
MI,Detroit,*,*,*,*,455208,,MI,Detroit,College of Social Science,*,*,*,19241
MI,Grand Rapids,*,*,*,*,96047,,MI,Grand Rapids,College of Agriculture and Natural Resources,*,*,*,18336
MI,Grand Rapids,*,*,*,*,96047,,MI,Grand Rapids,College of Arts and Sciences,*,*,*,3207
MI,Grand Rapids,*,*,*,*,96047,,MI,Grand Rapids,College of Business,*,*,*,8433
MI,Grand Rapids,*,*,*,*,96047,,MI,Grand Rapids,College of Communication Arts and Sciences,*,*,*,13490
MI,Grand Rapids,*,*,*,*,96047,,MI,Grand Rapids,College of Engineering,*,*,*,12768
MI,Grand Rapids,*,*,*,*,96047,,MI,Grand Rapids,College of Music,*,*,*,11902
MI,Grand Rapids,*,*,*,*,96047,,MI,Grand Rapids,College of Natural Science,*,*,*,9407
MI,Grand Rapids,*,*,*,*,96047,,MI,Grand Rapids,College of Political Science,*,*,*,5057
MI,Grand Rapids,*,*,*,*,96047,,MI,Grand Rapids,College of Social Science,*,*,*,13447
MI,Lansing,*,*,*,*,300114,,MI,Lansing,College of Agriculture and Natural Resources,*,*,*,25806
MI,Lansing,*,*,*,*,300114,,MI,Lansing,College of Arts and Sciences,*,*,*,51137
MI,Lansing,*,*,*,*,300114,,MI,Lansing,College of Business,*,*,*,59479
MI,Lansing,*,*,*,*,300114,,MI,Lansing,College of Communication Arts and Sciences,*,*,*,1925
MI,Lansing,*,*,*,*,300114,,MI,Lansing,College of Education,*,*,*,29539
MI,Lansing,*,*,*,*,300114,,MI,Lansing,College of Natural Science,*,*,*,61896
MI,Lansing,*,*,*,*,300114,,MI,Lansing,College of Nursing,*,*,*,30577
MI,Lansing,*,*,*,*,300114,,MI,Lansing,College of Social Science,*,*,*,37816
MI,Lansing,*,*,*,*,300114,,MI,Lansing,College of Veterinary Medicine,*,*,*,1939
MN,Minneapolis,*,*,*,*,58180,,MN,Minneapolis,College of Agriculture and Natural Resources,*,*,*,9463
MN,Minneapolis,*,*,*,*,58180,,MN,Minneapolis,College of Arts and Sciences,*,*,*,11510
MN,Minneapolis,*,*,*,*,58180,,MN,Minneapolis,College of Natural Science,*,*,*,740
MN,Minneapolis,*,*,*,*,58180,,MN,Minneapolis,College of Social Science,*,*,*,12119
MN,St. Paul,*,*,*,*,42888,,MN,St. Paul,College of Agriculture and Natural Resources,*,*,*,3965
MN,St. Paul,*,*,*,*,42888,,MN,St. Paul,College of Arts and Sciences,*,*,*,1667
MN,St. Paul,*,*,*,*,42888,,MN,St. Paul,College of Communication Arts and Sciences,*,*,*,3438
MN,St. Paul,*,*,*,*,42888,,MN,St. Paul,College of Engineering,*,*,*,9394
MN,St. Paul,*,*,*,*,42888,,MN,St. Paul,College of Natural Science,*,*,*,8209
MN,St. Paul,*,*,*,*,42888,,MN,St. Paul,College of Political Science,*,*,*,6838
MN,St. Paul,*,*,*,*,42888,,MN,St. Paul,College of Social Science,*,*,*,9377
MO,Kansas City,*,*,*,*,393292,,MO,Kansas City,College of Agriculture and Natural Resources,*,*,*,109608
MO,Kansas City,*,*,*,*,393292,,MO,Kansas City,College of Arts and Sciences,*,*,*,67490
MO,Kansas City,*,*,*,*,393292,,MO,Kansas City,College of Business,*,*,*,20659
MO,Kansas City,*,*,*,*,393292,,MO,Kansas City,College of Communication Arts and Sciences,*,*,*,6257
MO,Kansas City,*,*,*,*,393292,,MO,Kansas City,College of Education,*,*,*,16057
MO,Kansas City,*,*,*,*,393292,,MO,Kansas City,College of Engineering,*,*,*,38796
MO,Kansas City,*,*,*,*,393292,,MO,Kansas City,College of Music,*,*,*,3045
MO,Kansas City,*,*,*,*,393292,,MO,Kansas City,College of Natural Science,*,*,*,59996
MO,Kansas City,*,*,*,*,393292,,MO,Kansas City,College of Political Science,*,*,*,7582
MO,Kansas City,*,*,*,*,393292,,MO,Kansas City,College of Social Science,*,*,*,63802
MO,St. Louis,*,*,*,*,435636,,MO,St. Louis,College of Agriculture and Natural Resources,*,*,*,38443
MO,St. Louis,*,*,*,*,435636,,MO,St. Louis,College of Arts and Sciences,*,*,*,11307
MO,St. Louis,*,*,*,*,435636,,MO,St. Louis,College of Business,*,*,*,9373
MO,St. Louis,*,*,*,*,435636,,MO,St. Louis,College of Communication Arts and Sciences,*,*,*,11808
MO,St. Louis,*,*,*,*,435636,,MO,St. Louis,College of Education,*,*,*,38519
MO,St. Louis,*,*,*,*,435636,,MO,St. Louis,College of Engineering,*,*,*,30543
MO,St. Louis,*,*,*,*,435636,,MO,St. Louis,College of Nursing,*,*,*,4059
MO,St. Louis,*,*,*,*,435636,,MO,St. Louis,College of Social Science,*,*,*,1715
NC,Charlotte,*,*,*,*,188443,,NC,Charlotte,College of Agriculture and Natural Resources,*,*,*,7737
NC,Charlotte,*,*,*,*,188443,,NC,Charlotte,College of Arts and Sciences,*,*,*,14378
NC,Charlotte,*,*,*,*,188443,,NC,Charlotte,College of Business,*,*,*,12501
NC,Charlotte,*,*,*,*,188443,,NC,Charlotte,College of Education,*,*,*,24285
NC,Charlotte,*,*,*,*,188443,,NC,Charlotte,College of Engineering,*,*,*,12135
NC,Charlotte,*,*,*,*,188443,,NC,Charlotte,College of Music,*,*,*,17753
NC,Charlotte,*,*,*,*,188443,,NC,Charlotte,College of Natural Science,*,*,*,43483
NC,Charlotte,*,*,*,*,188443,,NC,Charlotte,College of Political Science,*,*,*,22693
NC,Charlotte,*,*,*,*,188443,,NC,Charlotte,College of Social Science,*,*,*,33478
NC,Durham,*,*,*,*,258300,,NC,Durham,College of Agriculture and Natural Resources,*,*,*,26754
NC,Durham,*,*,*,*,258300,,NC,Durham,College of Arts and Sciences,*,*,*,16403
NC,Durham,*,*,*,*,258300,,NC,Durham,College of Business,*,*,*,6919
NC,Durham,*,*,*,*,258300,,NC,Durham,College of Engineering,*,*,*,27250
NC,Durham,*,*,*,*,258300,,NC,Durham,College of Music,*,*,*,21474
NC,Durham,*,*,*,*,258300,,NC,Durham,College of Nursing,*,*,*,6894
NC,Durham,*,*,*,*,258300,,NC,Durham,College of Social Science,*,*,*,42471
NC,Raleigh,*,*,*,*,165817,,NC,Raleigh,College of Agriculture and Natural Resources,*,*,*,1864
NC,Raleigh,*,*,*,*,165817,,NC,Raleigh,College of Arts and Sciences,*,*,*,21144
NC,Raleigh,*,*,*,*,165817,,NC,Raleigh,College of Communication Arts and Sciences,*,*,*,19584
NC,Raleigh,*,*,*,*,165817,,NC,Raleigh,College of Education,*,*,*,166
NC,Raleigh,*,*,*,*,165817,,NC,Raleigh,College of Music,*,*,*,16961
NC,Raleigh,*,*,*,*,165817,,NC,Raleigh,College of Political Science,*,*,*,10105
NC,Raleigh,*,*,*,*,165817,,NC,Raleigh,College of Social Science,*,*,*,27093
NE,Lincoln,*,*,*,*,127999,,NE,Lincoln,College of Agriculture and Natural Resources,*,*,*,16488
NE,Lincoln,*,*,*,*,127999,,NE,Lincoln,College of Arts and Sciences,*,*,*,14473
NE,Lincoln,*,*,*,*,127999,,NE,Lincoln,College of Business,*,*,*,2647
NE,Lincoln,*,*,*,*,127999,,NE,Lincoln,College of Engineering,*,*,*,23811
NE,Lincoln,*,*,*,*,127999,,NE,Lincoln,College of Music,*,*,*,9567
NE,Lincoln,*,*,*,*,127999,,NE,Lincoln,College of Social Science,*,*,*,17923
NE,Omaha,*,*,*,*,147386,,NE,Omaha,College of Agriculture and Natural Resources,*,*,*,36501
NE,Omaha,*,*,*,*,147386,,NE,Omaha,College of Arts and Sciences,*,*,*,15438
NE,Omaha,*,*,*,*,147386,,NE,Omaha,College of Engineering,*,*,*,24511
NE,Omaha,*,*,*,*,147386,,NE,Omaha,College of Music,*,*,*,6905
NE,Omaha,*,*,*,*,147386,,NE,Omaha,College of Natural Science,*,*,*,16149
NE,Omaha,*,*,*,*,147386,,NE,Omaha,College of Social Science,*,*,*,47882
NH,Manchester,*,*,*,*,149882,,NH,Manchester,College of Engineering,*,*,*,6508
NH,Manchester,*,*,*,*,149882,,NH,Manchester,College of Music,*,*,*,12461
NH,Manchester,*,*,*,*,149882,,NH,Manchester,College of Natural Science,*,*,*,8877
NH,Manchester,*,*,*,*,149882,,NH,Manchester,College of Social Science,*,*,*,30637
NJ,Paterson,*,*,*,*,56889,,NJ,Paterson,College of Political Science,*,*,*,6993
NJ,Paterson,*,*,*,*,56889,,NJ,Paterson,College of Social Science,*,*,*,4383
NM,Albuquerque,*,*,*,*,169283,,NM,Albuquerque,College of Arts and Sciences,*,*,*,29493
NM,Albuquerque,*,*,*,*,169283,,NM,Albuquerque,College of Communication Arts and Sciences,*,*,*,30808
NM,Albuquerque,*,*,*,*,169283,,NM,Albuquerque,College of Education,*,*,*,31916
NM,Albuquerque,*,*,*,*,169283,,NM,Albuquerque,College of Engineering,*,*,*,8951
NM,Albuquerque,*,*,*,*,169283,,NM,Albuquerque,College of Music,*,*,*,6598
NM,Albuquerque,*,*,*,*,169283,,NM,Albuquerque,College of Natural Science,*,*,*,9189
NM,Albuquerque,*,*,*,*,169283,,NM,Albuquerque,College of Social Science,*,*,*,52328
NV,Henderson,*,*,*,*,140431,,NV,Henderson,College of Agriculture and Natural Resources,*,*,*,14467
NV,Henderson,*,*,*,*,140431,,NV,Henderson,College of Arts and Sciences,*,*,*,8501
NV,Henderson,*,*,*,*,140431,,NV,Henderson,College of Communication Arts and Sciences,*,*,*,36176
NV,Henderson,*,*,*,*,140431,,NV,Henderson,College of Education,*,*,*,434
NV,Henderson,*,*,*,*,140431,,NV,Henderson,College of Music,*,*,*,13916
NV,Henderson,*,*,*,*,140431,,NV,Henderson,College of Political Science,*,*,*,8720
NV,Henderson,*,*,*,*,140431,,NV,Henderson,College of Social Science,*,*,*,2966
NV,Las Vegas,*,*,*,*,140284,,NV,Las Vegas,College of Agriculture and Natural Resources,*,*,*,31833
NV,Las Vegas,*,*,*,*,140284,,NV,Las Vegas,College of Arts and Sciences,*,*,*,11058
NV,Las Vegas,*,*,*,*,140284,,NV,Las Vegas,College of Music,*,*,*,6412
NV,Las Vegas,*,*,*,*,140284,,NV,Las Vegas,College of Natural Science,*,*,*,28529
NV,North Las Vegas,*,*,*,*,140217,,NV,North Las Vegas,College of Agriculture and Natural Resources,*,*,*,582
NV,North Las Vegas,*,*,*,*,140217,,NV,North Las Vegas,College of Arts and Sciences,*,*,*,41766
NV,North Las Vegas,*,*,*,*,140217,,NV,North Las Vegas,College of Business,*,*,*,17575
NV,North Las Vegas,*,*,*,*,140217,,NV,North Las Vegas,College of Engineering,*,*,*,17366
NV,North Las Vegas,*,*,*,*,140217,,NV,North Las Vegas,College of Music,*,*,*,8672
NV,North Las Vegas,*,*,*,*,140217,,NV,North Las Vegas,College of Natural Science,*,*,*,30601
NV,North Las Vegas,*,*,*,*,140217,,NV,North Las Vegas,College of Social Science,*,*,*,23655
NV,Reno,*,*,*,*,58348,,NV,Reno,College of Agriculture and Natural Resources,*,*,*,18680
NV,Reno,*,*,*,*,58348,,NV,Reno,College of Arts and Sciences,*,*,*,4658
NV,Reno,*,*,*,*,58348,,NV,Reno,College of Music,*,*,*,6733
NY,New York,*,*,*,*,912798,,NY,New York,College of Agriculture and Natural Resources,*,*,*,177383
NY,New York,*,*,*,*,912798,,NY,New York,College of Arts and Sciences,*,*,*,178990
NY,New York,*,*,*,*,912798,,NY,New York,College of Business,*,*,*,93696
NY,New York,*,*,*,*,912798,,NY,New York,College of Communication Arts and Sciences,*,*,*,9
NY,New York,*,*,*,*,912798,,NY,New York,College of Education,*,*,*,48663
NY,New York,*,*,*,*,912798,,NY,New York,College of Engineering,*,*,*,5835
NY,New York,*,*,*,*,912798,,NY,New York,College of Music,*,*,*,23257
NY,New York,*,*,*,*,912798,,NY,New York,College of Natural Science,*,*,*,183345
NY,New York,*,*,*,*,912798,,NY,New York,College of Nursing,*,*,*,10271
NY,New York,*,*,*,*,912798,,NY,New York,College of Political Science,*,*,*,99176
NY,New York,*,*,*,*,912798,,NY,New York,College of Social Science,*,*,*,90179
NY,New York,*,*,*,*,912798,,NY,New York,College of Veterinary Medicine,*,*,*,1994
NY,Rochester,*,*,*,*,100774,,NY,Rochester,College of Agriculture and Natural Resources,*,*,*,25231
NY,Rochester,*,*,*,*,100774,,NY,Rochester,College of Business,*,*,*,7753
NY,Rochester,*,*,*,*,100774,,NY,Rochester,College of Social Science,*,*,*,9888
NY,Syracuse,*,*,*,*,90475,,NY,Syracuse,College of Agriculture and Natural Resources,*,*,*,14622
NY,Syracuse,*,*,*,*,90475,,NY,Syracuse,College of Arts and Sciences,*,*,*,1913
NY,Syracuse,*,*,*,*,90475,,NY,Syracuse,College of Engineering,*,*,*,14108
NY,Syracuse,*,*,*,*,90475,,NY,Syracuse,College of Political Science,*,*,*,8924
NY,Syracuse,*,*,*,*,90475,,NY,Syracuse,College of Social Science,*,*,*,17285
OH,Cincinnati,*,*,*,*,752660,,OH,Cincinnati,College of Agriculture and Natural Resources,*,*,*,60316
OH,Cincinnati,*,*,*,*,752660,,OH,Cincinnati,College of Arts and Sciences,*,*,*,179514
OH,Cincinnati,*,*,*,*,752660,,OH,Cincinnati,College of Business,*,*,*,33812
OH,Cincinnati,*,*,*,*,752660,,OH,Cincinnati,College of Communication Arts and Sciences,*,*,*,38786
OH,Cincinnati,*,*,*,*,752660,,OH,Cincinnati,College of Education,*,*,*,12661
OH,Cincinnati,*,*,*,*,752660,,OH,Cincinnati,College of Engineering,*,*,*,9389
OH,Cincinnati,*,*,*,*,752660,,OH,Cincinnati,College of Music,*,*,*,48825
OH,Cincinnati,*,*,*,*,752660,,OH,Cincinnati,College of Natural Science,*,*,*,112528
OH,Cincinnati,*,*,*,*,752660,,OH,Cincinnati,College of Nursing,*,*,*,21405
OH,Cincinnati,*,*,*,*,752660,,OH,Cincinnati,College of Political Science,*,*,*,4327
OH,Cincinnati,*,*,*,*,752660,,OH,Cincinnati,College of Social Science,*,*,*,171815
OH,Cincinnati,*,*,*,*,752660,,OH,Cincinnati,College of Veterinary Medicine,*,*,*,59282
OH,Cleveland,*,*,*,*,130180,,OH,Cleveland,College of Arts and Sciences,*,*,*,37227
OH,Cleveland,*,*,*,*,130180,,OH,Cleveland,College of Business,*,*,*,7147
OH,Cleveland,*,*,*,*,130180,,OH,Cleveland,College of Communication Arts and Sciences,*,*,*,6384
OH,Cleveland,*,*,*,*,130180,,OH,Cleveland,College of Music,*,*,*,4187
OH,Cleveland,*,*,*,*,130180,,OH,Cleveland,College of Political Science,*,*,*,7357
OH,Cleveland,*,*,*,*,130180,,OH,Cleveland,College of Social Science,*,*,*,17424
OH,Cleveland,*,*,*,*,130180,,OH,Cleveland,College of Veterinary Medicine,*,*,*,5872
OK,Oklahoma City,*,*,*,*,222545,,OK,Oklahoma City,College of Agriculture and Natural Resources,*,*,*,19664
OK,Oklahoma City,*,*,*,*,222545,,OK,Oklahoma City,College of Arts and Sciences,*,*,*,33602
OK,Oklahoma City,*,*,*,*,222545,,OK,Oklahoma City,College of Business,*,*,*,42369
OK,Oklahoma City,*,*,*,*,222545,,OK,Oklahoma City,College of Communication Arts and Sciences,*,*,*,7020
OK,Oklahoma City,*,*,*,*,222545,,OK,Oklahoma City,College of Engineering,*,*,*,5885
OK,Oklahoma City,*,*,*,*,222545,,OK,Oklahoma City,College of Music,*,*,*,13339
OK,Oklahoma City,*,*,*,*,222545,,OK,Oklahoma City,College of Natural Science,*,*,*,53736
OK,Oklahoma City,*,*,*,*,222545,,OK,Oklahoma City,College of Political Science,*,*,*,8717
OK,Oklahoma City,*,*,*,*,222545,,OK,Oklahoma City,College of Social Science,*,*,*,38213
OK,Tulsa,*,*,*,*,71568,,OK,Tulsa,College of Agriculture and Natural Resources,*,*,*,4857
OK,Tulsa,*,*,*,*,71568,,OK,Tulsa,College of Arts and Sciences,*,*,*,8527
OK,Tulsa,*,*,*,*,71568,,OK,Tulsa,College of Business,*,*,*,19817
OK,Tulsa,*,*,*,*,71568,,OK,Tulsa,College of Education,*,*,*,8983
OK,Tulsa,*,*,*,*,71568,,OK,Tulsa,College of Natural Science,*,*,*,6028
OK,Tulsa,*,*,*,*,71568,,OK,Tulsa,College of Social Science,*,*,*,23356
OR,Eugene,*,*,*,*,102512,,OR,Eugene,College of Arts and Sciences,*,*,*,22121
OR,Eugene,*,*,*,*,102512,,OR,Eugene,College of Communication Arts and Sciences,*,*,*,16580
OR,Eugene,*,*,*,*,102512,,OR,Eugene,College of Music,*,*,*,7301
OR,Eugene,*,*,*,*,102512,,OR,Eugene,College of Social Science,*,*,*,9678
OR,Portland,*,*,*,*,103167,,OR,Portland,College of Agriculture and Natural Resources,*,*,*,16585
OR,Portland,*,*,*,*,103167,,OR,Portland,College of Arts and Sciences,*,*,*,24465
OR,Portland,*,*,*,*,103167,,OR,Portland,College of Communication Arts and Sciences,*,*,*,17179
OR,Portland,*,*,*,*,103167,,OR,Portland,College of Education,*,*,*,3254
OR,Portland,*,*,*,*,103167,,OR,Portland,College of Natural Science,*,*,*,20995
OR,Portland,*,*,*,*,103167,,OR,Portland,College of Political Science,*,*,*,9828
OR,Portland,*,*,*,*,103167,,OR,Portland,College of Social Science,*,*,*,10861
OR,Salem,*,*,*,*,100835,,OR,Salem,College of Agriculture and Natural Resources,*,*,*,10056
OR,Salem,*,*,*,*,100835,,OR,Salem,College of Arts and Sciences,*,*,*,31734
OR,Salem,*,*,*,*,100835,,OR,Salem,College of Business,*,*,*,2442
OR,Salem,*,*,*,*,100835,,OR,Salem,College of Engineering,*,*,*,3978
OR,Salem,*,*,*,*,100835,,OR,Salem,College of Music,*,*,*,16790
OR,Salem,*,*,*,*,100835,,OR,Salem,College of Natural Science,*,*,*,11504
OR,Salem,*,*,*,*,100835,,OR,Salem,College of Political Science,*,*,*,4841
OR,Salem,*,*,*,*,100835,,OR,Salem,College of Social Science,*,*,*,19490
PA,Philadelphia,*,*,*,*,270690,,PA,Philadelphia,College of Agriculture and Natural Resources,*,*,*,24653
PA,Philadelphia,*,*,*,*,270690,,PA,Philadelphia,College of Arts and Sciences,*,*,*,59040
PA,Philadelphia,*,*,*,*,270690,,PA,Philadelphia,College of Business,*,*,*,9143
PA,Philadelphia,*,*,*,*,270690,,PA,Philadelphia,College of Communication Arts and Sciences,*,*,*,5818
PA,Philadelphia,*,*,*,*,270690,,PA,Philadelphia,College of Education,*,*,*,3135
PA,Philadelphia,*,*,*,*,270690,,PA,Philadelphia,College of Engineering,*,*,*,20753
PA,Philadelphia,*,*,*,*,270690,,PA,Philadelphia,College of Natural Science,*,*,*,42465
PA,Philadelphia,*,*,*,*,270690,,PA,Philadelphia,College of Veterinary Medicine,*,*,*,11284
PA,Pittsburgh,*,*,*,*,32017,,PA,Pittsburgh,College of Arts and Sciences,*,*,*,8451
PA,Pittsburgh,*,*,*,*,32017,,PA,Pittsburgh,College of Education,*,*,*,10185
PA,Pittsburgh,*,*,*,*,32017,,PA,Pittsburgh,College of Natural Science,*,*,*,43
RI,Providence,*,*,*,*,142920,,RI,Providence,College of Agriculture and Natural Resources,*,*,*,15293
RI,Providence,*,*,*,*,142920,,RI,Providence,College of Arts and Sciences,*,*,*,39448
RI,Providence,*,*,*,*,142920,,RI,Providence,College of Communication Arts and Sciences,*,*,*,4090
RI,Providence,*,*,*,*,142920,,RI,Providence,College of Education,*,*,*,14912
RI,Providence,*,*,*,*,142920,,RI,Providence,College of Music,*,*,*,11813
RI,Providence,*,*,*,*,142920,,RI,Providence,College of Natural Science,*,*,*,25899
RI,Providence,*,*,*,*,142920,,RI,Providence,College of Social Science,*,*,*,31465
SC,Charleston,*,*,*,*,131394,,SC,Charleston,College of Agriculture and Natural Resources,*,*,*,21520
SC,Charleston,*,*,*,*,131394,,SC,Charleston,College of Arts and Sciences,*,*,*,6657
SC,Charleston,*,*,*,*,131394,,SC,Charleston,College of Communication Arts and Sciences,*,*,*,998
SC,Charleston,*,*,*,*,131394,,SC,Charleston,College of Engineering,*,*,*,16070
SC,Charleston,*,*,*,*,131394,,SC,Charleston,College of Music,*,*,*,14955
SC,Charleston,*,*,*,*,131394,,SC,Charleston,College of Natural Science,*,*,*,17865
SC,Charleston,*,*,*,*,131394,,SC,Charleston,College of Nursing,*,*,*,8740
SC,Columbia,*,*,*,*,144010,,SC,Columbia,College of Agriculture and Natural Resources,*,*,*,21561
SC,Columbia,*,*,*,*,144010,,SC,Columbia,College of Communication Arts and Sciences,*,*,*,6672
SC,Columbia,*,*,*,*,144010,,SC,Columbia,College of Natural Science,*,*,*,7290
SC,Columbia,*,*,*,*,144010,,SC,Columbia,College of Nursing,*,*,*,8302
TN,Knoxville,*,*,*,*,120497,,TN,Knoxville,College of Agriculture and Natural Resources,*,*,*,17910
TN,Knoxville,*,*,*,*,120497,,TN,Knoxville,College of Arts and Sciences,*,*,*,19730
TN,Knoxville,*,*,*,*,120497,,TN,Knoxville,College of Communication Arts and Sciences,*,*,*,37039
TN,Knoxville,*,*,*,*,120497,,TN,Knoxville,College of Engineering,*,*,*,22061
TN,Knoxville,*,*,*,*,120497,,TN,Knoxville,College of Music,*,*,*,5554
TN,Knoxville,*,*,*,*,120497,,TN,Knoxville,College of Natural Science,*,*,*,9445
TN,Knoxville,*,*,*,*,120497,,TN,Knoxville,College of Social Science,*,*,*,8758
TN,Memphis,*,*,*,*,441940,,TN,Memphis,College of Agriculture and Natural Resources,*,*,*,55220
TN,Memphis,*,*,*,*,441940,,TN,Memphis,College of Arts and Sciences,*,*,*,80598
TN,Memphis,*,*,*,*,441940,,TN,Memphis,College of Business,*,*,*,51283
TN,Memphis,*,*,*,*,441940,,TN,Memphis,College of Education,*,*,*,12925
TN,Memphis,*,*,*,*,441940,,TN,Memphis,College of Engineering,*,*,*,12774
TN,Memphis,*,*,*,*,441940,,TN,Memphis,College of Natural Science,*,*,*,134765
TN,Memphis,*,*,*,*,441940,,TN,Memphis,College of Nursing,*,*,*,8554
TN,Memphis,*,*,*,*,441940,,TN,Memphis,College of Political Science,*,*,*,41368
TN,Memphis,*,*,*,*,441940,,TN,Memphis,College of Social Science,*,*,*,38650
TN,Memphis,*,*,*,*,441940,,TN,Memphis,College of Veterinary Medicine,*,*,*,5803
TN,Nashville,*,*,*,*,85183,,TN,Nashville,College of Agriculture and Natural Resources,*,*,*,14704
TN,Nashville,*,*,*,*,85183,,TN,Nashville,College of Arts and Sciences,*,*,*,5888
TN,Nashville,*,*,*,*,85183,,TN,Nashville,College of Business,*,*,*,21114
TN,Nashville,*,*,*,*,85183,,TN,Nashville,College of Education,*,*,*,16788
TN,Nashville,*,*,*,*,85183,,TN,Nashville,College of Engineering,*,*,*,1553
TN,Nashville,*,*,*,*,85183,,TN,Nashville,College of Natural Science,*,*,*,11455
TN,Nashville,*,*,*,*,85183,,TN,Nashville,College of Social Science,*,*,*,13681
TX,Amarillo,*,*,*,*,122290,,TX,Amarillo,College of Agriculture and Natural Resources,*,*,*,17430
TX,Amarillo,*,*,*,*,122290,,TX,Amarillo,College of Business,*,*,*,2065
TX,Amarillo,*,*,*,*,122290,,TX,Amarillo,College of Communication Arts and Sciences,*,*,*,7532
TX,Amarillo,*,*,*,*,122290,,TX,Amarillo,College of Music,*,*,*,8078
TX,Amarillo,*,*,*,*,122290,,TX,Amarillo,College of Natural Science,*,*,*,4784
TX,Amarillo,*,*,*,*,122290,,TX,Amarillo,College of Nursing,*,*,*,13898
TX,Amarillo,*,*,*,*,122290,,TX,Amarillo,College of Social Science,*,*,*,7242
TX,Austin,*,*,*,*,336339,,TX,Austin,College of Agriculture and Natural Resources,*,*,*,78706
TX,Austin,*,*,*,*,336339,,TX,Austin,College of Arts and Sciences,*,*,*,37577
TX,Austin,*,*,*,*,336339,,TX,Austin,College of Business,*,*,*,13277
TX,Austin,*,*,*,*,336339,,TX,Austin,College of Engineering,*,*,*,15190
TX,Austin,*,*,*,*,336339,,TX,Austin,College of Music,*,*,*,22665
TX,Austin,*,*,*,*,336339,,TX,Austin,College of Social Science,*,*,*,39590
TX,Dallas,*,*,*,*,631610,,TX,Dallas,College of Agriculture and Natural Resources,*,*,*,55883
TX,Dallas,*,*,*,*,631610,,TX,Dallas,College of Arts and Sciences,*,*,*,93243
TX,Dallas,*,*,*,*,631610,,TX,Dallas,College of Business,*,*,*,38738
TX,Dallas,*,*,*,*,631610,,TX,Dallas,College of Communication Arts and Sciences,*,*,*,1717
TX,Dallas,*,*,*,*,631610,,TX,Dallas,College of Education,*,*,*,14912
TX,Dallas,*,*,*,*,631610,,TX,Dallas,College of Engineering,*,*,*,51063
TX,Dallas,*,*,*,*,631610,,TX,Dallas,College of Natural Science,*,*,*,182648
TX,Dallas,*,*,*,*,631610,,TX,Dallas,College of Political Science,*,*,*,58931
TX,Dallas,*,*,*,*,631610,,TX,Dallas,College of Social Science,*,*,*,103710
TX,Dallas,*,*,*,*,631610,,TX,Dallas,College of Veterinary Medicine,*,*,*,30765
TX,El Paso,*,*,*,*,113571,,TX,El Paso,College of Agriculture and Natural Resources,*,*,*,290
TX,El Paso,*,*,*,*,113571,,TX,El Paso,College of Business,*,*,*,11555
TX,El Paso,*,*,*,*,113571,,TX,El Paso,College of Communication Arts and Sciences,*,*,*,4574
TX,El Paso,*,*,*,*,113571,,TX,El Paso,College of Music,*,*,*,6971
TX,El Paso,*,*,*,*,113571,,TX,El Paso,College of Social Science,*,*,*,22019
TX,Houston,*,*,*,*,572758,,TX,Houston,College of Agriculture and Natural Resources,*,*,*,63893
TX,Houston,*,*,*,*,572758,,TX,Houston,College of Arts and Sciences,*,*,*,134478
TX,Houston,*,*,*,*,572758,,TX,Houston,College of Business,*,*,*,36675
TX,Houston,*,*,*,*,572758,,TX,Houston,College of Education,*,*,*,9124
TX,Houston,*,*,*,*,572758,,TX,Houston,College of Engineering,*,*,*,63872
TX,Houston,*,*,*,*,572758,,TX,Houston,College of Music,*,*,*,7952
TX,Houston,*,*,*,*,572758,,TX,Houston,College of Natural Science,*,*,*,135492
TX,Houston,*,*,*,*,572758,,TX,Houston,College of Political Science,*,*,*,15126
TX,Houston,*,*,*,*,572758,,TX,Houston,College of Social Science,*,*,*,64247
TX,Houston,*,*,*,*,572758,,TX,Houston,College of Veterinary Medicine,*,*,*,41899
TX,San Antonio,*,*,*,*,139440,,TX,San Antonio,College of Arts and Sciences,*,*,*,31398
TX,San Antonio,*,*,*,*,139440,,TX,San Antonio,College of Business,*,*,*,44058
TX,San Antonio,*,*,*,*,139440,,TX,San Antonio,College of Education,*,*,*,4140
TX,San Antonio,*,*,*,*,139440,,TX,San Antonio,College of Social Science,*,*,*,11738
UT,Provo,*,*,*,*,111262,,UT,Provo,College of Agriculture and Natural Resources,*,*,*,9635
UT,Provo,*,*,*,*,111262,,UT,Provo,College of Arts and Sciences,*,*,*,5433
UT,Provo,*,*,*,*,111262,,UT,Provo,College of Business,*,*,*,15702
UT,Provo,*,*,*,*,111262,,UT,Provo,College of Music,*,*,*,18939
UT,Provo,*,*,*,*,111262,,UT,Provo,College of Social Science,*,*,*,9220
UT,Salt Lake City,*,*,*,*,177982,,UT,Salt Lake City,College of Agriculture and Natural Resources,*,*,*,43797
UT,Salt Lake City,*,*,*,*,177982,,UT,Salt Lake City,College of Arts and Sciences,*,*,*,11372
UT,Salt Lake City,*,*,*,*,177982,,UT,Salt Lake City,College of Business,*,*,*,12207
UT,Salt Lake City,*,*,*,*,177982,,UT,Salt Lake City,College of Education,*,*,*,11223
UT,Salt Lake City,*,*,*,*,177982,,UT,Salt Lake City,College of Engineering,*,*,*,55857
UT,Salt Lake City,*,*,*,*,177982,,UT,Salt Lake City,College of Natural Science,*,*,*,33135
UT,Salt Lake City,*,*,*,*,177982,,UT,Salt Lake City,College of Social Science,*,*,*,10391
UT,West Valley City,*,*,*,*,105250,,UT,West Valley City,College of Natural Science,*,*,*,10341
UT,West Valley City,*,*,*,*,105250,,UT,West Valley City,College of Nursing,*,*,*,3870
UT,West Valley City,*,*,*,*,105250,,UT,West Valley City,College of Political Science,*,*,*,27065
UT,West Valley City,*,*,*,*,105250,,UT,West Valley City,College of Social Science,*,*,*,17099
VA,Alexandria,*,*,*,*,233333,,VA,Alexandria,College of Agriculture and Natural Resources,*,*,*,17928
VA,Alexandria,*,*,*,*,233333,,VA,Alexandria,College of Communication Arts and Sciences,*,*,*,4804
VA,Alexandria,*,*,*,*,233333,,VA,Alexandria,College of Education,*,*,*,6706
VA,Alexandria,*,*,*,*,233333,,VA,Alexandria,College of Engineering,*,*,*,21242
VA,Alexandria,*,*,*,*,233333,,VA,Alexandria,College of Natural Science,*,*,*,61339
VA,Alexandria,*,*,*,*,233333,,VA,Alexandria,College of Nursing,*,*,*,10199
VA,Alexandria,*,*,*,*,233333,,VA,Alexandria,College of Political Science,*,*,*,25338
VA,Alexandria,*,*,*,*,233333,,VA,Alexandria,College of Social Science,*,*,*,6230
VA,Richmond,*,*,*,*,402143,,VA,Richmond,College of Agriculture and Natural Resources,*,*,*,118408
VA,Richmond,*,*,*,*,402143,,VA,Richmond,College of Arts and Sciences,*,*,*,53156
VA,Richmond,*,*,*,*,402143,,VA,Richmond,College of Education,*,*,*,7060
VA,Richmond,*,*,*,*,402143,,VA,Richmond,College of Engineering,*,*,*,36748
VA,Richmond,*,*,*,*,402143,,VA,Richmond,College of Music,*,*,*,21639
VA,Richmond,*,*,*,*,402143,,VA,Richmond,College of Natural Science,*,*,*,109151
VA,Richmond,*,*,*,*,402143,,VA,Richmond,College of Political Science,*,*,*,23210
VA,Richmond,*,*,*,*,402143,,VA,Richmond,College of Social Science,*,*,*,28029
VA,Richmond,*,*,*,*,402143,,VA,Richmond,College of Veterinary Medicine,*,*,*,4742
WA,Seattle,*,*,*,*,477388,,WA,Seattle,College of Agriculture and Natural Resources,*,*,*,62856
WA,Seattle,*,*,*,*,477388,,WA,Seattle,College of Arts and Sciences,*,*,*,116912
WA,Seattle,*,*,*,*,477388,,WA,Seattle,College of Business,*,*,*,44134
WA,Seattle,*,*,*,*,477388,,WA,Seattle,College of Communication Arts and Sciences,*,*,*,21717
WA,Seattle,*,*,*,*,477388,,WA,Seattle,College of Education,*,*,*,4740
WA,Seattle,*,*,*,*,477388,,WA,Seattle,College of Engineering,*,*,*,51890
WA,Seattle,*,*,*,*,477388,,WA,Seattle,College of Music,*,*,*,13972
WA,Seattle,*,*,*,*,477388,,WA,Seattle,College of Natural Science,*,*,*,91115
WA,Seattle,*,*,*,*,477388,,WA,Seattle,College of Political Science,*,*,*,4089
WA,Seattle,*,*,*,*,477388,,WA,Seattle,College of Social Science,*,*,*,65963
WA,Spokane,*,*,*,*,139093,,WA,Spokane,College of Agriculture and Natural Resources,*,*,*,28563
WA,Spokane,*,*,*,*,139093,,WA,Spokane,College of Arts and Sciences,*,*,*,5547
WA,Spokane,*,*,*,*,139093,,WA,Spokane,College of Communication Arts and Sciences,*,*,*,21499
WA,Spokane,*,*,*,*,139093,,WA,Spokane,College of Natural Science,*,*,*,43253
WA,Spokane,*,*,*,*,139093,,WA,Spokane,College of Social Science,*,*,*,40231
WI,Madison,*,*,*,*,70723,,WI,Madison,College of Arts and Sciences,*,*,*,17240
WI,Madison,*,*,*,*,70723,,WI,Madison,College of Engineering,*,*,*,3556
WI,Madison,*,*,*,*,70723,,WI,Madison,College of Music,*,*,*,9434
WI,Madison,*,*,*,*,70723,,WI,Madison,College of Natural Science,*,*,*,13535
WI,Madison,*,*,*,*,70723,,WI,Madison,College of Political Science,*,*,*,12958
WI,Madison,*,*,*,*,70723,,WI,Madison,College of Social Science,*,*,*,14000
WI,Milwaukee,*,*,*,*,95819,,WI,Milwaukee,College of Agriculture and Natural Resources,*,*,*,6482
WI,Milwaukee,*,*,*,*,95819,,WI,Milwaukee,College of Arts and Sciences,*,*,*,1879
WI,Milwaukee,*,*,*,*,95819,,WI,Milwaukee,College of Business,*,*,*,2266
WI,Milwaukee,*,*,*,*,95819,,WI,Milwaukee,College of Communication Arts and Sciences,*,*,*,23052
WI,Milwaukee,*,*,*,*,95819,,WI,Milwaukee,College of Engineering,*,*,*,4319
WI,Milwaukee,*,*,*,*,95819,,WI,Milwaukee,College of Natural Science,*,*,*,28649
WI,Milwaukee,*,*,*,*,95819,,WI,Milwaukee,College of Political Science,*,*,*,16127
WI,Milwaukee,*,*,*,*,95819,,WI,Milwaukee,College of Social Science,*,*,*,13045
WY,Casper,*,*,*,*,46537,,WY,Casper,College of Business,*,*,*,9538
