*,*,*,*,Campus Resource,*,4913052.5,,*,*,College of Agriculture and Natural Resources,*,Campus Resource,*,735536.0
*,*,*,*,Campus Resource,*,4913052.5,,*,*,College of Arts and Sciences,*,Campus Resource,*,903014.5
*,*,*,*,Campus Resource,*,4913052.5,,*,*,College of Business,*,Campus Resource,*,256166.5
*,*,*,*,Campus Resource,*,4913052.5,,*,*,College of Communication Arts and Sciences,*,Campus Resource,*,118848.0
*,*,*,*,Campus Resource,*,4913052.5,,*,*,College of Education,*,Campus Resource,*,138815.0
*,*,*,*,Campus Resource,*,4913052.5,,*,*,College of Engineering,*,Campus Resource,*,322092.5
*,*,*,*,Campus Resource,*,4913052.5,,*,*,College of Music,*,Campus Resource,*,194248
*,*,*,*,Campus Resource,*,4913052.5,,*,*,College of Natural Science,*,Campus Resource,*,1107578.0
*,*,*,*,Campus Resource,*,4913052.5,,*,*,College of Nursing,*,Campus Resource,*,48607
*,*,*,*,Campus Resource,*,4913052.5,,*,*,College of Political Science,*,Campus Resource,*,210248
*,*,*,*,Campus Resource,*,4913052.5,,*,*,College of Social Science,*,Campus Resource,*,855213.0
*,*,*,*,Campus Resource,*,4913052.5,,*,*,College of Veterinary Medicine,*,Campus Resource,*,22686
*,*,*,*,Endowment,*,9171726.5,,*,*,College of Agriculture and Natural Resources,*,Endowment,*,1059842.5
*,*,*,*,Endowment,*,9171726.5,,*,*,College of Arts and Sciences,*,Endowment,*,1728662.5
*,*,*,*,Endowment,*,9171726.5,,*,*,College of Business,*,Endowment,*,535528
*,*,*,*,Endowment,*,9171726.5,,*,*,College of Communication Arts and Sciences,*,Endowment,*,243998
*,*,*,*,Endowment,*,9171726.5,,*,*,College of Education,*,Endowment,*,289489.5
*,*,*,*,Endowment,*,9171726.5,,*,*,College of Engineering,*,Endowment,*,1082931.5
*,*,*,*,Endowment,*,9171726.5,,*,*,College of Music,*,Endowment,*,360316.5
*,*,*,*,Endowment,*,9171726.5,,*,*,College of Natural Science,*,Endowment,*,1724184.0
*,*,*,*,Endowment,*,9171726.5,,*,*,College of Nursing,*,Endowment,*,298556.5
*,*,*,*,Endowment,*,9171726.5,,*,*,College of Political Science,*,Endowment,*,369545.5
*,*,*,*,Endowment,*,9171726.5,,*,*,College of Social Science,*,Endowment,*,1340553.0
*,*,*,*,Endowment,*,9171726.5,,*,*,College of Veterinary Medicine,*,Endowment,*,138119.0
*,*,*,*,Scholarship,*,10587978.0,,*,*,College of Agriculture and Natural Resources,*,Scholarship,*,1637786.5
*,*,*,*,Scholarship,*,10587978.0,,*,*,College of Arts and Sciences,*,Scholarship,*,2088635.5
*,*,*,*,Scholarship,*,10587978.0,,*,*,College of Business,*,Scholarship,*,608810.5
*,*,*,*,Scholarship,*,10587978.0,,*,*,College of Communication Arts and Sciences,*,Scholarship,*,214405
*,*,*,*,Scholarship,*,10587978.0,,*,*,College of Education,*,Scholarship,*,422065.0
*,*,*,*,Scholarship,*,10587978.0,,*,*,College of Engineering,*,Scholarship,*,592931.0
*,*,*,*,Scholarship,*,10587978.0,,*,*,College of Music,*,Scholarship,*,512026.0
*,*,*,*,Scholarship,*,10587978.0,,*,*,College of Natural Science,*,Scholarship,*,2305209.5
*,*,*,*,Scholarship,*,10587978.0,,*,*,College of Nursing,*,Scholarship,*,270678.5
*,*,*,*,Scholarship,*,10587978.0,,*,*,College of Political Science,*,Scholarship,*,354967.0
*,*,*,*,Scholarship,*,10587978.0,,*,*,College of Social Science,*,Scholarship,*,1498670.5
*,*,*,*,Scholarship,*,10587978.0,,*,*,College of Veterinary Medicine,*,Scholarship,*,81793
