AL,*,College of Arts and Sciences,*,*,*,121989,,AL,*,College of Arts and Sciences,*,Campus Resource,*,32529
AL,*,College of Arts and Sciences,*,*,*,121989,,AL,*,College of Arts and Sciences,*,Endowment,*,38141
AL,*,College of Engineering,*,*,*,20092,,AL,*,College of Engineering,*,Scholarship,*,6285
AL,*,College of Natural Science,*,*,*,62819,,AL,*,College of Natural Science,*,Campus Resource,*,1270
AL,*,College of Political Science,*,*,*,10675,,AL,*,College of Political Science,*,Endowment,*,1433
AL,*,College of Social Science,*,*,*,55375,,AL,*,College of Social Science,*,Campus Resource,*,16670
AL,*,College of Social Science,*,*,*,55375,,AL,*,College of Social Science,*,Scholarship,*,8744
AR,*,College of Natural Science,*,*,*,61965,,AR,*,College of Natural Science,*,Endowment,*,15024
AZ,*,College of Agriculture and Natural Resources,*,*,*,124834,,AZ,*,College of Agriculture and Natural Resources,*,Campus Resource,*,32014
AZ,*,College of Arts and Sciences,*,*,*,195770,,AZ,*,College of Arts and Sciences,*,Campus Resource,*,30003
AZ,*,College of Arts and Sciences,*,*,*,195770,,AZ,*,College of Arts and Sciences,*,Endowment,*,65026
AZ,*,College of Business,*,*,*,82259,,AZ,*,College of Business,*,Campus Resource,*,14488
AZ,*,College of Communication Arts and Sciences,*,*,*,31880,,AZ,*,College of Communication Arts and Sciences,*,Campus Resource,*,3292
AZ,*,College of Education,*,*,*,34511,,AZ,*,College of Education,*,Endowment,*,7471
AZ,*,College of Engineering,*,*,*,88047,,AZ,*,College of Engineering,*,Campus Resource,*,11668
AZ,*,College of Music,*,*,*,50908,,AZ,*,College of Music,*,Campus Resource,*,12827
AZ,*,College of Music,*,*,*,50908,,AZ,*,College of Music,*,Scholarship,*,12286
AZ,*,College of Natural Science,*,*,*,174488,,AZ,*,College of Natural Science,*,Endowment,*,55945
AZ,*,College of Nursing,*,*,*,98470,,AZ,*,College of Nursing,*,Campus Resource,*,2981
AZ,*,College of Political Science,*,*,*,35610,,AZ,*,College of Political Science,*,Scholarship,*,7285
AZ,*,College of Social Science,*,*,*,112119,,AZ,*,College of Social Science,*,Campus Resource,*,18865
CA,*,College of Agriculture and Natural Resources,*,*,*,388831,,CA,*,College of Agriculture and Natural Resources,*,Campus Resource,*,97011
CA,*,College of Arts and Sciences,*,*,*,560801,,CA,*,College of Arts and Sciences,*,Campus Resource,*,74693
CA,*,College of Business,*,*,*,148889,,CA,*,College of Business,*,Campus Resource,*,40751
CA,*,College of Communication Arts and Sciences,*,*,*,21599,,CA,*,College of Communication Arts and Sciences,*,Campus Resource,*,5678
CA,*,College of Education,*,*,*,99148,,CA,*,College of Education,*,Campus Resource,*,8797
CA,*,College of Engineering,*,*,*,166024,,CA,*,College of Engineering,*,Campus Resource,*,24065
CA,*,College of Engineering,*,*,*,166024,,CA,*,College of Engineering,*,Scholarship,*,53256
CA,*,College of Music,*,*,*,160114,,CA,*,College of Music,*,Campus Resource,*,30946
CA,*,College of Music,*,*,*,160114,,CA,*,College of Music,*,Endowment,*,46314
CA,*,College of Natural Science,*,*,*,513893,,CA,*,College of Natural Science,*,Campus Resource,*,135046
CA,*,College of Natural Science,*,*,*,513893,,CA,*,College of Natural Science,*,Endowment,*,149526
CA,*,College of Nursing,*,*,*,111532,,CA,*,College of Nursing,*,Campus Resource,*,13433
CA,*,College of Nursing,*,*,*,111532,,CA,*,College of Nursing,*,Endowment,*,10941
CA,*,College of Political Science,*,*,*,67504,,CA,*,College of Political Science,*,Campus Resource,*,9414
CA,*,College of Political Science,*,*,*,67504,,CA,*,College of Political Science,*,Scholarship,*,10881
CA,*,College of Social Science,*,*,*,494442,,CA,*,College of Social Science,*,Campus Resource,*,117787
CO,*,College of Agriculture and Natural Resources,*,*,*,531860.0,,CO,*,College of Agriculture and Natural Resources,*,Campus Resource,*,164180.0
CO,*,College of Agriculture and Natural Resources,*,*,*,531860.0,,CO,*,College of Agriculture and Natural Resources,*,Endowment,*,97386.5
CO,*,College of Arts and Sciences,*,*,*,769361.5,,CO,*,College of Arts and Sciences,*,Campus Resource,*,149171.5
CO,*,College of Business,*,*,*,49700.0,,CO,*,College of Business,*,Campus Resource,*,11362.5
CO,*,College of Business,*,*,*,49700.0,,CO,*,College of Business,*,Endowment,*,13656
CO,*,College of Communication Arts and Sciences,*,*,*,30540.0,,CO,*,College of Communication Arts and Sciences,*,Endowment,*,696
CO,*,College of Communication Arts and Sciences,*,*,*,30540.0,,CO,*,College of Communication Arts and Sciences,*,Scholarship,*,1389
CO,*,College of Education,*,*,*,204939.5,,CO,*,College of Education,*,Campus Resource,*,30153.0
CO,*,College of Education,*,*,*,204939.5,,CO,*,College of Education,*,Endowment,*,62207.5
CO,*,College of Engineering,*,*,*,152060.0,,CO,*,College of Engineering,*,Campus Resource,*,27841.5
CO,*,College of Music,*,*,*,189535.5,,CO,*,College of Music,*,Campus Resource,*,14367
CO,*,College of Natural Science,*,*,*,521933.5,,CO,*,College of Natural Science,*,Campus Resource,*,119710.0
CO,*,College of Natural Science,*,*,*,521933.5,,CO,*,College of Natural Science,*,Endowment,*,158764.0
CO,*,College of Nursing,*,*,*,96675.0,,CO,*,College of Nursing,*,Campus Resource,*,10065
CO,*,College of Nursing,*,*,*,96675.0,,CO,*,College of Nursing,*,Scholarship,*,25234.5
CO,*,College of Social Science,*,*,*,567407.5,,CO,*,College of Social Science,*,Campus Resource,*,103731.0
CO,*,College of Social Science,*,*,*,567407.5,,CO,*,College of Social Science,*,Endowment,*,150184.0
CT,*,College of Agriculture and Natural Resources,*,*,*,93314,,CT,*,College of Agriculture and Natural Resources,*,Endowment,*,25934
CT,*,College of Arts and Sciences,*,*,*,142822,,CT,*,College of Arts and Sciences,*,Campus Resource,*,13695
CT,*,College of Engineering,*,*,*,46595,,CT,*,College of Engineering,*,Endowment,*,7315
CT,*,College of Natural Science,*,*,*,77628,,CT,*,College of Natural Science,*,Campus Resource,*,2336
CT,*,College of Social Science,*,*,*,60742,,CT,*,College of Social Science,*,Campus Resource,*,18295
CT,*,College of Social Science,*,*,*,60742,,CT,*,College of Social Science,*,Endowment,*,9239
DC,*,College of Agriculture and Natural Resources,*,*,*,40381,,DC,*,College of Agriculture and Natural Resources,*,Campus Resource,*,1967
DC,*,College of Agriculture and Natural Resources,*,*,*,40381,,DC,*,College of Agriculture and Natural Resources,*,Endowment,*,7842
DC,*,College of Engineering,*,*,*,28753,,DC,*,College of Engineering,*,Campus Resource,*,6526
DC,*,College of Engineering,*,*,*,28753,,DC,*,College of Engineering,*,Endowment,*,9431
DC,*,College of Natural Science,*,*,*,26453,,DC,*,College of Natural Science,*,Campus Resource,*,7890
DC,*,College of Nursing,*,*,*,28927,,DC,*,College of Nursing,*,Campus Resource,*,431
DC,*,College of Nursing,*,*,*,28927,,DC,*,College of Nursing,*,Endowment,*,5240
DC,*,College of Social Science,*,*,*,111970,,DC,*,College of Social Science,*,Campus Resource,*,847
FL,*,College of Agriculture and Natural Resources,*,*,*,279224,,FL,*,College of Agriculture and Natural Resources,*,Campus Resource,*,37721
FL,*,College of Arts and Sciences,*,*,*,205328,,FL,*,College of Arts and Sciences,*,Campus Resource,*,39836
FL,*,College of Arts and Sciences,*,*,*,205328,,FL,*,College of Arts and Sciences,*,Endowment,*,60020
FL,*,College of Business,*,*,*,81847,,FL,*,College of Business,*,Campus Resource,*,41
FL,*,College of Communication Arts and Sciences,*,*,*,49311,,FL,*,College of Communication Arts and Sciences,*,Scholarship,*,1562
FL,*,College of Engineering,*,*,*,47053,,FL,*,College of Engineering,*,Endowment,*,8650
FL,*,College of Engineering,*,*,*,47053,,FL,*,College of Engineering,*,Scholarship,*,14558
FL,*,College of Music,*,*,*,28102,,FL,*,College of Music,*,Scholarship,*,3736
FL,*,College of Natural Science,*,*,*,244101,,FL,*,College of Natural Science,*,Campus Resource,*,27163
FL,*,College of Nursing,*,*,*,8955,,FL,*,College of Nursing,*,Campus Resource,*,1606
FL,*,College of Nursing,*,*,*,8955,,FL,*,College of Nursing,*,Scholarship,*,303
FL,*,College of Political Science,*,*,*,61506,,FL,*,College of Political Science,*,Campus Resource,*,8819
FL,*,College of Political Science,*,*,*,61506,,FL,*,College of Political Science,*,Scholarship,*,19696
FL,*,College of Social Science,*,*,*,172306,,FL,*,College of Social Science,*,Campus Resource,*,21391
GA,*,College of Agriculture and Natural Resources,*,*,*,24585,,GA,*,College of Agriculture and Natural Resources,*,Endowment,*,7667
GA,*,College of Agriculture and Natural Resources,*,*,*,24585,,GA,*,College of Agriculture and Natural Resources,*,Scholarship,*,837
GA,*,College of Engineering,*,*,*,24473,,GA,*,College of Engineering,*,Campus Resource,*,3715
GA,*,College of Natural Science,*,*,*,202197,,GA,*,College of Natural Science,*,Campus Resource,*,26996
GA,*,College of Natural Science,*,*,*,202197,,GA,*,College of Natural Science,*,Scholarship,*,66142
GA,*,College of Political Science,*,*,*,19314,,GA,*,College of Political Science,*,Endowment,*,5188
GA,*,College of Political Science,*,*,*,19314,,GA,*,College of Political Science,*,Scholarship,*,5615
GA,*,College of Social Science,*,*,*,35008,,GA,*,College of Social Science,*,Campus Resource,*,612
GA,*,College of Social Science,*,*,*,35008,,GA,*,College of Social Science,*,Endowment,*,6966
IA,*,College of Agriculture and Natural Resources,*,*,*,7713,,IA,*,College of Agriculture and Natural Resources,*,Endowment,*,1587
IA,*,College of Agriculture and Natural Resources,*,*,*,7713,,IA,*,College of Agriculture and Natural Resources,*,Scholarship,*,1587
IA,*,College of Arts and Sciences,*,*,*,42109,,IA,*,College of Arts and Sciences,*,Campus Resource,*,11296
IA,*,College of Engineering,*,*,*,17980,,IA,*,College of Engineering,*,Endowment,*,31
IA,*,College of Engineering,*,*,*,17980,,IA,*,College of Engineering,*,Scholarship,*,4693
IA,*,College of Natural Science,*,*,*,38166,,IA,*,College of Natural Science,*,Campus Resource,*,9344
IA,*,College of Natural Science,*,*,*,38166,,IA,*,College of Natural Science,*,Scholarship,*,5165
IA,*,College of Nursing,*,*,*,7509,,IA,*,College of Nursing,*,Endowment,*,383
IA,*,College of Social Science,*,*,*,37724,,IA,*,College of Social Science,*,Endowment,*,12385
IA,*,College of Social Science,*,*,*,37724,,IA,*,College of Social Science,*,Scholarship,*,10321
IL,*,College of Agriculture and Natural Resources,*,*,*,101665,,IL,*,College of Agriculture and Natural Resources,*,Campus Resource,*,3318
IL,*,College of Arts and Sciences,*,*,*,220769,,IL,*,College of Arts and Sciences,*,Endowment,*,46443
IL,*,College of Business,*,*,*,70154,,IL,*,College of Business,*,Campus Resource,*,17770
IL,*,College of Business,*,*,*,70154,,IL,*,College of Business,*,Scholarship,*,18880
IL,*,College of Education,*,*,*,56846,,IL,*,College of Education,*,Campus Resource,*,16833
IL,*,College of Education,*,*,*,56846,,IL,*,College of Education,*,Endowment,*,15098
IL,*,College of Engineering,*,*,*,564895,,IL,*,College of Engineering,*,Campus Resource,*,15724
IL,*,College of Engineering,*,*,*,564895,,IL,*,College of Engineering,*,Scholarship,*,40814
IL,*,College of Music,*,*,*,83878,,IL,*,College of Music,*,Campus Resource,*,1191
IL,*,College of Natural Science,*,*,*,116784,,IL,*,College of Natural Science,*,Campus Resource,*,24373
IL,*,College of Natural Science,*,*,*,116784,,IL,*,College of Natural Science,*,Scholarship,*,29611
IL,*,College of Political Science,*,*,*,11375,,IL,*,College of Political Science,*,Endowment,*,1995
IL,*,College of Social Science,*,*,*,117481,,IL,*,College of Social Science,*,Endowment,*,14657
IN,*,College of Agriculture and Natural Resources,*,*,*,34262,,IN,*,College of Agriculture and Natural Resources,*,Endowment,*,6664
IN,*,College of Agriculture and Natural Resources,*,*,*,34262,,IN,*,College of Agriculture and Natural Resources,*,Scholarship,*,7159
IN,*,College of Arts and Sciences,*,*,*,58732,,IN,*,College of Arts and Sciences,*,Campus Resource,*,14194
IN,*,College of Arts and Sciences,*,*,*,58732,,IN,*,College of Arts and Sciences,*,Scholarship,*,16902
IN,*,College of Business,*,*,*,59110,,IN,*,College of Business,*,Campus Resource,*,17732
IN,*,College of Engineering,*,*,*,85241,,IN,*,College of Engineering,*,Campus Resource,*,6331
IN,*,College of Engineering,*,*,*,85241,,IN,*,College of Engineering,*,Scholarship,*,17231
IN,*,College of Natural Science,*,*,*,147029,,IN,*,College of Natural Science,*,Campus Resource,*,41423
IN,*,College of Natural Science,*,*,*,147029,,IN,*,College of Natural Science,*,Endowment,*,23753
IN,*,College of Social Science,*,*,*,71040,,IN,*,College of Social Science,*,Endowment,*,16114
IN,*,College of Social Science,*,*,*,71040,,IN,*,College of Social Science,*,Scholarship,*,20554
KS,*,College of Agriculture and Natural Resources,*,*,*,101639,,KS,*,College of Agriculture and Natural Resources,*,Campus Resource,*,19154
KS,*,College of Agriculture and Natural Resources,*,*,*,101639,,KS,*,College of Agriculture and Natural Resources,*,Endowment,*,19072
KS,*,College of Arts and Sciences,*,*,*,59209,,KS,*,College of Arts and Sciences,*,Campus Resource,*,5152
KS,*,College of Arts and Sciences,*,*,*,59209,,KS,*,College of Arts and Sciences,*,Endowment,*,15681
KS,*,College of Business,*,*,*,24082,,KS,*,College of Business,*,Endowment,*,7067
KS,*,College of Music,*,*,*,38824,,KS,*,College of Music,*,Endowment,*,6564
KS,*,College of Natural Science,*,*,*,150985,,KS,*,College of Natural Science,*,Campus Resource,*,41400
KS,*,College of Political Science,*,*,*,51706,,KS,*,College of Political Science,*,Campus Resource,*,2168
KS,*,College of Social Science,*,*,*,82711,,KS,*,College of Social Science,*,Campus Resource,*,18634
KY,*,College of Arts and Sciences,*,*,*,60637,,KY,*,College of Arts and Sciences,*,Campus Resource,*,15459
KY,*,College of Music,*,*,*,21760,,KY,*,College of Music,*,Campus Resource,*,4605
KY,*,College of Music,*,*,*,21760,,KY,*,College of Music,*,Scholarship,*,4238
KY,*,College of Natural Science,*,*,*,38804,,KY,*,College of Natural Science,*,Campus Resource,*,9667
KY,*,College of Natural Science,*,*,*,38804,,KY,*,College of Natural Science,*,Scholarship,*,5524
KY,*,College of Social Science,*,*,*,29318,,KY,*,College of Social Science,*,Campus Resource,*,7150
LA,*,College of Agriculture and Natural Resources,*,*,*,30291,,LA,*,College of Agriculture and Natural Resources,*,Endowment,*,5578
LA,*,College of Business,*,*,*,67413,,LA,*,College of Business,*,Campus Resource,*,11808
LA,*,College of Business,*,*,*,67413,,LA,*,College of Business,*,Scholarship,*,10024
LA,*,College of Music,*,*,*,24817,,LA,*,College of Music,*,Endowment,*,3770
LA,*,College of Political Science,*,*,*,13397,,LA,*,College of Political Science,*,Campus Resource,*,4083
MA,*,College of Agriculture and Natural Resources,*,*,*,130137,,MA,*,College of Agriculture and Natural Resources,*,Campus Resource,*,19532
MA,*,College of Agriculture and Natural Resources,*,*,*,130137,,MA,*,College of Agriculture and Natural Resources,*,Endowment,*,38351
MA,*,College of Business,*,*,*,46625,,MA,*,College of Business,*,Campus Resource,*,6493
MA,*,College of Engineering,*,*,*,26792,,MA,*,College of Engineering,*,Endowment,*,7129
MA,*,College of Music,*,*,*,45710,,MA,*,College of Music,*,Campus Resource,*,14972
MA,*,College of Music,*,*,*,45710,,MA,*,College of Music,*,Scholarship,*,14724
MA,*,College of Natural Science,*,*,*,15170,,MA,*,College of Natural Science,*,Campus Resource,*,701
MA,*,College of Natural Science,*,*,*,15170,,MA,*,College of Natural Science,*,Scholarship,*,4310
MA,*,College of Social Science,*,*,*,56996,,MA,*,College of Social Science,*,Campus Resource,*,14445
MA,*,College of Social Science,*,*,*,56996,,MA,*,College of Social Science,*,Endowment,*,17627
MI,*,College of Agriculture and Natural Resources,*,*,*,158386,,MI,*,College of Agriculture and Natural Resources,*,Campus Resource,*,12463
MI,*,College of Agriculture and Natural Resources,*,*,*,158386,,MI,*,College of Agriculture and Natural Resources,*,Endowment,*,51330
MI,*,College of Arts and Sciences,*,*,*,110593,,MI,*,College of Arts and Sciences,*,Campus Resource,*,24542
MI,*,College of Arts and Sciences,*,*,*,110593,,MI,*,College of Arts and Sciences,*,Endowment,*,22209
MI,*,College of Business,*,*,*,86539,,MI,*,College of Business,*,Campus Resource,*,26887
MI,*,College of Business,*,*,*,86539,,MI,*,College of Business,*,Scholarship,*,18100
MI,*,College of Communication Arts and Sciences,*,*,*,22311,,MI,*,College of Communication Arts and Sciences,*,Campus Resource,*,7242
MI,*,College of Communication Arts and Sciences,*,*,*,22311,,MI,*,College of Communication Arts and Sciences,*,Scholarship,*,6872
MI,*,College of Education,*,*,*,58178,,MI,*,College of Education,*,Campus Resource,*,9604
MI,*,College of Education,*,*,*,58178,,MI,*,College of Education,*,Scholarship,*,19035
MI,*,College of Music,*,*,*,24710,,MI,*,College of Music,*,Endowment,*,5040
MI,*,College of Music,*,*,*,24710,,MI,*,College of Music,*,Scholarship,*,3069
MI,*,College of Natural Science,*,*,*,113326,,MI,*,College of Natural Science,*,Campus Resource,*,18409
MI,*,College of Nursing,*,*,*,76668,,MI,*,College of Nursing,*,Scholarship,*,24718
MI,*,College of Political Science,*,*,*,101374,,MI,*,College of Political Science,*,Endowment,*,14976
MI,*,College of Political Science,*,*,*,101374,,MI,*,College of Political Science,*,Scholarship,*,33187
MI,*,College of Social Science,*,*,*,70504,,MI,*,College of Social Science,*,Campus Resource,*,6074
MI,*,College of Social Science,*,*,*,70504,,MI,*,College of Social Science,*,Scholarship,*,18911
MN,*,College of Agriculture and Natural Resources,*,*,*,13428,,MN,*,College of Agriculture and Natural Resources,*,Campus Resource,*,3784
MN,*,College of Agriculture and Natural Resources,*,*,*,13428,,MN,*,College of Agriculture and Natural Resources,*,Scholarship,*,181
MN,*,College of Business,*,*,*,24348,,MN,*,College of Business,*,Scholarship,*,6356
MN,*,College of Natural Science,*,*,*,8949,,MN,*,College of Natural Science,*,Campus Resource,*,740
MO,*,College of Agriculture and Natural Resources,*,*,*,148051,,MO,*,College of Agriculture and Natural Resources,*,Campus Resource,*,17481
MO,*,College of Agriculture and Natural Resources,*,*,*,148051,,MO,*,College of Agriculture and Natural Resources,*,Endowment,*,27972
MO,*,College of Arts and Sciences,*,*,*,78797,,MO,*,College of Arts and Sciences,*,Campus Resource,*,7618
MO,*,College of Arts and Sciences,*,*,*,78797,,MO,*,College of Arts and Sciences,*,Scholarship,*,24959
MO,*,College of Communication Arts and Sciences,*,*,*,18065,,MO,*,College of Communication Arts and Sciences,*,Scholarship,*,749
MO,*,College of Education,*,*,*,54576,,MO,*,College of Education,*,Campus Resource,*,6148
MO,*,College of Education,*,*,*,54576,,MO,*,College of Education,*,Endowment,*,12978
MO,*,College of Engineering,*,*,*,69339,,MO,*,College of Engineering,*,Campus Resource,*,15590
MO,*,College of Engineering,*,*,*,69339,,MO,*,College of Engineering,*,Scholarship,*,15989
MO,*,College of Natural Science,*,*,*,349865,,MO,*,College of Natural Science,*,Campus Resource,*,27421
MO,*,College of Natural Science,*,*,*,349865,,MO,*,College of Natural Science,*,Endowment,*,47404
MO,*,College of Social Science,*,*,*,65517,,MO,*,College of Social Science,*,Endowment,*,15019
MO,*,College of Social Science,*,*,*,65517,,MO,*,College of Social Science,*,Scholarship,*,19149
NC,*,College of Agriculture and Natural Resources,*,*,*,51604,,NC,*,College of Agriculture and Natural Resources,*,Endowment,*,13094
NC,*,College of Agriculture and Natural Resources,*,*,*,51604,,NC,*,College of Agriculture and Natural Resources,*,Scholarship,*,15516
NC,*,College of Arts and Sciences,*,*,*,71755,,NC,*,College of Arts and Sciences,*,Campus Resource,*,3423
NC,*,College of Business,*,*,*,19420,,NC,*,College of Business,*,Endowment,*,3641
NC,*,College of Communication Arts and Sciences,*,*,*,19584,,NC,*,College of Communication Arts and Sciences,*,Campus Resource,*,3230
NC,*,College of Communication Arts and Sciences,*,*,*,19584,,NC,*,College of Communication Arts and Sciences,*,Endowment,*,4474
NC,*,College of Education,*,*,*,24451,,NC,*,College of Education,*,Scholarship,*,274
NC,*,College of Engineering,*,*,*,39385,,NC,*,College of Engineering,*,Campus Resource,*,7126
NC,*,College of Engineering,*,*,*,39385,,NC,*,College of Engineering,*,Scholarship,*,9896
NC,*,College of Music,*,*,*,56188,,NC,*,College of Music,*,Campus Resource,*,9914
NC,*,College of Music,*,*,*,56188,,NC,*,College of Music,*,Endowment,*,5516
NC,*,College of Natural Science,*,*,*,222518,,NC,*,College of Natural Science,*,Campus Resource,*,63488
NC,*,College of Political Science,*,*,*,32798,,NC,*,College of Political Science,*,Campus Resource,*,7591
NC,*,College of Political Science,*,*,*,32798,,NC,*,College of Political Science,*,Scholarship,*,8987
NC,*,College of Social Science,*,*,*,103042,,NC,*,College of Social Science,*,Campus Resource,*,23479
NC,*,College of Social Science,*,*,*,103042,,NC,*,College of Social Science,*,Scholarship,*,25250
NE,*,College of Agriculture and Natural Resources,*,*,*,52989,,NE,*,College of Agriculture and Natural Resources,*,Campus Resource,*,8979
NE,*,College of Arts and Sciences,*,*,*,29911,,NE,*,College of Arts and Sciences,*,Campus Resource,*,2939
NE,*,College of Arts and Sciences,*,*,*,29911,,NE,*,College of Arts and Sciences,*,Endowment,*,8294
NE,*,College of Engineering,*,*,*,48322,,NE,*,College of Engineering,*,Campus Resource,*,11109
NE,*,College of Natural Science,*,*,*,59239,,NE,*,College of Natural Science,*,Campus Resource,*,9108
NE,*,College of Social Science,*,*,*,65805,,NE,*,College of Social Science,*,Campus Resource,*,3885
NE,*,College of Social Science,*,*,*,65805,,NE,*,College of Social Science,*,Scholarship,*,267
NH,*,College of Arts and Sciences,*,*,*,91399,,NH,*,College of Arts and Sciences,*,Campus Resource,*,26327
NH,*,College of Arts and Sciences,*,*,*,91399,,NH,*,College of Arts and Sciences,*,Scholarship,*,26905
NH,*,College of Engineering,*,*,*,6508,,NH,*,College of Engineering,*,Scholarship,*,76
NH,*,College of Music,*,*,*,12461,,NH,*,College of Music,*,Endowment,*,2796
NH,*,College of Social Science,*,*,*,30637,,NH,*,College of Social Science,*,Campus Resource,*,9589
NH,*,College of Social Science,*,*,*,30637,,NH,*,College of Social Science,*,Endowment,*,427
NJ,*,College of Natural Science,*,*,*,45513,,NJ,*,College of Natural Science,*,Endowment,*,7082
NM,*,College of Arts and Sciences,*,*,*,29493,,NM,*,College of Arts and Sciences,*,Scholarship,*,9062
NM,*,College of Communication Arts and Sciences,*,*,*,30808,,NM,*,College of Communication Arts and Sciences,*,Campus Resource,*,2646
NM,*,College of Social Science,*,*,*,52328,,NM,*,College of Social Science,*,Campus Resource,*,7641
NV,*,College of Agriculture and Natural Resources,*,*,*,65562,,NV,*,College of Agriculture and Natural Resources,*,Endowment,*,11776
NV,*,College of Agriculture and Natural Resources,*,*,*,65562,,NV,*,College of Agriculture and Natural Resources,*,Scholarship,*,12526
NV,*,College of Arts and Sciences,*,*,*,65983,,NV,*,College of Arts and Sciences,*,Campus Resource,*,2587
NV,*,College of Business,*,*,*,17575,,NV,*,College of Business,*,Endowment,*,2483
NV,*,College of Communication Arts and Sciences,*,*,*,36176,,NV,*,College of Communication Arts and Sciences,*,Campus Resource,*,3271
NV,*,College of Communication Arts and Sciences,*,*,*,36176,,NV,*,College of Communication Arts and Sciences,*,Scholarship,*,5336
NV,*,College of Engineering,*,*,*,79818,,NV,*,College of Engineering,*,Endowment,*,26136
NV,*,College of Engineering,*,*,*,79818,,NV,*,College of Engineering,*,Scholarship,*,6400
NV,*,College of Music,*,*,*,35733,,NV,*,College of Music,*,Campus Resource,*,995
NV,*,College of Natural Science,*,*,*,114381,,NV,*,College of Natural Science,*,Campus Resource,*,4091
NV,*,College of Social Science,*,*,*,54898,,NV,*,College of Social Science,*,Endowment,*,10437
NV,*,College of Social Science,*,*,*,54898,,NV,*,College of Social Science,*,Scholarship,*,13414
NY,*,College of Agriculture and Natural Resources,*,*,*,217236,,NY,*,College of Agriculture and Natural Resources,*,Campus Resource,*,39429
NY,*,College of Arts and Sciences,*,*,*,238805,,NY,*,College of Arts and Sciences,*,Campus Resource,*,30316
NY,*,College of Business,*,*,*,101449,,NY,*,College of Business,*,Campus Resource,*,10676
NY,*,College of Business,*,*,*,101449,,NY,*,College of Business,*,Endowment,*,26072
NY,*,College of Education,*,*,*,48663,,NY,*,College of Education,*,Endowment,*,2028
NY,*,College of Engineering,*,*,*,19943,,NY,*,College of Engineering,*,Campus Resource,*,4001
NY,*,College of Engineering,*,*,*,19943,,NY,*,College of Engineering,*,Endowment,*,3973
NY,*,College of Natural Science,*,*,*,216968,,NY,*,College of Natural Science,*,Campus Resource,*,49099
NY,*,College of Political Science,*,*,*,108100,,NY,*,College of Political Science,*,Campus Resource,*,26675
NY,*,College of Political Science,*,*,*,108100,,NY,*,College of Political Science,*,Endowment,*,21191
NY,*,College of Social Science,*,*,*,117352,,NY,*,College of Social Science,*,Campus Resource,*,33520
NY,*,College of Social Science,*,*,*,117352,,NY,*,College of Social Science,*,Scholarship,*,38768
OH,*,College of Agriculture and Natural Resources,*,*,*,60316,,OH,*,College of Agriculture and Natural Resources,*,Campus Resource,*,15776
OH,*,College of Arts and Sciences,*,*,*,216741,,OH,*,College of Arts and Sciences,*,Campus Resource,*,41454
OH,*,College of Arts and Sciences,*,*,*,216741,,OH,*,College of Arts and Sciences,*,Endowment,*,70189
OH,*,College of Business,*,*,*,40959,,OH,*,College of Business,*,Endowment,*,6146
OH,*,College of Education,*,*,*,12661,,OH,*,College of Education,*,Scholarship,*,3029
OH,*,College of Music,*,*,*,53012,,OH,*,College of Music,*,Endowment,*,5854
OH,*,College of Natural Science,*,*,*,157110,,OH,*,College of Natural Science,*,Campus Resource,*,33468
OH,*,College of Natural Science,*,*,*,157110,,OH,*,College of Natural Science,*,Endowment,*,28883
OH,*,College of Nursing,*,*,*,21405,,OH,*,College of Nursing,*,Campus Resource,*,363
OH,*,College of Nursing,*,*,*,21405,,OH,*,College of Nursing,*,Endowment,*,4090
OH,*,College of Social Science,*,*,*,189239,,OH,*,College of Social Science,*,Endowment,*,58650
OH,*,College of Social Science,*,*,*,189239,,OH,*,College of Social Science,*,Scholarship,*,57089
OH,*,College of Veterinary Medicine,*,*,*,65154,,OH,*,College of Veterinary Medicine,*,Campus Resource,*,19275
OH,*,College of Veterinary Medicine,*,*,*,65154,,OH,*,College of Veterinary Medicine,*,Scholarship,*,13049
OK,*,College of Arts and Sciences,*,*,*,42129,,OK,*,College of Arts and Sciences,*,Scholarship,*,10384
OK,*,College of Business,*,*,*,62186,,OK,*,College of Business,*,Campus Resource,*,5901
OK,*,College of Business,*,*,*,62186,,OK,*,College of Business,*,Scholarship,*,14945
OK,*,College of Natural Science,*,*,*,59764,,OK,*,College of Natural Science,*,Campus Resource,*,6222
OK,*,College of Natural Science,*,*,*,59764,,OK,*,College of Natural Science,*,Endowment,*,9390
OK,*,College of Political Science,*,*,*,8717,,OK,*,College of Political Science,*,Scholarship,*,888
OK,*,College of Social Science,*,*,*,61569,,OK,*,College of Social Science,*,Endowment,*,16048
OR,*,College of Arts and Sciences,*,*,*,78320,,OR,*,College of Arts and Sciences,*,Campus Resource,*,14303
OR,*,College of Communication Arts and Sciences,*,*,*,33759,,OR,*,College of Communication Arts and Sciences,*,Campus Resource,*,4269
OR,*,College of Communication Arts and Sciences,*,*,*,33759,,OR,*,College of Communication Arts and Sciences,*,Endowment,*,8641
OR,*,College of Natural Science,*,*,*,79331,,OR,*,College of Natural Science,*,Endowment,*,23097
OR,*,College of Natural Science,*,*,*,79331,,OR,*,College of Natural Science,*,Scholarship,*,23813
OR,*,College of Political Science,*,*,*,14669,,OR,*,College of Political Science,*,Campus Resource,*,501
OR,*,College of Social Science,*,*,*,40029,,OR,*,College of Social Science,*,Campus Resource,*,12379
OR,*,College of Social Science,*,*,*,40029,,OR,*,College of Social Science,*,Endowment,*,13066
PA,*,College of Agriculture and Natural Resources,*,*,*,24653,,PA,*,College of Agriculture and Natural Resources,*,Campus Resource,*,7034
PA,*,College of Agriculture and Natural Resources,*,*,*,24653,,PA,*,College of Agriculture and Natural Resources,*,Endowment,*,8166
PA,*,College of Arts and Sciences,*,*,*,67491,,PA,*,College of Arts and Sciences,*,Endowment,*,19298
PA,*,College of Arts and Sciences,*,*,*,67491,,PA,*,College of Arts and Sciences,*,Scholarship,*,20598
PA,*,College of Engineering,*,*,*,20753,,PA,*,College of Engineering,*,Campus Resource,*,6556
PA,*,College of Engineering,*,*,*,20753,,PA,*,College of Engineering,*,Endowment,*,6725
PA,*,College of Natural Science,*,*,*,42508,,PA,*,College of Natural Science,*,Campus Resource,*,43
PA,*,College of Social Science,*,*,*,107737,,PA,*,College of Social Science,*,Endowment,*,22623
RI,*,College of Arts and Sciences,*,*,*,39448,,RI,*,College of Arts and Sciences,*,Campus Resource,*,10004
RI,*,College of Arts and Sciences,*,*,*,39448,,RI,*,College of Arts and Sciences,*,Endowment,*,10450
RI,*,College of Social Science,*,*,*,31465,,RI,*,College of Social Science,*,Endowment,*,10235
SC,*,College of Agriculture and Natural Resources,*,*,*,43081,,SC,*,College of Agriculture and Natural Resources,*,Campus Resource,*,11572
SC,*,College of Agriculture and Natural Resources,*,*,*,43081,,SC,*,College of Agriculture and Natural Resources,*,Endowment,*,1695
SC,*,College of Arts and Sciences,*,*,*,58502,,SC,*,College of Arts and Sciences,*,Campus Resource,*,4356
SC,*,College of Arts and Sciences,*,*,*,58502,,SC,*,College of Arts and Sciences,*,Endowment,*,11040
SC,*,College of Communication Arts and Sciences,*,*,*,7670,,SC,*,College of Communication Arts and Sciences,*,Endowment,*,998
SC,*,College of Natural Science,*,*,*,25155,,SC,*,College of Natural Science,*,Campus Resource,*,6101
SC,*,College of Natural Science,*,*,*,25155,,SC,*,College of Natural Science,*,Endowment,*,309
SC,*,College of Social Science,*,*,*,92929,,SC,*,College of Social Science,*,Campus Resource,*,23545
TN,*,College of Agriculture and Natural Resources,*,*,*,87834,,TN,*,College of Agriculture and Natural Resources,*,Campus Resource,*,28899
TN,*,College of Agriculture and Natural Resources,*,*,*,87834,,TN,*,College of Agriculture and Natural Resources,*,Endowment,*,28376
TN,*,College of Arts and Sciences,*,*,*,121657,,TN,*,College of Arts and Sciences,*,Endowment,*,25007
TN,*,College of Engineering,*,*,*,36388,,TN,*,College of Engineering,*,Campus Resource,*,3795
TN,*,College of Natural Science,*,*,*,155665,,TN,*,College of Natural Science,*,Endowment,*,27823
TN,*,College of Political Science,*,*,*,41368,,TN,*,College of Political Science,*,Campus Resource,*,9797
TN,*,College of Political Science,*,*,*,41368,,TN,*,College of Political Science,*,Scholarship,*,10857
TX,*,College of Agriculture and Natural Resources,*,*,*,216202,,TX,*,College of Agriculture and Natural Resources,*,Campus Resource,*,25867
TX,*,College of Arts and Sciences,*,*,*,357957,,TX,*,College of Arts and Sciences,*,Campus Resource,*,103678
TX,*,College of Arts and Sciences,*,*,*,357957,,TX,*,College of Arts and Sciences,*,Endowment,*,109132
TX,*,College of Business,*,*,*,146368,,TX,*,College of Business,*,Endowment,*,46105
TX,*,College of Communication Arts and Sciences,*,*,*,13823,,TX,*,College of Communication Arts and Sciences,*,Campus Resource,*,3766
TX,*,College of Communication Arts and Sciences,*,*,*,13823,,TX,*,College of Communication Arts and Sciences,*,Endowment,*,1717
TX,*,College of Education,*,*,*,28176,,TX,*,College of Education,*,Endowment,*,2070
TX,*,College of Engineering,*,*,*,130125,,TX,*,College of Engineering,*,Campus Resource,*,18923
TX,*,College of Engineering,*,*,*,130125,,TX,*,College of Engineering,*,Endowment,*,16204
TX,*,College of Music,*,*,*,45666,,TX,*,College of Music,*,Endowment,*,14607
TX,*,College of Music,*,*,*,45666,,TX,*,College of Music,*,Scholarship,*,14923
TX,*,College of Natural Science,*,*,*,568526,,TX,*,College of Natural Science,*,Campus Resource,*,168392
TX,*,College of Political Science,*,*,*,74057,,TX,*,College of Political Science,*,Campus Resource,*,14213
TX,*,College of Social Science,*,*,*,248546,,TX,*,College of Social Science,*,Campus Resource,*,46741
TX,*,College of Social Science,*,*,*,248546,,TX,*,College of Social Science,*,Scholarship,*,74697
TX,*,College of Veterinary Medicine,*,*,*,72664,,TX,*,College of Veterinary Medicine,*,Campus Resource,*,3411
TX,*,College of Veterinary Medicine,*,*,*,72664,,TX,*,College of Veterinary Medicine,*,Scholarship,*,17409
UT,*,College of Arts and Sciences,*,*,*,63680,,UT,*,College of Arts and Sciences,*,Campus Resource,*,19553
UT,*,College of Arts and Sciences,*,*,*,63680,,UT,*,College of Arts and Sciences,*,Endowment,*,20485
UT,*,College of Engineering,*,*,*,55857,,UT,*,College of Engineering,*,Campus Resource,*,9695
UT,*,College of Engineering,*,*,*,55857,,UT,*,College of Engineering,*,Scholarship,*,2977
UT,*,College of Political Science,*,*,*,27065,,UT,*,College of Political Science,*,Campus Resource,*,7152
UT,*,College of Political Science,*,*,*,27065,,UT,*,College of Political Science,*,Scholarship,*,7152
UT,*,College of Social Science,*,*,*,36710,,UT,*,College of Social Science,*,Campus Resource,*,3478
UT,*,College of Social Science,*,*,*,36710,,UT,*,College of Social Science,*,Scholarship,*,4991
VA,*,College of Agriculture and Natural Resources,*,*,*,136336,,VA,*,College of Agriculture and Natural Resources,*,Campus Resource,*,25101
VA,*,College of Agriculture and Natural Resources,*,*,*,136336,,VA,*,College of Agriculture and Natural Resources,*,Endowment,*,35904
VA,*,College of Arts and Sciences,*,*,*,132703,,VA,*,College of Arts and Sciences,*,Campus Resource,*,16721
VA,*,College of Arts and Sciences,*,*,*,132703,,VA,*,College of Arts and Sciences,*,Endowment,*,36779
VA,*,College of Engineering,*,*,*,57990,,VA,*,College of Engineering,*,Campus Resource,*,11596
VA,*,College of Engineering,*,*,*,57990,,VA,*,College of Engineering,*,Scholarship,*,18710
VA,*,College of Natural Science,*,*,*,170490,,VA,*,College of Natural Science,*,Campus Resource,*,21772
VA,*,College of Nursing,*,*,*,10199,,VA,*,College of Nursing,*,Endowment,*,2002
VA,*,College of Nursing,*,*,*,10199,,VA,*,College of Nursing,*,Scholarship,*,2002
VA,*,College of Political Science,*,*,*,48548,,VA,*,College of Political Science,*,Campus Resource,*,4343
VA,*,College of Political Science,*,*,*,48548,,VA,*,College of Political Science,*,Scholarship,*,14383
VA,*,College of Social Science,*,*,*,34259,,VA,*,College of Social Science,*,Campus Resource,*,7672
VA,*,College of Social Science,*,*,*,34259,,VA,*,College of Social Science,*,Endowment,*,8669
WA,*,College of Agriculture and Natural Resources,*,*,*,91419,,WA,*,College of Agriculture and Natural Resources,*,Campus Resource,*,24421
WA,*,College of Agriculture and Natural Resources,*,*,*,91419,,WA,*,College of Agriculture and Natural Resources,*,Scholarship,*,28041
WA,*,College of Arts and Sciences,*,*,*,122459,,WA,*,College of Arts and Sciences,*,Campus Resource,*,15243
WA,*,College of Arts and Sciences,*,*,*,122459,,WA,*,College of Arts and Sciences,*,Endowment,*,39018
WA,*,College of Business,*,*,*,44134,,WA,*,College of Business,*,Campus Resource,*,8893
WA,*,College of Business,*,*,*,44134,,WA,*,College of Business,*,Endowment,*,11324
WA,*,College of Communication Arts and Sciences,*,*,*,43216,,WA,*,College of Communication Arts and Sciences,*,Campus Resource,*,3605
WA,*,College of Engineering,*,*,*,51890,,WA,*,College of Engineering,*,Campus Resource,*,3403
WA,*,College of Music,*,*,*,13972,,WA,*,College of Music,*,Campus Resource,*,373
WA,*,College of Music,*,*,*,13972,,WA,*,College of Music,*,Endowment,*,508
WA,*,College of Natural Science,*,*,*,134368,,WA,*,College of Natural Science,*,Campus Resource,*,35486
WA,*,College of Social Science,*,*,*,106194,,WA,*,College of Social Science,*,Campus Resource,*,25265
WA,*,College of Social Science,*,*,*,106194,,WA,*,College of Social Science,*,Endowment,*,31535
WI,*,College of Arts and Sciences,*,*,*,19119,,WI,*,College of Arts and Sciences,*,Endowment,*,340
WI,*,College of Communication Arts and Sciences,*,*,*,23052,,WI,*,College of Communication Arts and Sciences,*,Campus Resource,*,6092
WI,*,College of Communication Arts and Sciences,*,*,*,23052,,WI,*,College of Communication Arts and Sciences,*,Endowment,*,3064
WI,*,College of Engineering,*,*,*,7875,,WI,*,College of Engineering,*,Campus Resource,*,1778
WI,*,College of Engineering,*,*,*,7875,,WI,*,College of Engineering,*,Scholarship,*,1778
WI,*,College of Natural Science,*,*,*,42184,,WI,*,College of Natural Science,*,Campus Resource,*,12781
WI,*,College of Natural Science,*,*,*,42184,,WI,*,College of Natural Science,*,Scholarship,*,2959
WI,*,College of Political Science,*,*,*,29085,,WI,*,College of Political Science,*,Campus Resource,*,6479
WI,*,College of Political Science,*,*,*,29085,,WI,*,College of Political Science,*,Scholarship,*,9066
WI,*,College of Social Science,*,*,*,27045,,WI,*,College of Social Science,*,Endowment,*,4470
WI,*,College of Social Science,*,*,*,27045,,WI,*,College of Social Science,*,Scholarship,*,2902
WY,*,College of Arts and Sciences,*,*,*,36999,,WY,*,College of Arts and Sciences,*,Campus Resource,*,9411
