*,*,*,Alumni Association,Campus Resource,*,691942.5,,AL,*,*,Alumni Association,Campus Resource,*,24091
*,*,*,Alumni Association,Campus Resource,*,691942.5,,AZ,*,*,Alumni Association,Campus Resource,*,42386
*,*,*,Alumni Association,Campus Resource,*,691942.5,,CA,*,*,Alumni Association,Campus Resource,*,48536
*,*,*,Alumni Association,Campus Resource,*,691942.5,,CO,*,*,Alumni Association,Campus Resource,*,93292.5
*,*,*,Alumni Association,Campus Resource,*,691942.5,,CT,*,*,Alumni Association,Campus Resource,*,9578
*,*,*,Alumni Association,Campus Resource,*,691942.5,,DC,*,*,Alumni Association,Campus Resource,*,676
*,*,*,Alumni Association,Campus Resource,*,691942.5,,FL,*,*,Alumni Association,Campus Resource,*,34169
*,*,*,Alumni Association,Campus Resource,*,691942.5,,GA,*,*,Alumni Association,Campus Resource,*,5229
*,*,*,Alumni Association,Campus Resource,*,691942.5,,IA,*,*,Alumni Association,Campus Resource,*,23290
*,*,*,Alumni Association,Campus Resource,*,691942.5,,IL,*,*,Alumni Association,Campus Resource,*,24333
*,*,*,Alumni Association,Campus Resource,*,691942.5,,IN,*,*,Alumni Association,Campus Resource,*,56758
*,*,*,Alumni Association,Campus Resource,*,691942.5,,KS,*,*,Alumni Association,Campus Resource,*,6708
*,*,*,Alumni Association,Campus Resource,*,691942.5,,LA,*,*,Alumni Association,Campus Resource,*,8997
*,*,*,Alumni Association,Campus Resource,*,691942.5,,MA,*,*,Alumni Association,Campus Resource,*,7547
*,*,*,Alumni Association,Campus Resource,*,691942.5,,MI,*,*,Alumni Association,Campus Resource,*,17572
*,*,*,Alumni Association,Campus Resource,*,691942.5,,MN,*,*,Alumni Association,Campus Resource,*,3784
*,*,*,Alumni Association,Campus Resource,*,691942.5,,MO,*,*,Alumni Association,Campus Resource,*,28117
*,*,*,Alumni Association,Campus Resource,*,691942.5,,NC,*,*,Alumni Association,Campus Resource,*,44414
*,*,*,Alumni Association,Campus Resource,*,691942.5,,NV,*,*,Alumni Association,Campus Resource,*,995
*,*,*,Alumni Association,Campus Resource,*,691942.5,,NY,*,*,Alumni Association,Campus Resource,*,34395
*,*,*,Alumni Association,Campus Resource,*,691942.5,,OH,*,*,Alumni Association,Campus Resource,*,54995
*,*,*,Alumni Association,Campus Resource,*,691942.5,,OK,*,*,Alumni Association,Campus Resource,*,9594
*,*,*,Alumni Association,Campus Resource,*,691942.5,,PA,*,*,Alumni Association,Campus Resource,*,16918
*,*,*,Alumni Association,Campus Resource,*,691942.5,,RI,*,*,Alumni Association,Campus Resource,*,4789
*,*,*,Alumni Association,Campus Resource,*,691942.5,,SC,*,*,Alumni Association,Campus Resource,*,4356
*,*,*,Alumni Association,Campus Resource,*,691942.5,,TN,*,*,Alumni Association,Campus Resource,*,32586
*,*,*,Alumni Association,Campus Resource,*,691942.5,,TX,*,*,Alumni Association,Campus Resource,*,30261
*,*,*,Alumni Association,Campus Resource,*,691942.5,,VA,*,*,Alumni Association,Campus Resource,*,20680
*,*,*,Alumni Association,Campus Resource,*,691942.5,,WA,*,*,Alumni Association,Campus Resource,*,2896
*,*,*,Athletics,Campus Resource,*,724038.5,,AL,*,*,Athletics,Campus Resource,*,13589
*,*,*,Athletics,Campus Resource,*,724038.5,,AR,*,*,Athletics,Campus Resource,*,7773
*,*,*,Athletics,Campus Resource,*,724038.5,,AZ,*,*,Athletics,Campus Resource,*,58881
*,*,*,Athletics,Campus Resource,*,724038.5,,CA,*,*,Athletics,Campus Resource,*,98369
*,*,*,Athletics,Campus Resource,*,724038.5,,CO,*,*,Athletics,Campus Resource,*,67072.5
*,*,*,Athletics,Campus Resource,*,724038.5,,CT,*,*,Athletics,Campus Resource,*,7646
*,*,*,Athletics,Campus Resource,*,724038.5,,FL,*,*,Athletics,Campus Resource,*,13857
*,*,*,Athletics,Campus Resource,*,724038.5,,IL,*,*,Athletics,Campus Resource,*,71156
*,*,*,Athletics,Campus Resource,*,724038.5,,IN,*,*,Athletics,Campus Resource,*,10765
*,*,*,Athletics,Campus Resource,*,724038.5,,KS,*,*,Athletics,Campus Resource,*,21099
*,*,*,Athletics,Campus Resource,*,724038.5,,LA,*,*,Athletics,Campus Resource,*,3670
*,*,*,Athletics,Campus Resource,*,724038.5,,MI,*,*,Athletics,Campus Resource,*,15393
*,*,*,Athletics,Campus Resource,*,724038.5,,MN,*,*,Athletics,Campus Resource,*,9394
*,*,*,Athletics,Campus Resource,*,724038.5,,MO,*,*,Athletics,Campus Resource,*,8199
*,*,*,Athletics,Campus Resource,*,724038.5,,NC,*,*,Athletics,Campus Resource,*,13450
*,*,*,Athletics,Campus Resource,*,724038.5,,NE,*,*,Athletics,Campus Resource,*,6371
*,*,*,Athletics,Campus Resource,*,724038.5,,NH,*,*,Athletics,Campus Resource,*,9665
*,*,*,Athletics,Campus Resource,*,724038.5,,NV,*,*,Athletics,Campus Resource,*,14971
*,*,*,Athletics,Campus Resource,*,724038.5,,NY,*,*,Athletics,Campus Resource,*,50048
*,*,*,Athletics,Campus Resource,*,724038.5,,OH,*,*,Athletics,Campus Resource,*,33252
*,*,*,Athletics,Campus Resource,*,724038.5,,OK,*,*,Athletics,Campus Resource,*,1633
*,*,*,Athletics,Campus Resource,*,724038.5,,OR,*,*,Athletics,Campus Resource,*,16777
*,*,*,Athletics,Campus Resource,*,724038.5,,PA,*,*,Athletics,Campus Resource,*,28114
*,*,*,Athletics,Campus Resource,*,724038.5,,SC,*,*,Athletics,Campus Resource,*,625
*,*,*,Athletics,Campus Resource,*,724038.5,,TN,*,*,Athletics,Campus Resource,*,8248
*,*,*,Athletics,Campus Resource,*,724038.5,,TX,*,*,Athletics,Campus Resource,*,71547
*,*,*,Athletics,Campus Resource,*,724038.5,,UT,*,*,Athletics,Campus Resource,*,31702
*,*,*,Athletics,Campus Resource,*,724038.5,,VA,*,*,Athletics,Campus Resource,*,16442
*,*,*,Athletics,Campus Resource,*,724038.5,,WI,*,*,Athletics,Campus Resource,*,14330
*,*,*,Campus Museums,Campus Resource,*,694474.5,,AZ,*,*,Campus Museums,Campus Resource,*,16980
*,*,*,Campus Museums,Campus Resource,*,694474.5,,CA,*,*,Campus Museums,Campus Resource,*,74249
*,*,*,Campus Museums,Campus Resource,*,694474.5,,CO,*,*,Campus Museums,Campus Resource,*,133813.5
*,*,*,Campus Museums,Campus Resource,*,694474.5,,CT,*,*,Campus Museums,Campus Resource,*,41566
*,*,*,Campus Museums,Campus Resource,*,694474.5,,FL,*,*,Campus Museums,Campus Resource,*,12127
*,*,*,Campus Museums,Campus Resource,*,694474.5,,GA,*,*,Campus Museums,Campus Resource,*,9238
*,*,*,Campus Museums,Campus Resource,*,694474.5,,IA,*,*,Campus Museums,Campus Resource,*,4539
*,*,*,Campus Museums,Campus Resource,*,694474.5,,IL,*,*,Campus Museums,Campus Resource,*,17731
*,*,*,Campus Museums,Campus Resource,*,694474.5,,IN,*,*,Campus Museums,Campus Resource,*,2474
*,*,*,Campus Museums,Campus Resource,*,694474.5,,KS,*,*,Campus Museums,Campus Resource,*,32616
*,*,*,Campus Museums,Campus Resource,*,694474.5,,KY,*,*,Campus Museums,Campus Resource,*,3009
*,*,*,Campus Museums,Campus Resource,*,694474.5,,LA,*,*,Campus Museums,Campus Resource,*,4083
*,*,*,Campus Museums,Campus Resource,*,694474.5,,MI,*,*,Campus Museums,Campus Resource,*,48289
*,*,*,Campus Museums,Campus Resource,*,694474.5,,MN,*,*,Campus Museums,Campus Resource,*,7578
*,*,*,Campus Museums,Campus Resource,*,694474.5,,MO,*,*,Campus Museums,Campus Resource,*,25014
*,*,*,Campus Museums,Campus Resource,*,694474.5,,NC,*,*,Campus Museums,Campus Resource,*,9755
*,*,*,Campus Museums,Campus Resource,*,694474.5,,NE,*,*,Campus Museums,Campus Resource,*,16618
*,*,*,Campus Museums,Campus Resource,*,694474.5,,NH,*,*,Campus Museums,Campus Resource,*,9501
*,*,*,Campus Museums,Campus Resource,*,694474.5,,NV,*,*,Campus Museums,Campus Resource,*,10858
*,*,*,Campus Museums,Campus Resource,*,694474.5,,NY,*,*,Campus Museums,Campus Resource,*,48751
*,*,*,Campus Museums,Campus Resource,*,694474.5,,OH,*,*,Campus Museums,Campus Resource,*,1652
*,*,*,Campus Museums,Campus Resource,*,694474.5,,OK,*,*,Campus Museums,Campus Resource,*,24024
*,*,*,Campus Museums,Campus Resource,*,694474.5,,OR,*,*,Campus Museums,Campus Resource,*,15674
*,*,*,Campus Museums,Campus Resource,*,694474.5,,RI,*,*,Campus Museums,Campus Resource,*,11798
*,*,*,Campus Museums,Campus Resource,*,694474.5,,SC,*,*,Campus Museums,Campus Resource,*,20082
*,*,*,Campus Museums,Campus Resource,*,694474.5,,TN,*,*,Campus Museums,Campus Resource,*,26293
*,*,*,Campus Museums,Campus Resource,*,694474.5,,TX,*,*,Campus Museums,Campus Resource,*,50621
*,*,*,Campus Museums,Campus Resource,*,694474.5,,VA,*,*,Campus Museums,Campus Resource,*,6032
*,*,*,Campus Museums,Campus Resource,*,694474.5,,WA,*,*,Campus Museums,Campus Resource,*,9509
*,*,*,Campus Recreation,Campus Resource,*,594187.5,,AL,*,*,Campus Recreation,Campus Resource,*,1248
*,*,*,Campus Recreation,Campus Resource,*,594187.5,,AZ,*,*,Campus Recreation,Campus Resource,*,7183
*,*,*,Campus Recreation,Campus Resource,*,594187.5,,CA,*,*,Campus Recreation,Campus Resource,*,64256
*,*,*,Campus Recreation,Campus Resource,*,594187.5,,CO,*,*,Campus Recreation,Campus Resource,*,58261.5
*,*,*,Campus Recreation,Campus Resource,*,594187.5,,CT,*,*,Campus Recreation,Campus Resource,*,3607
*,*,*,Campus Recreation,Campus Resource,*,594187.5,,DC,*,*,Campus Recreation,Campus Resource,*,530
*,*,*,Campus Recreation,Campus Resource,*,594187.5,,FL,*,*,Campus Recreation,Campus Resource,*,24064
*,*,*,Campus Recreation,Campus Resource,*,594187.5,,IA,*,*,Campus Recreation,Campus Resource,*,15744
*,*,*,Campus Recreation,Campus Resource,*,594187.5,,IL,*,*,Campus Recreation,Campus Resource,*,11771
*,*,*,Campus Recreation,Campus Resource,*,594187.5,,IN,*,*,Campus Recreation,Campus Resource,*,25975
*,*,*,Campus Recreation,Campus Resource,*,594187.5,,KS,*,*,Campus Recreation,Campus Resource,*,4954
*,*,*,Campus Recreation,Campus Resource,*,594187.5,,KY,*,*,Campus Recreation,Campus Resource,*,5794
*,*,*,Campus Recreation,Campus Resource,*,594187.5,,MA,*,*,Campus Recreation,Campus Resource,*,16925
*,*,*,Campus Recreation,Campus Resource,*,594187.5,,MI,*,*,Campus Recreation,Campus Resource,*,17399
*,*,*,Campus Recreation,Campus Resource,*,594187.5,,MO,*,*,Campus Recreation,Campus Resource,*,7885
*,*,*,Campus Recreation,Campus Resource,*,594187.5,,NC,*,*,Campus Recreation,Campus Resource,*,21570
*,*,*,Campus Recreation,Campus Resource,*,594187.5,,NE,*,*,Campus Recreation,Campus Resource,*,6396
*,*,*,Campus Recreation,Campus Resource,*,594187.5,,NM,*,*,Campus Recreation,Campus Resource,*,9628
*,*,*,Campus Recreation,Campus Resource,*,594187.5,,NV,*,*,Campus Recreation,Campus Resource,*,15096
*,*,*,Campus Recreation,Campus Resource,*,594187.5,,NY,*,*,Campus Recreation,Campus Resource,*,13115
*,*,*,Campus Recreation,Campus Resource,*,594187.5,,OH,*,*,Campus Recreation,Campus Resource,*,45001
*,*,*,Campus Recreation,Campus Resource,*,594187.5,,OK,*,*,Campus Recreation,Campus Resource,*,12967
*,*,*,Campus Recreation,Campus Resource,*,594187.5,,OR,*,*,Campus Recreation,Campus Resource,*,10246
*,*,*,Campus Recreation,Campus Resource,*,594187.5,,PA,*,*,Campus Recreation,Campus Resource,*,11219
*,*,*,Campus Recreation,Campus Resource,*,594187.5,,RI,*,*,Campus Recreation,Campus Resource,*,5130
*,*,*,Campus Recreation,Campus Resource,*,594187.5,,SC,*,*,Campus Recreation,Campus Resource,*,290
*,*,*,Campus Recreation,Campus Resource,*,594187.5,,TN,*,*,Campus Recreation,Campus Resource,*,39407
*,*,*,Campus Recreation,Campus Resource,*,594187.5,,TX,*,*,Campus Recreation,Campus Resource,*,74899
*,*,*,Campus Recreation,Campus Resource,*,594187.5,,VA,*,*,Campus Recreation,Campus Resource,*,13176
*,*,*,Campus Recreation,Campus Resource,*,594187.5,,WA,*,*,Campus Recreation,Campus Resource,*,42826
*,*,*,Campus Recreation,Campus Resource,*,594187.5,,WI,*,*,Campus Recreation,Campus Resource,*,7625
*,*,*,College of Agriculture and Natural Resources,Scholarship,*,1241065.5,,AR,*,*,College of Agriculture and Natural Resources,Scholarship,*,15857
*,*,*,College of Agriculture and Natural Resources,Scholarship,*,1241065.5,,AZ,*,*,College of Agriculture and Natural Resources,Scholarship,*,49387
*,*,*,College of Agriculture and Natural Resources,Scholarship,*,1241065.5,,CA,*,*,College of Agriculture and Natural Resources,Scholarship,*,110015
*,*,*,College of Agriculture and Natural Resources,Scholarship,*,1241065.5,,CO,*,*,College of Agriculture and Natural Resources,Scholarship,*,201180.5
*,*,*,College of Agriculture and Natural Resources,Scholarship,*,1241065.5,,CT,*,*,College of Agriculture and Natural Resources,Scholarship,*,29810
*,*,*,College of Agriculture and Natural Resources,Scholarship,*,1241065.5,,DC,*,*,College of Agriculture and Natural Resources,Scholarship,*,13299
*,*,*,College of Agriculture and Natural Resources,Scholarship,*,1241065.5,,FL,*,*,College of Agriculture and Natural Resources,Scholarship,*,84787
*,*,*,College of Agriculture and Natural Resources,Scholarship,*,1241065.5,,GA,*,*,College of Agriculture and Natural Resources,Scholarship,*,20564
*,*,*,College of Agriculture and Natural Resources,Scholarship,*,1241065.5,,IA,*,*,College of Agriculture and Natural Resources,Scholarship,*,1532
*,*,*,College of Agriculture and Natural Resources,Scholarship,*,1241065.5,,IL,*,*,College of Agriculture and Natural Resources,Scholarship,*,29668
*,*,*,College of Agriculture and Natural Resources,Scholarship,*,1241065.5,,IN,*,*,College of Agriculture and Natural Resources,Scholarship,*,3912
*,*,*,College of Agriculture and Natural Resources,Scholarship,*,1241065.5,,KS,*,*,College of Agriculture and Natural Resources,Scholarship,*,17456
*,*,*,College of Agriculture and Natural Resources,Scholarship,*,1241065.5,,LA,*,*,College of Agriculture and Natural Resources,Scholarship,*,14925
*,*,*,College of Agriculture and Natural Resources,Scholarship,*,1241065.5,,MA,*,*,College of Agriculture and Natural Resources,Scholarship,*,6979
*,*,*,College of Agriculture and Natural Resources,Scholarship,*,1241065.5,,MI,*,*,College of Agriculture and Natural Resources,Scholarship,*,30030
*,*,*,College of Agriculture and Natural Resources,Scholarship,*,1241065.5,,MN,*,*,College of Agriculture and Natural Resources,Scholarship,*,9558
*,*,*,College of Agriculture and Natural Resources,Scholarship,*,1241065.5,,MO,*,*,College of Agriculture and Natural Resources,Scholarship,*,48517
*,*,*,College of Agriculture and Natural Resources,Scholarship,*,1241065.5,,NC,*,*,College of Agriculture and Natural Resources,Scholarship,*,19285
*,*,*,College of Agriculture and Natural Resources,Scholarship,*,1241065.5,,NE,*,*,College of Agriculture and Natural Resources,Scholarship,*,8555
*,*,*,College of Agriculture and Natural Resources,Scholarship,*,1241065.5,,NH,*,*,College of Agriculture and Natural Resources,Scholarship,*,9117
*,*,*,College of Agriculture and Natural Resources,Scholarship,*,1241065.5,,NV,*,*,College of Agriculture and Natural Resources,Scholarship,*,33841
*,*,*,College of Agriculture and Natural Resources,Scholarship,*,1241065.5,,NY,*,*,College of Agriculture and Natural Resources,Scholarship,*,50596
*,*,*,College of Agriculture and Natural Resources,Scholarship,*,1241065.5,,OH,*,*,College of Agriculture and Natural Resources,Scholarship,*,46633
*,*,*,College of Agriculture and Natural Resources,Scholarship,*,1241065.5,,OK,*,*,College of Agriculture and Natural Resources,Scholarship,*,5763
*,*,*,College of Agriculture and Natural Resources,Scholarship,*,1241065.5,,OR,*,*,College of Agriculture and Natural Resources,Scholarship,*,11548
*,*,*,College of Agriculture and Natural Resources,Scholarship,*,1241065.5,,PA,*,*,College of Agriculture and Natural Resources,Scholarship,*,8003
*,*,*,College of Agriculture and Natural Resources,Scholarship,*,1241065.5,,RI,*,*,College of Agriculture and Natural Resources,Scholarship,*,28164
*,*,*,College of Agriculture and Natural Resources,Scholarship,*,1241065.5,,SC,*,*,College of Agriculture and Natural Resources,Scholarship,*,37538
*,*,*,College of Agriculture and Natural Resources,Scholarship,*,1241065.5,,TN,*,*,College of Agriculture and Natural Resources,Scholarship,*,71774
*,*,*,College of Agriculture and Natural Resources,Scholarship,*,1241065.5,,TX,*,*,College of Agriculture and Natural Resources,Scholarship,*,100917
*,*,*,College of Agriculture and Natural Resources,Scholarship,*,1241065.5,,UT,*,*,College of Agriculture and Natural Resources,Scholarship,*,7019
*,*,*,College of Agriculture and Natural Resources,Scholarship,*,1241065.5,,VA,*,*,College of Agriculture and Natural Resources,Scholarship,*,54663
*,*,*,College of Agriculture and Natural Resources,Scholarship,*,1241065.5,,WA,*,*,College of Agriculture and Natural Resources,Scholarship,*,54081
*,*,*,College of Agriculture and Natural Resources,Scholarship,*,1241065.5,,WI,*,*,College of Agriculture and Natural Resources,Scholarship,*,6092
*,*,*,College of Arts and Sciences,Scholarship,*,1889319.5,,AL,*,*,College of Arts and Sciences,Scholarship,*,16951
*,*,*,College of Arts and Sciences,Scholarship,*,1889319.5,,AR,*,*,College of Arts and Sciences,Scholarship,*,24834
*,*,*,College of Arts and Sciences,Scholarship,*,1889319.5,,AZ,*,*,College of Arts and Sciences,Scholarship,*,61890
*,*,*,College of Arts and Sciences,Scholarship,*,1889319.5,,CA,*,*,College of Arts and Sciences,Scholarship,*,221852
*,*,*,College of Arts and Sciences,Scholarship,*,1889319.5,,CO,*,*,College of Arts and Sciences,Scholarship,*,262681.5
*,*,*,College of Arts and Sciences,Scholarship,*,1889319.5,,CT,*,*,College of Arts and Sciences,Scholarship,*,9131
*,*,*,College of Arts and Sciences,Scholarship,*,1889319.5,,DC,*,*,College of Arts and Sciences,Scholarship,*,18641
*,*,*,College of Arts and Sciences,Scholarship,*,1889319.5,,FL,*,*,College of Arts and Sciences,Scholarship,*,97705
*,*,*,College of Arts and Sciences,Scholarship,*,1889319.5,,GA,*,*,College of Arts and Sciences,Scholarship,*,32231
*,*,*,College of Arts and Sciences,Scholarship,*,1889319.5,,IA,*,*,College of Arts and Sciences,Scholarship,*,14524
*,*,*,College of Arts and Sciences,Scholarship,*,1889319.5,,IL,*,*,College of Arts and Sciences,Scholarship,*,85892
*,*,*,College of Arts and Sciences,Scholarship,*,1889319.5,,IN,*,*,College of Arts and Sciences,Scholarship,*,85690
*,*,*,College of Arts and Sciences,Scholarship,*,1889319.5,,KS,*,*,College of Arts and Sciences,Scholarship,*,49755
*,*,*,College of Arts and Sciences,Scholarship,*,1889319.5,,KY,*,*,College of Arts and Sciences,Scholarship,*,10405
*,*,*,College of Arts and Sciences,Scholarship,*,1889319.5,,LA,*,*,College of Arts and Sciences,Scholarship,*,42715
*,*,*,College of Arts and Sciences,Scholarship,*,1889319.5,,MA,*,*,College of Arts and Sciences,Scholarship,*,67407
*,*,*,College of Arts and Sciences,Scholarship,*,1889319.5,,MI,*,*,College of Arts and Sciences,Scholarship,*,60170
*,*,*,College of Arts and Sciences,Scholarship,*,1889319.5,,MN,*,*,College of Arts and Sciences,Scholarship,*,12717
*,*,*,College of Arts and Sciences,Scholarship,*,1889319.5,,MO,*,*,College of Arts and Sciences,Scholarship,*,48758
*,*,*,College of Arts and Sciences,Scholarship,*,1889319.5,,NC,*,*,College of Arts and Sciences,Scholarship,*,27866
*,*,*,College of Arts and Sciences,Scholarship,*,1889319.5,,NE,*,*,College of Arts and Sciences,Scholarship,*,7123
*,*,*,College of Arts and Sciences,Scholarship,*,1889319.5,,NH,*,*,College of Arts and Sciences,Scholarship,*,7451
*,*,*,College of Arts and Sciences,Scholarship,*,1889319.5,,NV,*,*,College of Arts and Sciences,Scholarship,*,48081
*,*,*,College of Arts and Sciences,Scholarship,*,1889319.5,,NY,*,*,College of Arts and Sciences,Scholarship,*,83531
*,*,*,College of Arts and Sciences,Scholarship,*,1889319.5,,OH,*,*,College of Arts and Sciences,Scholarship,*,50260
*,*,*,College of Arts and Sciences,Scholarship,*,1889319.5,,OK,*,*,College of Arts and Sciences,Scholarship,*,16400
*,*,*,College of Arts and Sciences,Scholarship,*,1889319.5,,OR,*,*,College of Arts and Sciences,Scholarship,*,8290
*,*,*,College of Arts and Sciences,Scholarship,*,1889319.5,,PA,*,*,College of Arts and Sciences,Scholarship,*,20088
*,*,*,College of Arts and Sciences,Scholarship,*,1889319.5,,RI,*,*,College of Arts and Sciences,Scholarship,*,29658
*,*,*,College of Arts and Sciences,Scholarship,*,1889319.5,,SC,*,*,College of Arts and Sciences,Scholarship,*,30014
*,*,*,College of Arts and Sciences,Scholarship,*,1889319.5,,TN,*,*,College of Arts and Sciences,Scholarship,*,77055
*,*,*,College of Arts and Sciences,Scholarship,*,1889319.5,,TX,*,*,College of Arts and Sciences,Scholarship,*,103585
*,*,*,College of Arts and Sciences,Scholarship,*,1889319.5,,UT,*,*,College of Arts and Sciences,Scholarship,*,26467
*,*,*,College of Arts and Sciences,Scholarship,*,1889319.5,,VA,*,*,College of Arts and Sciences,Scholarship,*,67031
*,*,*,College of Arts and Sciences,Scholarship,*,1889319.5,,WA,*,*,College of Arts and Sciences,Scholarship,*,48187
*,*,*,College of Arts and Sciences,Scholarship,*,1889319.5,,WI,*,*,College of Arts and Sciences,Scholarship,*,14283
*,*,*,College of Business,Scholarship,*,359000.0,,AL,*,*,College of Business,Scholarship,*,2842
*,*,*,College of Business,Scholarship,*,359000.0,,AZ,*,*,College of Business,Scholarship,*,39001
*,*,*,College of Business,Scholarship,*,359000.0,,CA,*,*,College of Business,Scholarship,*,51149
*,*,*,College of Business,Scholarship,*,359000.0,,CO,*,*,College of Business,Scholarship,*,69945.0
*,*,*,College of Business,Scholarship,*,359000.0,,CT,*,*,College of Business,Scholarship,*,26844
*,*,*,College of Business,Scholarship,*,359000.0,,DC,*,*,College of Business,Scholarship,*,11013
*,*,*,College of Business,Scholarship,*,359000.0,,FL,*,*,College of Business,Scholarship,*,10037
*,*,*,College of Business,Scholarship,*,359000.0,,IL,*,*,College of Business,Scholarship,*,3600
*,*,*,College of Business,Scholarship,*,359000.0,,KS,*,*,College of Business,Scholarship,*,8083
*,*,*,College of Business,Scholarship,*,359000.0,,MA,*,*,College of Business,Scholarship,*,11999
*,*,*,College of Business,Scholarship,*,359000.0,,MI,*,*,College of Business,Scholarship,*,17568
*,*,*,College of Business,Scholarship,*,359000.0,,MO,*,*,College of Business,Scholarship,*,4266
*,*,*,College of Business,Scholarship,*,359000.0,,NE,*,*,College of Business,Scholarship,*,4871
*,*,*,College of Business,Scholarship,*,359000.0,,NV,*,*,College of Business,Scholarship,*,3009
*,*,*,College of Business,Scholarship,*,359000.0,,NY,*,*,College of Business,Scholarship,*,20256
*,*,*,College of Business,Scholarship,*,359000.0,,OH,*,*,College of Business,Scholarship,*,19974
*,*,*,College of Business,Scholarship,*,359000.0,,OK,*,*,College of Business,Scholarship,*,8182
*,*,*,College of Business,Scholarship,*,359000.0,,OR,*,*,College of Business,Scholarship,*,4269
*,*,*,College of Business,Scholarship,*,359000.0,,PA,*,*,College of Business,Scholarship,*,4994
*,*,*,College of Business,Scholarship,*,359000.0,,TN,*,*,College of Business,Scholarship,*,1050
*,*,*,College of Business,Scholarship,*,359000.0,,TX,*,*,College of Business,Scholarship,*,26969
*,*,*,College of Business,Scholarship,*,359000.0,,VA,*,*,College of Business,Scholarship,*,9079
*,*,*,College of Communication Arts and Sciences,Scholarship,*,310261.5,,AL,*,*,College of Communication Arts and Sciences,Scholarship,*,4777
*,*,*,College of Communication Arts and Sciences,Scholarship,*,310261.5,,AZ,*,*,College of Communication Arts and Sciences,Scholarship,*,2872
*,*,*,College of Communication Arts and Sciences,Scholarship,*,310261.5,,CA,*,*,College of Communication Arts and Sciences,Scholarship,*,65650
*,*,*,College of Communication Arts and Sciences,Scholarship,*,310261.5,,CO,*,*,College of Communication Arts and Sciences,Scholarship,*,42346.5
*,*,*,College of Communication Arts and Sciences,Scholarship,*,310261.5,,FL,*,*,College of Communication Arts and Sciences,Scholarship,*,6646
*,*,*,College of Communication Arts and Sciences,Scholarship,*,310261.5,,GA,*,*,College of Communication Arts and Sciences,Scholarship,*,8796
*,*,*,College of Communication Arts and Sciences,Scholarship,*,310261.5,,IL,*,*,College of Communication Arts and Sciences,Scholarship,*,8468
*,*,*,College of Communication Arts and Sciences,Scholarship,*,310261.5,,IN,*,*,College of Communication Arts and Sciences,Scholarship,*,1567
*,*,*,College of Communication Arts and Sciences,Scholarship,*,310261.5,,LA,*,*,College of Communication Arts and Sciences,Scholarship,*,2069
*,*,*,College of Communication Arts and Sciences,Scholarship,*,310261.5,,MI,*,*,College of Communication Arts and Sciences,Scholarship,*,6006
*,*,*,College of Communication Arts and Sciences,Scholarship,*,310261.5,,MO,*,*,College of Communication Arts and Sciences,Scholarship,*,7731
*,*,*,College of Communication Arts and Sciences,Scholarship,*,310261.5,,NC,*,*,College of Communication Arts and Sciences,Scholarship,*,29354
*,*,*,College of Communication Arts and Sciences,Scholarship,*,310261.5,,NV,*,*,College of Communication Arts and Sciences,Scholarship,*,1300
*,*,*,College of Communication Arts and Sciences,Scholarship,*,310261.5,,NY,*,*,College of Communication Arts and Sciences,Scholarship,*,6334
*,*,*,College of Communication Arts and Sciences,Scholarship,*,310261.5,,OH,*,*,College of Communication Arts and Sciences,Scholarship,*,25291
*,*,*,College of Communication Arts and Sciences,Scholarship,*,310261.5,,PA,*,*,College of Communication Arts and Sciences,Scholarship,*,12023
*,*,*,College of Communication Arts and Sciences,Scholarship,*,310261.5,,RI,*,*,College of Communication Arts and Sciences,Scholarship,*,2810
*,*,*,College of Communication Arts and Sciences,Scholarship,*,310261.5,,SC,*,*,College of Communication Arts and Sciences,Scholarship,*,27493
*,*,*,College of Communication Arts and Sciences,Scholarship,*,310261.5,,TN,*,*,College of Communication Arts and Sciences,Scholarship,*,9783
*,*,*,College of Communication Arts and Sciences,Scholarship,*,310261.5,,TX,*,*,College of Communication Arts and Sciences,Scholarship,*,29892
*,*,*,College of Communication Arts and Sciences,Scholarship,*,310261.5,,VA,*,*,College of Communication Arts and Sciences,Scholarship,*,361
*,*,*,College of Communication Arts and Sciences,Scholarship,*,310261.5,,WA,*,*,College of Communication Arts and Sciences,Scholarship,*,8692
*,*,*,College of Education,Scholarship,*,335857,,AR,*,*,College of Education,Scholarship,*,11315
*,*,*,College of Education,Scholarship,*,335857,,AZ,*,*,College of Education,Scholarship,*,6189
*,*,*,College of Education,Scholarship,*,335857,,CA,*,*,College of Education,Scholarship,*,61105
*,*,*,College of Education,Scholarship,*,335857,,CO,*,*,College of Education,Scholarship,*,19854
*,*,*,College of Education,Scholarship,*,335857,,DC,*,*,College of Education,Scholarship,*,8241
*,*,*,College of Education,Scholarship,*,335857,,FL,*,*,College of Education,Scholarship,*,3646
*,*,*,College of Education,Scholarship,*,335857,,GA,*,*,College of Education,Scholarship,*,3169
*,*,*,College of Education,Scholarship,*,335857,,IA,*,*,College of Education,Scholarship,*,8272
*,*,*,College of Education,Scholarship,*,335857,,IL,*,*,College of Education,Scholarship,*,21416
*,*,*,College of Education,Scholarship,*,335857,,KS,*,*,College of Education,Scholarship,*,17377
*,*,*,College of Education,Scholarship,*,335857,,KY,*,*,College of Education,Scholarship,*,7288
*,*,*,College of Education,Scholarship,*,335857,,MI,*,*,College of Education,Scholarship,*,9667
*,*,*,College of Education,Scholarship,*,335857,,MO,*,*,College of Education,Scholarship,*,7210
*,*,*,College of Education,Scholarship,*,335857,,NC,*,*,College of Education,Scholarship,*,13899
*,*,*,College of Education,Scholarship,*,335857,,NE,*,*,College of Education,Scholarship,*,4813
*,*,*,College of Education,Scholarship,*,335857,,NH,*,*,College of Education,Scholarship,*,379
*,*,*,College of Education,Scholarship,*,335857,,NM,*,*,College of Education,Scholarship,*,10223
*,*,*,College of Education,Scholarship,*,335857,,NY,*,*,College of Education,Scholarship,*,9220
*,*,*,College of Education,Scholarship,*,335857,,PA,*,*,College of Education,Scholarship,*,11104
*,*,*,College of Education,Scholarship,*,335857,,RI,*,*,College of Education,Scholarship,*,2192
*,*,*,College of Education,Scholarship,*,335857,,SC,*,*,College of Education,Scholarship,*,9232
*,*,*,College of Education,Scholarship,*,335857,,TN,*,*,College of Education,Scholarship,*,251
*,*,*,College of Education,Scholarship,*,335857,,TX,*,*,College of Education,Scholarship,*,34643
*,*,*,College of Education,Scholarship,*,335857,,UT,*,*,College of Education,Scholarship,*,11470
*,*,*,College of Education,Scholarship,*,335857,,VA,*,*,College of Education,Scholarship,*,35114
*,*,*,College of Education,Scholarship,*,335857,,WA,*,*,College of Education,Scholarship,*,8568
*,*,*,College of Engineering,Scholarship,*,481830.5,,AL,*,*,College of Engineering,Scholarship,*,12112
*,*,*,College of Engineering,Scholarship,*,481830.5,,AR,*,*,College of Engineering,Scholarship,*,313
*,*,*,College of Engineering,Scholarship,*,481830.5,,AZ,*,*,College of Engineering,Scholarship,*,9638
*,*,*,College of Engineering,Scholarship,*,481830.5,,CA,*,*,College of Engineering,Scholarship,*,42043
*,*,*,College of Engineering,Scholarship,*,481830.5,,CO,*,*,College of Engineering,Scholarship,*,112075.5
*,*,*,College of Engineering,Scholarship,*,481830.5,,CT,*,*,College of Engineering,Scholarship,*,15805
*,*,*,College of Engineering,Scholarship,*,481830.5,,DC,*,*,College of Engineering,Scholarship,*,17326
*,*,*,College of Engineering,Scholarship,*,481830.5,,FL,*,*,College of Engineering,Scholarship,*,27779
*,*,*,College of Engineering,Scholarship,*,481830.5,,GA,*,*,College of Engineering,Scholarship,*,8752
*,*,*,College of Engineering,Scholarship,*,481830.5,,IL,*,*,College of Engineering,Scholarship,*,23148
*,*,*,College of Engineering,Scholarship,*,481830.5,,KS,*,*,College of Engineering,Scholarship,*,5453
*,*,*,College of Engineering,Scholarship,*,481830.5,,MI,*,*,College of Engineering,Scholarship,*,21561
*,*,*,College of Engineering,Scholarship,*,481830.5,,NC,*,*,College of Engineering,Scholarship,*,11225
*,*,*,College of Engineering,Scholarship,*,481830.5,,NE,*,*,College of Engineering,Scholarship,*,3797
*,*,*,College of Engineering,Scholarship,*,481830.5,,NH,*,*,College of Engineering,Scholarship,*,1818
*,*,*,College of Engineering,Scholarship,*,481830.5,,NV,*,*,College of Engineering,Scholarship,*,6821
*,*,*,College of Engineering,Scholarship,*,481830.5,,NY,*,*,College of Engineering,Scholarship,*,16175
*,*,*,College of Engineering,Scholarship,*,481830.5,,OH,*,*,College of Engineering,Scholarship,*,2015
*,*,*,College of Engineering,Scholarship,*,481830.5,,OK,*,*,College of Engineering,Scholarship,*,659
*,*,*,College of Engineering,Scholarship,*,481830.5,,PA,*,*,College of Engineering,Scholarship,*,9143
*,*,*,College of Engineering,Scholarship,*,481830.5,,RI,*,*,College of Engineering,Scholarship,*,5613
*,*,*,College of Engineering,Scholarship,*,481830.5,,TN,*,*,College of Engineering,Scholarship,*,8955
*,*,*,College of Engineering,Scholarship,*,481830.5,,TX,*,*,College of Engineering,Scholarship,*,58117
*,*,*,College of Engineering,Scholarship,*,481830.5,,VA,*,*,College of Engineering,Scholarship,*,24299
*,*,*,College of Engineering,Scholarship,*,481830.5,,WA,*,*,College of Engineering,Scholarship,*,35410
*,*,*,College of Engineering,Scholarship,*,481830.5,,WI,*,*,College of Engineering,Scholarship,*,1778
*,*,*,College of Music,Scholarship,*,311818.5,,AL,*,*,College of Music,Scholarship,*,25134
*,*,*,College of Music,Scholarship,*,311818.5,,AZ,*,*,College of Music,Scholarship,*,3986
*,*,*,College of Music,Scholarship,*,311818.5,,CA,*,*,College of Music,Scholarship,*,24964
*,*,*,College of Music,Scholarship,*,311818.5,,CO,*,*,College of Music,Scholarship,*,37168.5
*,*,*,College of Music,Scholarship,*,311818.5,,CT,*,*,College of Music,Scholarship,*,6206
*,*,*,College of Music,Scholarship,*,311818.5,,DC,*,*,College of Music,Scholarship,*,5240
*,*,*,College of Music,Scholarship,*,311818.5,,FL,*,*,College of Music,Scholarship,*,5214
*,*,*,College of Music,Scholarship,*,311818.5,,GA,*,*,College of Music,Scholarship,*,827
*,*,*,College of Music,Scholarship,*,311818.5,,IL,*,*,College of Music,Scholarship,*,14157
*,*,*,College of Music,Scholarship,*,311818.5,,MI,*,*,College of Music,Scholarship,*,20037
*,*,*,College of Music,Scholarship,*,311818.5,,MO,*,*,College of Music,Scholarship,*,44801
*,*,*,College of Music,Scholarship,*,311818.5,,NM,*,*,College of Music,Scholarship,*,7641
*,*,*,College of Music,Scholarship,*,311818.5,,NV,*,*,College of Music,Scholarship,*,6234
*,*,*,College of Music,Scholarship,*,311818.5,,NY,*,*,College of Music,Scholarship,*,9370
*,*,*,College of Music,Scholarship,*,311818.5,,OH,*,*,College of Music,Scholarship,*,21600
*,*,*,College of Music,Scholarship,*,311818.5,,OK,*,*,College of Music,Scholarship,*,6028
*,*,*,College of Music,Scholarship,*,311818.5,,OR,*,*,College of Music,Scholarship,*,9941
*,*,*,College of Music,Scholarship,*,311818.5,,SC,*,*,College of Music,Scholarship,*,9970
*,*,*,College of Music,Scholarship,*,311818.5,,TN,*,*,College of Music,Scholarship,*,5151
*,*,*,College of Music,Scholarship,*,311818.5,,TX,*,*,College of Music,Scholarship,*,9689
*,*,*,College of Music,Scholarship,*,311818.5,,UT,*,*,College of Music,Scholarship,*,29843
*,*,*,College of Music,Scholarship,*,311818.5,,WA,*,*,College of Music,Scholarship,*,8617
*,*,*,College of Natural Science,Scholarship,*,2106294.0,,AL,*,*,College of Natural Science,Scholarship,*,49811
*,*,*,College of Natural Science,Scholarship,*,2106294.0,,AR,*,*,College of Natural Science,Scholarship,*,3780
*,*,*,College of Natural Science,Scholarship,*,2106294.0,,AZ,*,*,College of Natural Science,Scholarship,*,58752
*,*,*,College of Natural Science,Scholarship,*,2106294.0,,CA,*,*,College of Natural Science,Scholarship,*,255476
*,*,*,College of Natural Science,Scholarship,*,2106294.0,,CO,*,*,College of Natural Science,Scholarship,*,173459.0
*,*,*,College of Natural Science,Scholarship,*,2106294.0,,CT,*,*,College of Natural Science,Scholarship,*,24635
*,*,*,College of Natural Science,Scholarship,*,2106294.0,,DC,*,*,College of Natural Science,Scholarship,*,26118
*,*,*,College of Natural Science,Scholarship,*,2106294.0,,FL,*,*,College of Natural Science,Scholarship,*,56256
*,*,*,College of Natural Science,Scholarship,*,2106294.0,,GA,*,*,College of Natural Science,Scholarship,*,57373
*,*,*,College of Natural Science,Scholarship,*,2106294.0,,IA,*,*,College of Natural Science,Scholarship,*,12407
*,*,*,College of Natural Science,Scholarship,*,2106294.0,,IL,*,*,College of Natural Science,Scholarship,*,116028
*,*,*,College of Natural Science,Scholarship,*,2106294.0,,IN,*,*,College of Natural Science,Scholarship,*,25728
*,*,*,College of Natural Science,Scholarship,*,2106294.0,,KS,*,*,College of Natural Science,Scholarship,*,58837
*,*,*,College of Natural Science,Scholarship,*,2106294.0,,KY,*,*,College of Natural Science,Scholarship,*,33070
*,*,*,College of Natural Science,Scholarship,*,2106294.0,,LA,*,*,College of Natural Science,Scholarship,*,16790
*,*,*,College of Natural Science,Scholarship,*,2106294.0,,MA,*,*,College of Natural Science,Scholarship,*,36486
*,*,*,College of Natural Science,Scholarship,*,2106294.0,,MI,*,*,College of Natural Science,Scholarship,*,80393
*,*,*,College of Natural Science,Scholarship,*,2106294.0,,MO,*,*,College of Natural Science,Scholarship,*,282900
*,*,*,College of Natural Science,Scholarship,*,2106294.0,,MT,*,*,College of Natural Science,Scholarship,*,12076
*,*,*,College of Natural Science,Scholarship,*,2106294.0,,NC,*,*,College of Natural Science,Scholarship,*,22185
*,*,*,College of Natural Science,Scholarship,*,2106294.0,,NE,*,*,College of Natural Science,Scholarship,*,21189
*,*,*,College of Natural Science,Scholarship,*,2106294.0,,NH,*,*,College of Natural Science,Scholarship,*,20242
*,*,*,College of Natural Science,Scholarship,*,2106294.0,,NJ,*,*,College of Natural Science,Scholarship,*,6993
*,*,*,College of Natural Science,Scholarship,*,2106294.0,,NM,*,*,College of Natural Science,Scholarship,*,23091
*,*,*,College of Natural Science,Scholarship,*,2106294.0,,NV,*,*,College of Natural Science,Scholarship,*,20017
*,*,*,College of Natural Science,Scholarship,*,2106294.0,,NY,*,*,College of Natural Science,Scholarship,*,110195
*,*,*,College of Natural Science,Scholarship,*,2106294.0,,OH,*,*,College of Natural Science,Scholarship,*,112293
*,*,*,College of Natural Science,Scholarship,*,2106294.0,,OK,*,*,College of Natural Science,Scholarship,*,50010
*,*,*,College of Natural Science,Scholarship,*,2106294.0,,OR,*,*,College of Natural Science,Scholarship,*,16597
*,*,*,College of Natural Science,Scholarship,*,2106294.0,,PA,*,*,College of Natural Science,Scholarship,*,20737
*,*,*,College of Natural Science,Scholarship,*,2106294.0,,SC,*,*,College of Natural Science,Scholarship,*,15766
*,*,*,College of Natural Science,Scholarship,*,2106294.0,,TN,*,*,College of Natural Science,Scholarship,*,39266
*,*,*,College of Natural Science,Scholarship,*,2106294.0,,TX,*,*,College of Natural Science,Scholarship,*,141549
*,*,*,College of Natural Science,Scholarship,*,2106294.0,,UT,*,*,College of Natural Science,Scholarship,*,32211
*,*,*,College of Natural Science,Scholarship,*,2106294.0,,VA,*,*,College of Natural Science,Scholarship,*,43051
*,*,*,College of Natural Science,Scholarship,*,2106294.0,,WA,*,*,College of Natural Science,Scholarship,*,30352
*,*,*,College of Natural Science,Scholarship,*,2106294.0,,WI,*,*,College of Natural Science,Scholarship,*,175
*,*,*,College of Nursing,Scholarship,*,233384.5,,AZ,*,*,College of Nursing,Scholarship,*,7834
*,*,*,College of Nursing,Scholarship,*,233384.5,,CO,*,*,College of Nursing,Scholarship,*,58861.5
*,*,*,College of Nursing,Scholarship,*,233384.5,,CT,*,*,College of Nursing,Scholarship,*,18218
*,*,*,College of Nursing,Scholarship,*,233384.5,,DC,*,*,College of Nursing,Scholarship,*,1763
*,*,*,College of Nursing,Scholarship,*,233384.5,,FL,*,*,College of Nursing,Scholarship,*,8323
*,*,*,College of Nursing,Scholarship,*,233384.5,,IA,*,*,College of Nursing,Scholarship,*,4461
*,*,*,College of Nursing,Scholarship,*,233384.5,,IN,*,*,College of Nursing,Scholarship,*,9306
*,*,*,College of Nursing,Scholarship,*,233384.5,,KS,*,*,College of Nursing,Scholarship,*,9667
*,*,*,College of Nursing,Scholarship,*,233384.5,,MA,*,*,College of Nursing,Scholarship,*,17517
*,*,*,College of Nursing,Scholarship,*,233384.5,,MI,*,*,College of Nursing,Scholarship,*,91
*,*,*,College of Nursing,Scholarship,*,233384.5,,MO,*,*,College of Nursing,Scholarship,*,3708
*,*,*,College of Nursing,Scholarship,*,233384.5,,NC,*,*,College of Nursing,Scholarship,*,7314
*,*,*,College of Nursing,Scholarship,*,233384.5,,NJ,*,*,College of Nursing,Scholarship,*,29538
*,*,*,College of Nursing,Scholarship,*,233384.5,,NM,*,*,College of Nursing,Scholarship,*,3870
*,*,*,College of Nursing,Scholarship,*,233384.5,,NY,*,*,College of Nursing,Scholarship,*,9134
*,*,*,College of Nursing,Scholarship,*,233384.5,,OH,*,*,College of Nursing,Scholarship,*,12128
*,*,*,College of Nursing,Scholarship,*,233384.5,,PA,*,*,College of Nursing,Scholarship,*,11784
*,*,*,College of Nursing,Scholarship,*,233384.5,,VA,*,*,College of Nursing,Scholarship,*,6225
*,*,*,College of Nursing,Scholarship,*,233384.5,,WA,*,*,College of Nursing,Scholarship,*,13642
*,*,*,College of Political Science,Scholarship,*,297809.0,,AZ,*,*,College of Political Science,Scholarship,*,26026
*,*,*,College of Political Science,Scholarship,*,297809.0,,CA,*,*,College of Political Science,Scholarship,*,33375
*,*,*,College of Political Science,Scholarship,*,297809.0,,CO,*,*,College of Political Science,Scholarship,*,59348.0
*,*,*,College of Political Science,Scholarship,*,297809.0,,CT,*,*,College of Political Science,Scholarship,*,4982
*,*,*,College of Political Science,Scholarship,*,297809.0,,FL,*,*,College of Political Science,Scholarship,*,9482
*,*,*,College of Political Science,Scholarship,*,297809.0,,GA,*,*,College of Political Science,Scholarship,*,8953
*,*,*,College of Political Science,Scholarship,*,297809.0,,IA,*,*,College of Political Science,Scholarship,*,3110
*,*,*,College of Political Science,Scholarship,*,297809.0,,IL,*,*,College of Political Science,Scholarship,*,11855
*,*,*,College of Political Science,Scholarship,*,297809.0,,IN,*,*,College of Political Science,Scholarship,*,13454
*,*,*,College of Political Science,Scholarship,*,297809.0,,KS,*,*,College of Political Science,Scholarship,*,13885
*,*,*,College of Political Science,Scholarship,*,297809.0,,LA,*,*,College of Political Science,Scholarship,*,7227
*,*,*,College of Political Science,Scholarship,*,297809.0,,MA,*,*,College of Political Science,Scholarship,*,4287
*,*,*,College of Political Science,Scholarship,*,297809.0,,MI,*,*,College of Political Science,Scholarship,*,8795
*,*,*,College of Political Science,Scholarship,*,297809.0,,MO,*,*,College of Political Science,Scholarship,*,5041
*,*,*,College of Political Science,Scholarship,*,297809.0,,NC,*,*,College of Political Science,Scholarship,*,16708
*,*,*,College of Political Science,Scholarship,*,297809.0,,NE,*,*,College of Political Science,Scholarship,*,2647
*,*,*,College of Political Science,Scholarship,*,297809.0,,NM,*,*,College of Political Science,Scholarship,*,9628
*,*,*,College of Political Science,Scholarship,*,297809.0,,NV,*,*,College of Political Science,Scholarship,*,1270
*,*,*,College of Political Science,Scholarship,*,297809.0,,NY,*,*,College of Political Science,Scholarship,*,7699
*,*,*,College of Political Science,Scholarship,*,297809.0,,OH,*,*,College of Political Science,Scholarship,*,447
*,*,*,College of Political Science,Scholarship,*,297809.0,,OK,*,*,College of Political Science,Scholarship,*,1181
*,*,*,College of Political Science,Scholarship,*,297809.0,,PA,*,*,College of Political Science,Scholarship,*,7418
*,*,*,College of Political Science,Scholarship,*,297809.0,,TN,*,*,College of Political Science,Scholarship,*,17840
*,*,*,College of Political Science,Scholarship,*,297809.0,,TX,*,*,College of Political Science,Scholarship,*,15735
*,*,*,College of Political Science,Scholarship,*,297809.0,,UT,*,*,College of Political Science,Scholarship,*,7416
*,*,*,College of Social Science,Scholarship,*,1531583.0,,AL,*,*,College of Social Science,Scholarship,*,13835
*,*,*,College of Social Science,Scholarship,*,1531583.0,,AR,*,*,College of Social Science,Scholarship,*,14550
*,*,*,College of Social Science,Scholarship,*,1531583.0,,AZ,*,*,College of Social Science,Scholarship,*,84621
*,*,*,College of Social Science,Scholarship,*,1531583.0,,CA,*,*,College of Social Science,Scholarship,*,98484
*,*,*,College of Social Science,Scholarship,*,1531583.0,,CO,*,*,College of Social Science,Scholarship,*,249646.0
*,*,*,College of Social Science,Scholarship,*,1531583.0,,CT,*,*,College of Social Science,Scholarship,*,50817
*,*,*,College of Social Science,Scholarship,*,1531583.0,,DC,*,*,College of Social Science,Scholarship,*,26079
*,*,*,College of Social Science,Scholarship,*,1531583.0,,FL,*,*,College of Social Science,Scholarship,*,69502
*,*,*,College of Social Science,Scholarship,*,1531583.0,,GA,*,*,College of Social Science,Scholarship,*,11411
*,*,*,College of Social Science,Scholarship,*,1531583.0,,IA,*,*,College of Social Science,Scholarship,*,14837
*,*,*,College of Social Science,Scholarship,*,1531583.0,,IL,*,*,College of Social Science,Scholarship,*,52444
*,*,*,College of Social Science,Scholarship,*,1531583.0,,KS,*,*,College of Social Science,Scholarship,*,79039
*,*,*,College of Social Science,Scholarship,*,1531583.0,,KY,*,*,College of Social Science,Scholarship,*,26147
*,*,*,College of Social Science,Scholarship,*,1531583.0,,LA,*,*,College of Social Science,Scholarship,*,55687
*,*,*,College of Social Science,Scholarship,*,1531583.0,,MA,*,*,College of Social Science,Scholarship,*,45410
*,*,*,College of Social Science,Scholarship,*,1531583.0,,MI,*,*,College of Social Science,Scholarship,*,19279
*,*,*,College of Social Science,Scholarship,*,1531583.0,,MO,*,*,College of Social Science,Scholarship,*,17202
*,*,*,College of Social Science,Scholarship,*,1531583.0,,NC,*,*,College of Social Science,Scholarship,*,57910
*,*,*,College of Social Science,Scholarship,*,1531583.0,,NE,*,*,College of Social Science,Scholarship,*,11248
*,*,*,College of Social Science,Scholarship,*,1531583.0,,NH,*,*,College of Social Science,Scholarship,*,8519
*,*,*,College of Social Science,Scholarship,*,1531583.0,,NM,*,*,College of Social Science,Scholarship,*,12846
*,*,*,College of Social Science,Scholarship,*,1531583.0,,NV,*,*,College of Social Science,Scholarship,*,23279
*,*,*,College of Social Science,Scholarship,*,1531583.0,,NY,*,*,College of Social Science,Scholarship,*,60806
*,*,*,College of Social Science,Scholarship,*,1531583.0,,OH,*,*,College of Social Science,Scholarship,*,56558
*,*,*,College of Social Science,Scholarship,*,1531583.0,,OK,*,*,College of Social Science,Scholarship,*,12046
*,*,*,College of Social Science,Scholarship,*,1531583.0,,OR,*,*,College of Social Science,Scholarship,*,34281
*,*,*,College of Social Science,Scholarship,*,1531583.0,,PA,*,*,College of Social Science,Scholarship,*,15772
*,*,*,College of Social Science,Scholarship,*,1531583.0,,RI,*,*,College of Social Science,Scholarship,*,3141
*,*,*,College of Social Science,Scholarship,*,1531583.0,,SC,*,*,College of Social Science,Scholarship,*,7680
*,*,*,College of Social Science,Scholarship,*,1531583.0,,TN,*,*,College of Social Science,Scholarship,*,48199
*,*,*,College of Social Science,Scholarship,*,1531583.0,,TX,*,*,College of Social Science,Scholarship,*,101594
*,*,*,College of Social Science,Scholarship,*,1531583.0,,UT,*,*,College of Social Science,Scholarship,*,42191
*,*,*,College of Social Science,Scholarship,*,1531583.0,,VA,*,*,College of Social Science,Scholarship,*,47413
*,*,*,College of Social Science,Scholarship,*,1531583.0,,WA,*,*,College of Social Science,Scholarship,*,46503
*,*,*,College of Social Science,Scholarship,*,1531583.0,,WI,*,*,College of Social Science,Scholarship,*,12607
*,*,*,College of Veterinary Medicine,Scholarship,*,106688.5,,AZ,*,*,College of Veterinary Medicine,Scholarship,*,10388
*,*,*,College of Veterinary Medicine,Scholarship,*,106688.5,,CA,*,*,College of Veterinary Medicine,Scholarship,*,946
*,*,*,College of Veterinary Medicine,Scholarship,*,106688.5,,CO,*,*,College of Veterinary Medicine,Scholarship,*,14893.5
*,*,*,College of Veterinary Medicine,Scholarship,*,106688.5,,FL,*,*,College of Veterinary Medicine,Scholarship,*,1965
*,*,*,College of Veterinary Medicine,Scholarship,*,106688.5,,LA,*,*,College of Veterinary Medicine,Scholarship,*,3095
*,*,*,College of Veterinary Medicine,Scholarship,*,106688.5,,MI,*,*,College of Veterinary Medicine,Scholarship,*,13114
*,*,*,College of Veterinary Medicine,Scholarship,*,106688.5,,OH,*,*,College of Veterinary Medicine,Scholarship,*,4821
*,*,*,College of Veterinary Medicine,Scholarship,*,106688.5,,TN,*,*,College of Veterinary Medicine,Scholarship,*,3897
*,*,*,College of Veterinary Medicine,Scholarship,*,106688.5,,WA,*,*,College of Veterinary Medicine,Scholarship,*,8101
*,*,*,Diversity Fund,Endowment,*,2656506.5,,AL,*,*,Diversity Fund,Endowment,*,17336
*,*,*,Diversity Fund,Endowment,*,2656506.5,,AZ,*,*,Diversity Fund,Endowment,*,130340
*,*,*,Diversity Fund,Endowment,*,2656506.5,,CA,*,*,Diversity Fund,Endowment,*,318826
*,*,*,Diversity Fund,Endowment,*,2656506.5,,CO,*,*,Diversity Fund,Endowment,*,269656.5
*,*,*,Diversity Fund,Endowment,*,2656506.5,,CT,*,*,Diversity Fund,Endowment,*,47562
*,*,*,Diversity Fund,Endowment,*,2656506.5,,DC,*,*,Diversity Fund,Endowment,*,11042
*,*,*,Diversity Fund,Endowment,*,2656506.5,,FL,*,*,Diversity Fund,Endowment,*,156782
*,*,*,Diversity Fund,Endowment,*,2656506.5,,GA,*,*,Diversity Fund,Endowment,*,32594
*,*,*,Diversity Fund,Endowment,*,2656506.5,,IA,*,*,Diversity Fund,Endowment,*,16263
*,*,*,Diversity Fund,Endowment,*,2656506.5,,IL,*,*,Diversity Fund,Endowment,*,544105
*,*,*,Diversity Fund,Endowment,*,2656506.5,,IN,*,*,Diversity Fund,Endowment,*,55563
*,*,*,Diversity Fund,Endowment,*,2656506.5,,KS,*,*,Diversity Fund,Endowment,*,51204
*,*,*,Diversity Fund,Endowment,*,2656506.5,,KY,*,*,Diversity Fund,Endowment,*,17497
*,*,*,Diversity Fund,Endowment,*,2656506.5,,LA,*,*,Diversity Fund,Endowment,*,63764
*,*,*,Diversity Fund,Endowment,*,2656506.5,,MA,*,*,Diversity Fund,Endowment,*,34086
*,*,*,Diversity Fund,Endowment,*,2656506.5,,MI,*,*,Diversity Fund,Endowment,*,61358
*,*,*,Diversity Fund,Endowment,*,2656506.5,,MN,*,*,Diversity Fund,Endowment,*,6865
*,*,*,Diversity Fund,Endowment,*,2656506.5,,MO,*,*,Diversity Fund,Endowment,*,46367
*,*,*,Diversity Fund,Endowment,*,2656506.5,,NC,*,*,Diversity Fund,Endowment,*,55389
*,*,*,Diversity Fund,Endowment,*,2656506.5,,NE,*,*,Diversity Fund,Endowment,*,24838
*,*,*,Diversity Fund,Endowment,*,2656506.5,,NH,*,*,Diversity Fund,Endowment,*,6859
*,*,*,Diversity Fund,Endowment,*,2656506.5,,NJ,*,*,Diversity Fund,Endowment,*,1655
*,*,*,Diversity Fund,Endowment,*,2656506.5,,NV,*,*,Diversity Fund,Endowment,*,36849
*,*,*,Diversity Fund,Endowment,*,2656506.5,,NY,*,*,Diversity Fund,Endowment,*,106355
*,*,*,Diversity Fund,Endowment,*,2656506.5,,OH,*,*,Diversity Fund,Endowment,*,32658
*,*,*,Diversity Fund,Endowment,*,2656506.5,,OK,*,*,Diversity Fund,Endowment,*,16576
*,*,*,Diversity Fund,Endowment,*,2656506.5,,OR,*,*,Diversity Fund,Endowment,*,35917
*,*,*,Diversity Fund,Endowment,*,2656506.5,,PA,*,*,Diversity Fund,Endowment,*,13578
*,*,*,Diversity Fund,Endowment,*,2656506.5,,RI,*,*,Diversity Fund,Endowment,*,18765
*,*,*,Diversity Fund,Endowment,*,2656506.5,,SC,*,*,Diversity Fund,Endowment,*,16834
*,*,*,Diversity Fund,Endowment,*,2656506.5,,TN,*,*,Diversity Fund,Endowment,*,66817
*,*,*,Diversity Fund,Endowment,*,2656506.5,,TX,*,*,Diversity Fund,Endowment,*,182765
*,*,*,Diversity Fund,Endowment,*,2656506.5,,UT,*,*,Diversity Fund,Endowment,*,66328
*,*,*,Diversity Fund,Endowment,*,2656506.5,,VA,*,*,Diversity Fund,Endowment,*,34666
*,*,*,Diversity Fund,Endowment,*,2656506.5,,WA,*,*,Diversity Fund,Endowment,*,44257
*,*,*,Diversity Fund,Endowment,*,2656506.5,,WI,*,*,Diversity Fund,Endowment,*,4652
*,*,*,Diversity Fund,Endowment,*,2656506.5,,WY,*,*,Diversity Fund,Endowment,*,9538
*,*,*,Faculty Chair Endowments,Endowment,*,2011067.0,,AL,*,*,Faculty Chair Endowments,Endowment,*,43277
*,*,*,Faculty Chair Endowments,Endowment,*,2011067.0,,AR,*,*,Faculty Chair Endowments,Endowment,*,34669
*,*,*,Faculty Chair Endowments,Endowment,*,2011067.0,,AZ,*,*,Faculty Chair Endowments,Endowment,*,40372
*,*,*,Faculty Chair Endowments,Endowment,*,2011067.0,,CA,*,*,Faculty Chair Endowments,Endowment,*,167935
*,*,*,Faculty Chair Endowments,Endowment,*,2011067.0,,CO,*,*,Faculty Chair Endowments,Endowment,*,265769.0
*,*,*,Faculty Chair Endowments,Endowment,*,2011067.0,,CT,*,*,Faculty Chair Endowments,Endowment,*,30186
*,*,*,Faculty Chair Endowments,Endowment,*,2011067.0,,DC,*,*,Faculty Chair Endowments,Endowment,*,11063
*,*,*,Faculty Chair Endowments,Endowment,*,2011067.0,,FL,*,*,Faculty Chair Endowments,Endowment,*,64032
*,*,*,Faculty Chair Endowments,Endowment,*,2011067.0,,GA,*,*,Faculty Chair Endowments,Endowment,*,34665
*,*,*,Faculty Chair Endowments,Endowment,*,2011067.0,,IA,*,*,Faculty Chair Endowments,Endowment,*,5396
*,*,*,Faculty Chair Endowments,Endowment,*,2011067.0,,IL,*,*,Faculty Chair Endowments,Endowment,*,88928
*,*,*,Faculty Chair Endowments,Endowment,*,2011067.0,,IN,*,*,Faculty Chair Endowments,Endowment,*,42862
*,*,*,Faculty Chair Endowments,Endowment,*,2011067.0,,KS,*,*,Faculty Chair Endowments,Endowment,*,51824
*,*,*,Faculty Chair Endowments,Endowment,*,2011067.0,,KY,*,*,Faculty Chair Endowments,Endowment,*,39444
*,*,*,Faculty Chair Endowments,Endowment,*,2011067.0,,LA,*,*,Faculty Chair Endowments,Endowment,*,36293
*,*,*,Faculty Chair Endowments,Endowment,*,2011067.0,,MA,*,*,Faculty Chair Endowments,Endowment,*,33207
*,*,*,Faculty Chair Endowments,Endowment,*,2011067.0,,MI,*,*,Faculty Chair Endowments,Endowment,*,90523
*,*,*,Faculty Chair Endowments,Endowment,*,2011067.0,,MN,*,*,Faculty Chair Endowments,Endowment,*,33199
*,*,*,Faculty Chair Endowments,Endowment,*,2011067.0,,MO,*,*,Faculty Chair Endowments,Endowment,*,56104
*,*,*,Faculty Chair Endowments,Endowment,*,2011067.0,,NC,*,*,Faculty Chair Endowments,Endowment,*,89282
*,*,*,Faculty Chair Endowments,Endowment,*,2011067.0,,NE,*,*,Faculty Chair Endowments,Endowment,*,7123
*,*,*,Faculty Chair Endowments,Endowment,*,2011067.0,,NH,*,*,Faculty Chair Endowments,Endowment,*,6891
*,*,*,Faculty Chair Endowments,Endowment,*,2011067.0,,NJ,*,*,Faculty Chair Endowments,Endowment,*,3826
*,*,*,Faculty Chair Endowments,Endowment,*,2011067.0,,NM,*,*,Faculty Chair Endowments,Endowment,*,26404
*,*,*,Faculty Chair Endowments,Endowment,*,2011067.0,,NV,*,*,Faculty Chair Endowments,Endowment,*,42151
*,*,*,Faculty Chair Endowments,Endowment,*,2011067.0,,NY,*,*,Faculty Chair Endowments,Endowment,*,89711
*,*,*,Faculty Chair Endowments,Endowment,*,2011067.0,,OH,*,*,Faculty Chair Endowments,Endowment,*,78440
*,*,*,Faculty Chair Endowments,Endowment,*,2011067.0,,OK,*,*,Faculty Chair Endowments,Endowment,*,16410
*,*,*,Faculty Chair Endowments,Endowment,*,2011067.0,,OR,*,*,Faculty Chair Endowments,Endowment,*,16776
*,*,*,Faculty Chair Endowments,Endowment,*,2011067.0,,PA,*,*,Faculty Chair Endowments,Endowment,*,42215
*,*,*,Faculty Chair Endowments,Endowment,*,2011067.0,,SC,*,*,Faculty Chair Endowments,Endowment,*,30522
*,*,*,Faculty Chair Endowments,Endowment,*,2011067.0,,TN,*,*,Faculty Chair Endowments,Endowment,*,39625
*,*,*,Faculty Chair Endowments,Endowment,*,2011067.0,,TX,*,*,Faculty Chair Endowments,Endowment,*,160082
*,*,*,Faculty Chair Endowments,Endowment,*,2011067.0,,UT,*,*,Faculty Chair Endowments,Endowment,*,34105
*,*,*,Faculty Chair Endowments,Endowment,*,2011067.0,,VA,*,*,Faculty Chair Endowments,Endowment,*,63151
*,*,*,Faculty Chair Endowments,Endowment,*,2011067.0,,WA,*,*,Faculty Chair Endowments,Endowment,*,60955
*,*,*,Faculty Chair Endowments,Endowment,*,2011067.0,,WI,*,*,Faculty Chair Endowments,Endowment,*,33650
*,*,*,Honors Program,Campus Resource,*,763594.5,,AR,*,*,Honors Program,Campus Resource,*,8839
*,*,*,Honors Program,Campus Resource,*,763594.5,,AZ,*,*,Honors Program,Campus Resource,*,17905
*,*,*,Honors Program,Campus Resource,*,763594.5,,CA,*,*,Honors Program,Campus Resource,*,96351
*,*,*,Honors Program,Campus Resource,*,763594.5,,CO,*,*,Honors Program,Campus Resource,*,121705.5
*,*,*,Honors Program,Campus Resource,*,763594.5,,CT,*,*,Honors Program,Campus Resource,*,11967
*,*,*,Honors Program,Campus Resource,*,763594.5,,DC,*,*,Honors Program,Campus Resource,*,3225
*,*,*,Honors Program,Campus Resource,*,763594.5,,FL,*,*,Honors Program,Campus Resource,*,29724
*,*,*,Honors Program,Campus Resource,*,763594.5,,GA,*,*,Honors Program,Campus Resource,*,8563
*,*,*,Honors Program,Campus Resource,*,763594.5,,IL,*,*,Honors Program,Campus Resource,*,20181
*,*,*,Honors Program,Campus Resource,*,763594.5,,IN,*,*,Honors Program,Campus Resource,*,12023
*,*,*,Honors Program,Campus Resource,*,763594.5,,KS,*,*,Honors Program,Campus Resource,*,28247
*,*,*,Honors Program,Campus Resource,*,763594.5,,KY,*,*,Honors Program,Campus Resource,*,13806
*,*,*,Honors Program,Campus Resource,*,763594.5,,LA,*,*,Honors Program,Campus Resource,*,895
*,*,*,Honors Program,Campus Resource,*,763594.5,,MA,*,*,Honors Program,Campus Resource,*,31116
*,*,*,Honors Program,Campus Resource,*,763594.5,,MI,*,*,Honors Program,Campus Resource,*,43972
*,*,*,Honors Program,Campus Resource,*,763594.5,,MO,*,*,Honors Program,Campus Resource,*,18967
*,*,*,Honors Program,Campus Resource,*,763594.5,,NC,*,*,Honors Program,Campus Resource,*,22575
*,*,*,Honors Program,Campus Resource,*,763594.5,,NE,*,*,Honors Program,Campus Resource,*,2731
*,*,*,Honors Program,Campus Resource,*,763594.5,,NH,*,*,Honors Program,Campus Resource,*,5030
*,*,*,Honors Program,Campus Resource,*,763594.5,,NM,*,*,Honors Program,Campus Resource,*,13971
*,*,*,Honors Program,Campus Resource,*,763594.5,,NV,*,*,Honors Program,Campus Resource,*,21807
*,*,*,Honors Program,Campus Resource,*,763594.5,,NY,*,*,Honors Program,Campus Resource,*,14473
*,*,*,Honors Program,Campus Resource,*,763594.5,,OH,*,*,Honors Program,Campus Resource,*,19775
*,*,*,Honors Program,Campus Resource,*,763594.5,,OK,*,*,Honors Program,Campus Resource,*,17636
*,*,*,Honors Program,Campus Resource,*,763594.5,,OR,*,*,Honors Program,Campus Resource,*,12953
*,*,*,Honors Program,Campus Resource,*,763594.5,,RI,*,*,Honors Program,Campus Resource,*,1553
*,*,*,Honors Program,Campus Resource,*,763594.5,,SC,*,*,Honors Program,Campus Resource,*,21717
*,*,*,Honors Program,Campus Resource,*,763594.5,,TN,*,*,Honors Program,Campus Resource,*,28060
*,*,*,Honors Program,Campus Resource,*,763594.5,,TX,*,*,Honors Program,Campus Resource,*,79300
*,*,*,Honors Program,Campus Resource,*,763594.5,,UT,*,*,Honors Program,Campus Resource,*,8176
*,*,*,Honors Program,Campus Resource,*,763594.5,,VA,*,*,Honors Program,Campus Resource,*,6195
*,*,*,Honors Program,Campus Resource,*,763594.5,,WA,*,*,Honors Program,Campus Resource,*,17890
*,*,*,Honors Program,Campus Resource,*,763594.5,,WI,*,*,Honors Program,Campus Resource,*,2266
*,*,*,In-State Scholarship Fund,Scholarship,*,682917.0,,AZ,*,*,In-State Scholarship Fund,Scholarship,*,23205
*,*,*,In-State Scholarship Fund,Scholarship,*,682917.0,,CA,*,*,In-State Scholarship Fund,Scholarship,*,88801
*,*,*,In-State Scholarship Fund,Scholarship,*,682917.0,,CO,*,*,In-State Scholarship Fund,Scholarship,*,53388.0
*,*,*,In-State Scholarship Fund,Scholarship,*,682917.0,,DC,*,*,In-State Scholarship Fund,Scholarship,*,5958
*,*,*,In-State Scholarship Fund,Scholarship,*,682917.0,,FL,*,*,In-State Scholarship Fund,Scholarship,*,34497
*,*,*,In-State Scholarship Fund,Scholarship,*,682917.0,,GA,*,*,In-State Scholarship Fund,Scholarship,*,8063
*,*,*,In-State Scholarship Fund,Scholarship,*,682917.0,,IA,*,*,In-State Scholarship Fund,Scholarship,*,10393
*,*,*,In-State Scholarship Fund,Scholarship,*,682917.0,,IL,*,*,In-State Scholarship Fund,Scholarship,*,30776
*,*,*,In-State Scholarship Fund,Scholarship,*,682917.0,,IN,*,*,In-State Scholarship Fund,Scholarship,*,29942
*,*,*,In-State Scholarship Fund,Scholarship,*,682917.0,,KS,*,*,In-State Scholarship Fund,Scholarship,*,3282
*,*,*,In-State Scholarship Fund,Scholarship,*,682917.0,,LA,*,*,In-State Scholarship Fund,Scholarship,*,19076
*,*,*,In-State Scholarship Fund,Scholarship,*,682917.0,,MA,*,*,In-State Scholarship Fund,Scholarship,*,11029
*,*,*,In-State Scholarship Fund,Scholarship,*,682917.0,,MI,*,*,In-State Scholarship Fund,Scholarship,*,33647
*,*,*,In-State Scholarship Fund,Scholarship,*,682917.0,,MN,*,*,In-State Scholarship Fund,Scholarship,*,6356
*,*,*,In-State Scholarship Fund,Scholarship,*,682917.0,,MO,*,*,In-State Scholarship Fund,Scholarship,*,21678
*,*,*,In-State Scholarship Fund,Scholarship,*,682917.0,,NC,*,*,In-State Scholarship Fund,Scholarship,*,23503
*,*,*,In-State Scholarship Fund,Scholarship,*,682917.0,,NE,*,*,In-State Scholarship Fund,Scholarship,*,18285
*,*,*,In-State Scholarship Fund,Scholarship,*,682917.0,,NJ,*,*,In-State Scholarship Fund,Scholarship,*,8893
*,*,*,In-State Scholarship Fund,Scholarship,*,682917.0,,NM,*,*,In-State Scholarship Fund,Scholarship,*,17872
*,*,*,In-State Scholarship Fund,Scholarship,*,682917.0,,NV,*,*,In-State Scholarship Fund,Scholarship,*,2438
*,*,*,In-State Scholarship Fund,Scholarship,*,682917.0,,NY,*,*,In-State Scholarship Fund,Scholarship,*,54809
*,*,*,In-State Scholarship Fund,Scholarship,*,682917.0,,OH,*,*,In-State Scholarship Fund,Scholarship,*,17923
*,*,*,In-State Scholarship Fund,Scholarship,*,682917.0,,OK,*,*,In-State Scholarship Fund,Scholarship,*,6632
*,*,*,In-State Scholarship Fund,Scholarship,*,682917.0,,OR,*,*,In-State Scholarship Fund,Scholarship,*,16524
*,*,*,In-State Scholarship Fund,Scholarship,*,682917.0,,SC,*,*,In-State Scholarship Fund,Scholarship,*,12012
*,*,*,In-State Scholarship Fund,Scholarship,*,682917.0,,TN,*,*,In-State Scholarship Fund,Scholarship,*,11851
*,*,*,In-State Scholarship Fund,Scholarship,*,682917.0,,TX,*,*,In-State Scholarship Fund,Scholarship,*,61102
*,*,*,In-State Scholarship Fund,Scholarship,*,682917.0,,UT,*,*,In-State Scholarship Fund,Scholarship,*,9635
*,*,*,In-State Scholarship Fund,Scholarship,*,682917.0,,VA,*,*,In-State Scholarship Fund,Scholarship,*,28735
*,*,*,In-State Scholarship Fund,Scholarship,*,682917.0,,WA,*,*,In-State Scholarship Fund,Scholarship,*,9885
*,*,*,In-State Scholarship Fund,Scholarship,*,682917.0,,WI,*,*,In-State Scholarship Fund,Scholarship,*,2727
*,*,*,Minority Scholarship Fund,Scholarship,*,700149.5,,AL,*,*,Minority Scholarship Fund,Scholarship,*,28632
*,*,*,Minority Scholarship Fund,Scholarship,*,700149.5,,AZ,*,*,Minority Scholarship Fund,Scholarship,*,43965
*,*,*,Minority Scholarship Fund,Scholarship,*,700149.5,,CA,*,*,Minority Scholarship Fund,Scholarship,*,70242
*,*,*,Minority Scholarship Fund,Scholarship,*,700149.5,,CO,*,*,Minority Scholarship Fund,Scholarship,*,85076.5
*,*,*,Minority Scholarship Fund,Scholarship,*,700149.5,,CT,*,*,Minority Scholarship Fund,Scholarship,*,12212
*,*,*,Minority Scholarship Fund,Scholarship,*,700149.5,,DC,*,*,Minority Scholarship Fund,Scholarship,*,5117
*,*,*,Minority Scholarship Fund,Scholarship,*,700149.5,,FL,*,*,Minority Scholarship Fund,Scholarship,*,76129
*,*,*,Minority Scholarship Fund,Scholarship,*,700149.5,,GA,*,*,Minority Scholarship Fund,Scholarship,*,20279
*,*,*,Minority Scholarship Fund,Scholarship,*,700149.5,,IL,*,*,Minority Scholarship Fund,Scholarship,*,91
*,*,*,Minority Scholarship Fund,Scholarship,*,700149.5,,IN,*,*,Minority Scholarship Fund,Scholarship,*,24632
*,*,*,Minority Scholarship Fund,Scholarship,*,700149.5,,KS,*,*,Minority Scholarship Fund,Scholarship,*,12725
*,*,*,Minority Scholarship Fund,Scholarship,*,700149.5,,KY,*,*,Minority Scholarship Fund,Scholarship,*,5524
*,*,*,Minority Scholarship Fund,Scholarship,*,700149.5,,LA,*,*,Minority Scholarship Fund,Scholarship,*,1646
*,*,*,Minority Scholarship Fund,Scholarship,*,700149.5,,MI,*,*,Minority Scholarship Fund,Scholarship,*,6100
*,*,*,Minority Scholarship Fund,Scholarship,*,700149.5,,MO,*,*,Minority Scholarship Fund,Scholarship,*,3043
*,*,*,Minority Scholarship Fund,Scholarship,*,700149.5,,NC,*,*,Minority Scholarship Fund,Scholarship,*,29402
*,*,*,Minority Scholarship Fund,Scholarship,*,700149.5,,NE,*,*,Minority Scholarship Fund,Scholarship,*,25103
*,*,*,Minority Scholarship Fund,Scholarship,*,700149.5,,NH,*,*,Minority Scholarship Fund,Scholarship,*,76
*,*,*,Minority Scholarship Fund,Scholarship,*,700149.5,,NV,*,*,Minority Scholarship Fund,Scholarship,*,12289
*,*,*,Minority Scholarship Fund,Scholarship,*,700149.5,,NY,*,*,Minority Scholarship Fund,Scholarship,*,21505
*,*,*,Minority Scholarship Fund,Scholarship,*,700149.5,,OH,*,*,Minority Scholarship Fund,Scholarship,*,49359
*,*,*,Minority Scholarship Fund,Scholarship,*,700149.5,,OK,*,*,Minority Scholarship Fund,Scholarship,*,18074
*,*,*,Minority Scholarship Fund,Scholarship,*,700149.5,,OR,*,*,Minority Scholarship Fund,Scholarship,*,9745
*,*,*,Minority Scholarship Fund,Scholarship,*,700149.5,,TN,*,*,Minority Scholarship Fund,Scholarship,*,15814
*,*,*,Minority Scholarship Fund,Scholarship,*,700149.5,,TX,*,*,Minority Scholarship Fund,Scholarship,*,77133
*,*,*,Minority Scholarship Fund,Scholarship,*,700149.5,,UT,*,*,Minority Scholarship Fund,Scholarship,*,16967
*,*,*,Minority Scholarship Fund,Scholarship,*,700149.5,,VA,*,*,Minority Scholarship Fund,Scholarship,*,18270
*,*,*,Minority Scholarship Fund,Scholarship,*,700149.5,,WA,*,*,Minority Scholarship Fund,Scholarship,*,4517
*,*,*,Minority Scholarship Fund,Scholarship,*,700149.5,,WI,*,*,Minority Scholarship Fund,Scholarship,*,6482
*,*,*,Parents Association,Campus Resource,*,792720.5,,AL,*,*,Parents Association,Campus Resource,*,1270
*,*,*,Parents Association,Campus Resource,*,792720.5,,AZ,*,*,Parents Association,Campus Resource,*,34283
*,*,*,Parents Association,Campus Resource,*,792720.5,,CA,*,*,Parents Association,Campus Resource,*,107254
*,*,*,Parents Association,Campus Resource,*,792720.5,,CO,*,*,Parents Association,Campus Resource,*,97546.5
*,*,*,Parents Association,Campus Resource,*,792720.5,,CT,*,*,Parents Association,Campus Resource,*,11249
*,*,*,Parents Association,Campus Resource,*,792720.5,,DC,*,*,Parents Association,Campus Resource,*,8720
*,*,*,Parents Association,Campus Resource,*,792720.5,,FL,*,*,Parents Association,Campus Resource,*,26519
*,*,*,Parents Association,Campus Resource,*,792720.5,,GA,*,*,Parents Association,Campus Resource,*,28471
*,*,*,Parents Association,Campus Resource,*,792720.5,,IL,*,*,Parents Association,Campus Resource,*,29823
*,*,*,Parents Association,Campus Resource,*,792720.5,,IN,*,*,Parents Association,Campus Resource,*,16310
*,*,*,Parents Association,Campus Resource,*,792720.5,,KS,*,*,Parents Association,Campus Resource,*,3278
*,*,*,Parents Association,Campus Resource,*,792720.5,,KY,*,*,Parents Association,Campus Resource,*,12306
*,*,*,Parents Association,Campus Resource,*,792720.5,,LA,*,*,Parents Association,Campus Resource,*,14723
*,*,*,Parents Association,Campus Resource,*,792720.5,,MA,*,*,Parents Association,Campus Resource,*,6672
*,*,*,Parents Association,Campus Resource,*,792720.5,,MI,*,*,Parents Association,Campus Resource,*,29059
*,*,*,Parents Association,Campus Resource,*,792720.5,,MO,*,*,Parents Association,Campus Resource,*,3390
*,*,*,Parents Association,Campus Resource,*,792720.5,,NC,*,*,Parents Association,Campus Resource,*,29564
*,*,*,Parents Association,Campus Resource,*,792720.5,,NE,*,*,Parents Association,Campus Resource,*,19
*,*,*,Parents Association,Campus Resource,*,792720.5,,NH,*,*,Parents Association,Campus Resource,*,21963
*,*,*,Parents Association,Campus Resource,*,792720.5,,NM,*,*,Parents Association,Campus Resource,*,5703
*,*,*,Parents Association,Campus Resource,*,792720.5,,NV,*,*,Parents Association,Campus Resource,*,51480
*,*,*,Parents Association,Campus Resource,*,792720.5,,NY,*,*,Parents Association,Campus Resource,*,29235
*,*,*,Parents Association,Campus Resource,*,792720.5,,OH,*,*,Parents Association,Campus Resource,*,25578
*,*,*,Parents Association,Campus Resource,*,792720.5,,PA,*,*,Parents Association,Campus Resource,*,23516
*,*,*,Parents Association,Campus Resource,*,792720.5,,RI,*,*,Parents Association,Campus Resource,*,548
*,*,*,Parents Association,Campus Resource,*,792720.5,,SC,*,*,Parents Association,Campus Resource,*,13459
*,*,*,Parents Association,Campus Resource,*,792720.5,,TN,*,*,Parents Association,Campus Resource,*,13569
*,*,*,Parents Association,Campus Resource,*,792720.5,,TX,*,*,Parents Association,Campus Resource,*,65360
*,*,*,Parents Association,Campus Resource,*,792720.5,,UT,*,*,Parents Association,Campus Resource,*,12207
*,*,*,Parents Association,Campus Resource,*,792720.5,,VA,*,*,Parents Association,Campus Resource,*,15366
*,*,*,Parents Association,Campus Resource,*,792720.5,,WA,*,*,Parents Association,Campus Resource,*,35408
*,*,*,Parents Association,Campus Resource,*,792720.5,,WI,*,*,Parents Association,Campus Resource,*,18872
*,*,*,Trustees Fund,Endowment,*,2011415.0,,AL,*,*,Trustees Fund,Endowment,*,32309
*,*,*,Trustees Fund,Endowment,*,2011415.0,,AR,*,*,Trustees Fund,Endowment,*,13722
*,*,*,Trustees Fund,Endowment,*,2011415.0,,AZ,*,*,Trustees Fund,Endowment,*,146656
*,*,*,Trustees Fund,Endowment,*,2011415.0,,CA,*,*,Trustees Fund,Endowment,*,239255
*,*,*,Trustees Fund,Endowment,*,2011415.0,,CO,*,*,Trustees Fund,Endowment,*,220628.0
*,*,*,Trustees Fund,Endowment,*,2011415.0,,CT,*,*,Trustees Fund,Endowment,*,68861
*,*,*,Trustees Fund,Endowment,*,2011415.0,,DC,*,*,Trustees Fund,Endowment,*,13353
*,*,*,Trustees Fund,Endowment,*,2011415.0,,FL,*,*,Trustees Fund,Endowment,*,124815
*,*,*,Trustees Fund,Endowment,*,2011415.0,,GA,*,*,Trustees Fund,Endowment,*,38711
*,*,*,Trustees Fund,Endowment,*,2011415.0,,IA,*,*,Trustees Fund,Endowment,*,8257
*,*,*,Trustees Fund,Endowment,*,2011415.0,,IL,*,*,Trustees Fund,Endowment,*,100214
*,*,*,Trustees Fund,Endowment,*,2011415.0,,IN,*,*,Trustees Fund,Endowment,*,20252
*,*,*,Trustees Fund,Endowment,*,2011415.0,,KS,*,*,Trustees Fund,Endowment,*,37246
*,*,*,Trustees Fund,Endowment,*,2011415.0,,LA,*,*,Trustees Fund,Endowment,*,5223
*,*,*,Trustees Fund,Endowment,*,2011415.0,,MA,*,*,Trustees Fund,Endowment,*,35028
*,*,*,Trustees Fund,Endowment,*,2011415.0,,MI,*,*,Trustees Fund,Endowment,*,118279
*,*,*,Trustees Fund,Endowment,*,2011415.0,,MN,*,*,Trustees Fund,Endowment,*,8943
*,*,*,Trustees Fund,Endowment,*,2011415.0,,MO,*,*,Trustees Fund,Endowment,*,64181
*,*,*,Trustees Fund,Endowment,*,2011415.0,,NC,*,*,Trustees Fund,Endowment,*,49091
*,*,*,Trustees Fund,Endowment,*,2011415.0,,NE,*,*,Trustees Fund,Endowment,*,16221
*,*,*,Trustees Fund,Endowment,*,2011415.0,,NH,*,*,Trustees Fund,Endowment,*,8715
*,*,*,Trustees Fund,Endowment,*,2011415.0,,NJ,*,*,Trustees Fund,Endowment,*,5984
*,*,*,Trustees Fund,Endowment,*,2011415.0,,NM,*,*,Trustees Fund,Endowment,*,11143
*,*,*,Trustees Fund,Endowment,*,2011415.0,,NV,*,*,Trustees Fund,Endowment,*,58575
*,*,*,Trustees Fund,Endowment,*,2011415.0,,NY,*,*,Trustees Fund,Endowment,*,55343
*,*,*,Trustees Fund,Endowment,*,2011415.0,,OH,*,*,Trustees Fund,Endowment,*,56615
*,*,*,Trustees Fund,Endowment,*,2011415.0,,OK,*,*,Trustees Fund,Endowment,*,33098
*,*,*,Trustees Fund,Endowment,*,2011415.0,,OR,*,*,Trustees Fund,Endowment,*,31154
*,*,*,Trustees Fund,Endowment,*,2011415.0,,PA,*,*,Trustees Fund,Endowment,*,11837
*,*,*,Trustees Fund,Endowment,*,2011415.0,,RI,*,*,Trustees Fund,Endowment,*,17691
*,*,*,Trustees Fund,Endowment,*,2011415.0,,SC,*,*,Trustees Fund,Endowment,*,13595
*,*,*,Trustees Fund,Endowment,*,2011415.0,,TN,*,*,Trustees Fund,Endowment,*,34904
*,*,*,Trustees Fund,Endowment,*,2011415.0,,TX,*,*,Trustees Fund,Endowment,*,175611
*,*,*,Trustees Fund,Endowment,*,2011415.0,,UT,*,*,Trustees Fund,Endowment,*,25693
*,*,*,Trustees Fund,Endowment,*,2011415.0,,VA,*,*,Trustees Fund,Endowment,*,59280
*,*,*,Trustees Fund,Endowment,*,2011415.0,,WA,*,*,Trustees Fund,Endowment,*,46218
*,*,*,Trustees Fund,Endowment,*,2011415.0,,WI,*,*,Trustees Fund,Endowment,*,340
*,*,*,Trustees Fund,Endowment,*,2011415.0,,WY,*,*,Trustees Fund,Endowment,*,4374
*,*,*,University Annual Fund,Endowment,*,2492738.0,,AL,*,*,University Annual Fund,Endowment,*,46383
*,*,*,University Annual Fund,Endowment,*,2492738.0,,AR,*,*,University Annual Fund,Endowment,*,8810
*,*,*,University Annual Fund,Endowment,*,2492738.0,,AZ,*,*,University Annual Fund,Endowment,*,93955
*,*,*,University Annual Fund,Endowment,*,2492738.0,,CA,*,*,University Annual Fund,Endowment,*,337253
*,*,*,University Annual Fund,Endowment,*,2492738.0,,CO,*,*,University Annual Fund,Endowment,*,328901.0
*,*,*,University Annual Fund,Endowment,*,2492738.0,,CT,*,*,University Annual Fund,Endowment,*,59795
*,*,*,University Annual Fund,Endowment,*,2492738.0,,DC,*,*,University Annual Fund,Endowment,*,46803
*,*,*,University Annual Fund,Endowment,*,2492738.0,,FL,*,*,University Annual Fund,Endowment,*,179714
*,*,*,University Annual Fund,Endowment,*,2492738.0,,GA,*,*,University Annual Fund,Endowment,*,61993
*,*,*,University Annual Fund,Endowment,*,2492738.0,,IA,*,*,University Annual Fund,Endowment,*,16987
*,*,*,University Annual Fund,Endowment,*,2492738.0,,IL,*,*,University Annual Fund,Endowment,*,78478
*,*,*,University Annual Fund,Endowment,*,2492738.0,,IN,*,*,University Annual Fund,Endowment,*,35747
*,*,*,University Annual Fund,Endowment,*,2492738.0,,KS,*,*,University Annual Fund,Endowment,*,53428
*,*,*,University Annual Fund,Endowment,*,2492738.0,,KY,*,*,University Annual Fund,Endowment,*,12486
*,*,*,University Annual Fund,Endowment,*,2492738.0,,LA,*,*,University Annual Fund,Endowment,*,9868
*,*,*,University Annual Fund,Endowment,*,2492738.0,,MA,*,*,University Annual Fund,Endowment,*,44366
*,*,*,University Annual Fund,Endowment,*,2492738.0,,MI,*,*,University Annual Fund,Endowment,*,65645
*,*,*,University Annual Fund,Endowment,*,2492738.0,,MN,*,*,University Annual Fund,Endowment,*,2674
*,*,*,University Annual Fund,Endowment,*,2492738.0,,MO,*,*,University Annual Fund,Endowment,*,49161
*,*,*,University Annual Fund,Endowment,*,2492738.0,,MT,*,*,University Annual Fund,Endowment,*,9126
*,*,*,University Annual Fund,Endowment,*,2492738.0,,NC,*,*,University Annual Fund,Endowment,*,43603
*,*,*,University Annual Fund,Endowment,*,2492738.0,,NE,*,*,University Annual Fund,Endowment,*,83552
*,*,*,University Annual Fund,Endowment,*,2492738.0,,NH,*,*,University Annual Fund,Endowment,*,25357
*,*,*,University Annual Fund,Endowment,*,2492738.0,,NM,*,*,University Annual Fund,Endowment,*,17263
*,*,*,University Annual Fund,Endowment,*,2492738.0,,NV,*,*,University Annual Fund,Endowment,*,52159
*,*,*,University Annual Fund,Endowment,*,2492738.0,,NY,*,*,University Annual Fund,Endowment,*,135597
*,*,*,University Annual Fund,Endowment,*,2492738.0,,OH,*,*,University Annual Fund,Endowment,*,94282
*,*,*,University Annual Fund,Endowment,*,2492738.0,,OK,*,*,University Annual Fund,Endowment,*,28673
*,*,*,University Annual Fund,Endowment,*,2492738.0,,OR,*,*,University Annual Fund,Endowment,*,34989
*,*,*,University Annual Fund,Endowment,*,2492738.0,,PA,*,*,University Annual Fund,Endowment,*,25363
*,*,*,University Annual Fund,Endowment,*,2492738.0,,RI,*,*,University Annual Fund,Endowment,*,6978
*,*,*,University Annual Fund,Endowment,*,2492738.0,,SC,*,*,University Annual Fund,Endowment,*,4219
*,*,*,University Annual Fund,Endowment,*,2492738.0,,TN,*,*,University Annual Fund,Endowment,*,23588
*,*,*,University Annual Fund,Endowment,*,2492738.0,,TX,*,*,University Annual Fund,Endowment,*,180892
*,*,*,University Annual Fund,Endowment,*,2492738.0,,UT,*,*,University Annual Fund,Endowment,*,33064
*,*,*,University Annual Fund,Endowment,*,2492738.0,,VA,*,*,University Annual Fund,Endowment,*,48336
*,*,*,University Annual Fund,Endowment,*,2492738.0,,WA,*,*,University Annual Fund,Endowment,*,67067
*,*,*,University Annual Fund,Endowment,*,2492738.0,,WI,*,*,University Annual Fund,Endowment,*,22969
*,*,*,University Annual Fund,Endowment,*,2492738.0,,WY,*,*,University Annual Fund,Endowment,*,23214
*,*,*,University Libraries,Campus Resource,*,652094.5,,AL,*,*,University Libraries,Campus Resource,*,18697
*,*,*,University Libraries,Campus Resource,*,652094.5,,AR,*,*,University Libraries,Campus Resource,*,11514
*,*,*,University Libraries,Campus Resource,*,652094.5,,AZ,*,*,University Libraries,Campus Resource,*,21278
*,*,*,University Libraries,Campus Resource,*,652094.5,,CA,*,*,University Libraries,Campus Resource,*,68606
*,*,*,University Libraries,Campus Resource,*,652094.5,,CO,*,*,University Libraries,Campus Resource,*,87344.5
*,*,*,University Libraries,Campus Resource,*,652094.5,,DC,*,*,University Libraries,Campus Resource,*,4510
*,*,*,University Libraries,Campus Resource,*,652094.5,,FL,*,*,University Libraries,Campus Resource,*,19962
*,*,*,University Libraries,Campus Resource,*,652094.5,,GA,*,*,University Libraries,Campus Resource,*,4414
*,*,*,University Libraries,Campus Resource,*,652094.5,,IA,*,*,University Libraries,Campus Resource,*,9880
*,*,*,University Libraries,Campus Resource,*,652094.5,,IL,*,*,University Libraries,Campus Resource,*,21819
*,*,*,University Libraries,Campus Resource,*,652094.5,,IN,*,*,University Libraries,Campus Resource,*,19432
*,*,*,University Libraries,Campus Resource,*,652094.5,,KS,*,*,University Libraries,Campus Resource,*,5152
*,*,*,University Libraries,Campus Resource,*,652094.5,,KY,*,*,University Libraries,Campus Resource,*,4605
*,*,*,University Libraries,Campus Resource,*,652094.5,,MA,*,*,University Libraries,Campus Resource,*,6246
*,*,*,University Libraries,Campus Resource,*,652094.5,,MI,*,*,University Libraries,Campus Resource,*,17422
*,*,*,University Libraries,Campus Resource,*,652094.5,,MO,*,*,University Libraries,Campus Resource,*,26688
*,*,*,University Libraries,Campus Resource,*,652094.5,,NC,*,*,University Libraries,Campus Resource,*,10295
*,*,*,University Libraries,Campus Resource,*,652094.5,,NE,*,*,University Libraries,Campus Resource,*,3885
*,*,*,University Libraries,Campus Resource,*,652094.5,,NH,*,*,University Libraries,Campus Resource,*,8299
*,*,*,University Libraries,Campus Resource,*,652094.5,,NV,*,*,University Libraries,Campus Resource,*,15760
*,*,*,University Libraries,Campus Resource,*,652094.5,,NY,*,*,University Libraries,Campus Resource,*,21926
*,*,*,University Libraries,Campus Resource,*,652094.5,,OH,*,*,University Libraries,Campus Resource,*,21290
*,*,*,University Libraries,Campus Resource,*,652094.5,,OK,*,*,University Libraries,Campus Resource,*,8527
*,*,*,University Libraries,Campus Resource,*,652094.5,,OR,*,*,University Libraries,Campus Resource,*,20833
*,*,*,University Libraries,Campus Resource,*,652094.5,,PA,*,*,University Libraries,Campus Resource,*,8881
*,*,*,University Libraries,Campus Resource,*,652094.5,,RI,*,*,University Libraries,Campus Resource,*,4090
*,*,*,University Libraries,Campus Resource,*,652094.5,,TN,*,*,University Libraries,Campus Resource,*,39078
*,*,*,University Libraries,Campus Resource,*,652094.5,,TX,*,*,University Libraries,Campus Resource,*,83745
*,*,*,University Libraries,Campus Resource,*,652094.5,,VA,*,*,University Libraries,Campus Resource,*,17911
*,*,*,University Libraries,Campus Resource,*,652094.5,,WA,*,*,University Libraries,Campus Resource,*,12900
*,*,*,University Libraries,Campus Resource,*,652094.5,,WI,*,*,University Libraries,Campus Resource,*,17694
*,*,*,University Libraries,Campus Resource,*,652094.5,,WY,*,*,University Libraries,Campus Resource,*,9411
