AL,*,College of Arts and Sciences,*,Scholarship,*,51319,,AL,Mobile,College of Arts and Sciences,*,Scholarship,*,4026
AL,*,College of Natural Science,*,Scholarship,*,29022,,AL,Huntsville,College of Natural Science,*,Scholarship,*,4142
AL,*,College of Natural Science,*,Scholarship,*,29022,,AL,Mobile,College of Natural Science,*,Scholarship,*,4743
AL,*,College of Social Science,*,Campus Resource,*,16670,,AL,Huntsville,College of Social Science,*,Campus Resource,*,1248
AL,*,College of Social Science,*,Endowment,*,29961,,AL,Huntsville,College of Social Science,*,Endowment,*,8974
AR,*,College of Natural Science,*,Endowment,*,15024,,AR,Springfield,College of Natural Science,*,Endowment,*,2734
AR,*,College of Nursing,*,Endowment,*,21001,,AR,Springfield,College of Nursing,*,Endowment,*,6076
AZ,*,College of Agriculture and Natural Resources,*,Campus Resource,*,32014,,AZ,Phoenix,College of Agriculture and Natural Resources,*,Campus Resource,*,2697
AZ,*,College of Agriculture and Natural Resources,*,Campus Resource,*,32014,,AZ,Scottsdale,College of Agriculture and Natural Resources,*,Campus Resource,*,5202
AZ,*,College of Agriculture and Natural Resources,*,Scholarship,*,50693,,AZ,Scottsdale,College of Agriculture and Natural Resources,*,Scholarship,*,8017
AZ,*,College of Agriculture and Natural Resources,*,Scholarship,*,50693,,AZ,Tucson,College of Agriculture and Natural Resources,*,Scholarship,*,4575
AZ,*,College of Arts and Sciences,*,Campus Resource,*,30003,,AZ,Tucson,College of Arts and Sciences,*,Campus Resource,*,2731
AZ,*,College of Arts and Sciences,*,Endowment,*,65026,,AZ,Mesa,College of Arts and Sciences,*,Endowment,*,3373
AZ,*,College of Arts and Sciences,*,Endowment,*,65026,,AZ,Scottsdale,College of Arts and Sciences,*,Endowment,*,4635
AZ,*,College of Arts and Sciences,*,Scholarship,*,100741,,AZ,Mesa,College of Arts and Sciences,*,Scholarship,*,9237
AZ,*,College of Arts and Sciences,*,Scholarship,*,100741,,AZ,Tucson,College of Arts and Sciences,*,Scholarship,*,9985
AZ,*,College of Communication Arts and Sciences,*,Endowment,*,15438,,AZ,Tucson,College of Communication Arts and Sciences,*,Endowment,*,3865
AZ,*,College of Communication Arts and Sciences,*,Scholarship,*,13150,,AZ,Tucson,College of Communication Arts and Sciences,*,Scholarship,*,3865
AZ,*,College of Engineering,*,Campus Resource,*,11668,,AZ,Scottsdale,College of Engineering,*,Campus Resource,*,486
AZ,*,College of Engineering,*,Endowment,*,41390,,AZ,Scottsdale,College of Engineering,*,Endowment,*,5680
AZ,*,College of Music,*,Campus Resource,*,12827,,AZ,Mesa,College of Music,*,Campus Resource,*,1666
AZ,*,College of Music,*,Endowment,*,25795,,AZ,Mesa,College of Music,*,Endowment,*,7861
AZ,*,College of Music,*,Scholarship,*,12286,,AZ,Tucson,College of Music,*,Scholarship,*,1858
AZ,*,College of Natural Science,*,Endowment,*,55945,,AZ,Scottsdale,College of Natural Science,*,Endowment,*,833
AZ,*,College of Natural Science,*,Endowment,*,55945,,AZ,Tucson,College of Natural Science,*,Endowment,*,5620
AZ,*,College of Natural Science,*,Scholarship,*,59845,,AZ,Mesa,College of Natural Science,*,Scholarship,*,2872
AZ,*,College of Natural Science,*,Scholarship,*,59845,,AZ,Scottsdale,College of Natural Science,*,Scholarship,*,14231
AZ,*,College of Natural Science,*,Scholarship,*,59845,,AZ,Tucson,College of Natural Science,*,Scholarship,*,2965
AZ,*,College of Political Science,*,Campus Resource,*,14060,,AZ,Phoenix,College of Political Science,*,Campus Resource,*,41
AZ,*,College of Social Science,*,Endowment,*,49440,,AZ,Mesa,College of Social Science,*,Endowment,*,4065
AZ,*,College of Social Science,*,Endowment,*,49440,,AZ,Tucson,College of Social Science,*,Endowment,*,1321
AZ,*,College of Social Science,*,Scholarship,*,43814,,AZ,Mesa,College of Social Science,*,Scholarship,*,6165
AZ,*,College of Social Science,*,Scholarship,*,43814,,AZ,Tucson,College of Social Science,*,Scholarship,*,8847
CA,*,College of Agriculture and Natural Resources,*,Campus Resource,*,97011,,CA,Fresno,College of Agriculture and Natural Resources,*,Campus Resource,*,28575
CA,*,College of Agriculture and Natural Resources,*,Campus Resource,*,97011,,CA,Sacramento,College of Agriculture and Natural Resources,*,Campus Resource,*,5051
CA,*,College of Agriculture and Natural Resources,*,Campus Resource,*,97011,,CA,San Diego,College of Agriculture and Natural Resources,*,Campus Resource,*,2178
CA,*,College of Agriculture and Natural Resources,*,Campus Resource,*,97011,,CA,San Francisco,College of Agriculture and Natural Resources,*,Campus Resource,*,9344
CA,*,College of Agriculture and Natural Resources,*,Endowment,*,160788,,CA,Anaheim,College of Agriculture and Natural Resources,*,Endowment,*,6156
CA,*,College of Agriculture and Natural Resources,*,Endowment,*,160788,,CA,Fresno,College of Agriculture and Natural Resources,*,Endowment,*,14875
CA,*,College of Agriculture and Natural Resources,*,Endowment,*,160788,,CA,Sacramento,College of Agriculture and Natural Resources,*,Endowment,*,5051
CA,*,College of Agriculture and Natural Resources,*,Endowment,*,160788,,CA,San Diego,College of Agriculture and Natural Resources,*,Endowment,*,5754
CA,*,College of Agriculture and Natural Resources,*,Scholarship,*,131032,,CA,Fresno,College of Agriculture and Natural Resources,*,Scholarship,*,15577
CA,*,College of Agriculture and Natural Resources,*,Scholarship,*,131032,,CA,Sacramento,College of Agriculture and Natural Resources,*,Scholarship,*,4558
CA,*,College of Agriculture and Natural Resources,*,Scholarship,*,131032,,CA,San Diego,College of Agriculture and Natural Resources,*,Scholarship,*,8118
CA,*,College of Agriculture and Natural Resources,*,Scholarship,*,131032,,CA,San Francisco,College of Agriculture and Natural Resources,*,Scholarship,*,21576
CA,*,College of Arts and Sciences,*,Campus Resource,*,74693,,CA,Anaheim,College of Arts and Sciences,*,Campus Resource,*,10547
CA,*,College of Arts and Sciences,*,Campus Resource,*,74693,,CA,Fresno,College of Arts and Sciences,*,Campus Resource,*,4750
CA,*,College of Arts and Sciences,*,Campus Resource,*,74693,,CA,Los Angeles,College of Arts and Sciences,*,Campus Resource,*,1924
CA,*,College of Arts and Sciences,*,Campus Resource,*,74693,,CA,Sacramento,College of Arts and Sciences,*,Campus Resource,*,13058
CA,*,College of Arts and Sciences,*,Campus Resource,*,74693,,CA,San Diego,College of Arts and Sciences,*,Campus Resource,*,4530
CA,*,College of Arts and Sciences,*,Endowment,*,281747,,CA,Anaheim,College of Arts and Sciences,*,Endowment,*,16491
CA,*,College of Arts and Sciences,*,Endowment,*,281747,,CA,Fresno,College of Arts and Sciences,*,Endowment,*,20927
CA,*,College of Arts and Sciences,*,Endowment,*,281747,,CA,Los Angeles,College of Arts and Sciences,*,Endowment,*,70717
CA,*,College of Arts and Sciences,*,Endowment,*,281747,,CA,Sacramento,College of Arts and Sciences,*,Endowment,*,15194
CA,*,College of Arts and Sciences,*,Endowment,*,281747,,CA,San Diego,College of Arts and Sciences,*,Endowment,*,28427
CA,*,College of Arts and Sciences,*,Scholarship,*,204361,,CA,Anaheim,College of Arts and Sciences,*,Scholarship,*,5188
CA,*,College of Arts and Sciences,*,Scholarship,*,204361,,CA,Fresno,College of Arts and Sciences,*,Scholarship,*,19137
CA,*,College of Arts and Sciences,*,Scholarship,*,204361,,CA,Sacramento,College of Arts and Sciences,*,Scholarship,*,5669
CA,*,College of Arts and Sciences,*,Scholarship,*,204361,,CA,San Diego,College of Arts and Sciences,*,Scholarship,*,26498
CA,*,College of Arts and Sciences,*,Scholarship,*,204361,,CA,San Francisco,College of Arts and Sciences,*,Scholarship,*,61944
CA,*,College of Business,*,Campus Resource,*,40751,,CA,Anaheim,College of Business,*,Campus Resource,*,3145
CA,*,College of Business,*,Campus Resource,*,40751,,CA,Sacramento,College of Business,*,Campus Resource,*,10340
CA,*,College of Business,*,Campus Resource,*,40751,,CA,San Francisco,College of Business,*,Campus Resource,*,8686
CA,*,College of Business,*,Endowment,*,52384,,CA,Anaheim,College of Business,*,Endowment,*,12815
CA,*,College of Business,*,Endowment,*,52384,,CA,San Francisco,College of Business,*,Endowment,*,8867
CA,*,College of Business,*,Scholarship,*,55754,,CA,Anaheim,College of Business,*,Scholarship,*,2045
CA,*,College of Communication Arts and Sciences,*,Scholarship,*,15921,,CA,San Francisco,College of Communication Arts and Sciences,*,Scholarship,*,2307
CA,*,College of Education,*,Endowment,*,35990,,CA,Los Angeles,College of Education,*,Endowment,*,7372
CA,*,College of Education,*,Endowment,*,35990,,CA,Sacramento,College of Education,*,Endowment,*,11205
CA,*,College of Education,*,Scholarship,*,54361,,CA,Los Angeles,College of Education,*,Scholarship,*,6757
CA,*,College of Education,*,Scholarship,*,54361,,CA,Sacramento,College of Education,*,Scholarship,*,650
CA,*,College of Engineering,*,Campus Resource,*,24065,,CA,Los Angeles,College of Engineering,*,Campus Resource,*,4462
CA,*,College of Engineering,*,Campus Resource,*,24065,,CA,San Diego,College of Engineering,*,Campus Resource,*,3263
CA,*,College of Engineering,*,Endowment,*,88703,,CA,Los Angeles,College of Engineering,*,Endowment,*,20858
CA,*,College of Engineering,*,Endowment,*,88703,,CA,Sacramento,College of Engineering,*,Endowment,*,3591
CA,*,College of Engineering,*,Endowment,*,88703,,CA,San Diego,College of Engineering,*,Endowment,*,15828
CA,*,College of Engineering,*,Scholarship,*,53256,,CA,Sacramento,College of Engineering,*,Scholarship,*,11121
CA,*,College of Engineering,*,Scholarship,*,53256,,CA,San Diego,College of Engineering,*,Scholarship,*,1570
CA,*,College of Music,*,Endowment,*,46314,,CA,Los Angeles,College of Music,*,Endowment,*,9945
CA,*,College of Music,*,Endowment,*,46314,,CA,San Francisco,College of Music,*,Endowment,*,7309
CA,*,College of Music,*,Scholarship,*,82854,,CA,Anaheim,College of Music,*,Scholarship,*,8433
CA,*,College of Music,*,Scholarship,*,82854,,CA,Los Angeles,College of Music,*,Scholarship,*,26716
CA,*,College of Music,*,Scholarship,*,82854,,CA,San Diego,College of Music,*,Scholarship,*,12522
CA,*,College of Natural Science,*,Campus Resource,*,135046,,CA,Anaheim,College of Natural Science,*,Campus Resource,*,1491
CA,*,College of Natural Science,*,Campus Resource,*,135046,,CA,San Diego,College of Natural Science,*,Campus Resource,*,5223
CA,*,College of Natural Science,*,Endowment,*,149526,,CA,Anaheim,College of Natural Science,*,Endowment,*,9874
CA,*,College of Natural Science,*,Endowment,*,149526,,CA,Fresno,College of Natural Science,*,Endowment,*,33063
CA,*,College of Natural Science,*,Endowment,*,149526,,CA,San Diego,College of Natural Science,*,Endowment,*,17418
CA,*,College of Natural Science,*,Endowment,*,149526,,CA,San Francisco,College of Natural Science,*,Endowment,*,21677
CA,*,College of Natural Science,*,Scholarship,*,229321,,CA,Anaheim,College of Natural Science,*,Scholarship,*,26098
CA,*,College of Natural Science,*,Scholarship,*,229321,,CA,San Diego,College of Natural Science,*,Scholarship,*,26187
CA,*,College of Natural Science,*,Scholarship,*,229321,,CA,San Francisco,College of Natural Science,*,Scholarship,*,71439
CA,*,College of Nursing,*,Endowment,*,10941,,CA,Los Angeles,College of Nursing,*,Endowment,*,584
CA,*,College of Nursing,*,Scholarship,*,87158,,CA,Los Angeles,College of Nursing,*,Scholarship,*,18819
CA,*,College of Nursing,*,Scholarship,*,87158,,CA,Sacramento,College of Nursing,*,Scholarship,*,6339
CA,*,College of Political Science,*,Endowment,*,47209,,CA,Fresno,College of Political Science,*,Endowment,*,158
CA,*,College of Political Science,*,Endowment,*,47209,,CA,Los Angeles,College of Political Science,*,Endowment,*,4125
CA,*,College of Political Science,*,Endowment,*,47209,,CA,Sacramento,College of Political Science,*,Endowment,*,8700
CA,*,College of Social Science,*,Campus Resource,*,117787,,CA,Fresno,College of Social Science,*,Campus Resource,*,37715
CA,*,College of Social Science,*,Campus Resource,*,117787,,CA,Los Angeles,College of Social Science,*,Campus Resource,*,12598
CA,*,College of Social Science,*,Campus Resource,*,117787,,CA,San Diego,College of Social Science,*,Campus Resource,*,11303
CA,*,College of Social Science,*,Endowment,*,177452,,CA,Fresno,College of Social Science,*,Endowment,*,26185
CA,*,College of Social Science,*,Endowment,*,177452,,CA,Los Angeles,College of Social Science,*,Endowment,*,28122
CA,*,College of Social Science,*,Endowment,*,177452,,CA,Sacramento,College of Social Science,*,Endowment,*,16023
CA,*,College of Social Science,*,Endowment,*,177452,,CA,San Diego,College of Social Science,*,Endowment,*,30673
CA,*,College of Social Science,*,Scholarship,*,199203,,CA,Fresno,College of Social Science,*,Scholarship,*,30205
CA,*,College of Social Science,*,Scholarship,*,199203,,CA,San Diego,College of Social Science,*,Scholarship,*,20941
CA,*,College of Veterinary Medicine,*,Endowment,*,12215,,CA,San Francisco,College of Veterinary Medicine,*,Endowment,*,2268
CO,*,College of Agriculture and Natural Resources,*,Campus Resource,*,164180.0,,CO,Colorado Springs,College of Agriculture and Natural Resources,*,Campus Resource,*,5864
CO,*,College of Agriculture and Natural Resources,*,Endowment,*,97386.5,,CO,Colorado Springs,College of Agriculture and Natural Resources,*,Endowment,*,1793
CO,*,College of Agriculture and Natural Resources,*,Scholarship,*,270293.5,,CO,Colorado Springs,College of Agriculture and Natural Resources,*,Scholarship,*,47431
CO,*,College of Arts and Sciences,*,Campus Resource,*,149171.5,,CO,Colorado Springs,College of Arts and Sciences,*,Campus Resource,*,10786
CO,*,College of Arts and Sciences,*,Endowment,*,316754.5,,CO,Colorado Springs,College of Arts and Sciences,*,Endowment,*,22276
CO,*,College of Arts and Sciences,*,Scholarship,*,303435.5,,CO,Colorado Springs,College of Arts and Sciences,*,Scholarship,*,29738
CO,*,College of Business,*,Scholarship,*,24681.5,,CO,Colorado Springs,College of Business,*,Scholarship,*,7730
CO,*,College of Education,*,Endowment,*,62207.5,,CO,Colorado Springs,College of Education,*,Endowment,*,850
CO,*,College of Education,*,Scholarship,*,112579.0,,CO,Colorado Springs,College of Education,*,Scholarship,*,8968
CO,*,College of Engineering,*,Endowment,*,65666.5,,CO,Colorado Springs,College of Engineering,*,Endowment,*,10150
CO,*,College of Engineering,*,Scholarship,*,58552.0,,CO,Colorado Springs,College of Engineering,*,Scholarship,*,12139
CO,*,College of Natural Science,*,Campus Resource,*,119710.0,,CO,Colorado Springs,College of Natural Science,*,Campus Resource,*,21490
CO,*,College of Natural Science,*,Endowment,*,158764.0,,CO,Colorado Springs,College of Natural Science,*,Endowment,*,45271
CO,*,College of Natural Science,*,Scholarship,*,243459.5,,CO,Colorado Springs,College of Natural Science,*,Scholarship,*,33428
CO,*,College of Nursing,*,Endowment,*,61375.5,,CO,Colorado Springs,College of Nursing,*,Endowment,*,7050
CO,*,College of Political Science,*,Endowment,*,29763.5,,CO,Colorado Springs,College of Political Science,*,Endowment,*,8942
CO,*,College of Social Science,*,Campus Resource,*,103731.0,,CO,Colorado Springs,College of Social Science,*,Campus Resource,*,9801
CO,*,College of Social Science,*,Endowment,*,150184.0,,CO,Colorado Springs,College of Social Science,*,Endowment,*,25237
CO,*,College of Social Science,*,Scholarship,*,313492.5,,CO,Colorado Springs,College of Social Science,*,Scholarship,*,9534
CT,*,College of Arts and Sciences,*,Campus Resource,*,13695,,CT,New Haven,College of Arts and Sciences,*,Campus Resource,*,2502
CT,*,College of Arts and Sciences,*,Scholarship,*,53512,,CT,New Haven,College of Arts and Sciences,*,Scholarship,*,2502
CT,*,College of Natural Science,*,Endowment,*,42766,,CT,New Haven,College of Natural Science,*,Endowment,*,4357
CT,*,College of Social Science,*,Endowment,*,9239,,CT,New Haven,College of Social Science,*,Endowment,*,1106
CT,*,College of Social Science,*,Scholarship,*,33208,,CT,New Haven,College of Social Science,*,Scholarship,*,8725
FL,*,College of Agriculture and Natural Resources,*,Campus Resource,*,37721,,FL,Jacksonville,College of Agriculture and Natural Resources,*,Campus Resource,*,9582
FL,*,College of Agriculture and Natural Resources,*,Campus Resource,*,37721,,FL,Miami,College of Agriculture and Natural Resources,*,Campus Resource,*,6519
FL,*,College of Agriculture and Natural Resources,*,Campus Resource,*,37721,,FL,Tallahassee,College of Agriculture and Natural Resources,*,Campus Resource,*,2982
FL,*,College of Agriculture and Natural Resources,*,Endowment,*,109277,,FL,Fort Lauderdale,College of Agriculture and Natural Resources,*,Endowment,*,3896
FL,*,College of Agriculture and Natural Resources,*,Endowment,*,109277,,FL,Jacksonville,College of Agriculture and Natural Resources,*,Endowment,*,9459
FL,*,College of Agriculture and Natural Resources,*,Endowment,*,109277,,FL,Miami,College of Agriculture and Natural Resources,*,Endowment,*,13048
FL,*,College of Agriculture and Natural Resources,*,Endowment,*,109277,,FL,Orlando,College of Agriculture and Natural Resources,*,Endowment,*,24886
FL,*,College of Agriculture and Natural Resources,*,Scholarship,*,132226,,FL,Fort Lauderdale,College of Agriculture and Natural Resources,*,Scholarship,*,15651
FL,*,College of Agriculture and Natural Resources,*,Scholarship,*,132226,,FL,Jacksonville,College of Agriculture and Natural Resources,*,Scholarship,*,7897
FL,*,College of Agriculture and Natural Resources,*,Scholarship,*,132226,,FL,Orlando,College of Agriculture and Natural Resources,*,Scholarship,*,30852
FL,*,College of Agriculture and Natural Resources,*,Scholarship,*,132226,,FL,Tallahassee,College of Agriculture and Natural Resources,*,Scholarship,*,17175
FL,*,College of Arts and Sciences,*,Campus Resource,*,39836,,FL,Fort Lauderdale,College of Arts and Sciences,*,Campus Resource,*,11088
FL,*,College of Arts and Sciences,*,Campus Resource,*,39836,,FL,Miami,College of Arts and Sciences,*,Campus Resource,*,11519
FL,*,College of Arts and Sciences,*,Campus Resource,*,39836,,FL,Orlando,College of Arts and Sciences,*,Campus Resource,*,9615
FL,*,College of Arts and Sciences,*,Campus Resource,*,39836,,FL,Tallahassee,College of Arts and Sciences,*,Campus Resource,*,7614
FL,*,College of Arts and Sciences,*,Endowment,*,60020,,FL,Orlando,College of Arts and Sciences,*,Endowment,*,14402
FL,*,College of Arts and Sciences,*,Endowment,*,60020,,FL,Tallahassee,College of Arts and Sciences,*,Endowment,*,18552
FL,*,College of Arts and Sciences,*,Scholarship,*,105472,,FL,Fort Lauderdale,College of Arts and Sciences,*,Scholarship,*,5107
FL,*,College of Arts and Sciences,*,Scholarship,*,105472,,FL,Jacksonville,College of Arts and Sciences,*,Scholarship,*,16415
FL,*,College of Arts and Sciences,*,Scholarship,*,105472,,FL,Orlando,College of Arts and Sciences,*,Scholarship,*,25761
FL,*,College of Arts and Sciences,*,Scholarship,*,105472,,FL,Tallahassee,College of Arts and Sciences,*,Scholarship,*,20742
FL,*,College of Business,*,Endowment,*,43935,,FL,Jacksonville,College of Business,*,Endowment,*,5576
FL,*,College of Business,*,Endowment,*,43935,,FL,Orlando,College of Business,*,Endowment,*,8323
FL,*,College of Business,*,Endowment,*,43935,,FL,Tallahassee,College of Business,*,Endowment,*,13865
FL,*,College of Business,*,Scholarship,*,37871,,FL,Jacksonville,College of Business,*,Scholarship,*,5275
FL,*,College of Business,*,Scholarship,*,37871,,FL,Miami,College of Business,*,Scholarship,*,7843
FL,*,College of Business,*,Scholarship,*,37871,,FL,Orlando,College of Business,*,Scholarship,*,8323
FL,*,College of Communication Arts and Sciences,*,Endowment,*,47749,,FL,Tallahassee,College of Communication Arts and Sciences,*,Endowment,*,1556
FL,*,College of Engineering,*,Campus Resource,*,23845,,FL,Orlando,College of Engineering,*,Campus Resource,*,6344
FL,*,College of Engineering,*,Campus Resource,*,23845,,FL,Tallahassee,College of Engineering,*,Campus Resource,*,7784
FL,*,College of Engineering,*,Scholarship,*,14558,,FL,Miami,College of Engineering,*,Scholarship,*,1119
FL,*,College of Engineering,*,Scholarship,*,14558,,FL,Tallahassee,College of Engineering,*,Scholarship,*,3263
FL,*,College of Music,*,Endowment,*,24366,,FL,Orlando,College of Music,*,Endowment,*,7385
FL,*,College of Natural Science,*,Campus Resource,*,27163,,FL,Fort Lauderdale,College of Natural Science,*,Campus Resource,*,4018
FL,*,College of Natural Science,*,Campus Resource,*,27163,,FL,Jacksonville,College of Natural Science,*,Campus Resource,*,3801
FL,*,College of Natural Science,*,Campus Resource,*,27163,,FL,Orlando,College of Natural Science,*,Campus Resource,*,3606
FL,*,College of Natural Science,*,Endowment,*,116816,,FL,Fort Lauderdale,College of Natural Science,*,Endowment,*,4018
FL,*,College of Natural Science,*,Endowment,*,116816,,FL,Jacksonville,College of Natural Science,*,Endowment,*,19215
FL,*,College of Natural Science,*,Endowment,*,116816,,FL,Miami,College of Natural Science,*,Endowment,*,12040
FL,*,College of Natural Science,*,Endowment,*,116816,,FL,Tallahassee,College of Natural Science,*,Endowment,*,24755
FL,*,College of Natural Science,*,Scholarship,*,100122,,FL,Fort Lauderdale,College of Natural Science,*,Scholarship,*,19334
FL,*,College of Natural Science,*,Scholarship,*,100122,,FL,Jacksonville,College of Natural Science,*,Scholarship,*,3272
FL,*,College of Natural Science,*,Scholarship,*,100122,,FL,Miami,College of Natural Science,*,Scholarship,*,7003
FL,*,College of Natural Science,*,Scholarship,*,100122,,FL,Orlando,College of Natural Science,*,Scholarship,*,32395
FL,*,College of Political Science,*,Endowment,*,32991,,FL,Jacksonville,College of Political Science,*,Endowment,*,4606
FL,*,College of Social Science,*,Campus Resource,*,21391,,FL,Orlando,College of Social Science,*,Campus Resource,*,5024
FL,*,College of Social Science,*,Endowment,*,74493,,FL,Miami,College of Social Science,*,Endowment,*,7362
FL,*,College of Social Science,*,Endowment,*,74493,,FL,Tallahassee,College of Social Science,*,Endowment,*,4409
FL,*,College of Social Science,*,Scholarship,*,76422,,FL,Jacksonville,College of Social Science,*,Scholarship,*,2128
FL,*,College of Social Science,*,Scholarship,*,76422,,FL,Tallahassee,College of Social Science,*,Scholarship,*,7459
GA,*,College of Arts and Sciences,*,Endowment,*,25543,,GA,Savannah,College of Arts and Sciences,*,Endowment,*,728
GA,*,College of Arts and Sciences,*,Scholarship,*,16649,,GA,Savannah,College of Arts and Sciences,*,Scholarship,*,36
GA,*,College of Engineering,*,Campus Resource,*,3715,,GA,Atlanta,College of Engineering,*,Campus Resource,*,313
GA,*,College of Engineering,*,Scholarship,*,20758,,GA,Savannah,College of Engineering,*,Scholarship,*,6133
GA,*,College of Natural Science,*,Scholarship,*,66142,,GA,Savannah,College of Natural Science,*,Scholarship,*,20039
IA,*,College of Social Science,*,Scholarship,*,10321,,IA,Des Moines,College of Social Science,*,Scholarship,*,1532
IL,*,College of Agriculture and Natural Resources,*,Scholarship,*,58379,,IL,Springfield,College of Agriculture and Natural Resources,*,Scholarship,*,6838
IL,*,College of Arts and Sciences,*,Campus Resource,*,77787,,IL,Naperville,College of Arts and Sciences,*,Campus Resource,*,12318
IL,*,College of Arts and Sciences,*,Campus Resource,*,77787,,IL,Springfield,College of Arts and Sciences,*,Campus Resource,*,2877
IL,*,College of Arts and Sciences,*,Scholarship,*,96539,,IL,Naperville,College of Arts and Sciences,*,Scholarship,*,17664
IL,*,College of Business,*,Endowment,*,33504,,IL,Naperville,College of Business,*,Endowment,*,9830
IL,*,College of Engineering,*,Endowment,*,508357,,IL,Naperville,College of Engineering,*,Endowment,*,9489
IL,*,College of Engineering,*,Endowment,*,508357,,IL,Springfield,College of Engineering,*,Endowment,*,15159
IL,*,College of Engineering,*,Scholarship,*,40814,,IL,Springfield,College of Engineering,*,Scholarship,*,4962
IL,*,College of Natural Science,*,Campus Resource,*,24373,,IL,Chicago,College of Natural Science,*,Campus Resource,*,7079
IL,*,College of Natural Science,*,Endowment,*,62800,,IL,Naperville,College of Natural Science,*,Endowment,*,17448
IL,*,College of Natural Science,*,Scholarship,*,29611,,IL,Naperville,College of Natural Science,*,Scholarship,*,1780
IL,*,College of Social Science,*,Endowment,*,14657,,IL,Springfield,College of Social Science,*,Endowment,*,4604
KS,*,College of Agriculture and Natural Resources,*,Scholarship,*,63413,,KS,Wichita,College of Agriculture and Natural Resources,*,Scholarship,*,8941
KS,*,College of Arts and Sciences,*,Endowment,*,15681,,KS,Kansas City,College of Arts and Sciences,*,Endowment,*,4510
KS,*,College of Arts and Sciences,*,Endowment,*,15681,,KS,Overland Park,College of Arts and Sciences,*,Endowment,*,2861
KS,*,College of Arts and Sciences,*,Scholarship,*,38376,,KS,Overland Park,College of Arts and Sciences,*,Scholarship,*,10477
KS,*,College of Music,*,Scholarship,*,32260,,KS,Wichita,College of Music,*,Scholarship,*,6405
KS,*,College of Natural Science,*,Campus Resource,*,41400,,KS,Kansas City,College of Natural Science,*,Campus Resource,*,6197
KS,*,College of Natural Science,*,Campus Resource,*,41400,,KS,Overland Park,College of Natural Science,*,Campus Resource,*,10390
KS,*,College of Natural Science,*,Endowment,*,56540,,KS,Kansas City,College of Natural Science,*,Endowment,*,8352
KS,*,College of Natural Science,*,Scholarship,*,53045,,KS,Kansas City,College of Natural Science,*,Scholarship,*,13198
KS,*,College of Natural Science,*,Scholarship,*,53045,,KS,Overland Park,College of Natural Science,*,Scholarship,*,17644
KS,*,College of Political Science,*,Campus Resource,*,2168,,KS,Overland Park,College of Political Science,*,Campus Resource,*,714
KS,*,College of Social Science,*,Endowment,*,31616,,KS,Wichita,College of Social Science,*,Endowment,*,8263
KY,*,College of Natural Science,*,Endowment,*,23613,,KY,Louisville,College of Natural Science,*,Endowment,*,6116
LA,*,College of Agriculture and Natural Resources,*,Scholarship,*,24713,,LA,New Orleans,College of Agriculture and Natural Resources,*,Scholarship,*,1867
LA,*,College of Arts and Sciences,*,Endowment,*,28510,,LA,Baton Rouge,College of Arts and Sciences,*,Endowment,*,8955
LA,*,College of Arts and Sciences,*,Scholarship,*,40694,,LA,Baton Rouge,College of Arts and Sciences,*,Scholarship,*,5877
LA,*,College of Business,*,Endowment,*,45581,,LA,New Orleans,College of Business,*,Endowment,*,7610
LA,*,College of Business,*,Scholarship,*,10024,,LA,Baton Rouge,College of Business,*,Scholarship,*,2414
LA,*,College of Music,*,Scholarship,*,21047,,LA,New Orleans,College of Music,*,Scholarship,*,6716
LA,*,College of Natural Science,*,Scholarship,*,10369,,LA,New Orleans,College of Natural Science,*,Scholarship,*,2529
MI,*,College of Agriculture and Natural Resources,*,Campus Resource,*,12463,,MI,Lansing,College of Agriculture and Natural Resources,*,Campus Resource,*,1599
MI,*,College of Agriculture and Natural Resources,*,Endowment,*,51330,,MI,Grand Rapids,College of Agriculture and Natural Resources,*,Endowment,*,8940
MI,*,College of Agriculture and Natural Resources,*,Endowment,*,51330,,MI,Lansing,College of Agriculture and Natural Resources,*,Endowment,*,8149
MI,*,College of Agriculture and Natural Resources,*,Scholarship,*,94593,,MI,Grand Rapids,College of Agriculture and Natural Resources,*,Scholarship,*,9396
MI,*,College of Agriculture and Natural Resources,*,Scholarship,*,94593,,MI,Lansing,College of Agriculture and Natural Resources,*,Scholarship,*,16058
MI,*,College of Arts and Sciences,*,Scholarship,*,63842,,MI,Grand Rapids,College of Arts and Sciences,*,Scholarship,*,3207
MI,*,College of Business,*,Endowment,*,41552,,MI,Detroit,College of Business,*,Endowment,*,7420
MI,*,College of Communication Arts and Sciences,*,Endowment,*,8197,,MI,Detroit,College of Communication Arts and Sciences,*,Endowment,*,1949
MI,*,College of Communication Arts and Sciences,*,Scholarship,*,6872,,MI,Lansing,College of Communication Arts and Sciences,*,Scholarship,*,1925
MI,*,College of Natural Science,*,Campus Resource,*,18409,,MI,Lansing,College of Natural Science,*,Campus Resource,*,4123
MI,*,College of Natural Science,*,Endowment,*,52725,,MI,Detroit,College of Natural Science,*,Endowment,*,5002
MI,*,College of Natural Science,*,Endowment,*,52725,,MI,Grand Rapids,College of Natural Science,*,Endowment,*,9407
MI,*,College of Nursing,*,Scholarship,*,24718,,MI,Lansing,College of Nursing,*,Scholarship,*,4340
MI,*,College of Social Science,*,Endowment,*,45519,,MI,Detroit,College of Social Science,*,Endowment,*,11618
MI,*,College of Social Science,*,Endowment,*,45519,,MI,Grand Rapids,College of Social Science,*,Endowment,*,9425
MI,*,College of Social Science,*,Scholarship,*,18911,,MI,Grand Rapids,College of Social Science,*,Scholarship,*,4022
MN,*,College of Arts and Sciences,*,Scholarship,*,8229,,MN,St. Paul,College of Arts and Sciences,*,Scholarship,*,1667
MO,*,College of Agriculture and Natural Resources,*,Campus Resource,*,17481,,MO,St. Louis,College of Agriculture and Natural Resources,*,Campus Resource,*,345
MO,*,College of Agriculture and Natural Resources,*,Endowment,*,27972,,MO,Kansas City,College of Agriculture and Natural Resources,*,Endowment,*,4895
MO,*,College of Agriculture and Natural Resources,*,Scholarship,*,102598,,MO,St. Louis,College of Agriculture and Natural Resources,*,Scholarship,*,15021
MO,*,College of Arts and Sciences,*,Endowment,*,46220,,MO,St. Louis,College of Arts and Sciences,*,Endowment,*,2402
MO,*,College of Business,*,Endowment,*,16693,,MO,St. Louis,College of Business,*,Endowment,*,4332
MO,*,College of Communication Arts and Sciences,*,Endowment,*,7708,,MO,St. Louis,College of Communication Arts and Sciences,*,Endowment,*,2051
MO,*,College of Communication Arts and Sciences,*,Scholarship,*,749,,MO,St. Louis,College of Communication Arts and Sciences,*,Scholarship,*,149
MO,*,College of Education,*,Endowment,*,12978,,MO,Kansas City,College of Education,*,Endowment,*,4036
MO,*,College of Engineering,*,Endowment,*,37760,,MO,St. Louis,College of Engineering,*,Endowment,*,5490
MO,*,College of Natural Science,*,Scholarship,*,275040,,MO,Kansas City,College of Natural Science,*,Scholarship,*,17673
MO,*,College of Social Science,*,Scholarship,*,19149,,MO,St. Louis,College of Social Science,*,Scholarship,*,1715
NC,*,College of Agriculture and Natural Resources,*,Endowment,*,13094,,NC,Raleigh,College of Agriculture and Natural Resources,*,Endowment,*,1864
NC,*,College of Agriculture and Natural Resources,*,Scholarship,*,15516,,NC,Durham,College of Agriculture and Natural Resources,*,Scholarship,*,267
NC,*,College of Arts and Sciences,*,Endowment,*,25606,,NC,Durham,College of Arts and Sciences,*,Endowment,*,4469
NC,*,College of Arts and Sciences,*,Scholarship,*,42726,,NC,Durham,College of Arts and Sciences,*,Scholarship,*,11934
NC,*,College of Arts and Sciences,*,Scholarship,*,42726,,NC,Raleigh,College of Arts and Sciences,*,Scholarship,*,10962
NC,*,College of Education,*,Campus Resource,*,10378,,NC,Raleigh,College of Education,*,Campus Resource,*,83
NC,*,College of Education,*,Endowment,*,13799,,NC,Raleigh,College of Education,*,Endowment,*,83
NC,*,College of Engineering,*,Endowment,*,22363,,NC,Charlotte,College of Engineering,*,Endowment,*,6478
NC,*,College of Music,*,Scholarship,*,40758,,NC,Raleigh,College of Music,*,Scholarship,*,7047
NC,*,College of Natural Science,*,Campus Resource,*,63488,,NC,Charlotte,College of Natural Science,*,Campus Resource,*,9292
NC,*,College of Natural Science,*,Endowment,*,78339,,NC,Charlotte,College of Natural Science,*,Endowment,*,18885
NC,*,College of Natural Science,*,Endowment,*,78339,,NC,Raleigh,College of Natural Science,*,Endowment,*,18255
NC,*,College of Natural Science,*,Scholarship,*,80691,,NC,Charlotte,College of Natural Science,*,Scholarship,*,15306
NC,*,College of Natural Science,*,Scholarship,*,80691,,NC,Raleigh,College of Natural Science,*,Scholarship,*,23521
NC,*,College of Political Science,*,Campus Resource,*,7591,,NC,Raleigh,College of Political Science,*,Campus Resource,*,493
NC,*,College of Social Science,*,Endowment,*,54313,,NC,Charlotte,College of Social Science,*,Endowment,*,5068
NC,*,College of Social Science,*,Scholarship,*,25250,,NC,Durham,College of Social Science,*,Scholarship,*,8085
NC,*,College of Social Science,*,Scholarship,*,25250,,NC,Raleigh,College of Social Science,*,Scholarship,*,584
NE,*,College of Agriculture and Natural Resources,*,Campus Resource,*,8979,,NE,Omaha,College of Agriculture and Natural Resources,*,Campus Resource,*,38
NE,*,College of Arts and Sciences,*,Scholarship,*,18678,,NE,Lincoln,College of Arts and Sciences,*,Scholarship,*,3240
NE,*,College of Natural Science,*,Endowment,*,21685,,NE,Omaha,College of Natural Science,*,Endowment,*,6043
NE,*,College of Social Science,*,Endowment,*,61653,,NE,Lincoln,College of Social Science,*,Endowment,*,13771
NV,*,College of Agriculture and Natural Resources,*,Campus Resource,*,41260,,NV,Henderson,College of Agriculture and Natural Resources,*,Campus Resource,*,11215
NV,*,College of Agriculture and Natural Resources,*,Campus Resource,*,41260,,NV,Reno,College of Agriculture and Natural Resources,*,Campus Resource,*,13732
NV,*,College of Agriculture and Natural Resources,*,Endowment,*,11776,,NV,North Las Vegas,College of Agriculture and Natural Resources,*,Endowment,*,582
NV,*,College of Agriculture and Natural Resources,*,Scholarship,*,12526,,NV,Henderson,College of Agriculture and Natural Resources,*,Scholarship,*,3252
NV,*,College of Arts and Sciences,*,Endowment,*,23254,,NV,Reno,College of Arts and Sciences,*,Endowment,*,4658
NV,*,College of Arts and Sciences,*,Scholarship,*,40142,,NV,Las Vegas,College of Arts and Sciences,*,Scholarship,*,11058
NV,*,College of Engineering,*,Campus Resource,*,47282,,NV,North Las Vegas,College of Engineering,*,Campus Resource,*,11435
NV,*,College of Engineering,*,Endowment,*,26136,,NV,North Las Vegas,College of Engineering,*,Endowment,*,5931
NV,*,College of Music,*,Endowment,*,18691,,NV,Las Vegas,College of Music,*,Endowment,*,3254
NV,*,College of Music,*,Scholarship,*,16047,,NV,Henderson,College of Music,*,Scholarship,*,4217
NV,*,College of Music,*,Scholarship,*,16047,,NV,Las Vegas,College of Music,*,Scholarship,*,3158
NV,*,College of Natural Science,*,Endowment,*,69388,,NV,Henderson,College of Natural Science,*,Endowment,*,21996
NV,*,College of Natural Science,*,Endowment,*,69388,,NV,Las Vegas,College of Natural Science,*,Endowment,*,20882
NV,*,College of Natural Science,*,Scholarship,*,40902,,NV,Las Vegas,College of Natural Science,*,Scholarship,*,7647
NV,*,College of Social Science,*,Campus Resource,*,31047,,NV,Reno,College of Social Science,*,Campus Resource,*,7392
NV,*,College of Social Science,*,Scholarship,*,13414,,NV,Henderson,College of Social Science,*,Scholarship,*,2966
NY,*,College of Agriculture and Natural Resources,*,Campus Resource,*,39429,,NY,Syracuse,College of Agriculture and Natural Resources,*,Campus Resource,*,1920
NY,*,College of Agriculture and Natural Resources,*,Endowment,*,87657,,NY,Syracuse,College of Agriculture and Natural Resources,*,Endowment,*,6862
NY,*,College of Agriculture and Natural Resources,*,Scholarship,*,90150,,NY,Rochester,College of Agriculture and Natural Resources,*,Scholarship,*,25231
NY,*,College of Agriculture and Natural Resources,*,Scholarship,*,90150,,NY,Syracuse,College of Agriculture and Natural Resources,*,Scholarship,*,5840
NY,*,College of Arts and Sciences,*,Campus Resource,*,30316,,NY,Rochester,College of Arts and Sciences,*,Campus Resource,*,2576
NY,*,College of Arts and Sciences,*,Endowment,*,95417,,NY,Syracuse,College of Arts and Sciences,*,Endowment,*,1913
NY,*,College of Arts and Sciences,*,Scholarship,*,113072,,NY,Rochester,College of Arts and Sciences,*,Scholarship,*,9583
NY,*,College of Business,*,Scholarship,*,64701,,NY,Rochester,College of Business,*,Scholarship,*,7753
NY,*,College of Engineering,*,Endowment,*,3973,,NY,New York,College of Engineering,*,Endowment,*,16
NY,*,College of Engineering,*,Scholarship,*,11969,,NY,New York,College of Engineering,*,Scholarship,*,1818
NY,*,College of Natural Science,*,Endowment,*,84385,,NY,Syracuse,College of Natural Science,*,Endowment,*,1707
NY,*,College of Political Science,*,Scholarship,*,60234,,NY,Syracuse,College of Political Science,*,Scholarship,*,8924
NY,*,College of Social Science,*,Campus Resource,*,33520,,NY,Syracuse,College of Social Science,*,Campus Resource,*,1367
NY,*,College of Social Science,*,Endowment,*,45064,,NY,Rochester,College of Social Science,*,Endowment,*,4164
NY,*,College of Social Science,*,Endowment,*,45064,,NY,Syracuse,College of Social Science,*,Endowment,*,2464
NY,*,College of Social Science,*,Scholarship,*,38768,,NY,Rochester,College of Social Science,*,Scholarship,*,5724
OH,*,College of Arts and Sciences,*,Campus Resource,*,41454,,OH,Cleveland,College of Arts and Sciences,*,Campus Resource,*,9273
OH,*,College of Arts and Sciences,*,Endowment,*,70189,,OH,Cleveland,College of Arts and Sciences,*,Endowment,*,14978
OH,*,College of Arts and Sciences,*,Scholarship,*,105098,,OH,Cleveland,College of Arts and Sciences,*,Scholarship,*,12976
OH,*,College of Business,*,Scholarship,*,34813,,OH,Cleveland,College of Business,*,Scholarship,*,1001
OH,*,College of Communication Arts and Sciences,*,Endowment,*,23204,,OH,Cleveland,College of Communication Arts and Sciences,*,Endowment,*,6384
OH,*,College of Music,*,Scholarship,*,29451,,OH,Cleveland,College of Music,*,Scholarship,*,4187
OH,*,College of Natural Science,*,Endowment,*,28883,,OH,Cleveland,College of Natural Science,*,Endowment,*,8502
OH,*,College of Natural Science,*,Scholarship,*,94759,,OH,Cleveland,College of Natural Science,*,Scholarship,*,17076
OH,*,College of Social Science,*,Endowment,*,58650,,OH,Cleveland,College of Social Science,*,Endowment,*,8712
OH,*,College of Social Science,*,Scholarship,*,57089,,OH,Cleveland,College of Social Science,*,Scholarship,*,8712
OH,*,College of Veterinary Medicine,*,Endowment,*,32830,,OH,Cleveland,College of Veterinary Medicine,*,Endowment,*,5872
OK,*,College of Agriculture and Natural Resources,*,Scholarship,*,24521,,OK,Tulsa,College of Agriculture and Natural Resources,*,Scholarship,*,4857
OK,*,College of Business,*,Endowment,*,41340,,OK,Tulsa,College of Business,*,Endowment,*,8015
OK,*,College of Natural Science,*,Scholarship,*,44152,,OK,Tulsa,College of Natural Science,*,Scholarship,*,6028
OK,*,College of Social Science,*,Campus Resource,*,21321,,OK,Tulsa,College of Social Science,*,Campus Resource,*,6656
OR,*,College of Arts and Sciences,*,Campus Resource,*,14303,,OR,Salem,College of Arts and Sciences,*,Campus Resource,*,3724
OR,*,College of Arts and Sciences,*,Endowment,*,33223,,OR,Portland,College of Arts and Sciences,*,Endowment,*,9630
OR,*,College of Arts and Sciences,*,Scholarship,*,30794,,OR,Eugene,College of Arts and Sciences,*,Scholarship,*,9941
OR,*,College of Arts and Sciences,*,Scholarship,*,30794,,OR,Portland,College of Arts and Sciences,*,Scholarship,*,4256
OR,*,College of Communication Arts and Sciences,*,Scholarship,*,20849,,OR,Portland,College of Communication Arts and Sciences,*,Scholarship,*,4269
OR,*,College of Natural Science,*,Campus Resource,*,32421,,OR,Portland,College of Natural Science,*,Campus Resource,*,1395
OR,*,College of Natural Science,*,Campus Resource,*,32421,,OR,Salem,College of Natural Science,*,Campus Resource,*,8684
OR,*,College of Natural Science,*,Endowment,*,23097,,OR,Eugene,College of Natural Science,*,Endowment,*,7398
OR,*,College of Natural Science,*,Scholarship,*,23813,,OR,Portland,College of Natural Science,*,Scholarship,*,3901
OR,*,College of Natural Science,*,Scholarship,*,23813,,OR,Salem,College of Natural Science,*,Scholarship,*,2820
OR,*,College of Political Science,*,Endowment,*,14168,,OR,Salem,College of Political Science,*,Endowment,*,4340
OR,*,College of Social Science,*,Campus Resource,*,12379,,OR,Portland,College of Social Science,*,Campus Resource,*,2634
OR,*,College of Social Science,*,Scholarship,*,14584,,OR,Eugene,College of Social Science,*,Scholarship,*,4839
PA,*,College of Arts and Sciences,*,Campus Resource,*,27595,,PA,Pittsburgh,College of Arts and Sciences,*,Campus Resource,*,7126
PA,*,College of Arts and Sciences,*,Endowment,*,19298,,PA,Pittsburgh,College of Arts and Sciences,*,Endowment,*,1325
PA,*,College of Education,*,Endowment,*,13320,,PA,Philadelphia,College of Education,*,Endowment,*,3135
PA,*,College of Social Science,*,Campus Resource,*,47420,,PA,Pittsburgh,College of Social Science,*,Campus Resource,*,11176
PA,*,College of Social Science,*,Endowment,*,22623,,PA,Pittsburgh,College of Social Science,*,Endowment,*,2162
SC,*,College of Arts and Sciences,*,Scholarship,*,43106,,SC,Charleston,College of Arts and Sciences,*,Scholarship,*,6657
SC,*,College of Natural Science,*,Campus Resource,*,6101,,SC,Columbia,College of Natural Science,*,Campus Resource,*,290
SC,*,College of Social Science,*,Campus Resource,*,23545,,SC,Columbia,College of Social Science,*,Campus Resource,*,6464
SC,*,College of Social Science,*,Scholarship,*,36039,,SC,Charleston,College of Social Science,*,Scholarship,*,9970
TN,*,College of Agriculture and Natural Resources,*,Campus Resource,*,28899,,TN,Nashville,College of Agriculture and Natural Resources,*,Campus Resource,*,6186
TN,*,College of Agriculture and Natural Resources,*,Endowment,*,28376,,TN,Knoxville,College of Agriculture and Natural Resources,*,Endowment,*,8955
TN,*,College of Agriculture and Natural Resources,*,Scholarship,*,30559,,TN,Knoxville,College of Agriculture and Natural Resources,*,Scholarship,*,8955
TN,*,College of Agriculture and Natural Resources,*,Scholarship,*,30559,,TN,Nashville,College of Agriculture and Natural Resources,*,Scholarship,*,8518
TN,*,College of Arts and Sciences,*,Campus Resource,*,49872,,TN,Knoxville,College of Arts and Sciences,*,Campus Resource,*,14696
TN,*,College of Arts and Sciences,*,Campus Resource,*,49872,,TN,Murfreesboro,College of Arts and Sciences,*,Campus Resource,*,7242
TN,*,College of Arts and Sciences,*,Endowment,*,25007,,TN,Knoxville,College of Arts and Sciences,*,Endowment,*,1137
TN,*,College of Arts and Sciences,*,Scholarship,*,46778,,TN,Knoxville,College of Arts and Sciences,*,Scholarship,*,3897
TN,*,College of Arts and Sciences,*,Scholarship,*,46778,,TN,Murfreesboro,College of Arts and Sciences,*,Scholarship,*,8199
TN,*,College of Arts and Sciences,*,Scholarship,*,46778,,TN,Nashville,College of Arts and Sciences,*,Scholarship,*,5888
TN,*,College of Business,*,Scholarship,*,47773,,TN,Nashville,College of Business,*,Scholarship,*,9683
TN,*,College of Education,*,Scholarship,*,19303,,TN,Nashville,College of Education,*,Scholarship,*,6378
TN,*,College of Engineering,*,Campus Resource,*,3795,,TN,Knoxville,College of Engineering,*,Campus Resource,*,416
TN,*,College of Engineering,*,Scholarship,*,32593,,TN,Memphis,College of Engineering,*,Scholarship,*,9395
TN,*,College of Engineering,*,Scholarship,*,32593,,TN,Nashville,College of Engineering,*,Scholarship,*,1553
TN,*,College of Natural Science,*,Campus Resource,*,52059,,TN,Knoxville,College of Natural Science,*,Campus Resource,*,9367
TN,*,College of Natural Science,*,Endowment,*,27823,,TN,Knoxville,College of Natural Science,*,Endowment,*,78
TN,*,College of Natural Science,*,Endowment,*,27823,,TN,Nashville,College of Natural Science,*,Endowment,*,7350
TN,*,College of Natural Science,*,Scholarship,*,75783,,TN,Nashville,College of Natural Science,*,Scholarship,*,4105
TN,*,College of Social Science,*,Endowment,*,32836,,TN,Knoxville,College of Social Science,*,Endowment,*,1577
TN,*,College of Social Science,*,Scholarship,*,28253,,TN,Knoxville,College of Social Science,*,Scholarship,*,7181
TN,*,College of Social Science,*,Scholarship,*,28253,,TN,Memphis,College of Social Science,*,Scholarship,*,7391
TX,*,College of Agriculture and Natural Resources,*,Campus Resource,*,25867,,TX,El Paso,College of Agriculture and Natural Resources,*,Campus Resource,*,290
TX,*,College of Agriculture and Natural Resources,*,Campus Resource,*,25867,,TX,Houston,College of Agriculture and Natural Resources,*,Campus Resource,*,4821
TX,*,College of Agriculture and Natural Resources,*,Endowment,*,98145,,TX,Amarillo,College of Agriculture and Natural Resources,*,Endowment,*,17430
TX,*,College of Agriculture and Natural Resources,*,Endowment,*,98145,,TX,Austin,College of Agriculture and Natural Resources,*,Endowment,*,14052
TX,*,College of Agriculture and Natural Resources,*,Endowment,*,98145,,TX,Houston,College of Agriculture and Natural Resources,*,Endowment,*,29177
TX,*,College of Agriculture and Natural Resources,*,Scholarship,*,92190,,TX,Dallas,College of Agriculture and Natural Resources,*,Scholarship,*,9518
TX,*,College of Agriculture and Natural Resources,*,Scholarship,*,92190,,TX,Houston,College of Agriculture and Natural Resources,*,Scholarship,*,29895
TX,*,College of Arts and Sciences,*,Campus Resource,*,103678,,TX,Amarillo,College of Arts and Sciences,*,Campus Resource,*,5085
TX,*,College of Arts and Sciences,*,Campus Resource,*,103678,,TX,Austin,College of Arts and Sciences,*,Campus Resource,*,18157
TX,*,College of Arts and Sciences,*,Campus Resource,*,103678,,TX,Dallas,College of Arts and Sciences,*,Campus Resource,*,26731
TX,*,College of Arts and Sciences,*,Campus Resource,*,103678,,TX,San Antonio,College of Arts and Sciences,*,Campus Resource,*,10382
TX,*,College of Arts and Sciences,*,Endowment,*,109132,,TX,Amarillo,College of Arts and Sciences,*,Endowment,*,15449
TX,*,College of Arts and Sciences,*,Endowment,*,109132,,TX,Austin,College of Arts and Sciences,*,Endowment,*,8302
TX,*,College of Arts and Sciences,*,Endowment,*,109132,,TX,San Antonio,College of Arts and Sciences,*,Endowment,*,4078
TX,*,College of Arts and Sciences,*,Scholarship,*,145147,,TX,Amarillo,College of Arts and Sciences,*,Scholarship,*,40727
TX,*,College of Arts and Sciences,*,Scholarship,*,145147,,TX,Austin,College of Arts and Sciences,*,Scholarship,*,11118
TX,*,College of Arts and Sciences,*,Scholarship,*,145147,,TX,Dallas,College of Arts and Sciences,*,Scholarship,*,25824
TX,*,College of Arts and Sciences,*,Scholarship,*,145147,,TX,San Antonio,College of Arts and Sciences,*,Scholarship,*,16938
TX,*,College of Business,*,Campus Resource,*,49627,,TX,Austin,College of Business,*,Campus Resource,*,9060
TX,*,College of Business,*,Campus Resource,*,49627,,TX,Houston,College of Business,*,Campus Resource,*,8196
TX,*,College of Business,*,Campus Resource,*,49627,,TX,San Antonio,College of Business,*,Campus Resource,*,14594
TX,*,College of Business,*,Endowment,*,46105,,TX,Amarillo,College of Business,*,Endowment,*,2065
TX,*,College of Business,*,Endowment,*,46105,,TX,Austin,College of Business,*,Endowment,*,4217
TX,*,College of Business,*,Endowment,*,46105,,TX,Dallas,College of Business,*,Endowment,*,5811
TX,*,College of Business,*,Scholarship,*,50636,,TX,Dallas,College of Business,*,Scholarship,*,15150
TX,*,College of Business,*,Scholarship,*,50636,,TX,El Paso,College of Business,*,Scholarship,*,11555
TX,*,College of Business,*,Scholarship,*,50636,,TX,Houston,College of Business,*,Scholarship,*,11065
TX,*,College of Business,*,Scholarship,*,50636,,TX,San Antonio,College of Business,*,Scholarship,*,12866
TX,*,College of Education,*,Scholarship,*,26106,,TX,San Antonio,College of Education,*,Scholarship,*,2070
TX,*,College of Engineering,*,Endowment,*,16204,,TX,Austin,College of Engineering,*,Endowment,*,4391
TX,*,College of Engineering,*,Endowment,*,16204,,TX,Dallas,College of Engineering,*,Endowment,*,4323
TX,*,College of Engineering,*,Scholarship,*,94998,,TX,Austin,College of Engineering,*,Scholarship,*,10799
TX,*,College of Natural Science,*,Campus Resource,*,168392,,TX,Austin,College of Natural Science,*,Campus Resource,*,43380
TX,*,College of Natural Science,*,Campus Resource,*,168392,,TX,El Paso,College of Natural Science,*,Campus Resource,*,26754
TX,*,College of Natural Science,*,Campus Resource,*,168392,,TX,Houston,College of Natural Science,*,Campus Resource,*,18183
TX,*,College of Natural Science,*,Campus Resource,*,168392,,TX,San Antonio,College of Natural Science,*,Campus Resource,*,11162
TX,*,College of Natural Science,*,Endowment,*,193837,,TX,Austin,College of Natural Science,*,Endowment,*,61324
TX,*,College of Natural Science,*,Endowment,*,193837,,TX,Dallas,College of Natural Science,*,Endowment,*,30750
TX,*,College of Natural Science,*,Endowment,*,193837,,TX,El Paso,College of Natural Science,*,Endowment,*,16194
TX,*,College of Natural Science,*,Endowment,*,193837,,TX,Houston,College of Natural Science,*,Endowment,*,51423
TX,*,College of Natural Science,*,Endowment,*,193837,,TX,San Antonio,College of Natural Science,*,Endowment,*,34146
TX,*,College of Natural Science,*,Scholarship,*,206297,,TX,Amarillo,College of Natural Science,*,Scholarship,*,4784
TX,*,College of Natural Science,*,Scholarship,*,206297,,TX,Austin,College of Natural Science,*,Scholarship,*,24630
TX,*,College of Natural Science,*,Scholarship,*,206297,,TX,El Paso,College of Natural Science,*,Scholarship,*,25214
TX,*,College of Natural Science,*,Scholarship,*,206297,,TX,Houston,College of Natural Science,*,Scholarship,*,65886
TX,*,College of Natural Science,*,Scholarship,*,206297,,TX,San Antonio,College of Natural Science,*,Scholarship,*,2798
TX,*,College of Political Science,*,Campus Resource,*,14213,,TX,Houston,College of Political Science,*,Campus Resource,*,3038
TX,*,College of Political Science,*,Endowment,*,29662,,TX,Houston,College of Political Science,*,Endowment,*,7303
TX,*,College of Political Science,*,Scholarship,*,30182,,TX,Houston,College of Political Science,*,Scholarship,*,4785
TX,*,College of Social Science,*,Campus Resource,*,46741,,TX,Amarillo,College of Social Science,*,Campus Resource,*,7242
TX,*,College of Social Science,*,Campus Resource,*,46741,,TX,Austin,College of Social Science,*,Campus Resource,*,11108
TX,*,College of Social Science,*,Campus Resource,*,46741,,TX,Dallas,College of Social Science,*,Campus Resource,*,7118
TX,*,College of Social Science,*,Endowment,*,127108,,TX,El Paso,College of Social Science,*,Endowment,*,22019
TX,*,College of Social Science,*,Endowment,*,127108,,TX,Houston,College of Social Science,*,Endowment,*,28205
TX,*,College of Social Science,*,Endowment,*,127108,,TX,San Antonio,College of Social Science,*,Endowment,*,11738
TX,*,College of Social Science,*,Scholarship,*,74697,,TX,Houston,College of Social Science,*,Scholarship,*,14769
TX,*,College of Veterinary Medicine,*,Endowment,*,51844,,TX,Dallas,College of Veterinary Medicine,*,Endowment,*,9945
UT,*,College of Agriculture and Natural Resources,*,Scholarship,*,53432,,UT,Provo,College of Agriculture and Natural Resources,*,Scholarship,*,9635
UT,*,College of Arts and Sciences,*,Campus Resource,*,19553,,UT,Provo,College of Arts and Sciences,*,Campus Resource,*,5433
UT,*,College of Natural Science,*,Endowment,*,34946,,UT,West Valley City,College of Natural Science,*,Endowment,*,2925
UT,*,College of Natural Science,*,Scholarship,*,60863,,UT,West Valley City,College of Natural Science,*,Scholarship,*,7416
UT,*,College of Social Science,*,Endowment,*,28241,,UT,Provo,College of Social Science,*,Endowment,*,3478
UT,*,College of Social Science,*,Endowment,*,28241,,UT,Salt Lake City,College of Social Science,*,Endowment,*,7664
VA,*,College of Agriculture and Natural Resources,*,Campus Resource,*,25101,,VA,Alexandria,College of Agriculture and Natural Resources,*,Campus Resource,*,2449
VA,*,College of Agriculture and Natural Resources,*,Scholarship,*,75331,,VA,Alexandria,College of Agriculture and Natural Resources,*,Scholarship,*,15479
VA,*,College of Arts and Sciences,*,Endowment,*,36779,,VA,Richmond,College of Arts and Sciences,*,Endowment,*,7868
VA,*,College of Education,*,Scholarship,*,7603,,VA,Alexandria,College of Education,*,Scholarship,*,543
VA,*,College of Engineering,*,Scholarship,*,18710,,VA,Alexandria,College of Engineering,*,Scholarship,*,91
VA,*,College of Natural Science,*,Endowment,*,58410,,VA,Alexandria,College of Natural Science,*,Endowment,*,12648
VA,*,College of Social Science,*,Endowment,*,8669,,VA,Richmond,College of Social Science,*,Endowment,*,2439
WA,*,College of Agriculture and Natural Resources,*,Campus Resource,*,24421,,WA,Seattle,College of Agriculture and Natural Resources,*,Campus Resource,*,6067
WA,*,College of Agriculture and Natural Resources,*,Endowment,*,38957,,WA,Spokane,College of Agriculture and Natural Resources,*,Endowment,*,9540
WA,*,College of Agriculture and Natural Resources,*,Scholarship,*,28041,,WA,Spokane,College of Agriculture and Natural Resources,*,Scholarship,*,669
WA,*,College of Communication Arts and Sciences,*,Scholarship,*,19144,,WA,Seattle,College of Communication Arts and Sciences,*,Scholarship,*,6370
WA,*,College of Natural Science,*,Endowment,*,52506,,WA,Spokane,College of Natural Science,*,Endowment,*,10967
WA,*,College of Natural Science,*,Scholarship,*,46376,,WA,Spokane,College of Natural Science,*,Scholarship,*,8955
WA,*,College of Social Science,*,Campus Resource,*,25265,,WA,Spokane,College of Social Science,*,Campus Resource,*,3204
WA,*,College of Social Science,*,Endowment,*,31535,,WA,Spokane,College of Social Science,*,Endowment,*,8119
WI,*,College of Arts and Sciences,*,Campus Resource,*,11718,,WI,Milwaukee,College of Arts and Sciences,*,Campus Resource,*,1879
WI,*,College of Political Science,*,Scholarship,*,9066,,WI,Milwaukee,College of Political Science,*,Scholarship,*,2587
WI,*,College of Social Science,*,Campus Resource,*,19673,,WI,Milwaukee,College of Social Science,*,Campus Resource,*,6301
WI,*,College of Social Science,*,Endowment,*,4470,,WI,Madison,College of Social Science,*,Endowment,*,453
WI,*,College of Social Science,*,Scholarship,*,2902,,WI,Madison,College of Social Science,*,Scholarship,*,175
