*,Albuquerque,College of Arts and Sciences,*,*,*,29493,,*,Albuquerque,College of Arts and Sciences,*,Scholarship,*,9062
*,Albuquerque,College of Communication Arts and Sciences,*,*,*,30808,,*,Albuquerque,College of Communication Arts and Sciences,*,Campus Resource,*,2646
*,Albuquerque,College of Social Science,*,*,*,52328,,*,Albuquerque,College of Social Science,*,Campus Resource,*,7641
*,Alexandria,College of Agriculture and Natural Resources,*,*,*,17928,,*,Alexandria,College of Agriculture and Natural Resources,*,Campus Resource,*,2449
*,Alexandria,College of Arts and Sciences,*,*,*,79547,,*,Alexandria,College of Arts and Sciences,*,Campus Resource,*,10759
*,Alexandria,College of Education,*,*,*,6706,,*,Alexandria,College of Education,*,Scholarship,*,543
*,Alexandria,College of Engineering,*,*,*,21242,,*,Alexandria,College of Engineering,*,Campus Resource,*,6032
*,Alexandria,College of Engineering,*,*,*,21242,,*,Alexandria,College of Engineering,*,Scholarship,*,91
*,Alexandria,College of Natural Science,*,*,*,61339,,*,Alexandria,College of Natural Science,*,Campus Resource,*,12660
*,Alexandria,College of Natural Science,*,*,*,61339,,*,Alexandria,College of Natural Science,*,Endowment,*,12648
*,Alexandria,College of Nursing,*,*,*,10199,,*,Alexandria,College of Nursing,*,Endowment,*,2002
*,Alexandria,College of Nursing,*,*,*,10199,,*,Alexandria,College of Nursing,*,Scholarship,*,2002
*,Alexandria,College of Political Science,*,*,*,25338,,*,Alexandria,College of Political Science,*,Campus Resource,*,4343
*,Alexandria,College of Political Science,*,*,*,25338,,*,Alexandria,College of Political Science,*,Scholarship,*,7479
*,Amarillo,College of Arts and Sciences,*,*,*,61261,,*,Amarillo,College of Arts and Sciences,*,Campus Resource,*,5085
*,Amarillo,College of Arts and Sciences,*,*,*,61261,,*,Amarillo,College of Arts and Sciences,*,Endowment,*,15449
*,Anaheim,College of Arts and Sciences,*,*,*,32226,,*,Anaheim,College of Arts and Sciences,*,Campus Resource,*,10547
*,Anaheim,College of Arts and Sciences,*,*,*,32226,,*,Anaheim,College of Arts and Sciences,*,Scholarship,*,5188
*,Anaheim,College of Business,*,*,*,18005,,*,Anaheim,College of Business,*,Campus Resource,*,3145
*,Anaheim,College of Business,*,*,*,18005,,*,Anaheim,College of Business,*,Scholarship,*,2045
*,Anaheim,College of Natural Science,*,*,*,37463,,*,Anaheim,College of Natural Science,*,Campus Resource,*,1491
*,Anaheim,College of Natural Science,*,*,*,37463,,*,Anaheim,College of Natural Science,*,Endowment,*,9874
*,Atlanta,College of Agriculture and Natural Resources,*,*,*,24585,,*,Atlanta,College of Agriculture and Natural Resources,*,Endowment,*,7667
*,Atlanta,College of Agriculture and Natural Resources,*,*,*,24585,,*,Atlanta,College of Agriculture and Natural Resources,*,Scholarship,*,837
*,Atlanta,College of Engineering,*,*,*,14938,,*,Atlanta,College of Engineering,*,Campus Resource,*,313
*,Atlanta,College of Natural Science,*,*,*,115618,,*,Atlanta,College of Natural Science,*,Campus Resource,*,16317
*,Atlanta,College of Political Science,*,*,*,15512,,*,Atlanta,College of Political Science,*,Campus Resource,*,4709
*,Austin,College of Agriculture and Natural Resources,*,*,*,78706,,*,Austin,College of Agriculture and Natural Resources,*,Campus Resource,*,11877
*,Austin,College of Agriculture and Natural Resources,*,*,*,78706,,*,Austin,College of Agriculture and Natural Resources,*,Endowment,*,14052
*,Austin,College of Arts and Sciences,*,*,*,37577,,*,Austin,College of Arts and Sciences,*,Endowment,*,8302
*,Austin,College of Arts and Sciences,*,*,*,37577,,*,Austin,College of Arts and Sciences,*,Scholarship,*,11118
*,Austin,College of Business,*,*,*,13277,,*,Austin,College of Business,*,Endowment,*,4217
*,Austin,College of Engineering,*,*,*,15190,,*,Austin,College of Engineering,*,Endowment,*,4391
*,Austin,College of Music,*,*,*,22665,,*,Austin,College of Music,*,Endowment,*,6529
*,Austin,College of Natural Science,*,*,*,129334,,*,Austin,College of Natural Science,*,Scholarship,*,24630
*,Austin,College of Social Science,*,*,*,39590,,*,Austin,College of Social Science,*,Campus Resource,*,11108
*,Baton Rouge,College of Agriculture and Natural Resources,*,*,*,28424,,*,Baton Rouge,College of Agriculture and Natural Resources,*,Endowment,*,5578
*,Baton Rouge,College of Business,*,*,*,47628,,*,Baton Rouge,College of Business,*,Campus Resource,*,7243
*,Baton Rouge,College of Business,*,*,*,47628,,*,Baton Rouge,College of Business,*,Scholarship,*,2414
*,Baton Rouge,College of Political Science,*,*,*,13397,,*,Baton Rouge,College of Political Science,*,Campus Resource,*,4083
*,Birmingham,College of Arts and Sciences,*,*,*,117963,,*,Birmingham,College of Arts and Sciences,*,Campus Resource,*,32529
*,Birmingham,College of Arts and Sciences,*,*,*,117963,,*,Birmingham,College of Arts and Sciences,*,Endowment,*,38141
*,Birmingham,College of Political Science,*,*,*,10675,,*,Birmingham,College of Political Science,*,Endowment,*,1433
*,Birmingham,College of Social Science,*,*,*,36056,,*,Birmingham,College of Social Science,*,Campus Resource,*,6325
*,Birmingham,College of Social Science,*,*,*,36056,,*,Birmingham,College of Social Science,*,Scholarship,*,8744
*,Boston,College of Agriculture and Natural Resources,*,*,*,130137,,*,Boston,College of Agriculture and Natural Resources,*,Campus Resource,*,19532
*,Boston,College of Agriculture and Natural Resources,*,*,*,130137,,*,Boston,College of Agriculture and Natural Resources,*,Endowment,*,38351
*,Boston,College of Business,*,*,*,46625,,*,Boston,College of Business,*,Campus Resource,*,6493
*,Boston,College of Engineering,*,*,*,26792,,*,Boston,College of Engineering,*,Endowment,*,7129
*,Boston,College of Music,*,*,*,45710,,*,Boston,College of Music,*,Campus Resource,*,14972
*,Boston,College of Music,*,*,*,45710,,*,Boston,College of Music,*,Scholarship,*,14724
*,Boston,College of Natural Science,*,*,*,15170,,*,Boston,College of Natural Science,*,Campus Resource,*,701
*,Boston,College of Natural Science,*,*,*,15170,,*,Boston,College of Natural Science,*,Scholarship,*,4310
*,Boston,College of Social Science,*,*,*,56996,,*,Boston,College of Social Science,*,Campus Resource,*,14445
*,Boston,College of Social Science,*,*,*,56996,,*,Boston,College of Social Science,*,Endowment,*,17627
*,Casper,College of Arts and Sciences,*,*,*,36999,,*,Casper,College of Arts and Sciences,*,Campus Resource,*,9411
*,Cedar Rapids,College of Arts and Sciences,*,*,*,42109,,*,Cedar Rapids,College of Arts and Sciences,*,Campus Resource,*,11296
*,Cedar Rapids,College of Natural Science,*,*,*,38166,,*,Cedar Rapids,College of Natural Science,*,Campus Resource,*,9344
*,Cedar Rapids,College of Natural Science,*,*,*,38166,,*,Cedar Rapids,College of Natural Science,*,Scholarship,*,5165
*,Cedar Rapids,College of Social Science,*,*,*,28820,,*,Cedar Rapids,College of Social Science,*,Endowment,*,5013
*,Cedar Rapids,College of Social Science,*,*,*,28820,,*,Cedar Rapids,College of Social Science,*,Scholarship,*,8789
*,Charleston,College of Agriculture and Natural Resources,*,*,*,21520,,*,Charleston,College of Agriculture and Natural Resources,*,Campus Resource,*,6762
*,Charleston,College of Agriculture and Natural Resources,*,*,*,21520,,*,Charleston,College of Agriculture and Natural Resources,*,Endowment,*,1695
*,Charleston,College of Natural Science,*,*,*,17865,,*,Charleston,College of Natural Science,*,Campus Resource,*,5811
*,Charleston,College of Social Science,*,*,*,44589,,*,Charleston,College of Social Science,*,Scholarship,*,9970
*,Charlotte,College of Arts and Sciences,*,*,*,14378,,*,Charlotte,College of Arts and Sciences,*,Campus Resource,*,3423
*,Charlotte,College of Business,*,*,*,12501,,*,Charlotte,College of Business,*,Endowment,*,3641
*,Charlotte,College of Education,*,*,*,24285,,*,Charlotte,College of Education,*,Scholarship,*,274
*,Charlotte,College of Music,*,*,*,17753,,*,Charlotte,College of Music,*,Endowment,*,2585
*,Charlotte,College of Natural Science,*,*,*,43483,,*,Charlotte,College of Natural Science,*,Campus Resource,*,9292
*,Charlotte,College of Political Science,*,*,*,22693,,*,Charlotte,College of Political Science,*,Campus Resource,*,7098
*,Charlotte,College of Political Science,*,*,*,22693,,*,Charlotte,College of Political Science,*,Endowment,*,6608
*,Charlotte,College of Social Science,*,*,*,33478,,*,Charlotte,College of Social Science,*,Endowment,*,5068
*,Chicago,College of Agriculture and Natural Resources,*,*,*,94827,,*,Chicago,College of Agriculture and Natural Resources,*,Campus Resource,*,3318
*,Chicago,College of Arts and Sciences,*,*,*,135223,,*,Chicago,College of Arts and Sciences,*,Endowment,*,30186
*,Chicago,College of Arts and Sciences,*,*,*,135223,,*,Chicago,College of Arts and Sciences,*,Scholarship,*,42445
*,Chicago,College of Business,*,*,*,60324,,*,Chicago,College of Business,*,Campus Resource,*,17770
*,Chicago,College of Business,*,*,*,60324,,*,Chicago,College of Business,*,Scholarship,*,18880
*,Chicago,College of Education,*,*,*,56846,,*,Chicago,College of Education,*,Campus Resource,*,16833
*,Chicago,College of Education,*,*,*,56846,,*,Chicago,College of Education,*,Endowment,*,15098
*,Chicago,College of Engineering,*,*,*,535285,,*,Chicago,College of Engineering,*,Campus Resource,*,15724
*,Chicago,College of Engineering,*,*,*,535285,,*,Chicago,College of Engineering,*,Scholarship,*,35852
*,Chicago,College of Music,*,*,*,83878,,*,Chicago,College of Music,*,Campus Resource,*,1191
*,Chicago,College of Natural Science,*,*,*,80262,,*,Chicago,College of Natural Science,*,Campus Resource,*,7079
*,Chicago,College of Political Science,*,*,*,11375,,*,Chicago,College of Political Science,*,Endowment,*,1995
*,Chicago,College of Social Science,*,*,*,112877,,*,Chicago,College of Social Science,*,Endowment,*,10053
*,Cincinnati,College of Agriculture and Natural Resources,*,*,*,60316,,*,Cincinnati,College of Agriculture and Natural Resources,*,Campus Resource,*,15776
*,Cincinnati,College of Arts and Sciences,*,*,*,179514,,*,Cincinnati,College of Arts and Sciences,*,Campus Resource,*,32181
*,Cincinnati,College of Arts and Sciences,*,*,*,179514,,*,Cincinnati,College of Arts and Sciences,*,Endowment,*,55211
*,Cincinnati,College of Education,*,*,*,12661,,*,Cincinnati,College of Education,*,Scholarship,*,3029
*,Cincinnati,College of Music,*,*,*,48825,,*,Cincinnati,College of Music,*,Endowment,*,5854
*,Cincinnati,College of Natural Science,*,*,*,112528,,*,Cincinnati,College of Natural Science,*,Campus Resource,*,14464
*,Cincinnati,College of Natural Science,*,*,*,112528,,*,Cincinnati,College of Natural Science,*,Endowment,*,20381
*,Cincinnati,College of Nursing,*,*,*,21405,,*,Cincinnati,College of Nursing,*,Campus Resource,*,363
*,Cincinnati,College of Nursing,*,*,*,21405,,*,Cincinnati,College of Nursing,*,Endowment,*,4090
*,Cincinnati,College of Social Science,*,*,*,171815,,*,Cincinnati,College of Social Science,*,Endowment,*,49938
*,Cincinnati,College of Social Science,*,*,*,171815,,*,Cincinnati,College of Social Science,*,Scholarship,*,48377
*,Cincinnati,College of Veterinary Medicine,*,*,*,59282,,*,Cincinnati,College of Veterinary Medicine,*,Campus Resource,*,19275
*,Cincinnati,College of Veterinary Medicine,*,*,*,59282,,*,Cincinnati,College of Veterinary Medicine,*,Scholarship,*,13049
*,Cleveland,College of Arts and Sciences,*,*,*,37227,,*,Cleveland,College of Arts and Sciences,*,Campus Resource,*,9273
*,Cleveland,College of Business,*,*,*,7147,,*,Cleveland,College of Business,*,Scholarship,*,1001
*,Cleveland,College of Natural Science,*,*,*,44582,,*,Cleveland,College of Natural Science,*,Endowment,*,8502
*,Colorado Springs,College of Agriculture and Natural Resources,*,*,*,55088,,*,Colorado Springs,College of Agriculture and Natural Resources,*,Campus Resource,*,5864
*,Colorado Springs,College of Agriculture and Natural Resources,*,*,*,55088,,*,Colorado Springs,College of Agriculture and Natural Resources,*,Endowment,*,1793
*,Colorado Springs,College of Arts and Sciences,*,*,*,62800,,*,Colorado Springs,College of Arts and Sciences,*,Campus Resource,*,10786
*,Colorado Springs,College of Education,*,*,*,9818,,*,Colorado Springs,College of Education,*,Endowment,*,850
*,Colorado Springs,College of Natural Science,*,*,*,100189,,*,Colorado Springs,College of Natural Science,*,Campus Resource,*,21490
*,Colorado Springs,College of Social Science,*,*,*,44572,,*,Colorado Springs,College of Social Science,*,Campus Resource,*,9801
*,Colorado Springs,College of Social Science,*,*,*,44572,,*,Colorado Springs,College of Social Science,*,Scholarship,*,9534
*,Columbia,College of Agriculture and Natural Resources,*,*,*,21561,,*,Columbia,College of Agriculture and Natural Resources,*,Campus Resource,*,4810
*,Columbia,College of Arts and Sciences,*,*,*,51845,,*,Columbia,College of Arts and Sciences,*,Campus Resource,*,4356
*,Columbia,College of Arts and Sciences,*,*,*,51845,,*,Columbia,College of Arts and Sciences,*,Endowment,*,11040
*,Columbia,College of Natural Science,*,*,*,7290,,*,Columbia,College of Natural Science,*,Campus Resource,*,290
*,Columbia,College of Natural Science,*,*,*,7290,,*,Columbia,College of Natural Science,*,Endowment,*,309
*,Columbia,College of Social Science,*,*,*,48340,,*,Columbia,College of Social Science,*,Campus Resource,*,6464
*,Columbia,College of Social Science,*,*,*,48340,,*,Columbia,College of Social Science,*,Endowment,*,15807
*,Dallas,College of Agriculture and Natural Resources,*,*,*,55883,,*,Dallas,College of Agriculture and Natural Resources,*,Campus Resource,*,8879
*,Dallas,College of Agriculture and Natural Resources,*,*,*,55883,,*,Dallas,College of Agriculture and Natural Resources,*,Scholarship,*,9518
*,Dallas,College of Arts and Sciences,*,*,*,93243,,*,Dallas,College of Arts and Sciences,*,Campus Resource,*,26731
*,Dallas,College of Arts and Sciences,*,*,*,93243,,*,Dallas,College of Arts and Sciences,*,Scholarship,*,25824
*,Dallas,College of Business,*,*,*,38738,,*,Dallas,College of Business,*,Endowment,*,5811
*,Dallas,College of Engineering,*,*,*,51063,,*,Dallas,College of Engineering,*,Endowment,*,4323
*,Dallas,College of Natural Science,*,*,*,182648,,*,Dallas,College of Natural Science,*,Endowment,*,30750
*,Dallas,College of Political Science,*,*,*,58931,,*,Dallas,College of Political Science,*,Campus Resource,*,11175
*,Dallas,College of Social Science,*,*,*,103710,,*,Dallas,College of Social Science,*,Campus Resource,*,7118
*,Dallas,College of Social Science,*,*,*,103710,,*,Dallas,College of Social Science,*,Scholarship,*,31446
*,Dallas,College of Veterinary Medicine,*,*,*,30765,,*,Dallas,College of Veterinary Medicine,*,Campus Resource,*,3411
*,Dallas,College of Veterinary Medicine,*,*,*,30765,,*,Dallas,College of Veterinary Medicine,*,Endowment,*,9945
*,Denver,College of Agriculture and Natural Resources,*,*,*,476772.0,,*,Denver,College of Agriculture and Natural Resources,*,Campus Resource,*,158316.0
*,Denver,College of Agriculture and Natural Resources,*,*,*,476772.0,,*,Denver,College of Agriculture and Natural Resources,*,Endowment,*,95593.5
*,Denver,College of Arts and Sciences,*,*,*,706561.5,,*,Denver,College of Arts and Sciences,*,Campus Resource,*,138385.5
*,Denver,College of Business,*,*,*,41970.0,,*,Denver,College of Business,*,Campus Resource,*,11362.5
*,Denver,College of Business,*,*,*,41970.0,,*,Denver,College of Business,*,Endowment,*,13656
*,Denver,College of Communication Arts and Sciences,*,*,*,30540.0,,*,Denver,College of Communication Arts and Sciences,*,Endowment,*,696
*,Denver,College of Communication Arts and Sciences,*,*,*,30540.0,,*,Denver,College of Communication Arts and Sciences,*,Scholarship,*,1389
*,Denver,College of Education,*,*,*,195121.5,,*,Denver,College of Education,*,Campus Resource,*,30153.0
*,Denver,College of Education,*,*,*,195121.5,,*,Denver,College of Education,*,Endowment,*,61357.5
*,Denver,College of Engineering,*,*,*,129771.0,,*,Denver,College of Engineering,*,Campus Resource,*,27841.5
*,Denver,College of Music,*,*,*,189535.5,,*,Denver,College of Music,*,Campus Resource,*,14367
*,Denver,College of Natural Science,*,*,*,421744.5,,*,Denver,College of Natural Science,*,Campus Resource,*,98220.0
*,Denver,College of Natural Science,*,*,*,421744.5,,*,Denver,College of Natural Science,*,Endowment,*,113493.0
*,Denver,College of Nursing,*,*,*,89625.0,,*,Denver,College of Nursing,*,Campus Resource,*,10065
*,Denver,College of Nursing,*,*,*,89625.0,,*,Denver,College of Nursing,*,Scholarship,*,25234.5
*,Denver,College of Political Science,*,*,*,30679.5,,*,Denver,College of Political Science,*,Scholarship,*,9858.0
*,Denver,College of Social Science,*,*,*,522835.5,,*,Denver,College of Social Science,*,Campus Resource,*,93930.0
*,Denver,College of Social Science,*,*,*,522835.5,,*,Denver,College of Social Science,*,Endowment,*,124947.0
*,Des Moines,College of Engineering,*,*,*,13287,,*,Des Moines,College of Engineering,*,Endowment,*,31
*,Des Moines,College of Nursing,*,*,*,7509,,*,Des Moines,College of Nursing,*,Endowment,*,383
*,Des Moines,College of Social Science,*,*,*,8904,,*,Des Moines,College of Social Science,*,Scholarship,*,1532
*,Detroit,College of Agriculture and Natural Resources,*,*,*,114244,,*,Detroit,College of Agriculture and Natural Resources,*,Campus Resource,*,10864
*,Detroit,College of Agriculture and Natural Resources,*,*,*,114244,,*,Detroit,College of Agriculture and Natural Resources,*,Endowment,*,34241
*,Detroit,College of Arts and Sciences,*,*,*,56249,,*,Detroit,College of Arts and Sciences,*,Campus Resource,*,14875
*,Detroit,College of Arts and Sciences,*,*,*,56249,,*,Detroit,College of Arts and Sciences,*,Endowment,*,10263
*,Detroit,College of Communication Arts and Sciences,*,*,*,6896,,*,Detroit,College of Communication Arts and Sciences,*,Endowment,*,1949
*,Detroit,College of Music,*,*,*,12808,,*,Detroit,College of Music,*,Scholarship,*,3069
*,Detroit,College of Natural Science,*,*,*,42023,,*,Detroit,College of Natural Science,*,Endowment,*,5002
*,Detroit,College of Political Science,*,*,*,96317,,*,Detroit,College of Political Science,*,Endowment,*,9919
*,Durham,College of Agriculture and Natural Resources,*,*,*,26754,,*,Durham,College of Agriculture and Natural Resources,*,Scholarship,*,267
*,Durham,College of Arts and Sciences,*,*,*,16403,,*,Durham,College of Arts and Sciences,*,Endowment,*,4469
*,Durham,College of Engineering,*,*,*,27250,,*,Durham,College of Engineering,*,Campus Resource,*,7126
*,Durham,College of Engineering,*,*,*,27250,,*,Durham,College of Engineering,*,Scholarship,*,4239
*,Durham,College of Music,*,*,*,21474,,*,Durham,College of Music,*,Endowment,*,2931
*,Durham,College of Natural Science,*,*,*,110135,,*,Durham,College of Natural Science,*,Campus Resource,*,27072
*,Durham,College of Social Science,*,*,*,42471,,*,Durham,College of Social Science,*,Campus Resource,*,11650
*,Durham,College of Social Science,*,*,*,42471,,*,Durham,College of Social Science,*,Scholarship,*,8085
*,El Paso,College of Natural Science,*,*,*,68162,,*,El Paso,College of Natural Science,*,Endowment,*,16194
*,Eugene,College of Natural Science,*,*,*,46832,,*,Eugene,College of Natural Science,*,Endowment,*,7398
*,Fort Lauderdale,College of Agriculture and Natural Resources,*,*,*,19547,,*,Fort Lauderdale,College of Agriculture and Natural Resources,*,Endowment,*,3896
*,Fort Lauderdale,College of Arts and Sciences,*,*,*,16195,,*,Fort Lauderdale,College of Arts and Sciences,*,Scholarship,*,5107
*,Fort Lauderdale,College of Natural Science,*,*,*,27370,,*,Fort Lauderdale,College of Natural Science,*,Campus Resource,*,4018
*,Fort Lauderdale,College of Natural Science,*,*,*,27370,,*,Fort Lauderdale,College of Natural Science,*,Endowment,*,4018
*,Fresno,College of Agriculture and Natural Resources,*,*,*,59027,,*,Fresno,College of Agriculture and Natural Resources,*,Endowment,*,14875
*,Fresno,College of Agriculture and Natural Resources,*,*,*,59027,,*,Fresno,College of Agriculture and Natural Resources,*,Scholarship,*,15577
*,Fresno,College of Arts and Sciences,*,*,*,44814,,*,Fresno,College of Arts and Sciences,*,Campus Resource,*,4750
*,Fresno,College of Social Science,*,*,*,94105,,*,Fresno,College of Social Science,*,Endowment,*,26185
*,Fresno,College of Social Science,*,*,*,94105,,*,Fresno,College of Social Science,*,Scholarship,*,30205
*,Grand Rapids,College of Social Science,*,*,*,13447,,*,Grand Rapids,College of Social Science,*,Scholarship,*,4022
*,Hartford,College of Agriculture and Natural Resources,*,*,*,93314,,*,Hartford,College of Agriculture and Natural Resources,*,Endowment,*,25934
*,Hartford,College of Arts and Sciences,*,*,*,137818,,*,Hartford,College of Arts and Sciences,*,Campus Resource,*,11193
*,Hartford,College of Engineering,*,*,*,46595,,*,Hartford,College of Engineering,*,Endowment,*,7315
*,Hartford,College of Natural Science,*,*,*,73271,,*,Hartford,College of Natural Science,*,Campus Resource,*,2336
*,Hartford,College of Social Science,*,*,*,50911,,*,Hartford,College of Social Science,*,Endowment,*,8133
*,Henderson,College of Agriculture and Natural Resources,*,*,*,14467,,*,Henderson,College of Agriculture and Natural Resources,*,Scholarship,*,3252
*,Henderson,College of Communication Arts and Sciences,*,*,*,36176,,*,Henderson,College of Communication Arts and Sciences,*,Campus Resource,*,3271
*,Henderson,College of Communication Arts and Sciences,*,*,*,36176,,*,Henderson,College of Communication Arts and Sciences,*,Scholarship,*,5336
*,Henderson,College of Music,*,*,*,13916,,*,Henderson,College of Music,*,Campus Resource,*,995
*,Henderson,College of Music,*,*,*,13916,,*,Henderson,College of Music,*,Scholarship,*,4217
*,Houston,College of Agriculture and Natural Resources,*,*,*,63893,,*,Houston,College of Agriculture and Natural Resources,*,Campus Resource,*,4821
*,Houston,College of Arts and Sciences,*,*,*,134478,,*,Houston,College of Arts and Sciences,*,Campus Resource,*,43323
*,Houston,College of Arts and Sciences,*,*,*,134478,,*,Houston,College of Arts and Sciences,*,Endowment,*,40615
*,Houston,College of Business,*,*,*,36675,,*,Houston,College of Business,*,Campus Resource,*,8196
*,Houston,College of Business,*,*,*,36675,,*,Houston,College of Business,*,Scholarship,*,11065
*,Houston,College of Engineering,*,*,*,63872,,*,Houston,College of Engineering,*,Campus Resource,*,18923
*,Houston,College of Engineering,*,*,*,63872,,*,Houston,College of Engineering,*,Endowment,*,7490
*,Houston,College of Natural Science,*,*,*,135492,,*,Houston,College of Natural Science,*,Campus Resource,*,18183
*,Houston,College of Political Science,*,*,*,15126,,*,Houston,College of Political Science,*,Campus Resource,*,3038
*,Houston,College of Political Science,*,*,*,15126,,*,Houston,College of Political Science,*,Scholarship,*,4785
*,Houston,College of Social Science,*,*,*,64247,,*,Houston,College of Social Science,*,Campus Resource,*,21273
*,Houston,College of Social Science,*,*,*,64247,,*,Houston,College of Social Science,*,Scholarship,*,14769
*,Huntsville,College of Social Science,*,*,*,10222,,*,Huntsville,College of Social Science,*,Campus Resource,*,1248
*,Indianapolis,College of Agriculture and Natural Resources,*,*,*,34262,,*,Indianapolis,College of Agriculture and Natural Resources,*,Endowment,*,6664
*,Indianapolis,College of Agriculture and Natural Resources,*,*,*,34262,,*,Indianapolis,College of Agriculture and Natural Resources,*,Scholarship,*,7159
*,Indianapolis,College of Arts and Sciences,*,*,*,58732,,*,Indianapolis,College of Arts and Sciences,*,Campus Resource,*,14194
*,Indianapolis,College of Arts and Sciences,*,*,*,58732,,*,Indianapolis,College of Arts and Sciences,*,Scholarship,*,16902
*,Indianapolis,College of Business,*,*,*,59110,,*,Indianapolis,College of Business,*,Campus Resource,*,17732
*,Indianapolis,College of Engineering,*,*,*,85241,,*,Indianapolis,College of Engineering,*,Campus Resource,*,6331
*,Indianapolis,College of Engineering,*,*,*,85241,,*,Indianapolis,College of Engineering,*,Scholarship,*,17231
*,Indianapolis,College of Natural Science,*,*,*,147029,,*,Indianapolis,College of Natural Science,*,Campus Resource,*,41423
*,Indianapolis,College of Natural Science,*,*,*,147029,,*,Indianapolis,College of Natural Science,*,Endowment,*,23753
*,Indianapolis,College of Social Science,*,*,*,71040,,*,Indianapolis,College of Social Science,*,Endowment,*,16114
*,Indianapolis,College of Social Science,*,*,*,71040,,*,Indianapolis,College of Social Science,*,Scholarship,*,20554
*,Jacksonville,College of Agriculture and Natural Resources,*,*,*,26938,,*,Jacksonville,College of Agriculture and Natural Resources,*,Scholarship,*,7897
*,Jacksonville,College of Natural Science,*,*,*,26288,,*,Jacksonville,College of Natural Science,*,Campus Resource,*,3801
*,Jacksonville,College of Natural Science,*,*,*,26288,,*,Jacksonville,College of Natural Science,*,Scholarship,*,3272
*,Jacksonville,College of Social Science,*,*,*,31859,,*,Jacksonville,College of Social Science,*,Scholarship,*,2128
*,Kansas City,College of Agriculture and Natural Resources,*,*,*,109608,,*,Kansas City,College of Agriculture and Natural Resources,*,Campus Resource,*,17136
*,Kansas City,College of Agriculture and Natural Resources,*,*,*,109608,,*,Kansas City,College of Agriculture and Natural Resources,*,Endowment,*,4895
*,Kansas City,College of Arts and Sciences,*,*,*,72000,,*,Kansas City,College of Arts and Sciences,*,Campus Resource,*,7618
*,Kansas City,College of Arts and Sciences,*,*,*,72000,,*,Kansas City,College of Arts and Sciences,*,Scholarship,*,16054
*,Kansas City,College of Communication Arts and Sciences,*,*,*,6257,,*,Kansas City,College of Communication Arts and Sciences,*,Scholarship,*,600
*,Kansas City,College of Education,*,*,*,16057,,*,Kansas City,College of Education,*,Endowment,*,4036
*,Kansas City,College of Engineering,*,*,*,38796,,*,Kansas City,College of Engineering,*,Scholarship,*,6526
*,Kansas City,College of Natural Science,*,*,*,87743,,*,Kansas City,College of Natural Science,*,Campus Resource,*,24252
*,Kansas City,College of Political Science,*,*,*,49725,,*,Kansas City,College of Political Science,*,Campus Resource,*,1454
*,Kansas City,College of Political Science,*,*,*,49725,,*,Kansas City,College of Political Science,*,Endowment,*,11209
*,Kansas City,College of Social Science,*,*,*,93062,,*,Kansas City,College of Social Science,*,Endowment,*,27833
*,Knoxville,College of Arts and Sciences,*,*,*,19730,,*,Knoxville,College of Arts and Sciences,*,Endowment,*,1137
*,Knoxville,College of Arts and Sciences,*,*,*,19730,,*,Knoxville,College of Arts and Sciences,*,Scholarship,*,3897
*,Knoxville,College of Engineering,*,*,*,22061,,*,Knoxville,College of Engineering,*,Campus Resource,*,416
*,Knoxville,College of Natural Science,*,*,*,9445,,*,Knoxville,College of Natural Science,*,Endowment,*,78
*,Knoxville,College of Social Science,*,*,*,8758,,*,Knoxville,College of Social Science,*,Endowment,*,1577
*,Lansing,College of Agriculture and Natural Resources,*,*,*,25806,,*,Lansing,College of Agriculture and Natural Resources,*,Campus Resource,*,1599
*,Lansing,College of Agriculture and Natural Resources,*,*,*,25806,,*,Lansing,College of Agriculture and Natural Resources,*,Endowment,*,8149
*,Lansing,College of Arts and Sciences,*,*,*,51137,,*,Lansing,College of Arts and Sciences,*,Campus Resource,*,9667
*,Lansing,College of Arts and Sciences,*,*,*,51137,,*,Lansing,College of Arts and Sciences,*,Endowment,*,11946
*,Lansing,College of Business,*,*,*,59479,,*,Lansing,College of Business,*,Campus Resource,*,15680
*,Lansing,College of Business,*,*,*,59479,,*,Lansing,College of Business,*,Scholarship,*,9667
*,Lansing,College of Natural Science,*,*,*,61896,,*,Lansing,College of Natural Science,*,Campus Resource,*,4123
*,Lansing,College of Natural Science,*,*,*,61896,,*,Lansing,College of Natural Science,*,Scholarship,*,19457
*,Lansing,College of Nursing,*,*,*,30577,,*,Lansing,College of Nursing,*,Scholarship,*,4340
*,Lansing,College of Social Science,*,*,*,37816,,*,Lansing,College of Social Science,*,Campus Resource,*,6074
*,Lansing,College of Social Science,*,*,*,37816,,*,Lansing,College of Social Science,*,Scholarship,*,7266
*,Las Vegas,College of Agriculture and Natural Resources,*,*,*,31833,,*,Las Vegas,College of Agriculture and Natural Resources,*,Endowment,*,6246
*,Las Vegas,College of Agriculture and Natural Resources,*,*,*,31833,,*,Las Vegas,College of Agriculture and Natural Resources,*,Scholarship,*,9274
*,Las Vegas,College of Engineering,*,*,*,62452,,*,Las Vegas,College of Engineering,*,Endowment,*,20205
*,Las Vegas,College of Engineering,*,*,*,62452,,*,Las Vegas,College of Engineering,*,Scholarship,*,6400
*,Las Vegas,College of Natural Science,*,*,*,28529,,*,Las Vegas,College of Natural Science,*,Scholarship,*,7647
*,Lexington,College of Music,*,*,*,21760,,*,Lexington,College of Music,*,Campus Resource,*,4605
*,Lexington,College of Music,*,*,*,21760,,*,Lexington,College of Music,*,Scholarship,*,4238
*,Lexington,College of Natural Science,*,*,*,23021,,*,Lexington,College of Natural Science,*,Scholarship,*,5524
*,Lincoln,College of Arts and Sciences,*,*,*,14473,,*,Lincoln,College of Arts and Sciences,*,Campus Resource,*,2939
*,Lincoln,College of Arts and Sciences,*,*,*,14473,,*,Lincoln,College of Arts and Sciences,*,Scholarship,*,3240
*,Lincoln,College of Engineering,*,*,*,23811,,*,Lincoln,College of Engineering,*,Campus Resource,*,6371
*,Lincoln,College of Natural Science,*,*,*,43090,,*,Lincoln,College of Natural Science,*,Campus Resource,*,9108
*,Lincoln,College of Social Science,*,*,*,17923,,*,Lincoln,College of Social Science,*,Campus Resource,*,3885
*,Lincoln,College of Social Science,*,*,*,17923,,*,Lincoln,College of Social Science,*,Scholarship,*,267
*,Little Rock,College of Natural Science,*,*,*,59231,,*,Little Rock,College of Natural Science,*,Endowment,*,12290
*,Los Angeles,College of Agriculture and Natural Resources,*,*,*,193477,,*,Los Angeles,College of Agriculture and Natural Resources,*,Campus Resource,*,51863
*,Los Angeles,College of Agriculture and Natural Resources,*,*,*,193477,,*,Los Angeles,College of Agriculture and Natural Resources,*,Endowment,*,60411
*,Los Angeles,College of Arts and Sciences,*,*,*,158566,,*,Los Angeles,College of Arts and Sciences,*,Campus Resource,*,1924
*,Los Angeles,College of Business,*,*,*,80809,,*,Los Angeles,College of Business,*,Campus Resource,*,18580
*,Los Angeles,College of Engineering,*,*,*,45595,,*,Los Angeles,College of Engineering,*,Campus Resource,*,4462
*,Los Angeles,College of Music,*,*,*,56107,,*,Los Angeles,College of Music,*,Endowment,*,9945
*,Los Angeles,College of Natural Science,*,*,*,229758,,*,Los Angeles,College of Natural Science,*,Campus Resource,*,56667
*,Los Angeles,College of Natural Science,*,*,*,229758,,*,Los Angeles,College of Natural Science,*,Endowment,*,67494
*,Los Angeles,College of Nursing,*,*,*,19403,,*,Los Angeles,College of Nursing,*,Endowment,*,584
*,Los Angeles,College of Social Science,*,*,*,107540,,*,Los Angeles,College of Social Science,*,Campus Resource,*,12598
*,Los Angeles,College of Social Science,*,*,*,107540,,*,Los Angeles,College of Social Science,*,Endowment,*,28122
*,Louisville,College of Arts and Sciences,*,*,*,53981,,*,Louisville,College of Arts and Sciences,*,Campus Resource,*,8803
*,Madison,College of Arts and Sciences,*,*,*,17240,,*,Madison,College of Arts and Sciences,*,Endowment,*,340
*,Madison,College of Social Science,*,*,*,14000,,*,Madison,College of Social Science,*,Endowment,*,453
*,Madison,College of Social Science,*,*,*,14000,,*,Madison,College of Social Science,*,Scholarship,*,175
*,Manchester,College of Arts and Sciences,*,*,*,91399,,*,Manchester,College of Arts and Sciences,*,Campus Resource,*,26327
*,Manchester,College of Arts and Sciences,*,*,*,91399,,*,Manchester,College of Arts and Sciences,*,Scholarship,*,26905
*,Manchester,College of Engineering,*,*,*,6508,,*,Manchester,College of Engineering,*,Scholarship,*,76
*,Manchester,College of Music,*,*,*,12461,,*,Manchester,College of Music,*,Endowment,*,2796
*,Manchester,College of Social Science,*,*,*,30637,,*,Manchester,College of Social Science,*,Campus Resource,*,9589
*,Manchester,College of Social Science,*,*,*,30637,,*,Manchester,College of Social Science,*,Endowment,*,427
*,Memphis,College of Agriculture and Natural Resources,*,*,*,55220,,*,Memphis,College of Agriculture and Natural Resources,*,Scholarship,*,13086
*,Memphis,College of Arts and Sciences,*,*,*,80598,,*,Memphis,College of Arts and Sciences,*,Endowment,*,23870
*,Memphis,College of Business,*,*,*,51283,,*,Memphis,College of Business,*,Endowment,*,13193
*,Memphis,College of Engineering,*,*,*,12774,,*,Memphis,College of Engineering,*,Campus Resource,*,3379
*,Memphis,College of Natural Science,*,*,*,134765,,*,Memphis,College of Natural Science,*,Campus Resource,*,42692
*,Memphis,College of Natural Science,*,*,*,134765,,*,Memphis,College of Natural Science,*,Endowment,*,20395
*,Memphis,College of Political Science,*,*,*,41368,,*,Memphis,College of Political Science,*,Campus Resource,*,9797
*,Memphis,College of Political Science,*,*,*,41368,,*,Memphis,College of Political Science,*,Scholarship,*,10857
*,Memphis,College of Social Science,*,*,*,38650,,*,Memphis,College of Social Science,*,Scholarship,*,7391
*,Mesa,College of Agriculture and Natural Resources,*,*,*,60608,,*,Mesa,College of Agriculture and Natural Resources,*,Endowment,*,19165
*,Mesa,College of Agriculture and Natural Resources,*,*,*,60608,,*,Mesa,College of Agriculture and Natural Resources,*,Scholarship,*,17328
*,Mesa,College of Arts and Sciences,*,*,*,12610,,*,Mesa,College of Arts and Sciences,*,Endowment,*,3373
*,Mesa,College of Music,*,*,*,15071,,*,Mesa,College of Music,*,Campus Resource,*,1666
*,Mesa,College of Political Science,*,*,*,20201,,*,Mesa,College of Political Science,*,Endowment,*,6182
*,Miami,College of Agriculture and Natural Resources,*,*,*,80218,,*,Miami,College of Agriculture and Natural Resources,*,Campus Resource,*,6519
*,Miami,College of Agriculture and Natural Resources,*,*,*,80218,,*,Miami,College of Agriculture and Natural Resources,*,Endowment,*,13048
*,Miami,College of Arts and Sciences,*,*,*,76032,,*,Miami,College of Arts and Sciences,*,Campus Resource,*,11519
*,Miami,College of Business,*,*,*,24014,,*,Miami,College of Business,*,Scholarship,*,7843
*,Miami,College of Engineering,*,*,*,19486,,*,Miami,College of Engineering,*,Scholarship,*,1119
*,Miami,College of Music,*,*,*,20717,,*,Miami,College of Music,*,Scholarship,*,3736
*,Miami,College of Social Science,*,*,*,62384,,*,Miami,College of Social Science,*,Campus Resource,*,16367
*,Miami,College of Social Science,*,*,*,62384,,*,Miami,College of Social Science,*,Endowment,*,7362
*,Milwaukee,College of Communication Arts and Sciences,*,*,*,23052,,*,Milwaukee,College of Communication Arts and Sciences,*,Campus Resource,*,6092
*,Milwaukee,College of Communication Arts and Sciences,*,*,*,23052,,*,Milwaukee,College of Communication Arts and Sciences,*,Endowment,*,3064
*,Milwaukee,College of Natural Science,*,*,*,28649,,*,Milwaukee,College of Natural Science,*,Scholarship,*,2959
*,Milwaukee,College of Political Science,*,*,*,16127,,*,Milwaukee,College of Political Science,*,Scholarship,*,2587
*,Milwaukee,College of Social Science,*,*,*,13045,,*,Milwaukee,College of Social Science,*,Endowment,*,4017
*,Milwaukee,College of Social Science,*,*,*,13045,,*,Milwaukee,College of Social Science,*,Scholarship,*,2727
*,Minneapolis,College of Business,*,*,*,24348,,*,Minneapolis,College of Business,*,Scholarship,*,6356
*,Mobile,College of Engineering,*,*,*,20092,,*,Mobile,College of Engineering,*,Scholarship,*,6285
*,Mobile,College of Natural Science,*,*,*,27100,,*,Mobile,College of Natural Science,*,Campus Resource,*,1270
*,Mobile,College of Natural Science,*,*,*,27100,,*,Mobile,College of Natural Science,*,Scholarship,*,4743
*,Naperville,College of Natural Science,*,*,*,36522,,*,Naperville,College of Natural Science,*,Scholarship,*,1780
*,New Haven,College of Social Science,*,*,*,9831,,*,New Haven,College of Social Science,*,Endowment,*,1106
*,New Orleans,College of Business,*,*,*,19785,,*,New Orleans,College of Business,*,Campus Resource,*,4565
*,New Orleans,College of Natural Science,*,*,*,10009,,*,New Orleans,College of Natural Science,*,Scholarship,*,2529
*,New York,College of Agriculture and Natural Resources,*,*,*,177383,,*,New York,College of Agriculture and Natural Resources,*,Campus Resource,*,37509
*,New York,College of Agriculture and Natural Resources,*,*,*,177383,,*,New York,College of Agriculture and Natural Resources,*,Scholarship,*,59079
*,New York,College of Arts and Sciences,*,*,*,178990,,*,New York,College of Arts and Sciences,*,Campus Resource,*,27740
*,New York,College of Arts and Sciences,*,*,*,178990,,*,New York,College of Arts and Sciences,*,Endowment,*,47761
*,New York,College of Business,*,*,*,93696,,*,New York,College of Business,*,Campus Resource,*,10676
*,New York,College of Business,*,*,*,93696,,*,New York,College of Business,*,Endowment,*,26072
*,New York,College of Education,*,*,*,48663,,*,New York,College of Education,*,Endowment,*,2028
*,New York,College of Engineering,*,*,*,5835,,*,New York,College of Engineering,*,Endowment,*,16
*,New York,College of Engineering,*,*,*,5835,,*,New York,College of Engineering,*,Scholarship,*,1818
*,New York,College of Natural Science,*,*,*,183345,,*,New York,College of Natural Science,*,Campus Resource,*,49099
*,New York,College of Natural Science,*,*,*,183345,,*,New York,College of Natural Science,*,Scholarship,*,51568
*,New York,College of Political Science,*,*,*,99176,,*,New York,College of Political Science,*,Campus Resource,*,26675
*,New York,College of Political Science,*,*,*,99176,,*,New York,College of Political Science,*,Endowment,*,21191
*,New York,College of Social Science,*,*,*,90179,,*,New York,College of Social Science,*,Scholarship,*,19590
*,North Las Vegas,College of Arts and Sciences,*,*,*,41766,,*,North Las Vegas,College of Arts and Sciences,*,Campus Resource,*,2587
*,North Las Vegas,College of Arts and Sciences,*,*,*,41766,,*,North Las Vegas,College of Arts and Sciences,*,Endowment,*,10095
*,North Las Vegas,College of Business,*,*,*,17575,,*,North Las Vegas,College of Business,*,Endowment,*,2483
*,North Las Vegas,College of Natural Science,*,*,*,30601,,*,North Las Vegas,College of Natural Science,*,Campus Resource,*,4091
*,Oklahoma City,College of Arts and Sciences,*,*,*,33602,,*,Oklahoma City,College of Arts and Sciences,*,Campus Resource,*,9012
*,Oklahoma City,College of Arts and Sciences,*,*,*,33602,,*,Oklahoma City,College of Arts and Sciences,*,Scholarship,*,10384
*,Oklahoma City,College of Business,*,*,*,42369,,*,Oklahoma City,College of Business,*,Scholarship,*,9044
*,Oklahoma City,College of Natural Science,*,*,*,53736,,*,Oklahoma City,College of Natural Science,*,Campus Resource,*,6222
*,Oklahoma City,College of Natural Science,*,*,*,53736,,*,Oklahoma City,College of Natural Science,*,Endowment,*,9390
*,Oklahoma City,College of Political Science,*,*,*,8717,,*,Oklahoma City,College of Political Science,*,Scholarship,*,888
*,Oklahoma City,College of Social Science,*,*,*,38213,,*,Oklahoma City,College of Social Science,*,Endowment,*,9643
*,Omaha,College of Agriculture and Natural Resources,*,*,*,36501,,*,Omaha,College of Agriculture and Natural Resources,*,Campus Resource,*,38
*,Omaha,College of Engineering,*,*,*,24511,,*,Omaha,College of Engineering,*,Campus Resource,*,4738
*,Orlando,College of Agriculture and Natural Resources,*,*,*,74376,,*,Orlando,College of Agriculture and Natural Resources,*,Campus Resource,*,18638
*,Orlando,College of Arts and Sciences,*,*,*,49778,,*,Orlando,College of Arts and Sciences,*,Campus Resource,*,9615
*,Orlando,College of Arts and Sciences,*,*,*,49778,,*,Orlando,College of Arts and Sciences,*,Endowment,*,14402
*,Orlando,College of Business,*,*,*,16687,,*,Orlando,College of Business,*,Campus Resource,*,41
*,Orlando,College of Natural Science,*,*,*,92789,,*,Orlando,College of Natural Science,*,Campus Resource,*,3606
*,Orlando,College of Social Science,*,*,*,66195,,*,Orlando,College of Social Science,*,Campus Resource,*,5024
*,Overland Park,College of Agriculture and Natural Resources,*,*,*,83048,,*,Overland Park,College of Agriculture and Natural Resources,*,Campus Resource,*,19154
*,Overland Park,College of Agriculture and Natural Resources,*,*,*,83048,,*,Overland Park,College of Agriculture and Natural Resources,*,Endowment,*,9422
*,Overland Park,College of Arts and Sciences,*,*,*,18490,,*,Overland Park,College of Arts and Sciences,*,Campus Resource,*,5152
*,Overland Park,College of Arts and Sciences,*,*,*,18490,,*,Overland Park,College of Arts and Sciences,*,Endowment,*,2861
*,Overland Park,College of Music,*,*,*,32419,,*,Overland Park,College of Music,*,Endowment,*,6564
*,Overland Park,College of Natural Science,*,*,*,56404,,*,Overland Park,College of Natural Science,*,Campus Resource,*,10390
*,Overland Park,College of Natural Science,*,*,*,56404,,*,Overland Park,College of Natural Science,*,Scholarship,*,17644
*,Paterson,College of Natural Science,*,*,*,45513,,*,Paterson,College of Natural Science,*,Endowment,*,7082
*,Philadelphia,College of Agriculture and Natural Resources,*,*,*,24653,,*,Philadelphia,College of Agriculture and Natural Resources,*,Campus Resource,*,7034
*,Philadelphia,College of Agriculture and Natural Resources,*,*,*,24653,,*,Philadelphia,College of Agriculture and Natural Resources,*,Endowment,*,8166
*,Philadelphia,College of Arts and Sciences,*,*,*,59040,,*,Philadelphia,College of Arts and Sciences,*,Endowment,*,17973
*,Philadelphia,College of Engineering,*,*,*,20753,,*,Philadelphia,College of Engineering,*,Campus Resource,*,6556
*,Philadelphia,College of Engineering,*,*,*,20753,,*,Philadelphia,College of Engineering,*,Endowment,*,6725
*,Philadelphia,College of Social Science,*,*,*,94399,,*,Philadelphia,College of Social Science,*,Endowment,*,20461
*,Phoenix,College of Agriculture and Natural Resources,*,*,*,46432,,*,Phoenix,College of Agriculture and Natural Resources,*,Campus Resource,*,2697
*,Phoenix,College of Arts and Sciences,*,*,*,165809,,*,Phoenix,College of Arts and Sciences,*,Campus Resource,*,27272
*,Phoenix,College of Business,*,*,*,58986,,*,Phoenix,College of Business,*,Campus Resource,*,14488
*,Phoenix,College of Business,*,*,*,58986,,*,Phoenix,College of Business,*,Endowment,*,11974
*,Phoenix,College of Communication Arts and Sciences,*,*,*,24150,,*,Phoenix,College of Communication Arts and Sciences,*,Campus Resource,*,3292
*,Phoenix,College of Engineering,*,*,*,81881,,*,Phoenix,College of Engineering,*,Campus Resource,*,11182
*,Phoenix,College of Music,*,*,*,33979,,*,Phoenix,College of Music,*,Campus Resource,*,11161
*,Phoenix,College of Music,*,*,*,33979,,*,Phoenix,College of Music,*,Scholarship,*,4884
*,Phoenix,College of Natural Science,*,*,*,112610,,*,Phoenix,College of Natural Science,*,Campus Resource,*,23341
*,Phoenix,College of Nursing,*,*,*,98470,,*,Phoenix,College of Nursing,*,Campus Resource,*,2981
*,Phoenix,College of Political Science,*,*,*,15409,,*,Phoenix,College of Political Science,*,Campus Resource,*,41
*,Phoenix,College of Social Science,*,*,*,65858,,*,Phoenix,College of Social Science,*,Campus Resource,*,11669
*,Pittsburgh,College of Arts and Sciences,*,*,*,8451,,*,Pittsburgh,College of Arts and Sciences,*,Endowment,*,1325
*,Pittsburgh,College of Social Science,*,*,*,13338,,*,Pittsburgh,College of Social Science,*,Endowment,*,2162
*,Portland,College of Arts and Sciences,*,*,*,24465,,*,Portland,College of Arts and Sciences,*,Scholarship,*,4256
*,Portland,College of Communication Arts and Sciences,*,*,*,17179,,*,Portland,College of Communication Arts and Sciences,*,Campus Resource,*,4269
*,Portland,College of Communication Arts and Sciences,*,*,*,17179,,*,Portland,College of Communication Arts and Sciences,*,Scholarship,*,4269
*,Portland,College of Natural Science,*,*,*,20995,,*,Portland,College of Natural Science,*,Campus Resource,*,1395
*,Portland,College of Natural Science,*,*,*,20995,,*,Portland,College of Natural Science,*,Scholarship,*,3901
*,Portland,College of Social Science,*,*,*,10861,,*,Portland,College of Social Science,*,Campus Resource,*,2634
*,Providence,College of Arts and Sciences,*,*,*,39448,,*,Providence,College of Arts and Sciences,*,Campus Resource,*,10004
*,Providence,College of Arts and Sciences,*,*,*,39448,,*,Providence,College of Arts and Sciences,*,Endowment,*,10450
*,Providence,College of Social Science,*,*,*,31465,,*,Providence,College of Social Science,*,Endowment,*,10235
*,Provo,College of Social Science,*,*,*,9220,,*,Provo,College of Social Science,*,Scholarship,*,2264
*,Raleigh,College of Communication Arts and Sciences,*,*,*,19584,,*,Raleigh,College of Communication Arts and Sciences,*,Campus Resource,*,3230
*,Raleigh,College of Communication Arts and Sciences,*,*,*,19584,,*,Raleigh,College of Communication Arts and Sciences,*,Endowment,*,4474
*,Raleigh,College of Natural Science,*,*,*,68900,,*,Raleigh,College of Natural Science,*,Endowment,*,18255
*,Raleigh,College of Political Science,*,*,*,10105,,*,Raleigh,College of Political Science,*,Campus Resource,*,493
*,Raleigh,College of Social Science,*,*,*,27093,,*,Raleigh,College of Social Science,*,Scholarship,*,584
*,Reno,College of Agriculture and Natural Resources,*,*,*,18680,,*,Reno,College of Agriculture and Natural Resources,*,Endowment,*,4948
*,Reno,College of Social Science,*,*,*,28277,,*,Reno,College of Social Science,*,Campus Resource,*,7392
*,Richmond,College of Agriculture and Natural Resources,*,*,*,118408,,*,Richmond,College of Agriculture and Natural Resources,*,Campus Resource,*,22652
*,Richmond,College of Agriculture and Natural Resources,*,*,*,118408,,*,Richmond,College of Agriculture and Natural Resources,*,Endowment,*,35904
*,Richmond,College of Arts and Sciences,*,*,*,53156,,*,Richmond,College of Arts and Sciences,*,Campus Resource,*,5962
*,Richmond,College of Arts and Sciences,*,*,*,53156,,*,Richmond,College of Arts and Sciences,*,Endowment,*,7868
*,Richmond,College of Engineering,*,*,*,36748,,*,Richmond,College of Engineering,*,Campus Resource,*,5564
*,Richmond,College of Natural Science,*,*,*,109151,,*,Richmond,College of Natural Science,*,Campus Resource,*,9112
*,Richmond,College of Political Science,*,*,*,23210,,*,Richmond,College of Political Science,*,Scholarship,*,6904
*,Richmond,College of Social Science,*,*,*,28029,,*,Richmond,College of Social Science,*,Campus Resource,*,7672
*,Richmond,College of Social Science,*,*,*,28029,,*,Richmond,College of Social Science,*,Endowment,*,2439
*,Rochester,College of Arts and Sciences,*,*,*,57902,,*,Rochester,College of Arts and Sciences,*,Campus Resource,*,2576
*,Rochester,College of Arts and Sciences,*,*,*,57902,,*,Rochester,College of Arts and Sciences,*,Scholarship,*,9583
*,Sacramento,College of Agriculture and Natural Resources,*,*,*,14660,,*,Sacramento,College of Agriculture and Natural Resources,*,Scholarship,*,4558
*,Sacramento,College of Arts and Sciences,*,*,*,33921,,*,Sacramento,College of Arts and Sciences,*,Scholarship,*,5669
*,Sacramento,College of Education,*,*,*,20652,,*,Sacramento,College of Education,*,Scholarship,*,650
*,Sacramento,College of Engineering,*,*,*,14712,,*,Sacramento,College of Engineering,*,Endowment,*,3591
*,Salem,College of Arts and Sciences,*,*,*,31734,,*,Salem,College of Arts and Sciences,*,Campus Resource,*,3724
*,Salem,College of Music,*,*,*,16790,,*,Salem,College of Music,*,Campus Resource,*,5309
*,Salem,College of Natural Science,*,*,*,11504,,*,Salem,College of Natural Science,*,Scholarship,*,2820
*,Salem,College of Political Science,*,*,*,4841,,*,Salem,College of Political Science,*,Campus Resource,*,501
*,Salt Lake City,College of Engineering,*,*,*,55857,,*,Salt Lake City,College of Engineering,*,Campus Resource,*,9695
*,Salt Lake City,College of Engineering,*,*,*,55857,,*,Salt Lake City,College of Engineering,*,Scholarship,*,2977
*,Salt Lake City,College of Social Science,*,*,*,10391,,*,Salt Lake City,College of Social Science,*,Scholarship,*,2727
*,San Antonio,College of Arts and Sciences,*,*,*,31398,,*,San Antonio,College of Arts and Sciences,*,Campus Resource,*,10382
*,San Antonio,College of Arts and Sciences,*,*,*,31398,,*,San Antonio,College of Arts and Sciences,*,Endowment,*,4078
*,San Antonio,College of Business,*,*,*,44058,,*,San Antonio,College of Business,*,Campus Resource,*,14594
*,San Antonio,College of Business,*,*,*,44058,,*,San Antonio,College of Business,*,Scholarship,*,12866
*,San Antonio,College of Natural Science,*,*,*,48106,,*,San Antonio,College of Natural Science,*,Campus Resource,*,11162
*,San Antonio,College of Natural Science,*,*,*,48106,,*,San Antonio,College of Natural Science,*,Scholarship,*,2798
*,San Diego,College of Agriculture and Natural Resources,*,*,*,16050,,*,San Diego,College of Agriculture and Natural Resources,*,Campus Resource,*,2178
*,San Diego,College of Arts and Sciences,*,*,*,59455,,*,San Diego,College of Arts and Sciences,*,Campus Resource,*,4530
*,San Diego,College of Engineering,*,*,*,20661,,*,San Diego,College of Engineering,*,Campus Resource,*,3263
*,San Diego,College of Engineering,*,*,*,20661,,*,San Diego,College of Engineering,*,Scholarship,*,1570
*,San Diego,College of Music,*,*,*,41582,,*,San Diego,College of Music,*,Scholarship,*,12522
*,San Diego,College of Natural Science,*,*,*,48828,,*,San Diego,College of Natural Science,*,Campus Resource,*,5223
*,San Diego,College of Social Science,*,*,*,62917,,*,San Diego,College of Social Science,*,Campus Resource,*,11303
*,San Diego,College of Social Science,*,*,*,62917,,*,San Diego,College of Social Science,*,Scholarship,*,20941
*,San Francisco,College of Agriculture and Natural Resources,*,*,*,99461,,*,San Francisco,College of Agriculture and Natural Resources,*,Campus Resource,*,9344
*,San Francisco,College of Agriculture and Natural Resources,*,*,*,99461,,*,San Francisco,College of Agriculture and Natural Resources,*,Scholarship,*,21576
*,San Francisco,College of Arts and Sciences,*,*,*,231819,,*,San Francisco,College of Arts and Sciences,*,Campus Resource,*,39884
*,San Francisco,College of Arts and Sciences,*,*,*,231819,,*,San Francisco,College of Arts and Sciences,*,Scholarship,*,61944
*,San Francisco,College of Business,*,*,*,39735,,*,San Francisco,College of Business,*,Campus Resource,*,8686
*,San Francisco,College of Business,*,*,*,39735,,*,San Francisco,College of Business,*,Endowment,*,8867
*,San Francisco,College of Education,*,*,*,64367,,*,San Francisco,College of Education,*,Endowment,*,17413
*,San Francisco,College of Engineering,*,*,*,85056,,*,San Francisco,College of Engineering,*,Campus Resource,*,16340
*,San Francisco,College of Engineering,*,*,*,85056,,*,San Francisco,College of Engineering,*,Scholarship,*,20290
*,San Francisco,College of Music,*,*,*,53992,,*,San Francisco,College of Music,*,Campus Resource,*,11500
*,San Francisco,College of Music,*,*,*,53992,,*,San Francisco,College of Music,*,Endowment,*,7309
*,San Francisco,College of Natural Science,*,*,*,164781,,*,San Francisco,College of Natural Science,*,Endowment,*,21677
*,San Francisco,College of Political Science,*,*,*,54521,,*,San Francisco,College of Political Science,*,Campus Resource,*,9414
*,San Francisco,College of Political Science,*,*,*,54521,,*,San Francisco,College of Political Science,*,Scholarship,*,10881
*,San Francisco,College of Social Science,*,*,*,213857,,*,San Francisco,College of Social Science,*,Campus Resource,*,56171
*,Savannah,College of Arts and Sciences,*,*,*,764,,*,Savannah,College of Arts and Sciences,*,Scholarship,*,36
*,Savannah,College of Natural Science,*,*,*,86579,,*,Savannah,College of Natural Science,*,Campus Resource,*,10679
*,Savannah,College of Natural Science,*,*,*,86579,,*,Savannah,College of Natural Science,*,Scholarship,*,20039
*,Savannah,College of Social Science,*,*,*,17495,,*,Savannah,College of Social Science,*,Campus Resource,*,612
*,Scottsdale,College of Education,*,*,*,14731,,*,Scottsdale,College of Education,*,Endowment,*,2679
*,Scottsdale,College of Engineering,*,*,*,6166,,*,Scottsdale,College of Engineering,*,Campus Resource,*,486
*,Scottsdale,College of Natural Science,*,*,*,50421,,*,Scottsdale,College of Natural Science,*,Endowment,*,833
*,Scottsdale,College of Natural Science,*,*,*,50421,,*,Scottsdale,College of Natural Science,*,Scholarship,*,14231
*,Seattle,College of Agriculture and Natural Resources,*,*,*,62856,,*,Seattle,College of Agriculture and Natural Resources,*,Campus Resource,*,6067
*,Seattle,College of Arts and Sciences,*,*,*,116912,,*,Seattle,College of Arts and Sciences,*,Campus Resource,*,9696
*,Seattle,College of Business,*,*,*,44134,,*,Seattle,College of Business,*,Campus Resource,*,8893
*,Seattle,College of Business,*,*,*,44134,,*,Seattle,College of Business,*,Endowment,*,11324
*,Seattle,College of Communication Arts and Sciences,*,*,*,21717,,*,Seattle,College of Communication Arts and Sciences,*,Campus Resource,*,3605
*,Seattle,College of Communication Arts and Sciences,*,*,*,21717,,*,Seattle,College of Communication Arts and Sciences,*,Scholarship,*,6370
*,Seattle,College of Engineering,*,*,*,51890,,*,Seattle,College of Engineering,*,Campus Resource,*,3403
*,Seattle,College of Music,*,*,*,13972,,*,Seattle,College of Music,*,Campus Resource,*,373
*,Seattle,College of Music,*,*,*,13972,,*,Seattle,College of Music,*,Endowment,*,508
*,Seattle,College of Natural Science,*,*,*,91115,,*,Seattle,College of Natural Science,*,Campus Resource,*,12155
*,Seattle,College of Social Science,*,*,*,65963,,*,Seattle,College of Social Science,*,Scholarship,*,20486
*,Spokane,College of Agriculture and Natural Resources,*,*,*,28563,,*,Spokane,College of Agriculture and Natural Resources,*,Scholarship,*,669
*,Spokane,College of Natural Science,*,*,*,43253,,*,Spokane,College of Natural Science,*,Endowment,*,10967
*,Spokane,College of Natural Science,*,*,*,43253,,*,Spokane,College of Natural Science,*,Scholarship,*,8955
*,Spokane,College of Social Science,*,*,*,40231,,*,Spokane,College of Social Science,*,Campus Resource,*,3204
*,Spokane,College of Social Science,*,*,*,40231,,*,Spokane,College of Social Science,*,Endowment,*,8119
*,Springfield,College of Arts and Sciences,*,*,*,55564,,*,Springfield,College of Arts and Sciences,*,Campus Resource,*,2877
*,Springfield,College of Arts and Sciences,*,*,*,55564,,*,Springfield,College of Arts and Sciences,*,Endowment,*,16257
*,Springfield,College of Engineering,*,*,*,20121,,*,Springfield,College of Engineering,*,Scholarship,*,4962
*,St. Louis,College of Agriculture and Natural Resources,*,*,*,38443,,*,St. Louis,College of Agriculture and Natural Resources,*,Campus Resource,*,345
*,St. Louis,College of Arts and Sciences,*,*,*,11307,,*,St. Louis,College of Arts and Sciences,*,Endowment,*,2402
*,St. Louis,College of Communication Arts and Sciences,*,*,*,11808,,*,St. Louis,College of Communication Arts and Sciences,*,Endowment,*,2051
*,St. Louis,College of Communication Arts and Sciences,*,*,*,11808,,*,St. Louis,College of Communication Arts and Sciences,*,Scholarship,*,149
*,St. Louis,College of Education,*,*,*,38519,,*,St. Louis,College of Education,*,Campus Resource,*,6148
*,St. Louis,College of Education,*,*,*,38519,,*,St. Louis,College of Education,*,Endowment,*,8942
*,St. Louis,College of Engineering,*,*,*,30543,,*,St. Louis,College of Engineering,*,Endowment,*,5490
*,St. Louis,College of Engineering,*,*,*,30543,,*,St. Louis,College of Engineering,*,Scholarship,*,9463
*,St. Louis,College of Natural Science,*,*,*,289869,,*,St. Louis,College of Natural Science,*,Campus Resource,*,9366
*,St. Louis,College of Natural Science,*,*,*,289869,,*,St. Louis,College of Natural Science,*,Endowment,*,23136
*,St. Paul,College of Agriculture and Natural Resources,*,*,*,3965,,*,St. Paul,College of Agriculture and Natural Resources,*,Scholarship,*,181
*,Syracuse,College of Agriculture and Natural Resources,*,*,*,14622,,*,Syracuse,College of Agriculture and Natural Resources,*,Campus Resource,*,1920
*,Syracuse,College of Engineering,*,*,*,14108,,*,Syracuse,College of Engineering,*,Endowment,*,3957
*,Syracuse,College of Natural Science,*,*,*,33623,,*,Syracuse,College of Natural Science,*,Endowment,*,1707
*,Syracuse,College of Social Science,*,*,*,17285,,*,Syracuse,College of Social Science,*,Campus Resource,*,1367
*,Syracuse,College of Social Science,*,*,*,17285,,*,Syracuse,College of Social Science,*,Endowment,*,2464
*,Tallahassee,College of Agriculture and Natural Resources,*,*,*,78145,,*,Tallahassee,College of Agriculture and Natural Resources,*,Campus Resource,*,2982
*,Tallahassee,College of Agriculture and Natural Resources,*,*,*,78145,,*,Tallahassee,College of Agriculture and Natural Resources,*,Scholarship,*,17175
*,Tallahassee,College of Arts and Sciences,*,*,*,46908,,*,Tallahassee,College of Arts and Sciences,*,Campus Resource,*,7614
*,Tallahassee,College of Engineering,*,*,*,11047,,*,Tallahassee,College of Engineering,*,Scholarship,*,3263
*,Tallahassee,College of Natural Science,*,*,*,78611,,*,Tallahassee,College of Natural Science,*,Campus Resource,*,15738
*,Tallahassee,College of Natural Science,*,*,*,78611,,*,Tallahassee,College of Natural Science,*,Endowment,*,24755
*,Tallahassee,College of Political Science,*,*,*,37204,,*,Tallahassee,College of Political Science,*,Campus Resource,*,8819
*,Tucson,College of Arts and Sciences,*,*,*,12716,,*,Tucson,College of Arts and Sciences,*,Campus Resource,*,2731
*,Tucson,College of Social Science,*,*,*,17364,,*,Tucson,College of Social Science,*,Endowment,*,1321
*,Tulsa,College of Business,*,*,*,19817,,*,Tulsa,College of Business,*,Campus Resource,*,5901
*,Tulsa,College of Business,*,*,*,19817,,*,Tulsa,College of Business,*,Scholarship,*,5901
*,Tulsa,College of Social Science,*,*,*,23356,,*,Tulsa,College of Social Science,*,Campus Resource,*,6656
*,Tulsa,College of Social Science,*,*,*,23356,,*,Tulsa,College of Social Science,*,Endowment,*,6405
*,Washington,College of Agriculture and Natural Resources,*,*,*,40381,,*,Washington,College of Agriculture and Natural Resources,*,Campus Resource,*,1967
*,Washington,College of Agriculture and Natural Resources,*,*,*,40381,,*,Washington,College of Agriculture and Natural Resources,*,Endowment,*,7842
*,Washington,College of Engineering,*,*,*,28753,,*,Washington,College of Engineering,*,Campus Resource,*,6526
*,Washington,College of Engineering,*,*,*,28753,,*,Washington,College of Engineering,*,Endowment,*,9431
*,Washington,College of Natural Science,*,*,*,26453,,*,Washington,College of Natural Science,*,Campus Resource,*,7890
*,Washington,College of Nursing,*,*,*,28927,,*,Washington,College of Nursing,*,Campus Resource,*,431
*,Washington,College of Nursing,*,*,*,28927,,*,Washington,College of Nursing,*,Endowment,*,5240
*,Washington,College of Social Science,*,*,*,111970,,*,Washington,College of Social Science,*,Campus Resource,*,847
*,West Valley City,College of Arts and Sciences,*,*,*,46875,,*,West Valley City,College of Arts and Sciences,*,Campus Resource,*,14120
*,West Valley City,College of Arts and Sciences,*,*,*,46875,,*,West Valley City,College of Arts and Sciences,*,Endowment,*,9113
*,West Valley City,College of Natural Science,*,*,*,10341,,*,West Valley City,College of Natural Science,*,Endowment,*,2925
*,West Valley City,College of Political Science,*,*,*,27065,,*,West Valley City,College of Political Science,*,Campus Resource,*,7152
*,West Valley City,College of Political Science,*,*,*,27065,,*,West Valley City,College of Political Science,*,Scholarship,*,7152
*,Wichita,College of Arts and Sciences,*,*,*,36209,,*,Wichita,College of Arts and Sciences,*,Endowment,*,8310
*,Wichita,College of Natural Science,*,*,*,66834,,*,Wichita,College of Natural Science,*,Endowment,*,19818
*,Wichita,College of Natural Science,*,*,*,66834,,*,Wichita,College of Natural Science,*,Scholarship,*,22203
