AL,*,*,*,*,*,352294,,AL,*,*,*,Campus Resource,*,58895
AR,*,*,*,*,*,155976,,AR,*,*,*,Campus Resource,*,28126
AZ,*,*,*,*,*,1037973,,AZ,*,*,*,Campus Resource,*,198896
CA,*,*,*,*,*,2744992,,CA,*,*,*,Campus Resource,*,557621
CO,*,*,*,*,*,3183915.0,,CO,*,*,*,Campus Resource,*,659036.5
CT,*,*,*,*,*,490677,,CT,*,*,*,Campus Resource,*,85613
DC,*,*,*,*,*,238717,,DC,*,*,*,Campus Resource,*,17661
FL,*,*,*,*,*,1177733,,FL,*,*,*,Campus Resource,*,160422
GA,*,*,*,*,*,404296,,GA,*,*,*,Campus Resource,*,55915
IA,*,*,*,*,*,169892,,IA,*,*,*,Campus Resource,*,53453
IA,*,*,*,*,*,169892,,IA,*,*,*,Endowment,*,46903
IL,*,*,*,*,*,1406082,,IL,*,*,*,Campus Resource,*,196814
IL,*,*,*,*,*,1406082,,IL,*,*,*,Scholarship,*,397543
IN,*,*,*,*,*,492392,,IN,*,*,*,Campus Resource,*,143737
IN,*,*,*,*,*,492392,,IN,*,*,*,Endowment,*,154424
KS,*,*,*,*,*,571315,,KS,*,*,*,Campus Resource,*,102054
KY,*,*,*,*,*,191381,,KY,*,*,*,Campus Resource,*,39520
LA,*,*,*,*,*,310746,,LA,*,*,*,Campus Resource,*,32368
MA,*,*,*,*,*,416307,,MA,*,*,*,Campus Resource,*,68506
MI,*,*,*,*,*,851369,,MI,*,*,*,Campus Resource,*,189106
MN,*,*,*,*,*,101068,,MN,*,*,*,Campus Resource,*,20756
MN,*,*,*,*,*,101068,,MN,*,*,*,Scholarship,*,28631
MO,*,*,*,*,*,828928,,MO,*,*,*,Campus Resource,*,118260
MO,*,*,*,*,*,828928,,MO,*,*,*,Endowment,*,215813
NC,*,*,*,*,*,647639,,NC,*,*,*,Campus Resource,*,151623
NE,*,*,*,*,*,275385,,NE,*,*,*,Campus Resource,*,36020
NH,*,*,*,*,*,149882,,NH,*,*,*,Endowment,*,47822
NH,*,*,*,*,*,149882,,NH,*,*,*,Scholarship,*,47602
NJ,*,*,*,*,*,56889,,NJ,*,*,*,Endowment,*,11465
NM,*,*,*,*,*,169283,,NM,*,*,*,Campus Resource,*,29302
NM,*,*,*,*,*,169283,,NM,*,*,*,Endowment,*,54810
NV,*,*,*,*,*,479280,,NV,*,*,*,Campus Resource,*,130967
NV,*,*,*,*,*,479280,,NV,*,*,*,Scholarship,*,158579
NY,*,*,*,*,*,1104047,,NY,*,*,*,Campus Resource,*,211943
OH,*,*,*,*,*,882840,,OH,*,*,*,Campus Resource,*,201543
OH,*,*,*,*,*,882840,,OH,*,*,*,Endowment,*,261995
OK,*,*,*,*,*,294113,,OK,*,*,*,Campus Resource,*,74381
OK,*,*,*,*,*,294113,,OK,*,*,*,Endowment,*,94757
OR,*,*,*,*,*,306514,,OR,*,*,*,Campus Resource,*,76483
PA,*,*,*,*,*,302707,,PA,*,*,*,Campus Resource,*,88648
PA,*,*,*,*,*,302707,,PA,*,*,*,Endowment,*,92993
RI,*,*,*,*,*,142920,,RI,*,*,*,Campus Resource,*,27908
RI,*,*,*,*,*,142920,,RI,*,*,*,Endowment,*,43434
SC,*,*,*,*,*,275404,,SC,*,*,*,Campus Resource,*,60529
SC,*,*,*,*,*,275404,,SC,*,*,*,Endowment,*,65170
TN,*,*,*,*,*,663061,,TN,*,*,*,Campus Resource,*,187241
TN,*,*,*,*,*,663061,,TN,*,*,*,Endowment,*,164934
TX,*,*,*,*,*,1916008,,TX,*,*,*,Campus Resource,*,455733
UT,*,*,*,*,*,394494,,UT,*,*,*,Campus Resource,*,52085
VA,*,*,*,*,*,635476,,VA,*,*,*,Campus Resource,*,95802
VA,*,*,*,*,*,635476,,VA,*,*,*,Endowment,*,205433
WA,*,*,*,*,*,616481,,WA,*,*,*,Campus Resource,*,121429
WI,*,*,*,*,*,166542,,WI,*,*,*,Scholarship,*,44144
WY,*,*,*,*,*,46537,,WY,*,*,*,Campus Resource,*,9411
