AZ,*,*,*,Campus Resource,Biochemistry and Molecular Biology/Biotechnology,23044,,AZ,Phoenix,*,*,Campus Resource,Biochemistry and Molecular Biology/Biotechnology,892
AZ,*,*,*,Campus Resource,Social Relations and Policy,6223,,AZ,Phoenix,*,*,Campus Resource,Social Relations and Policy,41
AZ,*,*,*,Endowment,Biochemistry and Molecular Biology/Biotechnology,4740,,AZ,Scottsdale,*,*,Endowment,Biochemistry and Molecular Biology/Biotechnology,833
AZ,*,*,*,Endowment,Entomology,9356,,AZ,Mesa,*,*,Endowment,Entomology,891
AZ,*,*,*,Endowment,Media and Information,15438,,AZ,Tucson,*,*,Endowment,Media and Information,3865
AZ,*,*,*,Endowment,Plant Biology,6106,,AZ,Phoenix,*,*,Endowment,Plant Biology,486
AZ,*,*,*,Endowment,Social Relations and Policy,6223,,AZ,Phoenix,*,*,Endowment,Social Relations and Policy,41
AZ,*,*,*,Endowment,Supply Chain Management,16472,,AZ,Phoenix,*,*,Endowment,Supply Chain Management,2439
AZ,*,*,*,Scholarship,Biochemistry and Molecular Biology/Biotechnology,6551,,AZ,Phoenix,*,*,Scholarship,Biochemistry and Molecular Biology/Biotechnology,862
AZ,*,*,*,Scholarship,Entomology,25227,,AZ,Phoenix,*,*,Scholarship,Entomology,7899
AZ,*,*,*,Scholarship,Landscape Architecture,8351,,AZ,Phoenix,*,*,Scholarship,Landscape Architecture,334
AZ,*,*,*,Scholarship,Music,7402,,AZ,Tucson,*,*,Scholarship,Music,1858
AZ,*,*,*,Scholarship,Preoptometry,11674,,AZ,Phoenix,*,*,Scholarship,Preoptometry,3132
CA,*,*,*,Campus Resource,Animal Science,7205,,CA,San Francisco,*,*,Campus Resource,Animal Science,1490
CA,*,*,*,Campus Resource,Biochemistry and Molecular Biology/Biotechnology,15949,,CA,Los Angeles,*,*,Campus Resource,Biochemistry and Molecular Biology/Biotechnology,2879
CA,*,*,*,Campus Resource,Geographic Information Science,11973,,CA,Los Angeles,*,*,Campus Resource,Geographic Information Science,1797
CA,*,*,*,Campus Resource,Landscape Architecture,11719,,CA,San Francisco,*,*,Campus Resource,Landscape Architecture,1822
CA,*,*,*,Campus Resource,Linguistics,14438,,CA,San Diego,*,*,Campus Resource,Linguistics,645
CA,*,*,*,Campus Resource,Mechanical Engineering,14899,,CA,Los Angeles,*,*,Campus Resource,Mechanical Engineering,4462
CA,*,*,*,Campus Resource,Music,8962,,CA,Los Angeles,*,*,Campus Resource,Music,1128
CA,*,*,*,Campus Resource,Natural Resource Recreation and Tourism,49159,,CA,Los Angeles,*,*,Campus Resource,Natural Resource Recreation and Tourism,14552
CA,*,*,*,Campus Resource,Natural Resource Recreation and Tourism,49159,,CA,San Francisco,*,*,Campus Resource,Natural Resource Recreation and Tourism,6032
CA,*,*,*,Campus Resource,Political Science,36702,,CA,San Diego,*,*,Campus Resource,Political Science,1392
CA,*,*,*,Campus Resource,Preoptometry,25231,,CA,San Diego,*,*,Campus Resource,Preoptometry,5223
CA,*,*,*,Campus Resource,Supply Chain Management,11219,,CA,Anaheim,*,*,Campus Resource,Supply Chain Management,3145
CA,*,*,*,Endowment,Animal Science,32681,,CA,Los Angeles,*,*,Endowment,Animal Science,1839
CA,*,*,*,Endowment,Applied Engineering Sciences,10279,,CA,San Diego,*,*,Endowment,Applied Engineering Sciences,554
CA,*,*,*,Endowment,Art Education,19137,,CA,Los Angeles,*,*,Endowment,Art Education,373
CA,*,*,*,Endowment,Art History and Visual Culture,29807,,CA,Los Angeles,*,*,Endowment,Art History and Visual Culture,5619
CA,*,*,*,Endowment,Biomedical Laboratory Science,11413,,CA,San Diego,*,*,Endowment,Biomedical Laboratory Science,2544
CA,*,*,*,Endowment,Comparative Cultures and Politics,17972,,CA,Los Angeles,*,*,Endowment,Comparative Cultures and Politics,4125
CA,*,*,*,Endowment,Composition,35461,,CA,San Francisco,*,*,Endowment,Composition,6401
CA,*,*,*,Endowment,Environmental Economics and Policy,24810,,CA,Anaheim,*,*,Endowment,Environmental Economics and Policy,6156
CA,*,*,*,Endowment,German,12680,,CA,Los Angeles,*,*,Endowment,German,2329
CA,*,*,*,Endowment,German,12680,,CA,San Francisco,*,*,Endowment,German,2507
CA,*,*,*,Endowment,Global & Area Studies - Soc Sci,38472,,CA,Fresno,*,*,Endowment,Global & Area Studies - Soc Sci,10858
CA,*,*,*,Endowment,Global & Area Studies - Soc Sci,38472,,CA,Sacramento,*,*,Endowment,Global & Area Studies - Soc Sci,7544
CA,*,*,*,Endowment,Human Development and Family Studies,9425,,CA,Los Angeles,*,*,Endowment,Human Development and Family Studies,1563
CA,*,*,*,Endowment,Interdisciplinary Studies in Social Science - Social Science Education,7884,,CA,San Diego,*,*,Endowment,Interdisciplinary Studies in Social Science - Social Science Education,2049
CA,*,*,*,Endowment,Jazz Studies,10853,,CA,San Francisco,*,*,Endowment,Jazz Studies,908
CA,*,*,*,Endowment,Materials Science and Engineering,5345,,CA,Los Angeles,*,*,Endowment,Materials Science and Engineering,1754
CA,*,*,*,Endowment,Philosophy,25500,,CA,Los Angeles,*,*,Endowment,Philosophy,6368
CA,*,*,*,Endowment,Political Science-Prelaw,16647,,CA,Los Angeles,*,*,Endowment,Political Science-Prelaw,2242
CA,*,*,*,Endowment,Political Theory and Constitutional Democracy,19909,,CA,Fresno,*,*,Endowment,Political Theory and Constitutional Democracy,158
CA,*,*,*,Endowment,Preveterinary,12215,,CA,San Francisco,*,*,Endowment,Preveterinary,2268
CA,*,*,*,Endowment,Professional Writing,24165,,CA,Los Angeles,*,*,Endowment,Professional Writing,3791
CA,*,*,*,Endowment,Summer Research Program,3847,,CA,Los Angeles,*,*,Endowment,Summer Research Program,584
CA,*,*,*,Endowment,Theatre,12963,,CA,Los Angeles,*,*,Endowment,Theatre,1115
CA,*,*,*,Scholarship,Agriculture and Natural Resources-No Preference,9592,,CA,San Francisco,*,*,Scholarship,Agriculture and Natural Resources-No Preference,2869
CA,*,*,*,Scholarship,Animal Science,14911,,CA,San Francisco,*,*,Scholarship,Animal Science,1490
CA,*,*,*,Scholarship,Apparel and Textile Design,42472,,CA,San Francisco,*,*,Scholarship,Apparel and Textile Design,3527
CA,*,*,*,Scholarship,Applied Engineering Sciences,9424,,CA,San Diego,*,*,Scholarship,Applied Engineering Sciences,1093
CA,*,*,*,Scholarship,Biochemistry and Molecular Biology/Biotechnology,17502,,CA,San Francisco,*,*,Scholarship,Biochemistry and Molecular Biology/Biotechnology,3892
CA,*,*,*,Scholarship,Biological Science Interdepartmental,4547,,CA,Los Angeles,*,*,Scholarship,Biological Science Interdepartmental,998
CA,*,*,*,Scholarship,Computer Engineering,13699,,CA,San Diego,*,*,Scholarship,Computer Engineering,477
CA,*,*,*,Scholarship,Economics,8746,,CA,Los Angeles,*,*,Scholarship,Economics,173
CA,*,*,*,Scholarship,Economics,8746,,CA,San Francisco,*,*,Scholarship,Economics,858
CA,*,*,*,Scholarship,Entomology,15216,,CA,San Diego,*,*,Scholarship,Entomology,3175
CA,*,*,*,Scholarship,Geography,19540,,CA,San Diego,*,*,Scholarship,Geography,531
CA,*,*,*,Scholarship,German,13234,,CA,San Francisco,*,*,Scholarship,German,3622
CA,*,*,*,Scholarship,Human Development and Family Studies,5356,,CA,Los Angeles,*,*,Scholarship,Human Development and Family Studies,1563
CA,*,*,*,Scholarship,Interdisciplinary Humanities,23386,,CA,Los Angeles,*,*,Scholarship,Interdisciplinary Humanities,6377
CA,*,*,*,Scholarship,Interdisciplinary Humanities,23386,,CA,San Francisco,*,*,Scholarship,Interdisciplinary Humanities,4510
CA,*,*,*,Scholarship,Jazz Studies,56127,,CA,Anaheim,*,*,Scholarship,Jazz Studies,8433
CA,*,*,*,Scholarship,Kinesiology,47604,,CA,Sacramento,*,*,Scholarship,Kinesiology,650
CA,*,*,*,Scholarship,Linguistics,14570,,CA,San Diego,*,*,Scholarship,Linguistics,3883
CA,*,*,*,Scholarship,Materials Science and Engineering,12612,,CA,Los Angeles,*,*,Scholarship,Materials Science and Engineering,293
CA,*,*,*,Scholarship,Materials Science and Engineering,12612,,CA,San Francisco,*,*,Scholarship,Materials Science and Engineering,1198
CA,*,*,*,Scholarship,Media and Information,11319,,CA,San Francisco,*,*,Scholarship,Media and Information,2307
CA,*,*,*,Scholarship,Natural Resource Recreation and Tourism,16400,,CA,San Diego,*,*,Scholarship,Natural Resource Recreation and Tourism,3219
CA,*,*,*,Scholarship,Physical Science Interdepartmental,28655,,CA,Los Angeles,*,*,Scholarship,Physical Science Interdepartmental,4332
CA,*,*,*,Scholarship,Physical Science Interdepartmental,28655,,CA,San Diego,*,*,Scholarship,Physical Science Interdepartmental,9344
CA,*,*,*,Scholarship,Political Science,9514,,CA,San Diego,*,*,Scholarship,Political Science,43
CA,*,*,*,Scholarship,Predental,20806,,CA,San Francisco,*,*,Scholarship,Predental,3577
CA,*,*,*,Scholarship,Public Policy,36166,,CA,Los Angeles,*,*,Scholarship,Public Policy,3889
CA,*,*,*,Scholarship,Summer Research Program,80819,,CA,Los Angeles,*,*,Scholarship,Summer Research Program,18819
CO,*,*,*,Campus Resource,Horticulture,16025.5,,CO,Colorado Springs,*,*,Campus Resource,Horticulture,5074
CO,*,*,*,Endowment,Apparel and Textile Design,58237.5,,CO,Colorado Springs,*,*,Endowment,Apparel and Textile Design,11490
CO,*,*,*,Endowment,Applied Engineering Sciences,17481.5,,CO,Colorado Springs,*,*,Endowment,Applied Engineering Sciences,5822
CO,*,*,*,Endowment,French,13775.5,,CO,Colorado Springs,*,*,Endowment,French,1720
CO,*,*,*,Endowment,Interdisciplinary Studies in Social Science,32526.5,,CO,Denver,*,*,Endowment,Interdisciplinary Studies in Social Science,9757.5
CO,*,*,*,Scholarship,Construction Management,55615.5,,CO,Colorado Springs,*,*,Scholarship,Construction Management,13560
CO,*,*,*,Scholarship,Education,36872.5,,CO,Colorado Springs,*,*,Scholarship,Education,8968
CO,*,*,*,Scholarship,Interdisciplinary Humanities,18825.5,,CO,Colorado Springs,*,*,Scholarship,Interdisciplinary Humanities,4238
CO,*,*,*,Scholarship,Spanish,29945.0,,CO,Colorado Springs,*,*,Scholarship,Spanish,2768
CT,*,*,*,Endowment,Astrophysics,13957,,CT,New Haven,*,*,Endowment,Astrophysics,4357
FL,*,*,*,Endowment,Physical Science Interdepartmental,14358,,FL,Fort Lauderdale,*,*,Endowment,Physical Science Interdepartmental,4018
FL,*,*,*,Scholarship,Agribusiness Management,8064,,FL,Tallahassee,*,*,Scholarship,Agribusiness Management,630
FL,*,*,*,Scholarship,Arts & Letters-General,23802,,FL,Jacksonville,*,*,Scholarship,Arts & Letters-General,7534
FL,*,*,*,Scholarship,Construction Management,16477,,FL,Jacksonville,*,*,Scholarship,Construction Management,4140
FL,*,*,*,Scholarship,Engineering-No Major,8473,,FL,Miami,*,*,Scholarship,Engineering-No Major,1119
FL,*,*,*,Scholarship,Interdisciplinary Humanities,16109,,FL,Miami,*,*,Scholarship,Interdisciplinary Humanities,5107
FL,*,*,*,Scholarship,Interdisciplinary Humanities,16109,,FL,Tallahassee,*,*,Scholarship,Interdisciplinary Humanities,1509
FL,*,*,*,Scholarship,Packaging,37945,,FL,Fort Lauderdale,*,*,Scholarship,Packaging,8085
FL,*,*,*,Scholarship,Psychology,13956,,FL,Tallahassee,*,*,Scholarship,Psychology,4048
GA,*,*,*,Endowment,Earth Science Interdepartmental,29341,,GA,Atlanta,*,*,Endowment,Earth Science Interdepartmental,7392
GA,*,*,*,Scholarship,Humanities-Prelaw,4537,,GA,Savannah,*,*,Scholarship,Humanities-Prelaw,36
IL,*,*,*,Endowment,Applied Engineering Sciences,27070,,IL,Chicago,*,*,Endowment,Applied Engineering Sciences,2422
IL,*,*,*,Scholarship,Earth Science Interdepartmental,2047,,IL,Chicago,*,*,Scholarship,Earth Science Interdepartmental,267
IL,*,*,*,Scholarship,Experience Architecture,11613,,IL,Springfield,*,*,Scholarship,Experience Architecture,2002
IL,*,*,*,Scholarship,Interdisciplinary Humanities,9013,,IL,Chicago,*,*,Scholarship,Interdisciplinary Humanities,960
KS,*,*,*,Campus Resource,Plant Biology,18936,,KS,Overland Park,*,*,Campus Resource,Plant Biology,5819
KS,*,*,*,Endowment,Mathematics,18125,,KS,Overland Park,*,*,Endowment,Mathematics,4571
LA,*,*,*,Endowment,Spanish,11166,,LA,Baton Rouge,*,*,Endowment,Spanish,2773
MI,*,*,*,Scholarship,Prenursing,14172,,MI,Lansing,*,*,Scholarship,Prenursing,4340
MO,*,*,*,Endowment,Biosystems Engineering,20732,,MO,St. Louis,*,*,Endowment,Biosystems Engineering,5490
NC,*,*,*,Campus Resource,College of Political Science,6610,,NC,Raleigh,*,*,Campus Resource,College of Political Science,493
NC,*,*,*,Endowment,Apparel and Textile Design,14067,,NC,Durham,*,*,Endowment,Apparel and Textile Design,4469
NC,*,*,*,Endowment,Materials Science and Engineering,15988,,NC,Charlotte,*,*,Endowment,Materials Science and Engineering,103
NE,*,*,*,Scholarship,Spanish,14014,,NE,Lincoln,*,*,Scholarship,Spanish,3240
NV,*,*,*,Endowment,Composition,9987,,NV,Las Vegas,*,*,Endowment,Composition,3254
NY,*,*,*,Endowment,Food Science,10132,,NY,New York,*,*,Endowment,Food Science,3270
NY,*,*,*,Endowment,Geography,5148,,NY,New York,*,*,Endowment,Geography,984
NY,*,*,*,Scholarship,Landscape Architecture,33954,,NY,New York,*,*,Scholarship,Landscape Architecture,8723
OH,*,*,*,Endowment,Economics,45435,,OH,Cleveland,*,*,Endowment,Economics,8712
OH,*,*,*,Endowment,Interdisciplinary Humanities,9256,,OH,Cincinnati,*,*,Endowment,Interdisciplinary Humanities,1328
OH,*,*,*,Endowment,Preveterinary,32830,,OH,Cleveland,*,*,Endowment,Preveterinary,5872
OR,*,*,*,Endowment,Social Relations and Policy,14168,,OR,Salem,*,*,Endowment,Social Relations and Policy,4340
PA,*,*,*,Endowment,Education,13320,,PA,Philadelphia,*,*,Endowment,Education,3135
SC,*,*,*,Endowment,Criminal Justice,13196,,SC,Columbia,*,*,Endowment,Criminal Justice,2022
TN,*,*,*,Scholarship,Agriculture and Natural Resources-No Preference,12252,,TN,Memphis,*,*,Scholarship,Agriculture and Natural Resources-No Preference,3734
TN,*,*,*,Scholarship,Japanese,12096,,TN,Knoxville,*,*,Scholarship,Japanese,3897
TX,*,*,*,Campus Resource,Biochemistry and Molecular Biology,26907,,TX,Houston,*,*,Campus Resource,Biochemistry and Molecular Biology,2646
TX,*,*,*,Campus Resource,College of Political Science,12776,,TX,Houston,*,*,Campus Resource,College of Political Science,1601
TX,*,*,*,Campus Resource,Environmental Biology/Zoology,17297,,TX,Houston,*,*,Campus Resource,Environmental Biology/Zoology,5093
TX,*,*,*,Campus Resource,Finance,9810,,TX,San Antonio,*,*,Campus Resource,Finance,750
TX,*,*,*,Campus Resource,Fisheries and Wildlife,16698,,TX,Houston,*,*,Campus Resource,Fisheries and Wildlife,4821
TX,*,*,*,Campus Resource,General Management,26002,,TX,San Antonio,*,*,Campus Resource,General Management,8225
TX,*,*,*,Campus Resource,Humanities-Prelaw,11962,,TX,Austin,*,*,Campus Resource,Humanities-Prelaw,3404
TX,*,*,*,Campus Resource,Interdisciplinary Studies in Social Science,28932,,TX,Austin,*,*,Campus Resource,Interdisciplinary Studies in Social Science,7970
TX,*,*,*,Campus Resource,Interdisciplinary Studies in Social Science,28932,,TX,Dallas,*,*,Campus Resource,Interdisciplinary Studies in Social Science,5740
TX,*,*,*,Endowment,Agriculture and Natural Resources-No Preference,32399,,TX,Austin,*,*,Endowment,Agriculture and Natural Resources-No Preference,7073
TX,*,*,*,Endowment,Biochemistry and Molecular Biology,37458,,TX,Dallas,*,*,Endowment,Biochemistry and Molecular Biology,2646
TX,*,*,*,Endowment,Chinese,12983,,TX,Dallas,*,*,Endowment,Chinese,4062
TX,*,*,*,Endowment,College of Political Science,29662,,TX,Houston,*,*,Endowment,College of Political Science,7303
TX,*,*,*,Endowment,Environmental Geosciences,14847,,TX,Houston,*,*,Endowment,Environmental Geosciences,1517
TX,*,*,*,Endowment,History,8664,,TX,Dallas,*,*,Endowment,History,1495
TX,*,*,*,Endowment,Marketing,15691,,TX,Austin,*,*,Endowment,Marketing,4217
TX,*,*,*,Endowment,Nutritional Sciences,2377,,TX,Houston,*,*,Endowment,Nutritional Sciences,52
TX,*,*,*,Endowment,Preveterinary,51844,,TX,Dallas,*,*,Endowment,Preveterinary,9945
TX,*,*,*,Endowment,Public Policy,9938,,TX,San Antonio,*,*,Endowment,Public Policy,999
TX,*,*,*,Endowment,Social Work,7538,,TX,Houston,*,*,Endowment,Social Work,2028
TX,*,*,*,Endowment,Sociology,22737,,TX,El Paso,*,*,Endowment,Sociology,4216
TX,*,*,*,Endowment,Studio Art,10449,,TX,Dallas,*,*,Endowment,Studio Art,2147
TX,*,*,*,Scholarship,Art Education,1924,,TX,Dallas,*,*,Scholarship,Art Education,109
TX,*,*,*,Scholarship,Astrophysics,29668,,TX,El Paso,*,*,Scholarship,Astrophysics,4251
TX,*,*,*,Scholarship,Athletic Training,16982,,TX,San Antonio,*,*,Scholarship,Athletic Training,2070
TX,*,*,*,Scholarship,Biochemistry and Molecular Biology,27308,,TX,Amarillo,*,*,Scholarship,Biochemistry and Molecular Biology,4784
TX,*,*,*,Scholarship,Biochemistry and Molecular Biology,27308,,TX,Dallas,*,*,Scholarship,Biochemistry and Molecular Biology,383
TX,*,*,*,Scholarship,Comparative Cultures and Politics,10552,,TX,Houston,*,*,Scholarship,Comparative Cultures and Politics,464
TX,*,*,*,Scholarship,Earth Science Interdepartmental,13240,,TX,Dallas,*,*,Scholarship,Earth Science Interdepartmental,4095
TX,*,*,*,Scholarship,Experience Architecture,8278,,TX,Amarillo,*,*,Scholarship,Experience Architecture,1634
TX,*,*,*,Scholarship,Fisheries and Wildlife,29444,,TX,Houston,*,*,Scholarship,Fisheries and Wildlife,5981
TX,*,*,*,Scholarship,German,40020,,TX,Dallas,*,*,Scholarship,German,5114
TX,*,*,*,Scholarship,Horticulture,11190,,TX,Austin,*,*,Scholarship,Horticulture,1672
TX,*,*,*,Scholarship,Hospitality Business,11264,,TX,Houston,*,*,Scholarship,Hospitality Business,2165
TX,*,*,*,Scholarship,Humanities-Prelaw,4296,,TX,Houston,*,*,Scholarship,Humanities-Prelaw,892
TX,*,*,*,Scholarship,Interdisciplinary Humanities,7392,,TX,Amarillo,*,*,Scholarship,Interdisciplinary Humanities,2372
TX,*,*,*,Scholarship,Neuroscience,29388,,TX,Dallas,*,*,Scholarship,Neuroscience,5271
TX,*,*,*,Scholarship,World Politics,21408,,TX,Houston,*,*,Scholarship,World Politics,6051
UT,*,*,*,Scholarship,Interior Design,53432,,UT,Provo,*,*,Scholarship,Interior Design,9635
VA,*,*,*,Scholarship,Actuarial Science,9530,,VA,Richmond,*,*,Scholarship,Actuarial Science,451
VA,*,*,*,Scholarship,Apparel and Textiles,25768,,VA,Alexandria,*,*,Scholarship,Apparel and Textiles,4999
VA,*,*,*,Scholarship,Food Science,19255,,VA,Richmond,*,*,Scholarship,Food Science,6225
WA,*,*,*,Campus Resource,Predental,25977,,WA,Seattle,*,*,Campus Resource,Predental,2646
WA,*,*,*,Endowment,Advertising,10996,,WA,Seattle,*,*,Endowment,Advertising,2271
WA,*,*,*,Scholarship,Predental,10748,,WA,Seattle,*,*,Scholarship,Predental,1793
WA,*,*,*,Scholarship,Social Work,37302,,WA,Seattle,*,*,Scholarship,Social Work,8394
