*,*,College of Agriculture and Natural Resources,*,*,*,3433165.0,,AL,*,College of Agriculture and Natural Resources,*,*,*,24878
*,*,College of Agriculture and Natural Resources,*,*,*,3433165.0,,AR,*,College of Agriculture and Natural Resources,*,*,*,7638
*,*,College of Agriculture and Natural Resources,*,*,*,3433165.0,,AZ,*,College of Agriculture and Natural Resources,*,*,*,124834
*,*,College of Agriculture and Natural Resources,*,*,*,3433165.0,,CA,*,College of Agriculture and Natural Resources,*,*,*,388831
*,*,College of Agriculture and Natural Resources,*,*,*,3433165.0,,CO,*,College of Agriculture and Natural Resources,*,*,*,531860.0
*,*,College of Agriculture and Natural Resources,*,*,*,3433165.0,,CT,*,College of Agriculture and Natural Resources,*,*,*,93314
*,*,College of Agriculture and Natural Resources,*,*,*,3433165.0,,DC,*,College of Agriculture and Natural Resources,*,*,*,40381
*,*,College of Agriculture and Natural Resources,*,*,*,3433165.0,,FL,*,College of Agriculture and Natural Resources,*,*,*,279224
*,*,College of Agriculture and Natural Resources,*,*,*,3433165.0,,GA,*,College of Agriculture and Natural Resources,*,*,*,24585
*,*,College of Agriculture and Natural Resources,*,*,*,3433165.0,,IA,*,College of Agriculture and Natural Resources,*,*,*,7713
*,*,College of Agriculture and Natural Resources,*,*,*,3433165.0,,IL,*,College of Agriculture and Natural Resources,*,*,*,101665
*,*,College of Agriculture and Natural Resources,*,*,*,3433165.0,,IN,*,College of Agriculture and Natural Resources,*,*,*,34262
*,*,College of Agriculture and Natural Resources,*,*,*,3433165.0,,KS,*,College of Agriculture and Natural Resources,*,*,*,101639
*,*,College of Agriculture and Natural Resources,*,*,*,3433165.0,,KY,*,College of Agriculture and Natural Resources,*,*,*,18447
*,*,College of Agriculture and Natural Resources,*,*,*,3433165.0,,LA,*,College of Agriculture and Natural Resources,*,*,*,30291
*,*,College of Agriculture and Natural Resources,*,*,*,3433165.0,,MA,*,College of Agriculture and Natural Resources,*,*,*,130137
*,*,College of Agriculture and Natural Resources,*,*,*,3433165.0,,MI,*,College of Agriculture and Natural Resources,*,*,*,158386
*,*,College of Agriculture and Natural Resources,*,*,*,3433165.0,,MN,*,College of Agriculture and Natural Resources,*,*,*,13428
*,*,College of Agriculture and Natural Resources,*,*,*,3433165.0,,MO,*,College of Agriculture and Natural Resources,*,*,*,148051
*,*,College of Agriculture and Natural Resources,*,*,*,3433165.0,,NC,*,College of Agriculture and Natural Resources,*,*,*,51604
*,*,College of Agriculture and Natural Resources,*,*,*,3433165.0,,NE,*,College of Agriculture and Natural Resources,*,*,*,52989
*,*,College of Agriculture and Natural Resources,*,*,*,3433165.0,,NV,*,College of Agriculture and Natural Resources,*,*,*,65562
*,*,College of Agriculture and Natural Resources,*,*,*,3433165.0,,NY,*,College of Agriculture and Natural Resources,*,*,*,217236
*,*,College of Agriculture and Natural Resources,*,*,*,3433165.0,,OH,*,College of Agriculture and Natural Resources,*,*,*,60316
*,*,College of Agriculture and Natural Resources,*,*,*,3433165.0,,OK,*,College of Agriculture and Natural Resources,*,*,*,24521
*,*,College of Agriculture and Natural Resources,*,*,*,3433165.0,,OR,*,College of Agriculture and Natural Resources,*,*,*,26641
*,*,College of Agriculture and Natural Resources,*,*,*,3433165.0,,PA,*,College of Agriculture and Natural Resources,*,*,*,24653
*,*,College of Agriculture and Natural Resources,*,*,*,3433165.0,,RI,*,College of Agriculture and Natural Resources,*,*,*,15293
*,*,College of Agriculture and Natural Resources,*,*,*,3433165.0,,SC,*,College of Agriculture and Natural Resources,*,*,*,43081
*,*,College of Agriculture and Natural Resources,*,*,*,3433165.0,,TN,*,College of Agriculture and Natural Resources,*,*,*,87834
*,*,College of Agriculture and Natural Resources,*,*,*,3433165.0,,TX,*,College of Agriculture and Natural Resources,*,*,*,216202
*,*,College of Agriculture and Natural Resources,*,*,*,3433165.0,,UT,*,College of Agriculture and Natural Resources,*,*,*,53432
*,*,College of Agriculture and Natural Resources,*,*,*,3433165.0,,VA,*,College of Agriculture and Natural Resources,*,*,*,136336
*,*,College of Agriculture and Natural Resources,*,*,*,3433165.0,,WA,*,College of Agriculture and Natural Resources,*,*,*,91419
*,*,College of Agriculture and Natural Resources,*,*,*,3433165.0,,WI,*,College of Agriculture and Natural Resources,*,*,*,6482
*,*,College of Arts and Sciences,*,*,*,4720312.5,,AL,*,College of Arts and Sciences,*,*,*,121989
*,*,College of Arts and Sciences,*,*,*,4720312.5,,AR,*,College of Arts and Sciences,*,*,*,10316
*,*,College of Arts and Sciences,*,*,*,4720312.5,,AZ,*,College of Arts and Sciences,*,*,*,195770
*,*,College of Arts and Sciences,*,*,*,4720312.5,,CA,*,College of Arts and Sciences,*,*,*,560801
*,*,College of Arts and Sciences,*,*,*,4720312.5,,CO,*,College of Arts and Sciences,*,*,*,769361.5
*,*,College of Arts and Sciences,*,*,*,4720312.5,,CT,*,College of Arts and Sciences,*,*,*,142822
*,*,College of Arts and Sciences,*,*,*,4720312.5,,FL,*,College of Arts and Sciences,*,*,*,205328
*,*,College of Arts and Sciences,*,*,*,4720312.5,,GA,*,College of Arts and Sciences,*,*,*,42192
*,*,College of Arts and Sciences,*,*,*,4720312.5,,IA,*,College of Arts and Sciences,*,*,*,42109
*,*,College of Arts and Sciences,*,*,*,4720312.5,,IL,*,College of Arts and Sciences,*,*,*,220769
*,*,College of Arts and Sciences,*,*,*,4720312.5,,IN,*,College of Arts and Sciences,*,*,*,58732
*,*,College of Arts and Sciences,*,*,*,4720312.5,,KS,*,College of Arts and Sciences,*,*,*,59209
*,*,College of Arts and Sciences,*,*,*,4720312.5,,KY,*,College of Arts and Sciences,*,*,*,60637
*,*,College of Arts and Sciences,*,*,*,4720312.5,,LA,*,College of Arts and Sciences,*,*,*,69204
*,*,College of Arts and Sciences,*,*,*,4720312.5,,MA,*,College of Arts and Sciences,*,*,*,73955
*,*,College of Arts and Sciences,*,*,*,4720312.5,,MI,*,College of Arts and Sciences,*,*,*,110593
*,*,College of Arts and Sciences,*,*,*,4720312.5,,MN,*,College of Arts and Sciences,*,*,*,13177
*,*,College of Arts and Sciences,*,*,*,4720312.5,,MO,*,College of Arts and Sciences,*,*,*,78797
*,*,College of Arts and Sciences,*,*,*,4720312.5,,NC,*,College of Arts and Sciences,*,*,*,71755
*,*,College of Arts and Sciences,*,*,*,4720312.5,,NE,*,College of Arts and Sciences,*,*,*,29911
*,*,College of Arts and Sciences,*,*,*,4720312.5,,NH,*,College of Arts and Sciences,*,*,*,91399
*,*,College of Arts and Sciences,*,*,*,4720312.5,,NM,*,College of Arts and Sciences,*,*,*,29493
*,*,College of Arts and Sciences,*,*,*,4720312.5,,NV,*,College of Arts and Sciences,*,*,*,65983
*,*,College of Arts and Sciences,*,*,*,4720312.5,,NY,*,College of Arts and Sciences,*,*,*,238805
*,*,College of Arts and Sciences,*,*,*,4720312.5,,OH,*,College of Arts and Sciences,*,*,*,216741
*,*,College of Arts and Sciences,*,*,*,4720312.5,,OK,*,College of Arts and Sciences,*,*,*,42129
*,*,College of Arts and Sciences,*,*,*,4720312.5,,OR,*,College of Arts and Sciences,*,*,*,78320
*,*,College of Arts and Sciences,*,*,*,4720312.5,,PA,*,College of Arts and Sciences,*,*,*,67491
*,*,College of Arts and Sciences,*,*,*,4720312.5,,RI,*,College of Arts and Sciences,*,*,*,39448
*,*,College of Arts and Sciences,*,*,*,4720312.5,,SC,*,College of Arts and Sciences,*,*,*,58502
*,*,College of Arts and Sciences,*,*,*,4720312.5,,TN,*,College of Arts and Sciences,*,*,*,121657
*,*,College of Arts and Sciences,*,*,*,4720312.5,,TX,*,College of Arts and Sciences,*,*,*,357957
*,*,College of Arts and Sciences,*,*,*,4720312.5,,UT,*,College of Arts and Sciences,*,*,*,63680
*,*,College of Arts and Sciences,*,*,*,4720312.5,,VA,*,College of Arts and Sciences,*,*,*,132703
*,*,College of Arts and Sciences,*,*,*,4720312.5,,WA,*,College of Arts and Sciences,*,*,*,122459
*,*,College of Arts and Sciences,*,*,*,4720312.5,,WI,*,College of Arts and Sciences,*,*,*,19119
*,*,College of Arts and Sciences,*,*,*,4720312.5,,WY,*,College of Arts and Sciences,*,*,*,36999
*,*,College of Business,*,*,*,1400505.0,,AL,*,College of Business,*,*,*,23197
*,*,College of Business,*,*,*,1400505.0,,AR,*,College of Business,*,*,*,18569
*,*,College of Business,*,*,*,1400505.0,,AZ,*,College of Business,*,*,*,82259
*,*,College of Business,*,*,*,1400505.0,,CA,*,College of Business,*,*,*,148889
*,*,College of Business,*,*,*,1400505.0,,CO,*,College of Business,*,*,*,49700.0
*,*,College of Business,*,*,*,1400505.0,,CT,*,College of Business,*,*,*,4982
*,*,College of Business,*,*,*,1400505.0,,FL,*,College of Business,*,*,*,81847
*,*,College of Business,*,*,*,1400505.0,,GA,*,College of Business,*,*,*,21687
*,*,College of Business,*,*,*,1400505.0,,IL,*,College of Business,*,*,*,70154
*,*,College of Business,*,*,*,1400505.0,,IN,*,College of Business,*,*,*,59110
*,*,College of Business,*,*,*,1400505.0,,KS,*,College of Business,*,*,*,24082
*,*,College of Business,*,*,*,1400505.0,,KY,*,College of Business,*,*,*,2639
*,*,College of Business,*,*,*,1400505.0,,LA,*,College of Business,*,*,*,67413
*,*,College of Business,*,*,*,1400505.0,,MA,*,College of Business,*,*,*,46625
*,*,College of Business,*,*,*,1400505.0,,MI,*,College of Business,*,*,*,86539
*,*,College of Business,*,*,*,1400505.0,,MN,*,College of Business,*,*,*,24348
*,*,College of Business,*,*,*,1400505.0,,MO,*,College of Business,*,*,*,30032
*,*,College of Business,*,*,*,1400505.0,,NC,*,College of Business,*,*,*,19420
*,*,College of Business,*,*,*,1400505.0,,NE,*,College of Business,*,*,*,2647
*,*,College of Business,*,*,*,1400505.0,,NV,*,College of Business,*,*,*,17575
*,*,College of Business,*,*,*,1400505.0,,NY,*,College of Business,*,*,*,101449
*,*,College of Business,*,*,*,1400505.0,,OH,*,College of Business,*,*,*,40959
*,*,College of Business,*,*,*,1400505.0,,OK,*,College of Business,*,*,*,62186
*,*,College of Business,*,*,*,1400505.0,,OR,*,College of Business,*,*,*,2442
*,*,College of Business,*,*,*,1400505.0,,PA,*,College of Business,*,*,*,9143
*,*,College of Business,*,*,*,1400505.0,,TN,*,College of Business,*,*,*,72397
*,*,College of Business,*,*,*,1400505.0,,TX,*,College of Business,*,*,*,146368
*,*,College of Business,*,*,*,1400505.0,,UT,*,College of Business,*,*,*,27909
*,*,College of Business,*,*,*,1400505.0,,WA,*,College of Business,*,*,*,44134
*,*,College of Business,*,*,*,1400505.0,,WI,*,College of Business,*,*,*,2266
*,*,College of Business,*,*,*,1400505.0,,WY,*,College of Business,*,*,*,9538
*,*,College of Communication Arts and Sciences,*,*,*,577251.0,,AL,*,College of Communication Arts and Sciences,*,*,*,12006
*,*,College of Communication Arts and Sciences,*,*,*,577251.0,,AZ,*,College of Communication Arts and Sciences,*,*,*,31880
*,*,College of Communication Arts and Sciences,*,*,*,577251.0,,CA,*,College of Communication Arts and Sciences,*,*,*,21599
*,*,College of Communication Arts and Sciences,*,*,*,577251.0,,CO,*,College of Communication Arts and Sciences,*,*,*,30540.0
*,*,College of Communication Arts and Sciences,*,*,*,577251.0,,CT,*,College of Communication Arts and Sciences,*,*,*,1091
*,*,College of Communication Arts and Sciences,*,*,*,577251.0,,FL,*,College of Communication Arts and Sciences,*,*,*,49311
*,*,College of Communication Arts and Sciences,*,*,*,577251.0,,GA,*,College of Communication Arts and Sciences,*,*,*,7010
*,*,College of Communication Arts and Sciences,*,*,*,577251.0,,IL,*,College of Communication Arts and Sciences,*,*,*,28418
*,*,College of Communication Arts and Sciences,*,*,*,577251.0,,IN,*,College of Communication Arts and Sciences,*,*,*,5686
*,*,College of Communication Arts and Sciences,*,*,*,577251.0,,KS,*,College of Communication Arts and Sciences,*,*,*,7347
*,*,College of Communication Arts and Sciences,*,*,*,577251.0,,KY,*,College of Communication Arts and Sciences,*,*,*,17952
*,*,College of Communication Arts and Sciences,*,*,*,577251.0,,MA,*,College of Communication Arts and Sciences,*,*,*,8559
*,*,College of Communication Arts and Sciences,*,*,*,577251.0,,MI,*,College of Communication Arts and Sciences,*,*,*,22311
*,*,College of Communication Arts and Sciences,*,*,*,577251.0,,MN,*,College of Communication Arts and Sciences,*,*,*,3438
*,*,College of Communication Arts and Sciences,*,*,*,577251.0,,MO,*,College of Communication Arts and Sciences,*,*,*,18065
*,*,College of Communication Arts and Sciences,*,*,*,577251.0,,NC,*,College of Communication Arts and Sciences,*,*,*,19584
*,*,College of Communication Arts and Sciences,*,*,*,577251.0,,NM,*,College of Communication Arts and Sciences,*,*,*,30808
*,*,College of Communication Arts and Sciences,*,*,*,577251.0,,NV,*,College of Communication Arts and Sciences,*,*,*,36176
*,*,College of Communication Arts and Sciences,*,*,*,577251.0,,NY,*,College of Communication Arts and Sciences,*,*,*,9
*,*,College of Communication Arts and Sciences,*,*,*,577251.0,,OH,*,College of Communication Arts and Sciences,*,*,*,45170
*,*,College of Communication Arts and Sciences,*,*,*,577251.0,,OK,*,College of Communication Arts and Sciences,*,*,*,7020
*,*,College of Communication Arts and Sciences,*,*,*,577251.0,,OR,*,College of Communication Arts and Sciences,*,*,*,33759
*,*,College of Communication Arts and Sciences,*,*,*,577251.0,,PA,*,College of Communication Arts and Sciences,*,*,*,5818
*,*,College of Communication Arts and Sciences,*,*,*,577251.0,,RI,*,College of Communication Arts and Sciences,*,*,*,4090
*,*,College of Communication Arts and Sciences,*,*,*,577251.0,,SC,*,College of Communication Arts and Sciences,*,*,*,7670
*,*,College of Communication Arts and Sciences,*,*,*,577251.0,,TN,*,College of Communication Arts and Sciences,*,*,*,37039
*,*,College of Communication Arts and Sciences,*,*,*,577251.0,,TX,*,College of Communication Arts and Sciences,*,*,*,13823
*,*,College of Communication Arts and Sciences,*,*,*,577251.0,,VA,*,College of Communication Arts and Sciences,*,*,*,4804
*,*,College of Communication Arts and Sciences,*,*,*,577251.0,,WA,*,College of Communication Arts and Sciences,*,*,*,43216
*,*,College of Communication Arts and Sciences,*,*,*,577251.0,,WI,*,College of Communication Arts and Sciences,*,*,*,23052
*,*,College of Education,*,*,*,850369.5,,AL,*,College of Education,*,*,*,11353
*,*,College of Education,*,*,*,850369.5,,AR,*,College of Education,*,*,*,1858
*,*,College of Education,*,*,*,850369.5,,AZ,*,College of Education,*,*,*,34511
*,*,College of Education,*,*,*,850369.5,,CA,*,College of Education,*,*,*,99148
*,*,College of Education,*,*,*,850369.5,,CO,*,College of Education,*,*,*,204939.5
*,*,College of Education,*,*,*,850369.5,,CT,*,College of Education,*,*,*,17391
*,*,College of Education,*,*,*,850369.5,,GA,*,College of Education,*,*,*,2015
*,*,College of Education,*,*,*,850369.5,,IL,*,College of Education,*,*,*,56846
*,*,College of Education,*,*,*,850369.5,,IN,*,College of Education,*,*,*,6243
*,*,College of Education,*,*,*,850369.5,,KS,*,College of Education,*,*,*,35239
*,*,College of Education,*,*,*,850369.5,,LA,*,College of Education,*,*,*,21860
*,*,College of Education,*,*,*,850369.5,,MI,*,College of Education,*,*,*,58178
*,*,College of Education,*,*,*,850369.5,,MO,*,College of Education,*,*,*,54576
*,*,College of Education,*,*,*,850369.5,,NC,*,College of Education,*,*,*,24451
*,*,College of Education,*,*,*,850369.5,,NM,*,College of Education,*,*,*,31916
*,*,College of Education,*,*,*,850369.5,,NV,*,College of Education,*,*,*,434
*,*,College of Education,*,*,*,850369.5,,NY,*,College of Education,*,*,*,48663
*,*,College of Education,*,*,*,850369.5,,OH,*,College of Education,*,*,*,12661
*,*,College of Education,*,*,*,850369.5,,OK,*,College of Education,*,*,*,8983
*,*,College of Education,*,*,*,850369.5,,OR,*,College of Education,*,*,*,3254
*,*,College of Education,*,*,*,850369.5,,PA,*,College of Education,*,*,*,13320
*,*,College of Education,*,*,*,850369.5,,RI,*,College of Education,*,*,*,14912
*,*,College of Education,*,*,*,850369.5,,TN,*,College of Education,*,*,*,29713
*,*,College of Education,*,*,*,850369.5,,TX,*,College of Education,*,*,*,28176
*,*,College of Education,*,*,*,850369.5,,UT,*,College of Education,*,*,*,11223
*,*,College of Education,*,*,*,850369.5,,VA,*,College of Education,*,*,*,13766
*,*,College of Education,*,*,*,850369.5,,WA,*,College of Education,*,*,*,4740
*,*,College of Engineering,*,*,*,1997955.0,,AL,*,College of Engineering,*,*,*,20092
*,*,College of Engineering,*,*,*,1997955.0,,AR,*,College of Engineering,*,*,*,4976
*,*,College of Engineering,*,*,*,1997955.0,,AZ,*,College of Engineering,*,*,*,88047
*,*,College of Engineering,*,*,*,1997955.0,,CA,*,College of Engineering,*,*,*,166024
*,*,College of Engineering,*,*,*,1997955.0,,CO,*,College of Engineering,*,*,*,152060.0
*,*,College of Engineering,*,*,*,1997955.0,,CT,*,College of Engineering,*,*,*,46595
*,*,College of Engineering,*,*,*,1997955.0,,DC,*,College of Engineering,*,*,*,28753
*,*,College of Engineering,*,*,*,1997955.0,,FL,*,College of Engineering,*,*,*,47053
*,*,College of Engineering,*,*,*,1997955.0,,GA,*,College of Engineering,*,*,*,24473
*,*,College of Engineering,*,*,*,1997955.0,,IA,*,College of Engineering,*,*,*,17980
*,*,College of Engineering,*,*,*,1997955.0,,IL,*,College of Engineering,*,*,*,564895
*,*,College of Engineering,*,*,*,1997955.0,,IN,*,College of Engineering,*,*,*,85241
*,*,College of Engineering,*,*,*,1997955.0,,KS,*,College of Engineering,*,*,*,4618
*,*,College of Engineering,*,*,*,1997955.0,,KY,*,College of Engineering,*,*,*,936
*,*,College of Engineering,*,*,*,1997955.0,,LA,*,College of Engineering,*,*,*,14719
*,*,College of Engineering,*,*,*,1997955.0,,MA,*,College of Engineering,*,*,*,26792
*,*,College of Engineering,*,*,*,1997955.0,,MI,*,College of Engineering,*,*,*,26841
*,*,College of Engineering,*,*,*,1997955.0,,MN,*,College of Engineering,*,*,*,9394
*,*,College of Engineering,*,*,*,1997955.0,,MO,*,College of Engineering,*,*,*,69339
*,*,College of Engineering,*,*,*,1997955.0,,NC,*,College of Engineering,*,*,*,39385
*,*,College of Engineering,*,*,*,1997955.0,,NE,*,College of Engineering,*,*,*,48322
*,*,College of Engineering,*,*,*,1997955.0,,NH,*,College of Engineering,*,*,*,6508
*,*,College of Engineering,*,*,*,1997955.0,,NM,*,College of Engineering,*,*,*,8951
*,*,College of Engineering,*,*,*,1997955.0,,NV,*,College of Engineering,*,*,*,79818
*,*,College of Engineering,*,*,*,1997955.0,,NY,*,College of Engineering,*,*,*,19943
*,*,College of Engineering,*,*,*,1997955.0,,OH,*,College of Engineering,*,*,*,9389
*,*,College of Engineering,*,*,*,1997955.0,,OK,*,College of Engineering,*,*,*,5885
*,*,College of Engineering,*,*,*,1997955.0,,OR,*,College of Engineering,*,*,*,3978
*,*,College of Engineering,*,*,*,1997955.0,,PA,*,College of Engineering,*,*,*,20753
*,*,College of Engineering,*,*,*,1997955.0,,SC,*,College of Engineering,*,*,*,16070
*,*,College of Engineering,*,*,*,1997955.0,,TN,*,College of Engineering,*,*,*,36388
*,*,College of Engineering,*,*,*,1997955.0,,TX,*,College of Engineering,*,*,*,130125
*,*,College of Engineering,*,*,*,1997955.0,,UT,*,College of Engineering,*,*,*,55857
*,*,College of Engineering,*,*,*,1997955.0,,VA,*,College of Engineering,*,*,*,57990
*,*,College of Engineering,*,*,*,1997955.0,,WA,*,College of Engineering,*,*,*,51890
*,*,College of Engineering,*,*,*,1997955.0,,WI,*,College of Engineering,*,*,*,7875
*,*,College of Music,*,*,*,1066590.5,,AZ,*,College of Music,*,*,*,50908
*,*,College of Music,*,*,*,1066590.5,,CA,*,College of Music,*,*,*,160114
*,*,College of Music,*,*,*,1066590.5,,CO,*,College of Music,*,*,*,189535.5
*,*,College of Music,*,*,*,1066590.5,,DC,*,College of Music,*,*,*,2233
*,*,College of Music,*,*,*,1066590.5,,FL,*,College of Music,*,*,*,28102
*,*,College of Music,*,*,*,1066590.5,,IA,*,College of Music,*,*,*,9831
*,*,College of Music,*,*,*,1066590.5,,IL,*,College of Music,*,*,*,83878
*,*,College of Music,*,*,*,1066590.5,,KS,*,College of Music,*,*,*,38824
*,*,College of Music,*,*,*,1066590.5,,KY,*,College of Music,*,*,*,21760
*,*,College of Music,*,*,*,1066590.5,,LA,*,College of Music,*,*,*,24817
*,*,College of Music,*,*,*,1066590.5,,MA,*,College of Music,*,*,*,45710
*,*,College of Music,*,*,*,1066590.5,,MI,*,College of Music,*,*,*,24710
*,*,College of Music,*,*,*,1066590.5,,MO,*,College of Music,*,*,*,3045
*,*,College of Music,*,*,*,1066590.5,,NC,*,College of Music,*,*,*,56188
*,*,College of Music,*,*,*,1066590.5,,NE,*,College of Music,*,*,*,16472
*,*,College of Music,*,*,*,1066590.5,,NH,*,College of Music,*,*,*,12461
*,*,College of Music,*,*,*,1066590.5,,NM,*,College of Music,*,*,*,6598
*,*,College of Music,*,*,*,1066590.5,,NV,*,College of Music,*,*,*,35733
*,*,College of Music,*,*,*,1066590.5,,NY,*,College of Music,*,*,*,23257
*,*,College of Music,*,*,*,1066590.5,,OH,*,College of Music,*,*,*,53012
*,*,College of Music,*,*,*,1066590.5,,OK,*,College of Music,*,*,*,13339
*,*,College of Music,*,*,*,1066590.5,,OR,*,College of Music,*,*,*,24091
*,*,College of Music,*,*,*,1066590.5,,RI,*,College of Music,*,*,*,11813
*,*,College of Music,*,*,*,1066590.5,,SC,*,College of Music,*,*,*,14955
*,*,College of Music,*,*,*,1066590.5,,TN,*,College of Music,*,*,*,5554
*,*,College of Music,*,*,*,1066590.5,,TX,*,College of Music,*,*,*,45666
*,*,College of Music,*,*,*,1066590.5,,UT,*,College of Music,*,*,*,18939
*,*,College of Music,*,*,*,1066590.5,,VA,*,College of Music,*,*,*,21639
*,*,College of Music,*,*,*,1066590.5,,WA,*,College of Music,*,*,*,13972
*,*,College of Music,*,*,*,1066590.5,,WI,*,College of Music,*,*,*,9434
*,*,College of Natural Science,*,*,*,5136971.5,,AL,*,College of Natural Science,*,*,*,62819
*,*,College of Natural Science,*,*,*,5136971.5,,AR,*,College of Natural Science,*,*,*,61965
*,*,College of Natural Science,*,*,*,5136971.5,,AZ,*,College of Natural Science,*,*,*,174488
*,*,College of Natural Science,*,*,*,5136971.5,,CA,*,College of Natural Science,*,*,*,513893
*,*,College of Natural Science,*,*,*,5136971.5,,CO,*,College of Natural Science,*,*,*,521933.5
*,*,College of Natural Science,*,*,*,5136971.5,,CT,*,College of Natural Science,*,*,*,77628
*,*,College of Natural Science,*,*,*,5136971.5,,DC,*,College of Natural Science,*,*,*,26453
*,*,College of Natural Science,*,*,*,5136971.5,,FL,*,College of Natural Science,*,*,*,244101
*,*,College of Natural Science,*,*,*,5136971.5,,GA,*,College of Natural Science,*,*,*,202197
*,*,College of Natural Science,*,*,*,5136971.5,,IA,*,College of Natural Science,*,*,*,38166
*,*,College of Natural Science,*,*,*,5136971.5,,IL,*,College of Natural Science,*,*,*,116784
*,*,College of Natural Science,*,*,*,5136971.5,,IN,*,College of Natural Science,*,*,*,147029
*,*,College of Natural Science,*,*,*,5136971.5,,KS,*,College of Natural Science,*,*,*,150985
*,*,College of Natural Science,*,*,*,5136971.5,,KY,*,College of Natural Science,*,*,*,38804
*,*,College of Natural Science,*,*,*,5136971.5,,LA,*,College of Natural Science,*,*,*,26846
*,*,College of Natural Science,*,*,*,5136971.5,,MA,*,College of Natural Science,*,*,*,15170
*,*,College of Natural Science,*,*,*,5136971.5,,MI,*,College of Natural Science,*,*,*,113326
*,*,College of Natural Science,*,*,*,5136971.5,,MN,*,College of Natural Science,*,*,*,8949
*,*,College of Natural Science,*,*,*,5136971.5,,MO,*,College of Natural Science,*,*,*,349865
*,*,College of Natural Science,*,*,*,5136971.5,,MT,*,College of Natural Science,*,*,*,12076
*,*,College of Natural Science,*,*,*,5136971.5,,NC,*,College of Natural Science,*,*,*,222518
*,*,College of Natural Science,*,*,*,5136971.5,,NE,*,College of Natural Science,*,*,*,59239
*,*,College of Natural Science,*,*,*,5136971.5,,NH,*,College of Natural Science,*,*,*,8877
*,*,College of Natural Science,*,*,*,5136971.5,,NJ,*,College of Natural Science,*,*,*,45513
*,*,College of Natural Science,*,*,*,5136971.5,,NM,*,College of Natural Science,*,*,*,9189
*,*,College of Natural Science,*,*,*,5136971.5,,NV,*,College of Natural Science,*,*,*,114381
*,*,College of Natural Science,*,*,*,5136971.5,,NY,*,College of Natural Science,*,*,*,216968
*,*,College of Natural Science,*,*,*,5136971.5,,OH,*,College of Natural Science,*,*,*,157110
*,*,College of Natural Science,*,*,*,5136971.5,,OK,*,College of Natural Science,*,*,*,59764
*,*,College of Natural Science,*,*,*,5136971.5,,OR,*,College of Natural Science,*,*,*,79331
*,*,College of Natural Science,*,*,*,5136971.5,,PA,*,College of Natural Science,*,*,*,42508
*,*,College of Natural Science,*,*,*,5136971.5,,RI,*,College of Natural Science,*,*,*,25899
*,*,College of Natural Science,*,*,*,5136971.5,,SC,*,College of Natural Science,*,*,*,25155
*,*,College of Natural Science,*,*,*,5136971.5,,TN,*,College of Natural Science,*,*,*,155665
*,*,College of Natural Science,*,*,*,5136971.5,,TX,*,College of Natural Science,*,*,*,568526
*,*,College of Natural Science,*,*,*,5136971.5,,UT,*,College of Natural Science,*,*,*,95809
*,*,College of Natural Science,*,*,*,5136971.5,,VA,*,College of Natural Science,*,*,*,170490
*,*,College of Natural Science,*,*,*,5136971.5,,WA,*,College of Natural Science,*,*,*,134368
*,*,College of Natural Science,*,*,*,5136971.5,,WI,*,College of Natural Science,*,*,*,42184
*,*,College of Nursing,*,*,*,617842.0,,AL,*,College of Nursing,*,*,*,9833
*,*,College of Nursing,*,*,*,617842.0,,AR,*,College of Nursing,*,*,*,21001
*,*,College of Nursing,*,*,*,617842.0,,AZ,*,College of Nursing,*,*,*,98470
*,*,College of Nursing,*,*,*,617842.0,,CA,*,College of Nursing,*,*,*,111532
*,*,College of Nursing,*,*,*,617842.0,,CO,*,College of Nursing,*,*,*,96675.0
*,*,College of Nursing,*,*,*,617842.0,,CT,*,College of Nursing,*,*,*,14943
*,*,College of Nursing,*,*,*,617842.0,,DC,*,College of Nursing,*,*,*,28927
*,*,College of Nursing,*,*,*,617842.0,,FL,*,College of Nursing,*,*,*,8955
*,*,College of Nursing,*,*,*,617842.0,,GA,*,College of Nursing,*,*,*,11021
*,*,College of Nursing,*,*,*,617842.0,,IA,*,College of Nursing,*,*,*,7509
*,*,College of Nursing,*,*,*,617842.0,,IL,*,College of Nursing,*,*,*,24857
*,*,College of Nursing,*,*,*,617842.0,,KS,*,College of Nursing,*,*,*,11259
*,*,College of Nursing,*,*,*,617842.0,,MI,*,College of Nursing,*,*,*,76668
*,*,College of Nursing,*,*,*,617842.0,,MO,*,College of Nursing,*,*,*,4059
*,*,College of Nursing,*,*,*,617842.0,,NC,*,College of Nursing,*,*,*,6894
*,*,College of Nursing,*,*,*,617842.0,,NY,*,College of Nursing,*,*,*,10271
*,*,College of Nursing,*,*,*,617842.0,,OH,*,College of Nursing,*,*,*,21405
*,*,College of Nursing,*,*,*,617842.0,,SC,*,College of Nursing,*,*,*,17042
*,*,College of Nursing,*,*,*,617842.0,,TN,*,College of Nursing,*,*,*,8554
*,*,College of Nursing,*,*,*,617842.0,,TX,*,College of Nursing,*,*,*,13898
*,*,College of Nursing,*,*,*,617842.0,,UT,*,College of Nursing,*,*,*,3870
*,*,College of Nursing,*,*,*,617842.0,,VA,*,College of Nursing,*,*,*,10199
*,*,College of Political Science,*,*,*,934760.5,,AL,*,College of Political Science,*,*,*,10675
*,*,College of Political Science,*,*,*,934760.5,,AR,*,College of Political Science,*,*,*,4828
*,*,College of Political Science,*,*,*,934760.5,,AZ,*,College of Political Science,*,*,*,35610
*,*,College of Political Science,*,*,*,934760.5,,CA,*,College of Political Science,*,*,*,67504
*,*,College of Political Science,*,*,*,934760.5,,CO,*,College of Political Science,*,*,*,48563.5
*,*,College of Political Science,*,*,*,934760.5,,CT,*,College of Political Science,*,*,*,31169
*,*,College of Political Science,*,*,*,934760.5,,FL,*,College of Political Science,*,*,*,61506
*,*,College of Political Science,*,*,*,934760.5,,GA,*,College of Political Science,*,*,*,19314
*,*,College of Political Science,*,*,*,934760.5,,IL,*,College of Political Science,*,*,*,11375
*,*,College of Political Science,*,*,*,934760.5,,IN,*,College of Political Science,*,*,*,25049
*,*,College of Political Science,*,*,*,934760.5,,KS,*,College of Political Science,*,*,*,51706
*,*,College of Political Science,*,*,*,934760.5,,KY,*,College of Political Science,*,*,*,888
*,*,College of Political Science,*,*,*,934760.5,,LA,*,College of Political Science,*,*,*,13397
*,*,College of Political Science,*,*,*,934760.5,,MA,*,College of Political Science,*,*,*,12363
*,*,College of Political Science,*,*,*,934760.5,,MI,*,College of Political Science,*,*,*,101374
*,*,College of Political Science,*,*,*,934760.5,,MN,*,College of Political Science,*,*,*,6838
*,*,College of Political Science,*,*,*,934760.5,,MO,*,College of Political Science,*,*,*,7582
*,*,College of Political Science,*,*,*,934760.5,,MT,*,College of Political Science,*,*,*,9126
*,*,College of Political Science,*,*,*,934760.5,,NC,*,College of Political Science,*,*,*,32798
*,*,College of Political Science,*,*,*,934760.5,,NJ,*,College of Political Science,*,*,*,6993
*,*,College of Political Science,*,*,*,934760.5,,NV,*,College of Political Science,*,*,*,8720
*,*,College of Political Science,*,*,*,934760.5,,NY,*,College of Political Science,*,*,*,108100
*,*,College of Political Science,*,*,*,934760.5,,OH,*,College of Political Science,*,*,*,11684
*,*,College of Political Science,*,*,*,934760.5,,OK,*,College of Political Science,*,*,*,8717
*,*,College of Political Science,*,*,*,934760.5,,OR,*,College of Political Science,*,*,*,14669
*,*,College of Political Science,*,*,*,934760.5,,TN,*,College of Political Science,*,*,*,41368
*,*,College of Political Science,*,*,*,934760.5,,TX,*,College of Political Science,*,*,*,74057
*,*,College of Political Science,*,*,*,934760.5,,UT,*,College of Political Science,*,*,*,27065
*,*,College of Political Science,*,*,*,934760.5,,VA,*,College of Political Science,*,*,*,48548
*,*,College of Political Science,*,*,*,934760.5,,WA,*,College of Political Science,*,*,*,4089
*,*,College of Political Science,*,*,*,934760.5,,WI,*,College of Political Science,*,*,*,29085
*,*,College of Social Science,*,*,*,3694436.5,,AL,*,College of Social Science,*,*,*,55375
*,*,College of Social Science,*,*,*,3694436.5,,AR,*,College of Social Science,*,*,*,24825
*,*,College of Social Science,*,*,*,3694436.5,,AZ,*,College of Social Science,*,*,*,112119
*,*,College of Social Science,*,*,*,3694436.5,,CA,*,College of Social Science,*,*,*,494442
*,*,College of Social Science,*,*,*,3694436.5,,CO,*,College of Social Science,*,*,*,567407.5
*,*,College of Social Science,*,*,*,3694436.5,,CT,*,College of Social Science,*,*,*,60742
*,*,College of Social Science,*,*,*,3694436.5,,DC,*,College of Social Science,*,*,*,111970
*,*,College of Social Science,*,*,*,3694436.5,,FL,*,College of Social Science,*,*,*,172306
*,*,College of Social Science,*,*,*,3694436.5,,GA,*,College of Social Science,*,*,*,35008
*,*,College of Social Science,*,*,*,3694436.5,,IA,*,College of Social Science,*,*,*,37724
*,*,College of Social Science,*,*,*,3694436.5,,IL,*,College of Social Science,*,*,*,117481
*,*,College of Social Science,*,*,*,3694436.5,,IN,*,College of Social Science,*,*,*,71040
*,*,College of Social Science,*,*,*,3694436.5,,KS,*,College of Social Science,*,*,*,82711
*,*,College of Social Science,*,*,*,3694436.5,,KY,*,College of Social Science,*,*,*,29318
*,*,College of Social Science,*,*,*,3694436.5,,LA,*,College of Social Science,*,*,*,42199
*,*,College of Social Science,*,*,*,3694436.5,,MA,*,College of Social Science,*,*,*,56996
*,*,College of Social Science,*,*,*,3694436.5,,MI,*,College of Social Science,*,*,*,70504
*,*,College of Social Science,*,*,*,3694436.5,,MN,*,College of Social Science,*,*,*,21496
*,*,College of Social Science,*,*,*,3694436.5,,MO,*,College of Social Science,*,*,*,65517
*,*,College of Social Science,*,*,*,3694436.5,,NC,*,College of Social Science,*,*,*,103042
*,*,College of Social Science,*,*,*,3694436.5,,NE,*,College of Social Science,*,*,*,65805
*,*,College of Social Science,*,*,*,3694436.5,,NH,*,College of Social Science,*,*,*,30637
*,*,College of Social Science,*,*,*,3694436.5,,NJ,*,College of Social Science,*,*,*,4383
*,*,College of Social Science,*,*,*,3694436.5,,NM,*,College of Social Science,*,*,*,52328
*,*,College of Social Science,*,*,*,3694436.5,,NV,*,College of Social Science,*,*,*,54898
*,*,College of Social Science,*,*,*,3694436.5,,NY,*,College of Social Science,*,*,*,117352
*,*,College of Social Science,*,*,*,3694436.5,,OH,*,College of Social Science,*,*,*,189239
*,*,College of Social Science,*,*,*,3694436.5,,OK,*,College of Social Science,*,*,*,61569
*,*,College of Social Science,*,*,*,3694436.5,,OR,*,College of Social Science,*,*,*,40029
*,*,College of Social Science,*,*,*,3694436.5,,PA,*,College of Social Science,*,*,*,107737
*,*,College of Social Science,*,*,*,3694436.5,,RI,*,College of Social Science,*,*,*,31465
*,*,College of Social Science,*,*,*,3694436.5,,SC,*,College of Social Science,*,*,*,92929
*,*,College of Social Science,*,*,*,3694436.5,,TN,*,College of Social Science,*,*,*,61089
*,*,College of Social Science,*,*,*,3694436.5,,TX,*,College of Social Science,*,*,*,248546
*,*,College of Social Science,*,*,*,3694436.5,,UT,*,College of Social Science,*,*,*,36710
*,*,College of Social Science,*,*,*,3694436.5,,VA,*,College of Social Science,*,*,*,34259
*,*,College of Social Science,*,*,*,3694436.5,,WA,*,College of Social Science,*,*,*,106194
*,*,College of Social Science,*,*,*,3694436.5,,WI,*,College of Social Science,*,*,*,27045
*,*,College of Veterinary Medicine,*,*,*,242598.0,,AL,*,College of Veterinary Medicine,*,*,*,77
*,*,College of Veterinary Medicine,*,*,*,242598.0,,AZ,*,College of Veterinary Medicine,*,*,*,9077
*,*,College of Veterinary Medicine,*,*,*,242598.0,,CA,*,College of Veterinary Medicine,*,*,*,12215
*,*,College of Veterinary Medicine,*,*,*,242598.0,,CO,*,College of Veterinary Medicine,*,*,*,21339.0
*,*,College of Veterinary Medicine,*,*,*,242598.0,,GA,*,College of Veterinary Medicine,*,*,*,14794
*,*,College of Veterinary Medicine,*,*,*,242598.0,,IA,*,College of Veterinary Medicine,*,*,*,8860
*,*,College of Veterinary Medicine,*,*,*,242598.0,,IL,*,College of Veterinary Medicine,*,*,*,8960
*,*,College of Veterinary Medicine,*,*,*,242598.0,,KS,*,College of Veterinary Medicine,*,*,*,3696
*,*,College of Veterinary Medicine,*,*,*,242598.0,,MI,*,College of Veterinary Medicine,*,*,*,1939
*,*,College of Veterinary Medicine,*,*,*,242598.0,,NY,*,College of Veterinary Medicine,*,*,*,1994
*,*,College of Veterinary Medicine,*,*,*,242598.0,,OH,*,College of Veterinary Medicine,*,*,*,65154
*,*,College of Veterinary Medicine,*,*,*,242598.0,,PA,*,College of Veterinary Medicine,*,*,*,11284
*,*,College of Veterinary Medicine,*,*,*,242598.0,,TN,*,College of Veterinary Medicine,*,*,*,5803
*,*,College of Veterinary Medicine,*,*,*,242598.0,,TX,*,College of Veterinary Medicine,*,*,*,72664
*,*,College of Veterinary Medicine,*,*,*,242598.0,,VA,*,College of Veterinary Medicine,*,*,*,4742
