*,Albuquerque,*,*,*,*,169283,,*,Albuquerque,College of Arts and Sciences,*,*,*,29493
*,Albuquerque,*,*,*,*,169283,,*,Albuquerque,College of Communication Arts and Sciences,*,*,*,30808
*,Albuquerque,*,*,*,*,169283,,*,Albuquerque,College of Education,*,*,*,31916
*,Albuquerque,*,*,*,*,169283,,*,Albuquerque,College of Engineering,*,*,*,8951
*,Albuquerque,*,*,*,*,169283,,*,Albuquerque,College of Music,*,*,*,6598
*,Albuquerque,*,*,*,*,169283,,*,Albuquerque,College of Natural Science,*,*,*,9189
*,Albuquerque,*,*,*,*,169283,,*,Albuquerque,College of Social Science,*,*,*,52328
*,Alexandria,*,*,*,*,233333,,*,Alexandria,College of Agriculture and Natural Resources,*,*,*,17928
*,Alexandria,*,*,*,*,233333,,*,Alexandria,College of Communication Arts and Sciences,*,*,*,4804
*,Alexandria,*,*,*,*,233333,,*,Alexandria,College of Education,*,*,*,6706
*,Alexandria,*,*,*,*,233333,,*,Alexandria,College of Engineering,*,*,*,21242
*,Alexandria,*,*,*,*,233333,,*,Alexandria,College of Natural Science,*,*,*,61339
*,Alexandria,*,*,*,*,233333,,*,Alexandria,College of Nursing,*,*,*,10199
*,Alexandria,*,*,*,*,233333,,*,Alexandria,College of Political Science,*,*,*,25338
*,Alexandria,*,*,*,*,233333,,*,Alexandria,College of Social Science,*,*,*,6230
*,Amarillo,*,*,*,*,122290,,*,Amarillo,College of Agriculture and Natural Resources,*,*,*,17430
*,Amarillo,*,*,*,*,122290,,*,Amarillo,College of Business,*,*,*,2065
*,Amarillo,*,*,*,*,122290,,*,Amarillo,College of Communication Arts and Sciences,*,*,*,7532
*,Amarillo,*,*,*,*,122290,,*,Amarillo,College of Music,*,*,*,8078
*,Amarillo,*,*,*,*,122290,,*,Amarillo,College of Natural Science,*,*,*,4784
*,Amarillo,*,*,*,*,122290,,*,Amarillo,College of Nursing,*,*,*,13898
*,Amarillo,*,*,*,*,122290,,*,Amarillo,College of Social Science,*,*,*,7242
*,Anaheim,*,*,*,*,102283,,*,Anaheim,College of Agriculture and Natural Resources,*,*,*,6156
*,Anaheim,*,*,*,*,102283,,*,Anaheim,College of Arts and Sciences,*,*,*,32226
*,Anaheim,*,*,*,*,102283,,*,Anaheim,College of Business,*,*,*,18005
*,Anaheim,*,*,*,*,102283,,*,Anaheim,College of Music,*,*,*,8433
*,Atlanta,*,*,*,*,264317,,*,Atlanta,College of Agriculture and Natural Resources,*,*,*,24585
*,Atlanta,*,*,*,*,264317,,*,Atlanta,College of Arts and Sciences,*,*,*,41428
*,Atlanta,*,*,*,*,264317,,*,Atlanta,College of Business,*,*,*,21687
*,Atlanta,*,*,*,*,264317,,*,Atlanta,College of Education,*,*,*,2015
*,Atlanta,*,*,*,*,264317,,*,Atlanta,College of Engineering,*,*,*,14938
*,Atlanta,*,*,*,*,264317,,*,Atlanta,College of Nursing,*,*,*,11021
*,Atlanta,*,*,*,*,264317,,*,Atlanta,College of Political Science,*,*,*,15512
*,Atlanta,*,*,*,*,264317,,*,Atlanta,College of Social Science,*,*,*,17513
*,Austin,*,*,*,*,336339,,*,Austin,College of Agriculture and Natural Resources,*,*,*,78706
*,Austin,*,*,*,*,336339,,*,Austin,College of Arts and Sciences,*,*,*,37577
*,Austin,*,*,*,*,336339,,*,Austin,College of Business,*,*,*,13277
*,Austin,*,*,*,*,336339,,*,Austin,College of Engineering,*,*,*,15190
*,Austin,*,*,*,*,336339,,*,Austin,College of Music,*,*,*,22665
*,Austin,*,*,*,*,336339,,*,Austin,College of Social Science,*,*,*,39590
*,Baton Rouge,*,*,*,*,166663,,*,Baton Rouge,College of Agriculture and Natural Resources,*,*,*,28424
*,Baton Rouge,*,*,*,*,166663,,*,Baton Rouge,College of Arts and Sciences,*,*,*,14832
*,Baton Rouge,*,*,*,*,166663,,*,Baton Rouge,College of Business,*,*,*,47628
*,Baton Rouge,*,*,*,*,166663,,*,Baton Rouge,College of Education,*,*,*,21860
*,Baton Rouge,*,*,*,*,166663,,*,Baton Rouge,College of Music,*,*,*,14331
*,Baton Rouge,*,*,*,*,166663,,*,Baton Rouge,College of Natural Science,*,*,*,16837
*,Baton Rouge,*,*,*,*,166663,,*,Baton Rouge,College of Political Science,*,*,*,13397
*,Baton Rouge,*,*,*,*,166663,,*,Baton Rouge,College of Social Science,*,*,*,9354
*,Birmingham,*,*,*,*,218110,,*,Birmingham,College of Communication Arts and Sciences,*,*,*,12006
*,Birmingham,*,*,*,*,218110,,*,Birmingham,College of Natural Science,*,*,*,31577
*,Birmingham,*,*,*,*,218110,,*,Birmingham,College of Nursing,*,*,*,9833
*,Birmingham,*,*,*,*,218110,,*,Birmingham,College of Political Science,*,*,*,10675
*,Birmingham,*,*,*,*,218110,,*,Birmingham,College of Social Science,*,*,*,36056
*,Boston,*,*,*,*,416307,,*,Boston,College of Agriculture and Natural Resources,*,*,*,130137
*,Boston,*,*,*,*,416307,,*,Boston,College of Arts and Sciences,*,*,*,73955
*,Boston,*,*,*,*,416307,,*,Boston,College of Business,*,*,*,46625
*,Boston,*,*,*,*,416307,,*,Boston,College of Communication Arts and Sciences,*,*,*,8559
*,Boston,*,*,*,*,416307,,*,Boston,College of Engineering,*,*,*,26792
*,Boston,*,*,*,*,416307,,*,Boston,College of Music,*,*,*,45710
*,Boston,*,*,*,*,416307,,*,Boston,College of Natural Science,*,*,*,15170
*,Boston,*,*,*,*,416307,,*,Boston,College of Political Science,*,*,*,12363
*,Boston,*,*,*,*,416307,,*,Boston,College of Social Science,*,*,*,56996
*,Casper,*,*,*,*,46537,,*,Casper,College of Business,*,*,*,9538
*,Cedar Rapids,*,*,*,*,137018,,*,Cedar Rapids,College of Agriculture and Natural Resources,*,*,*,4539
*,Cedar Rapids,*,*,*,*,137018,,*,Cedar Rapids,College of Arts and Sciences,*,*,*,42109
*,Cedar Rapids,*,*,*,*,137018,,*,Cedar Rapids,College of Engineering,*,*,*,4693
*,Cedar Rapids,*,*,*,*,137018,,*,Cedar Rapids,College of Music,*,*,*,9831
*,Cedar Rapids,*,*,*,*,137018,,*,Cedar Rapids,College of Natural Science,*,*,*,38166
*,Cedar Rapids,*,*,*,*,137018,,*,Cedar Rapids,College of Social Science,*,*,*,28820
*,Cedar Rapids,*,*,*,*,137018,,*,Cedar Rapids,College of Veterinary Medicine,*,*,*,8860
*,Charleston,*,*,*,*,131394,,*,Charleston,College of Agriculture and Natural Resources,*,*,*,21520
*,Charleston,*,*,*,*,131394,,*,Charleston,College of Arts and Sciences,*,*,*,6657
*,Charleston,*,*,*,*,131394,,*,Charleston,College of Communication Arts and Sciences,*,*,*,998
*,Charleston,*,*,*,*,131394,,*,Charleston,College of Engineering,*,*,*,16070
*,Charleston,*,*,*,*,131394,,*,Charleston,College of Music,*,*,*,14955
*,Charleston,*,*,*,*,131394,,*,Charleston,College of Natural Science,*,*,*,17865
*,Charleston,*,*,*,*,131394,,*,Charleston,College of Nursing,*,*,*,8740
*,Charlotte,*,*,*,*,188443,,*,Charlotte,College of Agriculture and Natural Resources,*,*,*,7737
*,Charlotte,*,*,*,*,188443,,*,Charlotte,College of Arts and Sciences,*,*,*,14378
*,Charlotte,*,*,*,*,188443,,*,Charlotte,College of Business,*,*,*,12501
*,Charlotte,*,*,*,*,188443,,*,Charlotte,College of Education,*,*,*,24285
*,Charlotte,*,*,*,*,188443,,*,Charlotte,College of Engineering,*,*,*,12135
*,Charlotte,*,*,*,*,188443,,*,Charlotte,College of Music,*,*,*,17753
*,Charlotte,*,*,*,*,188443,,*,Charlotte,College of Natural Science,*,*,*,43483
*,Charlotte,*,*,*,*,188443,,*,Charlotte,College of Political Science,*,*,*,22693
*,Charlotte,*,*,*,*,188443,,*,Charlotte,College of Social Science,*,*,*,33478
*,Chicago,*,*,*,*,1218280,,*,Chicago,College of Agriculture and Natural Resources,*,*,*,94827
*,Chicago,*,*,*,*,1218280,,*,Chicago,College of Arts and Sciences,*,*,*,135223
*,Chicago,*,*,*,*,1218280,,*,Chicago,College of Business,*,*,*,60324
*,Chicago,*,*,*,*,1218280,,*,Chicago,College of Communication Arts and Sciences,*,*,*,13566
*,Chicago,*,*,*,*,1218280,,*,Chicago,College of Education,*,*,*,56846
*,Chicago,*,*,*,*,1218280,,*,Chicago,College of Music,*,*,*,83878
*,Chicago,*,*,*,*,1218280,,*,Chicago,College of Natural Science,*,*,*,80262
*,Chicago,*,*,*,*,1218280,,*,Chicago,College of Nursing,*,*,*,24857
*,Chicago,*,*,*,*,1218280,,*,Chicago,College of Political Science,*,*,*,11375
*,Chicago,*,*,*,*,1218280,,*,Chicago,College of Social Science,*,*,*,112877
*,Chicago,*,*,*,*,1218280,,*,Chicago,College of Veterinary Medicine,*,*,*,8960
*,Cincinnati,*,*,*,*,752660,,*,Cincinnati,College of Agriculture and Natural Resources,*,*,*,60316
*,Cincinnati,*,*,*,*,752660,,*,Cincinnati,College of Arts and Sciences,*,*,*,179514
*,Cincinnati,*,*,*,*,752660,,*,Cincinnati,College of Business,*,*,*,33812
*,Cincinnati,*,*,*,*,752660,,*,Cincinnati,College of Communication Arts and Sciences,*,*,*,38786
*,Cincinnati,*,*,*,*,752660,,*,Cincinnati,College of Education,*,*,*,12661
*,Cincinnati,*,*,*,*,752660,,*,Cincinnati,College of Engineering,*,*,*,9389
*,Cincinnati,*,*,*,*,752660,,*,Cincinnati,College of Music,*,*,*,48825
*,Cincinnati,*,*,*,*,752660,,*,Cincinnati,College of Natural Science,*,*,*,112528
*,Cincinnati,*,*,*,*,752660,,*,Cincinnati,College of Nursing,*,*,*,21405
*,Cincinnati,*,*,*,*,752660,,*,Cincinnati,College of Political Science,*,*,*,4327
*,Cincinnati,*,*,*,*,752660,,*,Cincinnati,College of Social Science,*,*,*,171815
*,Cincinnati,*,*,*,*,752660,,*,Cincinnati,College of Veterinary Medicine,*,*,*,59282
*,Cleveland,*,*,*,*,130180,,*,Cleveland,College of Arts and Sciences,*,*,*,37227
*,Cleveland,*,*,*,*,130180,,*,Cleveland,College of Business,*,*,*,7147
*,Cleveland,*,*,*,*,130180,,*,Cleveland,College of Communication Arts and Sciences,*,*,*,6384
*,Cleveland,*,*,*,*,130180,,*,Cleveland,College of Music,*,*,*,4187
*,Cleveland,*,*,*,*,130180,,*,Cleveland,College of Political Science,*,*,*,7357
*,Cleveland,*,*,*,*,130180,,*,Cleveland,College of Social Science,*,*,*,17424
*,Cleveland,*,*,*,*,130180,,*,Cleveland,College of Veterinary Medicine,*,*,*,5872
*,Colorado Springs,*,*,*,*,327420,,*,Colorado Springs,College of Agriculture and Natural Resources,*,*,*,55088
*,Colorado Springs,*,*,*,*,327420,,*,Colorado Springs,College of Arts and Sciences,*,*,*,62800
*,Colorado Springs,*,*,*,*,327420,,*,Colorado Springs,College of Business,*,*,*,7730
*,Colorado Springs,*,*,*,*,327420,,*,Colorado Springs,College of Education,*,*,*,9818
*,Colorado Springs,*,*,*,*,327420,,*,Colorado Springs,College of Engineering,*,*,*,22289
*,Colorado Springs,*,*,*,*,327420,,*,Colorado Springs,College of Natural Science,*,*,*,100189
*,Colorado Springs,*,*,*,*,327420,,*,Colorado Springs,College of Nursing,*,*,*,7050
*,Colorado Springs,*,*,*,*,327420,,*,Colorado Springs,College of Political Science,*,*,*,17884
*,Colorado Springs,*,*,*,*,327420,,*,Colorado Springs,College of Social Science,*,*,*,44572
*,Columbia,*,*,*,*,144010,,*,Columbia,College of Agriculture and Natural Resources,*,*,*,21561
*,Columbia,*,*,*,*,144010,,*,Columbia,College of Communication Arts and Sciences,*,*,*,6672
*,Columbia,*,*,*,*,144010,,*,Columbia,College of Natural Science,*,*,*,7290
*,Columbia,*,*,*,*,144010,,*,Columbia,College of Nursing,*,*,*,8302
*,Dallas,*,*,*,*,631610,,*,Dallas,College of Agriculture and Natural Resources,*,*,*,55883
*,Dallas,*,*,*,*,631610,,*,Dallas,College of Arts and Sciences,*,*,*,93243
*,Dallas,*,*,*,*,631610,,*,Dallas,College of Business,*,*,*,38738
*,Dallas,*,*,*,*,631610,,*,Dallas,College of Communication Arts and Sciences,*,*,*,1717
*,Dallas,*,*,*,*,631610,,*,Dallas,College of Education,*,*,*,14912
*,Dallas,*,*,*,*,631610,,*,Dallas,College of Engineering,*,*,*,51063
*,Dallas,*,*,*,*,631610,,*,Dallas,College of Natural Science,*,*,*,182648
*,Dallas,*,*,*,*,631610,,*,Dallas,College of Political Science,*,*,*,58931
*,Dallas,*,*,*,*,631610,,*,Dallas,College of Social Science,*,*,*,103710
*,Dallas,*,*,*,*,631610,,*,Dallas,College of Veterinary Medicine,*,*,*,30765
*,Denver,*,*,*,*,2856495.0,,*,Denver,College of Agriculture and Natural Resources,*,*,*,476772.0
*,Denver,*,*,*,*,2856495.0,,*,Denver,College of Arts and Sciences,*,*,*,706561.5
*,Denver,*,*,*,*,2856495.0,,*,Denver,College of Business,*,*,*,41970.0
*,Denver,*,*,*,*,2856495.0,,*,Denver,College of Communication Arts and Sciences,*,*,*,30540.0
*,Denver,*,*,*,*,2856495.0,,*,Denver,College of Education,*,*,*,195121.5
*,Denver,*,*,*,*,2856495.0,,*,Denver,College of Engineering,*,*,*,129771.0
*,Denver,*,*,*,*,2856495.0,,*,Denver,College of Music,*,*,*,189535.5
*,Denver,*,*,*,*,2856495.0,,*,Denver,College of Natural Science,*,*,*,421744.5
*,Denver,*,*,*,*,2856495.0,,*,Denver,College of Nursing,*,*,*,89625.0
*,Denver,*,*,*,*,2856495.0,,*,Denver,College of Political Science,*,*,*,30679.5
*,Denver,*,*,*,*,2856495.0,,*,Denver,College of Social Science,*,*,*,522835.5
*,Denver,*,*,*,*,2856495.0,,*,Denver,College of Veterinary Medicine,*,*,*,21339.0
*,Des Moines,*,*,*,*,32874,,*,Des Moines,College of Agriculture and Natural Resources,*,*,*,3174
*,Des Moines,*,*,*,*,32874,,*,Des Moines,College of Nursing,*,*,*,7509
*,Des Moines,*,*,*,*,32874,,*,Des Moines,College of Social Science,*,*,*,8904
*,Detroit,*,*,*,*,455208,,*,Detroit,College of Agriculture and Natural Resources,*,*,*,114244
*,Detroit,*,*,*,*,455208,,*,Detroit,College of Arts and Sciences,*,*,*,56249
*,Detroit,*,*,*,*,455208,,*,Detroit,College of Business,*,*,*,18627
*,Detroit,*,*,*,*,455208,,*,Detroit,College of Communication Arts and Sciences,*,*,*,6896
*,Detroit,*,*,*,*,455208,,*,Detroit,College of Education,*,*,*,28639
*,Detroit,*,*,*,*,455208,,*,Detroit,College of Engineering,*,*,*,14073
*,Detroit,*,*,*,*,455208,,*,Detroit,College of Music,*,*,*,12808
*,Detroit,*,*,*,*,455208,,*,Detroit,College of Natural Science,*,*,*,42023
*,Detroit,*,*,*,*,455208,,*,Detroit,College of Nursing,*,*,*,46091
*,Detroit,*,*,*,*,455208,,*,Detroit,College of Political Science,*,*,*,96317
*,Detroit,*,*,*,*,455208,,*,Detroit,College of Social Science,*,*,*,19241
*,Durham,*,*,*,*,258300,,*,Durham,College of Agriculture and Natural Resources,*,*,*,26754
*,Durham,*,*,*,*,258300,,*,Durham,College of Arts and Sciences,*,*,*,16403
*,Durham,*,*,*,*,258300,,*,Durham,College of Business,*,*,*,6919
*,Durham,*,*,*,*,258300,,*,Durham,College of Engineering,*,*,*,27250
*,Durham,*,*,*,*,258300,,*,Durham,College of Music,*,*,*,21474
*,Durham,*,*,*,*,258300,,*,Durham,College of Nursing,*,*,*,6894
*,Durham,*,*,*,*,258300,,*,Durham,College of Social Science,*,*,*,42471
*,El Paso,*,*,*,*,113571,,*,El Paso,College of Agriculture and Natural Resources,*,*,*,290
*,El Paso,*,*,*,*,113571,,*,El Paso,College of Business,*,*,*,11555
*,El Paso,*,*,*,*,113571,,*,El Paso,College of Communication Arts and Sciences,*,*,*,4574
*,El Paso,*,*,*,*,113571,,*,El Paso,College of Music,*,*,*,6971
*,El Paso,*,*,*,*,113571,,*,El Paso,College of Social Science,*,*,*,22019
*,Eugene,*,*,*,*,102512,,*,Eugene,College of Arts and Sciences,*,*,*,22121
*,Eugene,*,*,*,*,102512,,*,Eugene,College of Communication Arts and Sciences,*,*,*,16580
*,Eugene,*,*,*,*,102512,,*,Eugene,College of Music,*,*,*,7301
*,Eugene,*,*,*,*,102512,,*,Eugene,College of Social Science,*,*,*,9678
*,Fort Lauderdale,*,*,*,*,63112,,*,Fort Lauderdale,College of Agriculture and Natural Resources,*,*,*,19547
*,Fort Lauderdale,*,*,*,*,63112,,*,Fort Lauderdale,College of Arts and Sciences,*,*,*,16195
*,Fresno,*,*,*,*,231167,,*,Fresno,College of Agriculture and Natural Resources,*,*,*,59027
*,Fresno,*,*,*,*,231167,,*,Fresno,College of Arts and Sciences,*,*,*,44814
*,Fresno,*,*,*,*,231167,,*,Fresno,College of Natural Science,*,*,*,33063
*,Fresno,*,*,*,*,231167,,*,Fresno,College of Political Science,*,*,*,158
*,Grand Rapids,*,*,*,*,96047,,*,Grand Rapids,College of Agriculture and Natural Resources,*,*,*,18336
*,Grand Rapids,*,*,*,*,96047,,*,Grand Rapids,College of Arts and Sciences,*,*,*,3207
*,Grand Rapids,*,*,*,*,96047,,*,Grand Rapids,College of Business,*,*,*,8433
*,Grand Rapids,*,*,*,*,96047,,*,Grand Rapids,College of Communication Arts and Sciences,*,*,*,13490
*,Grand Rapids,*,*,*,*,96047,,*,Grand Rapids,College of Engineering,*,*,*,12768
*,Grand Rapids,*,*,*,*,96047,,*,Grand Rapids,College of Music,*,*,*,11902
*,Grand Rapids,*,*,*,*,96047,,*,Grand Rapids,College of Natural Science,*,*,*,9407
*,Grand Rapids,*,*,*,*,96047,,*,Grand Rapids,College of Political Science,*,*,*,5057
*,Grand Rapids,*,*,*,*,96047,,*,Grand Rapids,College of Social Science,*,*,*,13447
*,Hartford,*,*,*,*,456542,,*,Hartford,College of Agriculture and Natural Resources,*,*,*,93314
*,Hartford,*,*,*,*,456542,,*,Hartford,College of Arts and Sciences,*,*,*,137818
*,Hartford,*,*,*,*,456542,,*,Hartford,College of Business,*,*,*,4982
*,Hartford,*,*,*,*,456542,,*,Hartford,College of Communication Arts and Sciences,*,*,*,1091
*,Hartford,*,*,*,*,456542,,*,Hartford,College of Education,*,*,*,17391
*,Hartford,*,*,*,*,456542,,*,Hartford,College of Engineering,*,*,*,46595
*,Hartford,*,*,*,*,456542,,*,Hartford,College of Natural Science,*,*,*,73271
*,Hartford,*,*,*,*,456542,,*,Hartford,College of Political Science,*,*,*,31169
*,Hartford,*,*,*,*,456542,,*,Hartford,College of Social Science,*,*,*,50911
*,Henderson,*,*,*,*,140431,,*,Henderson,College of Agriculture and Natural Resources,*,*,*,14467
*,Henderson,*,*,*,*,140431,,*,Henderson,College of Arts and Sciences,*,*,*,8501
*,Henderson,*,*,*,*,140431,,*,Henderson,College of Communication Arts and Sciences,*,*,*,36176
*,Henderson,*,*,*,*,140431,,*,Henderson,College of Education,*,*,*,434
*,Henderson,*,*,*,*,140431,,*,Henderson,College of Music,*,*,*,13916
*,Henderson,*,*,*,*,140431,,*,Henderson,College of Political Science,*,*,*,8720
*,Henderson,*,*,*,*,140431,,*,Henderson,College of Social Science,*,*,*,2966
*,Houston,*,*,*,*,572758,,*,Houston,College of Agriculture and Natural Resources,*,*,*,63893
*,Houston,*,*,*,*,572758,,*,Houston,College of Arts and Sciences,*,*,*,134478
*,Houston,*,*,*,*,572758,,*,Houston,College of Business,*,*,*,36675
*,Houston,*,*,*,*,572758,,*,Houston,College of Education,*,*,*,9124
*,Houston,*,*,*,*,572758,,*,Houston,College of Engineering,*,*,*,63872
*,Houston,*,*,*,*,572758,,*,Houston,College of Music,*,*,*,7952
*,Houston,*,*,*,*,572758,,*,Houston,College of Natural Science,*,*,*,135492
*,Houston,*,*,*,*,572758,,*,Houston,College of Political Science,*,*,*,15126
*,Houston,*,*,*,*,572758,,*,Houston,College of Social Science,*,*,*,64247
*,Houston,*,*,*,*,572758,,*,Houston,College of Veterinary Medicine,*,*,*,41899
*,Huntsville,*,*,*,*,14364,,*,Huntsville,College of Natural Science,*,*,*,4142
*,Indianapolis,*,*,*,*,492392,,*,Indianapolis,College of Agriculture and Natural Resources,*,*,*,34262
*,Indianapolis,*,*,*,*,492392,,*,Indianapolis,College of Arts and Sciences,*,*,*,58732
*,Indianapolis,*,*,*,*,492392,,*,Indianapolis,College of Business,*,*,*,59110
*,Indianapolis,*,*,*,*,492392,,*,Indianapolis,College of Communication Arts and Sciences,*,*,*,5686
*,Indianapolis,*,*,*,*,492392,,*,Indianapolis,College of Education,*,*,*,6243
*,Indianapolis,*,*,*,*,492392,,*,Indianapolis,College of Engineering,*,*,*,85241
*,Indianapolis,*,*,*,*,492392,,*,Indianapolis,College of Natural Science,*,*,*,147029
*,Indianapolis,*,*,*,*,492392,,*,Indianapolis,College of Political Science,*,*,*,25049
*,Indianapolis,*,*,*,*,492392,,*,Indianapolis,College of Social Science,*,*,*,71040
*,Jacksonville,*,*,*,*,152609,,*,Jacksonville,College of Agriculture and Natural Resources,*,*,*,26938
*,Jacksonville,*,*,*,*,152609,,*,Jacksonville,College of Arts and Sciences,*,*,*,16415
*,Jacksonville,*,*,*,*,152609,,*,Jacksonville,College of Business,*,*,*,10851
*,Jacksonville,*,*,*,*,152609,,*,Jacksonville,College of Communication Arts and Sciences,*,*,*,25771
*,Jacksonville,*,*,*,*,152609,,*,Jacksonville,College of Natural Science,*,*,*,26288
*,Jacksonville,*,*,*,*,152609,,*,Jacksonville,College of Nursing,*,*,*,3010
*,Jacksonville,*,*,*,*,152609,,*,Jacksonville,College of Political Science,*,*,*,11477
*,Jacksonville,*,*,*,*,152609,,*,Jacksonville,College of Social Science,*,*,*,31859
*,Kansas City,*,*,*,*,496952,,*,Kansas City,College of Agriculture and Natural Resources,*,*,*,109608
*,Kansas City,*,*,*,*,496952,,*,Kansas City,College of Arts and Sciences,*,*,*,72000
*,Kansas City,*,*,*,*,496952,,*,Kansas City,College of Business,*,*,*,20659
*,Kansas City,*,*,*,*,496952,,*,Kansas City,College of Communication Arts and Sciences,*,*,*,6257
*,Kansas City,*,*,*,*,496952,,*,Kansas City,College of Education,*,*,*,16057
*,Kansas City,*,*,*,*,496952,,*,Kansas City,College of Engineering,*,*,*,38796
*,Kansas City,*,*,*,*,496952,,*,Kansas City,College of Music,*,*,*,3045
*,Kansas City,*,*,*,*,496952,,*,Kansas City,College of Natural Science,*,*,*,87743
*,Kansas City,*,*,*,*,496952,,*,Kansas City,College of Political Science,*,*,*,49725
*,Kansas City,*,*,*,*,496952,,*,Kansas City,College of Social Science,*,*,*,93062
*,Knoxville,*,*,*,*,120497,,*,Knoxville,College of Agriculture and Natural Resources,*,*,*,17910
*,Knoxville,*,*,*,*,120497,,*,Knoxville,College of Arts and Sciences,*,*,*,19730
*,Knoxville,*,*,*,*,120497,,*,Knoxville,College of Communication Arts and Sciences,*,*,*,37039
*,Knoxville,*,*,*,*,120497,,*,Knoxville,College of Engineering,*,*,*,22061
*,Knoxville,*,*,*,*,120497,,*,Knoxville,College of Music,*,*,*,5554
*,Knoxville,*,*,*,*,120497,,*,Knoxville,College of Natural Science,*,*,*,9445
*,Knoxville,*,*,*,*,120497,,*,Knoxville,College of Social Science,*,*,*,8758
*,Lansing,*,*,*,*,300114,,*,Lansing,College of Agriculture and Natural Resources,*,*,*,25806
*,Lansing,*,*,*,*,300114,,*,Lansing,College of Arts and Sciences,*,*,*,51137
*,Lansing,*,*,*,*,300114,,*,Lansing,College of Business,*,*,*,59479
*,Lansing,*,*,*,*,300114,,*,Lansing,College of Communication Arts and Sciences,*,*,*,1925
*,Lansing,*,*,*,*,300114,,*,Lansing,College of Education,*,*,*,29539
*,Lansing,*,*,*,*,300114,,*,Lansing,College of Natural Science,*,*,*,61896
*,Lansing,*,*,*,*,300114,,*,Lansing,College of Nursing,*,*,*,30577
*,Lansing,*,*,*,*,300114,,*,Lansing,College of Social Science,*,*,*,37816
*,Lansing,*,*,*,*,300114,,*,Lansing,College of Veterinary Medicine,*,*,*,1939
*,Las Vegas,*,*,*,*,140284,,*,Las Vegas,College of Agriculture and Natural Resources,*,*,*,31833
*,Las Vegas,*,*,*,*,140284,,*,Las Vegas,College of Arts and Sciences,*,*,*,11058
*,Las Vegas,*,*,*,*,140284,,*,Las Vegas,College of Music,*,*,*,6412
*,Las Vegas,*,*,*,*,140284,,*,Las Vegas,College of Natural Science,*,*,*,28529
*,Lexington,*,*,*,*,74020,,*,Lexington,College of Agriculture and Natural Resources,*,*,*,10970
*,Lexington,*,*,*,*,74020,,*,Lexington,College of Arts and Sciences,*,*,*,6656
*,Lexington,*,*,*,*,74020,,*,Lexington,College of Business,*,*,*,2639
*,Lexington,*,*,*,*,74020,,*,Lexington,College of Engineering,*,*,*,936
*,Lexington,*,*,*,*,74020,,*,Lexington,College of Music,*,*,*,21760
*,Lexington,*,*,*,*,74020,,*,Lexington,College of Natural Science,*,*,*,23021
*,Lexington,*,*,*,*,74020,,*,Lexington,College of Political Science,*,*,*,888
*,Lexington,*,*,*,*,74020,,*,Lexington,College of Social Science,*,*,*,7150
*,Lincoln,*,*,*,*,127999,,*,Lincoln,College of Agriculture and Natural Resources,*,*,*,16488
*,Lincoln,*,*,*,*,127999,,*,Lincoln,College of Arts and Sciences,*,*,*,14473
*,Lincoln,*,*,*,*,127999,,*,Lincoln,College of Business,*,*,*,2647
*,Lincoln,*,*,*,*,127999,,*,Lincoln,College of Engineering,*,*,*,23811
*,Lincoln,*,*,*,*,127999,,*,Lincoln,College of Music,*,*,*,9567
*,Lincoln,*,*,*,*,127999,,*,Lincoln,College of Social Science,*,*,*,17923
*,Little Rock,*,*,*,*,147166,,*,Little Rock,College of Agriculture and Natural Resources,*,*,*,7638
*,Little Rock,*,*,*,*,147166,,*,Little Rock,College of Arts and Sciences,*,*,*,10316
*,Little Rock,*,*,*,*,147166,,*,Little Rock,College of Business,*,*,*,18569
*,Little Rock,*,*,*,*,147166,,*,Little Rock,College of Education,*,*,*,1858
*,Little Rock,*,*,*,*,147166,,*,Little Rock,College of Engineering,*,*,*,4976
*,Little Rock,*,*,*,*,147166,,*,Little Rock,College of Nursing,*,*,*,14925
*,Little Rock,*,*,*,*,147166,,*,Little Rock,College of Political Science,*,*,*,4828
*,Little Rock,*,*,*,*,147166,,*,Little Rock,College of Social Science,*,*,*,24825
*,Los Angeles,*,*,*,*,923123,,*,Los Angeles,College of Agriculture and Natural Resources,*,*,*,193477
*,Los Angeles,*,*,*,*,923123,,*,Los Angeles,College of Arts and Sciences,*,*,*,158566
*,Los Angeles,*,*,*,*,923123,,*,Los Angeles,College of Business,*,*,*,80809
*,Los Angeles,*,*,*,*,923123,,*,Los Angeles,College of Communication Arts and Sciences,*,*,*,13614
*,Los Angeles,*,*,*,*,923123,,*,Los Angeles,College of Education,*,*,*,14129
*,Los Angeles,*,*,*,*,923123,,*,Los Angeles,College of Engineering,*,*,*,45595
*,Los Angeles,*,*,*,*,923123,,*,Los Angeles,College of Music,*,*,*,56107
*,Los Angeles,*,*,*,*,923123,,*,Los Angeles,College of Natural Science,*,*,*,229758
*,Los Angeles,*,*,*,*,923123,,*,Los Angeles,College of Nursing,*,*,*,19403
*,Los Angeles,*,*,*,*,923123,,*,Los Angeles,College of Political Science,*,*,*,4125
*,Los Angeles,*,*,*,*,923123,,*,Los Angeles,College of Social Science,*,*,*,107540
*,Louisville,*,*,*,*,117361,,*,Louisville,College of Agriculture and Natural Resources,*,*,*,7477
*,Louisville,*,*,*,*,117361,,*,Louisville,College of Communication Arts and Sciences,*,*,*,17952
*,Louisville,*,*,*,*,117361,,*,Louisville,College of Natural Science,*,*,*,15783
*,Louisville,*,*,*,*,117361,,*,Louisville,College of Social Science,*,*,*,22168
*,Madison,*,*,*,*,70723,,*,Madison,College of Arts and Sciences,*,*,*,17240
*,Madison,*,*,*,*,70723,,*,Madison,College of Engineering,*,*,*,3556
*,Madison,*,*,*,*,70723,,*,Madison,College of Music,*,*,*,9434
*,Madison,*,*,*,*,70723,,*,Madison,College of Natural Science,*,*,*,13535
*,Madison,*,*,*,*,70723,,*,Madison,College of Political Science,*,*,*,12958
*,Madison,*,*,*,*,70723,,*,Madison,College of Social Science,*,*,*,14000
*,Manchester,*,*,*,*,149882,,*,Manchester,College of Engineering,*,*,*,6508
*,Manchester,*,*,*,*,149882,,*,Manchester,College of Music,*,*,*,12461
*,Manchester,*,*,*,*,149882,,*,Manchester,College of Natural Science,*,*,*,8877
*,Manchester,*,*,*,*,149882,,*,Manchester,College of Social Science,*,*,*,30637
*,Memphis,*,*,*,*,441940,,*,Memphis,College of Agriculture and Natural Resources,*,*,*,55220
*,Memphis,*,*,*,*,441940,,*,Memphis,College of Arts and Sciences,*,*,*,80598
*,Memphis,*,*,*,*,441940,,*,Memphis,College of Business,*,*,*,51283
*,Memphis,*,*,*,*,441940,,*,Memphis,College of Education,*,*,*,12925
*,Memphis,*,*,*,*,441940,,*,Memphis,College of Engineering,*,*,*,12774
*,Memphis,*,*,*,*,441940,,*,Memphis,College of Natural Science,*,*,*,134765
*,Memphis,*,*,*,*,441940,,*,Memphis,College of Nursing,*,*,*,8554
*,Memphis,*,*,*,*,441940,,*,Memphis,College of Political Science,*,*,*,41368
*,Memphis,*,*,*,*,441940,,*,Memphis,College of Social Science,*,*,*,38650
*,Memphis,*,*,*,*,441940,,*,Memphis,College of Veterinary Medicine,*,*,*,5803
*,Mesa,*,*,*,*,136580,,*,Mesa,College of Arts and Sciences,*,*,*,12610
*,Mesa,*,*,*,*,136580,,*,Mesa,College of Education,*,*,*,14988
*,Mesa,*,*,*,*,136580,,*,Mesa,College of Music,*,*,*,15071
*,Mesa,*,*,*,*,136580,,*,Mesa,College of Natural Science,*,*,*,2872
*,Mesa,*,*,*,*,136580,,*,Mesa,College of Political Science,*,*,*,20201
*,Mesa,*,*,*,*,136580,,*,Mesa,College of Social Science,*,*,*,10230
*,Miami,*,*,*,*,322619,,*,Miami,College of Agriculture and Natural Resources,*,*,*,80218
*,Miami,*,*,*,*,322619,,*,Miami,College of Arts and Sciences,*,*,*,76032
*,Miami,*,*,*,*,322619,,*,Miami,College of Business,*,*,*,24014
*,Miami,*,*,*,*,322619,,*,Miami,College of Communication Arts and Sciences,*,*,*,20422
*,Miami,*,*,*,*,322619,,*,Miami,College of Engineering,*,*,*,19486
*,Miami,*,*,*,*,322619,,*,Miami,College of Music,*,*,*,20717
*,Miami,*,*,*,*,322619,,*,Miami,College of Natural Science,*,*,*,19043
*,Miami,*,*,*,*,322619,,*,Miami,College of Nursing,*,*,*,303
*,Miami,*,*,*,*,322619,,*,Miami,College of Social Science,*,*,*,62384
*,Milwaukee,*,*,*,*,95819,,*,Milwaukee,College of Agriculture and Natural Resources,*,*,*,6482
*,Milwaukee,*,*,*,*,95819,,*,Milwaukee,College of Arts and Sciences,*,*,*,1879
*,Milwaukee,*,*,*,*,95819,,*,Milwaukee,College of Business,*,*,*,2266
*,Milwaukee,*,*,*,*,95819,,*,Milwaukee,College of Communication Arts and Sciences,*,*,*,23052
*,Milwaukee,*,*,*,*,95819,,*,Milwaukee,College of Engineering,*,*,*,4319
*,Milwaukee,*,*,*,*,95819,,*,Milwaukee,College of Natural Science,*,*,*,28649
*,Milwaukee,*,*,*,*,95819,,*,Milwaukee,College of Political Science,*,*,*,16127
*,Milwaukee,*,*,*,*,95819,,*,Milwaukee,College of Social Science,*,*,*,13045
*,Minneapolis,*,*,*,*,58180,,*,Minneapolis,College of Agriculture and Natural Resources,*,*,*,9463
*,Minneapolis,*,*,*,*,58180,,*,Minneapolis,College of Arts and Sciences,*,*,*,11510
*,Minneapolis,*,*,*,*,58180,,*,Minneapolis,College of Natural Science,*,*,*,740
*,Minneapolis,*,*,*,*,58180,,*,Minneapolis,College of Social Science,*,*,*,12119
*,Mobile,*,*,*,*,119820,,*,Mobile,College of Agriculture and Natural Resources,*,*,*,24878
*,Mobile,*,*,*,*,119820,,*,Mobile,College of Arts and Sciences,*,*,*,4026
*,Mobile,*,*,*,*,119820,,*,Mobile,College of Business,*,*,*,23197
*,Mobile,*,*,*,*,119820,,*,Mobile,College of Education,*,*,*,11353
*,Mobile,*,*,*,*,119820,,*,Mobile,College of Engineering,*,*,*,20092
*,Mobile,*,*,*,*,119820,,*,Mobile,College of Natural Science,*,*,*,27100
*,Mobile,*,*,*,*,119820,,*,Mobile,College of Social Science,*,*,*,9097
*,Mobile,*,*,*,*,119820,,*,Mobile,College of Veterinary Medicine,*,*,*,77
*,Naperville,*,*,*,*,100675,,*,Naperville,College of Arts and Sciences,*,*,*,29982
*,Naperville,*,*,*,*,100675,,*,Naperville,College of Business,*,*,*,9830
*,Naperville,*,*,*,*,100675,,*,Naperville,College of Communication Arts and Sciences,*,*,*,14852
*,Naperville,*,*,*,*,100675,,*,Naperville,College of Engineering,*,*,*,9489
*,Nashville,*,*,*,*,85183,,*,Nashville,College of Agriculture and Natural Resources,*,*,*,14704
*,Nashville,*,*,*,*,85183,,*,Nashville,College of Arts and Sciences,*,*,*,5888
*,Nashville,*,*,*,*,85183,,*,Nashville,College of Business,*,*,*,21114
*,Nashville,*,*,*,*,85183,,*,Nashville,College of Education,*,*,*,16788
*,Nashville,*,*,*,*,85183,,*,Nashville,College of Engineering,*,*,*,1553
*,Nashville,*,*,*,*,85183,,*,Nashville,College of Natural Science,*,*,*,11455
*,Nashville,*,*,*,*,85183,,*,Nashville,College of Social Science,*,*,*,13681
*,New Haven,*,*,*,*,34135,,*,New Haven,College of Arts and Sciences,*,*,*,5004
*,New Haven,*,*,*,*,34135,,*,New Haven,College of Natural Science,*,*,*,4357
*,New Haven,*,*,*,*,34135,,*,New Haven,College of Social Science,*,*,*,9831
*,New Orleans,*,*,*,*,144083,,*,New Orleans,College of Agriculture and Natural Resources,*,*,*,1867
*,New Orleans,*,*,*,*,144083,,*,New Orleans,College of Business,*,*,*,19785
*,New Orleans,*,*,*,*,144083,,*,New Orleans,College of Engineering,*,*,*,14719
*,New Orleans,*,*,*,*,144083,,*,New Orleans,College of Music,*,*,*,10486
*,New Orleans,*,*,*,*,144083,,*,New Orleans,College of Natural Science,*,*,*,10009
*,New Orleans,*,*,*,*,144083,,*,New Orleans,College of Social Science,*,*,*,32845
*,New York,*,*,*,*,912798,,*,New York,College of Agriculture and Natural Resources,*,*,*,177383
*,New York,*,*,*,*,912798,,*,New York,College of Arts and Sciences,*,*,*,178990
*,New York,*,*,*,*,912798,,*,New York,College of Business,*,*,*,93696
*,New York,*,*,*,*,912798,,*,New York,College of Communication Arts and Sciences,*,*,*,9
*,New York,*,*,*,*,912798,,*,New York,College of Education,*,*,*,48663
*,New York,*,*,*,*,912798,,*,New York,College of Engineering,*,*,*,5835
*,New York,*,*,*,*,912798,,*,New York,College of Music,*,*,*,23257
*,New York,*,*,*,*,912798,,*,New York,College of Natural Science,*,*,*,183345
*,New York,*,*,*,*,912798,,*,New York,College of Nursing,*,*,*,10271
*,New York,*,*,*,*,912798,,*,New York,College of Political Science,*,*,*,99176
*,New York,*,*,*,*,912798,,*,New York,College of Social Science,*,*,*,90179
*,New York,*,*,*,*,912798,,*,New York,College of Veterinary Medicine,*,*,*,1994
*,North Las Vegas,*,*,*,*,140217,,*,North Las Vegas,College of Agriculture and Natural Resources,*,*,*,582
*,North Las Vegas,*,*,*,*,140217,,*,North Las Vegas,College of Arts and Sciences,*,*,*,41766
*,North Las Vegas,*,*,*,*,140217,,*,North Las Vegas,College of Business,*,*,*,17575
*,North Las Vegas,*,*,*,*,140217,,*,North Las Vegas,College of Engineering,*,*,*,17366
*,North Las Vegas,*,*,*,*,140217,,*,North Las Vegas,College of Music,*,*,*,8672
*,North Las Vegas,*,*,*,*,140217,,*,North Las Vegas,College of Natural Science,*,*,*,30601
*,North Las Vegas,*,*,*,*,140217,,*,North Las Vegas,College of Social Science,*,*,*,23655
*,Oklahoma City,*,*,*,*,222545,,*,Oklahoma City,College of Agriculture and Natural Resources,*,*,*,19664
*,Oklahoma City,*,*,*,*,222545,,*,Oklahoma City,College of Arts and Sciences,*,*,*,33602
*,Oklahoma City,*,*,*,*,222545,,*,Oklahoma City,College of Business,*,*,*,42369
*,Oklahoma City,*,*,*,*,222545,,*,Oklahoma City,College of Communication Arts and Sciences,*,*,*,7020
*,Oklahoma City,*,*,*,*,222545,,*,Oklahoma City,College of Engineering,*,*,*,5885
*,Oklahoma City,*,*,*,*,222545,,*,Oklahoma City,College of Music,*,*,*,13339
*,Oklahoma City,*,*,*,*,222545,,*,Oklahoma City,College of Natural Science,*,*,*,53736
*,Oklahoma City,*,*,*,*,222545,,*,Oklahoma City,College of Political Science,*,*,*,8717
*,Oklahoma City,*,*,*,*,222545,,*,Oklahoma City,College of Social Science,*,*,*,38213
*,Omaha,*,*,*,*,147386,,*,Omaha,College of Agriculture and Natural Resources,*,*,*,36501
*,Omaha,*,*,*,*,147386,,*,Omaha,College of Arts and Sciences,*,*,*,15438
*,Omaha,*,*,*,*,147386,,*,Omaha,College of Engineering,*,*,*,24511
*,Omaha,*,*,*,*,147386,,*,Omaha,College of Music,*,*,*,6905
*,Omaha,*,*,*,*,147386,,*,Omaha,College of Natural Science,*,*,*,16149
*,Omaha,*,*,*,*,147386,,*,Omaha,College of Social Science,*,*,*,47882
*,Orlando,*,*,*,*,338161,,*,Orlando,College of Agriculture and Natural Resources,*,*,*,74376
*,Orlando,*,*,*,*,338161,,*,Orlando,College of Arts and Sciences,*,*,*,49778
*,Orlando,*,*,*,*,338161,,*,Orlando,College of Business,*,*,*,16687
*,Orlando,*,*,*,*,338161,,*,Orlando,College of Engineering,*,*,*,16520
*,Orlando,*,*,*,*,338161,,*,Orlando,College of Music,*,*,*,7385
*,Orlando,*,*,*,*,338161,,*,Orlando,College of Natural Science,*,*,*,92789
*,Orlando,*,*,*,*,338161,,*,Orlando,College of Nursing,*,*,*,1606
*,Orlando,*,*,*,*,338161,,*,Orlando,College of Political Science,*,*,*,12825
*,Orlando,*,*,*,*,338161,,*,Orlando,College of Social Science,*,*,*,66195
*,Overland Park,*,*,*,*,276198,,*,Overland Park,College of Agriculture and Natural Resources,*,*,*,83048
*,Overland Park,*,*,*,*,276198,,*,Overland Park,College of Arts and Sciences,*,*,*,18490
*,Overland Park,*,*,*,*,276198,,*,Overland Park,College of Business,*,*,*,17015
*,Overland Park,*,*,*,*,276198,,*,Overland Park,College of Education,*,*,*,35239
*,Overland Park,*,*,*,*,276198,,*,Overland Park,College of Music,*,*,*,32419
*,Overland Park,*,*,*,*,276198,,*,Overland Park,College of Natural Science,*,*,*,56404
*,Overland Park,*,*,*,*,276198,,*,Overland Park,College of Political Science,*,*,*,714
*,Overland Park,*,*,*,*,276198,,*,Overland Park,College of Social Science,*,*,*,29173
*,Overland Park,*,*,*,*,276198,,*,Overland Park,College of Veterinary Medicine,*,*,*,3696
*,Paterson,*,*,*,*,56889,,*,Paterson,College of Political Science,*,*,*,6993
*,Paterson,*,*,*,*,56889,,*,Paterson,College of Social Science,*,*,*,4383
*,Philadelphia,*,*,*,*,270690,,*,Philadelphia,College of Agriculture and Natural Resources,*,*,*,24653
*,Philadelphia,*,*,*,*,270690,,*,Philadelphia,College of Arts and Sciences,*,*,*,59040
*,Philadelphia,*,*,*,*,270690,,*,Philadelphia,College of Business,*,*,*,9143
*,Philadelphia,*,*,*,*,270690,,*,Philadelphia,College of Communication Arts and Sciences,*,*,*,5818
*,Philadelphia,*,*,*,*,270690,,*,Philadelphia,College of Education,*,*,*,3135
*,Philadelphia,*,*,*,*,270690,,*,Philadelphia,College of Engineering,*,*,*,20753
*,Philadelphia,*,*,*,*,270690,,*,Philadelphia,College of Natural Science,*,*,*,42465
*,Philadelphia,*,*,*,*,270690,,*,Philadelphia,College of Veterinary Medicine,*,*,*,11284
*,Phoenix,*,*,*,*,712661,,*,Phoenix,College of Agriculture and Natural Resources,*,*,*,46432
*,Phoenix,*,*,*,*,712661,,*,Phoenix,College of Arts and Sciences,*,*,*,165809
*,Phoenix,*,*,*,*,712661,,*,Phoenix,College of Business,*,*,*,58986
*,Phoenix,*,*,*,*,712661,,*,Phoenix,College of Communication Arts and Sciences,*,*,*,24150
*,Phoenix,*,*,*,*,712661,,*,Phoenix,College of Engineering,*,*,*,81881
*,Phoenix,*,*,*,*,712661,,*,Phoenix,College of Music,*,*,*,33979
*,Phoenix,*,*,*,*,712661,,*,Phoenix,College of Natural Science,*,*,*,112610
*,Phoenix,*,*,*,*,712661,,*,Phoenix,College of Nursing,*,*,*,98470
*,Phoenix,*,*,*,*,712661,,*,Phoenix,College of Political Science,*,*,*,15409
*,Phoenix,*,*,*,*,712661,,*,Phoenix,College of Social Science,*,*,*,65858
*,Phoenix,*,*,*,*,712661,,*,Phoenix,College of Veterinary Medicine,*,*,*,9077
*,Pittsburgh,*,*,*,*,32017,,*,Pittsburgh,College of Arts and Sciences,*,*,*,8451
*,Pittsburgh,*,*,*,*,32017,,*,Pittsburgh,College of Education,*,*,*,10185
*,Pittsburgh,*,*,*,*,32017,,*,Pittsburgh,College of Natural Science,*,*,*,43
*,Portland,*,*,*,*,103167,,*,Portland,College of Agriculture and Natural Resources,*,*,*,16585
*,Portland,*,*,*,*,103167,,*,Portland,College of Arts and Sciences,*,*,*,24465
*,Portland,*,*,*,*,103167,,*,Portland,College of Communication Arts and Sciences,*,*,*,17179
*,Portland,*,*,*,*,103167,,*,Portland,College of Education,*,*,*,3254
*,Portland,*,*,*,*,103167,,*,Portland,College of Natural Science,*,*,*,20995
*,Portland,*,*,*,*,103167,,*,Portland,College of Political Science,*,*,*,9828
*,Portland,*,*,*,*,103167,,*,Portland,College of Social Science,*,*,*,10861
*,Providence,*,*,*,*,142920,,*,Providence,College of Agriculture and Natural Resources,*,*,*,15293
*,Providence,*,*,*,*,142920,,*,Providence,College of Arts and Sciences,*,*,*,39448
*,Providence,*,*,*,*,142920,,*,Providence,College of Communication Arts and Sciences,*,*,*,4090
*,Providence,*,*,*,*,142920,,*,Providence,College of Education,*,*,*,14912
*,Providence,*,*,*,*,142920,,*,Providence,College of Music,*,*,*,11813
*,Providence,*,*,*,*,142920,,*,Providence,College of Natural Science,*,*,*,25899
*,Providence,*,*,*,*,142920,,*,Providence,College of Social Science,*,*,*,31465
*,Provo,*,*,*,*,111262,,*,Provo,College of Agriculture and Natural Resources,*,*,*,9635
*,Provo,*,*,*,*,111262,,*,Provo,College of Arts and Sciences,*,*,*,5433
*,Provo,*,*,*,*,111262,,*,Provo,College of Business,*,*,*,15702
*,Provo,*,*,*,*,111262,,*,Provo,College of Music,*,*,*,18939
*,Provo,*,*,*,*,111262,,*,Provo,College of Social Science,*,*,*,9220
*,Raleigh,*,*,*,*,165817,,*,Raleigh,College of Agriculture and Natural Resources,*,*,*,1864
*,Raleigh,*,*,*,*,165817,,*,Raleigh,College of Arts and Sciences,*,*,*,21144
*,Raleigh,*,*,*,*,165817,,*,Raleigh,College of Communication Arts and Sciences,*,*,*,19584
*,Raleigh,*,*,*,*,165817,,*,Raleigh,College of Education,*,*,*,166
*,Raleigh,*,*,*,*,165817,,*,Raleigh,College of Music,*,*,*,16961
*,Raleigh,*,*,*,*,165817,,*,Raleigh,College of Political Science,*,*,*,10105
*,Raleigh,*,*,*,*,165817,,*,Raleigh,College of Social Science,*,*,*,27093
*,Reno,*,*,*,*,58348,,*,Reno,College of Agriculture and Natural Resources,*,*,*,18680
*,Reno,*,*,*,*,58348,,*,Reno,College of Arts and Sciences,*,*,*,4658
*,Reno,*,*,*,*,58348,,*,Reno,College of Music,*,*,*,6733
*,Richmond,*,*,*,*,402143,,*,Richmond,College of Agriculture and Natural Resources,*,*,*,118408
*,Richmond,*,*,*,*,402143,,*,Richmond,College of Arts and Sciences,*,*,*,53156
*,Richmond,*,*,*,*,402143,,*,Richmond,College of Education,*,*,*,7060
*,Richmond,*,*,*,*,402143,,*,Richmond,College of Engineering,*,*,*,36748
*,Richmond,*,*,*,*,402143,,*,Richmond,College of Music,*,*,*,21639
*,Richmond,*,*,*,*,402143,,*,Richmond,College of Natural Science,*,*,*,109151
*,Richmond,*,*,*,*,402143,,*,Richmond,College of Political Science,*,*,*,23210
*,Richmond,*,*,*,*,402143,,*,Richmond,College of Social Science,*,*,*,28029
*,Richmond,*,*,*,*,402143,,*,Richmond,College of Veterinary Medicine,*,*,*,4742
*,Rochester,*,*,*,*,100774,,*,Rochester,College of Agriculture and Natural Resources,*,*,*,25231
*,Rochester,*,*,*,*,100774,,*,Rochester,College of Business,*,*,*,7753
*,Rochester,*,*,*,*,100774,,*,Rochester,College of Social Science,*,*,*,9888
*,Sacramento,*,*,*,*,131686,,*,Sacramento,College of Agriculture and Natural Resources,*,*,*,14660
*,Sacramento,*,*,*,*,131686,,*,Sacramento,College of Arts and Sciences,*,*,*,33921
*,Sacramento,*,*,*,*,131686,,*,Sacramento,College of Business,*,*,*,10340
*,Sacramento,*,*,*,*,131686,,*,Sacramento,College of Education,*,*,*,20652
*,Sacramento,*,*,*,*,131686,,*,Sacramento,College of Engineering,*,*,*,14712
*,Sacramento,*,*,*,*,131686,,*,Sacramento,College of Nursing,*,*,*,12678
*,Sacramento,*,*,*,*,131686,,*,Sacramento,College of Political Science,*,*,*,8700
*,Sacramento,*,*,*,*,131686,,*,Sacramento,College of Social Science,*,*,*,16023
*,Salem,*,*,*,*,100835,,*,Salem,College of Agriculture and Natural Resources,*,*,*,10056
*,Salem,*,*,*,*,100835,,*,Salem,College of Arts and Sciences,*,*,*,31734
*,Salem,*,*,*,*,100835,,*,Salem,College of Business,*,*,*,2442
*,Salem,*,*,*,*,100835,,*,Salem,College of Engineering,*,*,*,3978
*,Salem,*,*,*,*,100835,,*,Salem,College of Music,*,*,*,16790
*,Salem,*,*,*,*,100835,,*,Salem,College of Natural Science,*,*,*,11504
*,Salem,*,*,*,*,100835,,*,Salem,College of Political Science,*,*,*,4841
*,Salem,*,*,*,*,100835,,*,Salem,College of Social Science,*,*,*,19490
*,Salt Lake City,*,*,*,*,177982,,*,Salt Lake City,College of Agriculture and Natural Resources,*,*,*,43797
*,Salt Lake City,*,*,*,*,177982,,*,Salt Lake City,College of Arts and Sciences,*,*,*,11372
*,Salt Lake City,*,*,*,*,177982,,*,Salt Lake City,College of Business,*,*,*,12207
*,Salt Lake City,*,*,*,*,177982,,*,Salt Lake City,College of Education,*,*,*,11223
*,Salt Lake City,*,*,*,*,177982,,*,Salt Lake City,College of Engineering,*,*,*,55857
*,Salt Lake City,*,*,*,*,177982,,*,Salt Lake City,College of Natural Science,*,*,*,33135
*,Salt Lake City,*,*,*,*,177982,,*,Salt Lake City,College of Social Science,*,*,*,10391
*,San Antonio,*,*,*,*,139440,,*,San Antonio,College of Arts and Sciences,*,*,*,31398
*,San Antonio,*,*,*,*,139440,,*,San Antonio,College of Business,*,*,*,44058
*,San Antonio,*,*,*,*,139440,,*,San Antonio,College of Education,*,*,*,4140
*,San Antonio,*,*,*,*,139440,,*,San Antonio,College of Social Science,*,*,*,11738
*,San Diego,*,*,*,*,327118,,*,San Diego,College of Agriculture and Natural Resources,*,*,*,16050
*,San Diego,*,*,*,*,327118,,*,San Diego,College of Arts and Sciences,*,*,*,59455
*,San Diego,*,*,*,*,327118,,*,San Diego,College of Communication Arts and Sciences,*,*,*,5678
*,San Diego,*,*,*,*,327118,,*,San Diego,College of Engineering,*,*,*,20661
*,San Diego,*,*,*,*,327118,,*,San Diego,College of Music,*,*,*,41582
*,San Diego,*,*,*,*,327118,,*,San Diego,College of Natural Science,*,*,*,48828
*,San Diego,*,*,*,*,327118,,*,San Diego,College of Nursing,*,*,*,62000
*,San Diego,*,*,*,*,327118,,*,San Diego,College of Social Science,*,*,*,62917
*,San Diego,*,*,*,*,327118,,*,San Diego,College of Veterinary Medicine,*,*,*,9947
*,San Francisco,*,*,*,*,1029615,,*,San Francisco,College of Agriculture and Natural Resources,*,*,*,99461
*,San Francisco,*,*,*,*,1029615,,*,San Francisco,College of Arts and Sciences,*,*,*,231819
*,San Francisco,*,*,*,*,1029615,,*,San Francisco,College of Business,*,*,*,39735
*,San Francisco,*,*,*,*,1029615,,*,San Francisco,College of Communication Arts and Sciences,*,*,*,2307
*,San Francisco,*,*,*,*,1029615,,*,San Francisco,College of Education,*,*,*,64367
*,San Francisco,*,*,*,*,1029615,,*,San Francisco,College of Engineering,*,*,*,85056
*,San Francisco,*,*,*,*,1029615,,*,San Francisco,College of Music,*,*,*,53992
*,San Francisco,*,*,*,*,1029615,,*,San Francisco,College of Natural Science,*,*,*,164781
*,San Francisco,*,*,*,*,1029615,,*,San Francisco,College of Nursing,*,*,*,17451
*,San Francisco,*,*,*,*,1029615,,*,San Francisco,College of Political Science,*,*,*,54521
*,San Francisco,*,*,*,*,1029615,,*,San Francisco,College of Social Science,*,*,*,213857
*,San Francisco,*,*,*,*,1029615,,*,San Francisco,College of Veterinary Medicine,*,*,*,2268
*,Savannah,*,*,*,*,139979,,*,Savannah,College of Arts and Sciences,*,*,*,764
*,Savannah,*,*,*,*,139979,,*,Savannah,College of Communication Arts and Sciences,*,*,*,7010
*,Savannah,*,*,*,*,139979,,*,Savannah,College of Engineering,*,*,*,9535
*,Savannah,*,*,*,*,139979,,*,Savannah,College of Political Science,*,*,*,3802
*,Savannah,*,*,*,*,139979,,*,Savannah,College of Social Science,*,*,*,17495
*,Savannah,*,*,*,*,139979,,*,Savannah,College of Veterinary Medicine,*,*,*,14794
*,Scottsdale,*,*,*,*,107839,,*,Scottsdale,College of Agriculture and Natural Resources,*,*,*,13219
*,Scottsdale,*,*,*,*,107839,,*,Scottsdale,College of Arts and Sciences,*,*,*,4635
*,Scottsdale,*,*,*,*,107839,,*,Scottsdale,College of Education,*,*,*,14731
*,Scottsdale,*,*,*,*,107839,,*,Scottsdale,College of Engineering,*,*,*,6166
*,Scottsdale,*,*,*,*,107839,,*,Scottsdale,College of Social Science,*,*,*,18667
*,Seattle,*,*,*,*,477388,,*,Seattle,College of Agriculture and Natural Resources,*,*,*,62856
*,Seattle,*,*,*,*,477388,,*,Seattle,College of Arts and Sciences,*,*,*,116912
*,Seattle,*,*,*,*,477388,,*,Seattle,College of Business,*,*,*,44134
*,Seattle,*,*,*,*,477388,,*,Seattle,College of Communication Arts and Sciences,*,*,*,21717
*,Seattle,*,*,*,*,477388,,*,Seattle,College of Education,*,*,*,4740
*,Seattle,*,*,*,*,477388,,*,Seattle,College of Engineering,*,*,*,51890
*,Seattle,*,*,*,*,477388,,*,Seattle,College of Music,*,*,*,13972
*,Seattle,*,*,*,*,477388,,*,Seattle,College of Natural Science,*,*,*,91115
*,Seattle,*,*,*,*,477388,,*,Seattle,College of Political Science,*,*,*,4089
*,Seattle,*,*,*,*,477388,,*,Seattle,College of Social Science,*,*,*,65963
*,Spokane,*,*,*,*,139093,,*,Spokane,College of Agriculture and Natural Resources,*,*,*,28563
*,Spokane,*,*,*,*,139093,,*,Spokane,College of Arts and Sciences,*,*,*,5547
*,Spokane,*,*,*,*,139093,,*,Spokane,College of Communication Arts and Sciences,*,*,*,21499
*,Spokane,*,*,*,*,139093,,*,Spokane,College of Natural Science,*,*,*,43253
*,Spokane,*,*,*,*,139093,,*,Spokane,College of Social Science,*,*,*,40231
*,Springfield,*,*,*,*,95937,,*,Springfield,College of Agriculture and Natural Resources,*,*,*,6838
*,Springfield,*,*,*,*,95937,,*,Springfield,College of Engineering,*,*,*,20121
*,Springfield,*,*,*,*,95937,,*,Springfield,College of Natural Science,*,*,*,2734
*,Springfield,*,*,*,*,95937,,*,Springfield,College of Nursing,*,*,*,6076
*,Springfield,*,*,*,*,95937,,*,Springfield,College of Social Science,*,*,*,4604
*,St. Louis,*,*,*,*,435636,,*,St. Louis,College of Agriculture and Natural Resources,*,*,*,38443
*,St. Louis,*,*,*,*,435636,,*,St. Louis,College of Arts and Sciences,*,*,*,11307
*,St. Louis,*,*,*,*,435636,,*,St. Louis,College of Business,*,*,*,9373
*,St. Louis,*,*,*,*,435636,,*,St. Louis,College of Communication Arts and Sciences,*,*,*,11808
*,St. Louis,*,*,*,*,435636,,*,St. Louis,College of Education,*,*,*,38519
*,St. Louis,*,*,*,*,435636,,*,St. Louis,College of Engineering,*,*,*,30543
*,St. Louis,*,*,*,*,435636,,*,St. Louis,College of Nursing,*,*,*,4059
*,St. Louis,*,*,*,*,435636,,*,St. Louis,College of Social Science,*,*,*,1715
*,St. Paul,*,*,*,*,42888,,*,St. Paul,College of Agriculture and Natural Resources,*,*,*,3965
*,St. Paul,*,*,*,*,42888,,*,St. Paul,College of Arts and Sciences,*,*,*,1667
*,St. Paul,*,*,*,*,42888,,*,St. Paul,College of Communication Arts and Sciences,*,*,*,3438
*,St. Paul,*,*,*,*,42888,,*,St. Paul,College of Engineering,*,*,*,9394
*,St. Paul,*,*,*,*,42888,,*,St. Paul,College of Natural Science,*,*,*,8209
*,St. Paul,*,*,*,*,42888,,*,St. Paul,College of Political Science,*,*,*,6838
*,St. Paul,*,*,*,*,42888,,*,St. Paul,College of Social Science,*,*,*,9377
*,Syracuse,*,*,*,*,90475,,*,Syracuse,College of Agriculture and Natural Resources,*,*,*,14622
*,Syracuse,*,*,*,*,90475,,*,Syracuse,College of Arts and Sciences,*,*,*,1913
*,Syracuse,*,*,*,*,90475,,*,Syracuse,College of Engineering,*,*,*,14108
*,Syracuse,*,*,*,*,90475,,*,Syracuse,College of Political Science,*,*,*,8924
*,Syracuse,*,*,*,*,90475,,*,Syracuse,College of Social Science,*,*,*,17285
*,Tallahassee,*,*,*,*,301232,,*,Tallahassee,College of Agriculture and Natural Resources,*,*,*,78145
*,Tallahassee,*,*,*,*,301232,,*,Tallahassee,College of Arts and Sciences,*,*,*,46908
*,Tallahassee,*,*,*,*,301232,,*,Tallahassee,College of Business,*,*,*,30295
*,Tallahassee,*,*,*,*,301232,,*,Tallahassee,College of Communication Arts and Sciences,*,*,*,3118
*,Tallahassee,*,*,*,*,301232,,*,Tallahassee,College of Engineering,*,*,*,11047
*,Tallahassee,*,*,*,*,301232,,*,Tallahassee,College of Natural Science,*,*,*,78611
*,Tallahassee,*,*,*,*,301232,,*,Tallahassee,College of Nursing,*,*,*,4036
*,Tallahassee,*,*,*,*,301232,,*,Tallahassee,College of Political Science,*,*,*,37204
*,Tallahassee,*,*,*,*,301232,,*,Tallahassee,College of Social Science,*,*,*,11868
*,Tucson,*,*,*,*,80893,,*,Tucson,College of Agriculture and Natural Resources,*,*,*,4575
*,Tucson,*,*,*,*,80893,,*,Tucson,College of Arts and Sciences,*,*,*,12716
*,Tucson,*,*,*,*,80893,,*,Tucson,College of Business,*,*,*,23273
*,Tucson,*,*,*,*,80893,,*,Tucson,College of Communication Arts and Sciences,*,*,*,7730
*,Tucson,*,*,*,*,80893,,*,Tucson,College of Education,*,*,*,4792
*,Tucson,*,*,*,*,80893,,*,Tucson,College of Music,*,*,*,1858
*,Tucson,*,*,*,*,80893,,*,Tucson,College of Natural Science,*,*,*,8585
*,Tucson,*,*,*,*,80893,,*,Tucson,College of Social Science,*,*,*,17364
*,Tulsa,*,*,*,*,71568,,*,Tulsa,College of Agriculture and Natural Resources,*,*,*,4857
*,Tulsa,*,*,*,*,71568,,*,Tulsa,College of Arts and Sciences,*,*,*,8527
*,Tulsa,*,*,*,*,71568,,*,Tulsa,College of Business,*,*,*,19817
*,Tulsa,*,*,*,*,71568,,*,Tulsa,College of Education,*,*,*,8983
*,Tulsa,*,*,*,*,71568,,*,Tulsa,College of Natural Science,*,*,*,6028
*,Tulsa,*,*,*,*,71568,,*,Tulsa,College of Social Science,*,*,*,23356
*,Washington,*,*,*,*,238717,,*,Washington,College of Agriculture and Natural Resources,*,*,*,40381
*,Washington,*,*,*,*,238717,,*,Washington,College of Engineering,*,*,*,28753
*,Washington,*,*,*,*,238717,,*,Washington,College of Music,*,*,*,2233
*,Washington,*,*,*,*,238717,,*,Washington,College of Natural Science,*,*,*,26453
*,Washington,*,*,*,*,238717,,*,Washington,College of Nursing,*,*,*,28927
*,West Valley City,*,*,*,*,105250,,*,West Valley City,College of Natural Science,*,*,*,10341
*,West Valley City,*,*,*,*,105250,,*,West Valley City,College of Nursing,*,*,*,3870
*,West Valley City,*,*,*,*,105250,,*,West Valley City,College of Political Science,*,*,*,27065
*,West Valley City,*,*,*,*,105250,,*,West Valley City,College of Social Science,*,*,*,17099
*,Wichita,*,*,*,*,191457,,*,Wichita,College of Agriculture and Natural Resources,*,*,*,18591
*,Wichita,*,*,*,*,191457,,*,Wichita,College of Arts and Sciences,*,*,*,36209
*,Wichita,*,*,*,*,191457,,*,Wichita,College of Business,*,*,*,7067
*,Wichita,*,*,*,*,191457,,*,Wichita,College of Communication Arts and Sciences,*,*,*,7347
*,Wichita,*,*,*,*,191457,,*,Wichita,College of Engineering,*,*,*,4618
*,Wichita,*,*,*,*,191457,,*,Wichita,College of Music,*,*,*,6405
*,Wichita,*,*,*,*,191457,,*,Wichita,College of Nursing,*,*,*,11259
*,Wichita,*,*,*,*,191457,,*,Wichita,College of Political Science,*,*,*,8849
*,Wichita,*,*,*,*,191457,,*,Wichita,College of Social Science,*,*,*,24278
