AL,*,*,*,Campus Resource,*,58895,,AL,Huntsville,*,*,Campus Resource,*,1248
AL,*,*,*,Campus Resource,*,58895,,AL,Mobile,*,*,Campus Resource,*,18793
AL,*,*,*,Endowment,*,139305,,AL,Huntsville,*,*,Endowment,*,8974
AL,*,*,*,Endowment,*,139305,,AL,Mobile,*,*,Endowment,*,46324
AL,*,*,*,Scholarship,*,154094,,AL,Huntsville,*,*,Scholarship,*,4142
AR,*,*,*,Endowment,*,57201,,AR,Springfield,*,*,Endowment,*,8810
AZ,*,*,*,Campus Resource,*,198896,,AZ,Mesa,*,*,Campus Resource,*,39800
AZ,*,*,*,Campus Resource,*,198896,,AZ,Scottsdale,*,*,Campus Resource,*,41045
AZ,*,*,*,Campus Resource,*,198896,,AZ,Tucson,*,*,Campus Resource,*,9927
AZ,*,*,*,Endowment,*,411323,,AZ,Mesa,*,*,Endowment,*,40646
AZ,*,*,*,Endowment,*,411323,,AZ,Scottsdale,*,*,Endowment,*,32494
AZ,*,*,*,Endowment,*,411323,,AZ,Tucson,*,*,Endowment,*,38871
AZ,*,*,*,Scholarship,*,427754,,AZ,Mesa,*,*,Scholarship,*,56134
AZ,*,*,*,Scholarship,*,427754,,AZ,Scottsdale,*,*,Scholarship,*,34300
AZ,*,*,*,Scholarship,*,427754,,AZ,Tucson,*,*,Scholarship,*,32095
CA,*,*,*,Campus Resource,*,557621,,CA,Anaheim,*,*,Campus Resource,*,15183
CA,*,*,*,Campus Resource,*,557621,,CA,Fresno,*,*,Campus Resource,*,71040
CA,*,*,*,Campus Resource,*,557621,,CA,Los Angeles,*,*,Campus Resource,*,165540
CA,*,*,*,Campus Resource,*,557621,,CA,Sacramento,*,*,Campus Resource,*,43585
CA,*,*,*,Campus Resource,*,557621,,CA,San Diego,*,*,Campus Resource,*,32175
CA,*,*,*,Endowment,*,1063269,,CA,Anaheim,*,*,Endowment,*,45336
CA,*,*,*,Endowment,*,1063269,,CA,Fresno,*,*,Endowment,*,95208
CA,*,*,*,Endowment,*,1063269,,CA,Los Angeles,*,*,Endowment,*,300330
CA,*,*,*,Endowment,*,1063269,,CA,Sacramento,*,*,Endowment,*,59764
CA,*,*,*,Endowment,*,1063269,,CA,San Diego,*,*,Endowment,*,137107
CA,*,*,*,Scholarship,*,1124102,,CA,Anaheim,*,*,Scholarship,*,41764
CA,*,*,*,Scholarship,*,1124102,,CA,Fresno,*,*,Scholarship,*,64919
CA,*,*,*,Scholarship,*,1124102,,CA,Sacramento,*,*,Scholarship,*,28337
CA,*,*,*,Scholarship,*,1124102,,CA,San Diego,*,*,Scholarship,*,157836
CA,*,*,*,Scholarship,*,1124102,,CA,San Francisco,*,*,Scholarship,*,373993
CO,*,*,*,Campus Resource,*,659036.5,,CO,Colorado Springs,*,*,Campus Resource,*,47941
CO,*,*,*,Endowment,*,1084954.5,,CO,Colorado Springs,*,*,Endowment,*,121569
CO,*,*,*,Scholarship,*,1439924.0,,CO,Colorado Springs,*,*,Scholarship,*,157910
CT,*,*,*,Campus Resource,*,85613,,CT,New Haven,*,*,Campus Resource,*,2502
CT,*,*,*,Endowment,*,206404,,CT,New Haven,*,*,Endowment,*,20406
CT,*,*,*,Scholarship,*,198660,,CT,New Haven,*,*,Scholarship,*,11227
FL,*,*,*,Campus Resource,*,160422,,FL,Fort Lauderdale,*,*,Campus Resource,*,15106
FL,*,*,*,Campus Resource,*,160422,,FL,Jacksonville,*,*,Campus Resource,*,13383
FL,*,*,*,Campus Resource,*,160422,,FL,Miami,*,*,Campus Resource,*,44122
FL,*,*,*,Campus Resource,*,160422,,FL,Orlando,*,*,Campus Resource,*,44874
FL,*,*,*,Campus Resource,*,160422,,FL,Tallahassee,*,*,Campus Resource,*,42937
FL,*,*,*,Endowment,*,525343,,FL,Fort Lauderdale,*,*,Endowment,*,7914
FL,*,*,*,Endowment,*,525343,,FL,Jacksonville,*,*,Endowment,*,97368
FL,*,*,*,Endowment,*,525343,,FL,Miami,*,*,Endowment,*,121740
FL,*,*,*,Endowment,*,525343,,FL,Orlando,*,*,Endowment,*,144775
FL,*,*,*,Endowment,*,525343,,FL,Tallahassee,*,*,Endowment,*,153546
FL,*,*,*,Scholarship,*,491968,,FL,Fort Lauderdale,*,*,Scholarship,*,40092
FL,*,*,*,Scholarship,*,491968,,FL,Jacksonville,*,*,Scholarship,*,41858
FL,*,*,*,Scholarship,*,491968,,FL,Miami,*,*,Scholarship,*,156757
FL,*,*,*,Scholarship,*,491968,,FL,Orlando,*,*,Scholarship,*,148512
FL,*,*,*,Scholarship,*,491968,,FL,Tallahassee,*,*,Scholarship,*,104749
GA,*,*,*,Campus Resource,*,55915,,GA,Savannah,*,*,Campus Resource,*,18495
IA,*,*,*,Campus Resource,*,53453,,IA,Des Moines,*,*,Campus Resource,*,13256
IA,*,*,*,Endowment,*,46903,,IA,Des Moines,*,*,Endowment,*,9373
IA,*,*,*,Scholarship,*,69536,,IA,Des Moines,*,*,Scholarship,*,10245
IL,*,*,*,Campus Resource,*,196814,,IL,Naperville,*,*,Campus Resource,*,29612
IL,*,*,*,Campus Resource,*,196814,,IL,Springfield,*,*,Campus Resource,*,2877
IL,*,*,*,Endowment,*,811725,,IL,Naperville,*,*,Endowment,*,51619
IL,*,*,*,Endowment,*,811725,,IL,Springfield,*,*,Endowment,*,36020
IL,*,*,*,Scholarship,*,397543,,IL,Naperville,*,*,Scholarship,*,19444
IL,*,*,*,Scholarship,*,397543,,IL,Springfield,*,*,Scholarship,*,48230
KS,*,*,*,Campus Resource,*,102054,,KS,Kansas City,*,*,Campus Resource,*,7651
KS,*,*,*,Campus Resource,*,102054,,KS,Wichita,*,*,Campus Resource,*,32160
KS,*,*,*,Endowment,*,193702,,KS,Kansas City,*,*,Endowment,*,36885
KS,*,*,*,Scholarship,*,275559,,KS,Kansas City,*,*,Scholarship,*,59124
KS,*,*,*,Scholarship,*,275559,,KS,Wichita,*,*,Scholarship,*,81463
KY,*,*,*,Scholarship,*,82434,,KY,Lexington,*,*,Scholarship,*,22556
MI,*,*,*,Campus Resource,*,189106,,MI,Grand Rapids,*,*,Campus Resource,*,14104
MI,*,*,*,Campus Resource,*,189106,,MI,Lansing,*,*,Campus Resource,*,37143
MI,*,*,*,Endowment,*,335805,,MI,Detroit,*,*,Endowment,*,106125
MI,*,*,*,Endowment,*,335805,,MI,Grand Rapids,*,*,Endowment,*,56885
MI,*,*,*,Scholarship,*,326458,,MI,Grand Rapids,*,*,Scholarship,*,25058
MI,*,*,*,Scholarship,*,326458,,MI,Lansing,*,*,Scholarship,*,90176
MN,*,*,*,Campus Resource,*,20756,,MN,Minneapolis,*,*,Campus Resource,*,740
MN,*,*,*,Endowment,*,51681,,MN,St. Paul,*,*,Endowment,*,7159
NC,*,*,*,Campus Resource,*,151623,,NC,Charlotte,*,*,Campus Resource,*,49674
NC,*,*,*,Campus Resource,*,151623,,NC,Raleigh,*,*,Campus Resource,*,40844
NC,*,*,*,Endowment,*,237365,,NC,Charlotte,*,*,Endowment,*,67936
NC,*,*,*,Endowment,*,237365,,NC,Raleigh,*,*,Endowment,*,70979
NC,*,*,*,Scholarship,*,258651,,NC,Charlotte,*,*,Scholarship,*,70833
NC,*,*,*,Scholarship,*,258651,,NC,Raleigh,*,*,Scholarship,*,53994
NC,*,*,*,Scholarship,*,258651,,NC,Winston-salem,*,*,Scholarship,*,35079
NE,*,*,*,Campus Resource,*,36020,,NE,Omaha,*,*,Campus Resource,*,4776
NV,*,*,*,Campus Resource,*,130967,,NV,Henderson,*,*,Campus Resource,*,15915
NV,*,*,*,Campus Resource,*,130967,,NV,North Las Vegas,*,*,Campus Resource,*,41768
NV,*,*,*,Campus Resource,*,130967,,NV,Reno,*,*,Campus Resource,*,21124
NV,*,*,*,Endowment,*,189734,,NV,Las Vegas,*,*,Endowment,*,50587
NV,*,*,*,Endowment,*,189734,,NV,North Las Vegas,*,*,Endowment,*,45601
NV,*,*,*,Endowment,*,189734,,NV,Reno,*,*,Endowment,*,26776
NV,*,*,*,Scholarship,*,158579,,NV,Las Vegas,*,*,Scholarship,*,37537
NV,*,*,*,Scholarship,*,158579,,NV,North Las Vegas,*,*,Scholarship,*,52848
NV,*,*,*,Scholarship,*,158579,,NV,Reno,*,*,Scholarship,*,10448
NY,*,*,*,Campus Resource,*,211943,,NY,Rochester,*,*,Campus Resource,*,2576
NY,*,*,*,Campus Resource,*,211943,,NY,Syracuse,*,*,Campus Resource,*,3287
NY,*,*,*,Endowment,*,387006,,NY,Rochester,*,*,Endowment,*,49907
NY,*,*,*,Endowment,*,387006,,NY,Syracuse,*,*,Endowment,*,16903
NY,*,*,*,Scholarship,*,505098,,NY,Rochester,*,*,Scholarship,*,48291
NY,*,*,*,Scholarship,*,505098,,NY,Syracuse,*,*,Scholarship,*,70285
OH,*,*,*,Campus Resource,*,201543,,OH,Cleveland,*,*,Campus Resource,*,28277
OH,*,*,*,Endowment,*,261995,,OH,Cleveland,*,*,Endowment,*,50594
OH,*,*,*,Scholarship,*,419302,,OH,Cleveland,*,*,Scholarship,*,51309
OK,*,*,*,Endowment,*,94757,,OK,Tulsa,*,*,Endowment,*,18128
OK,*,*,*,Scholarship,*,124975,,OK,Tulsa,*,*,Scholarship,*,27081
OR,*,*,*,Campus Resource,*,76483,,OR,Portland,*,*,Campus Resource,*,18877
OR,*,*,*,Endowment,*,118836,,OR,Eugene,*,*,Endowment,*,24417
OR,*,*,*,Endowment,*,118836,,OR,Salem,*,*,Endowment,*,25809
OR,*,*,*,Scholarship,*,111195,,OR,Portland,*,*,Scholarship,*,15680
PA,*,*,*,Campus Resource,*,88648,,PA,Pittsburgh,*,*,Campus Resource,*,18345
PA,*,*,*,Endowment,*,92993,,PA,Pittsburgh,*,*,Endowment,*,13672
SC,*,*,*,Campus Resource,*,60529,,SC,Columbia,*,*,Campus Resource,*,15920
SC,*,*,*,Scholarship,*,149705,,SC,Charleston,*,*,Scholarship,*,48771
TN,*,*,*,Campus Resource,*,187241,,TN,Knoxville,*,*,Campus Resource,*,48334
TN,*,*,*,Campus Resource,*,187241,,TN,Murfreesboro,*,*,Campus Resource,*,7242
TN,*,*,*,Campus Resource,*,187241,,TN,Nashville,*,*,Campus Resource,*,16596
TN,*,*,*,Endowment,*,164934,,TN,Knoxville,*,*,Endowment,*,17301
TN,*,*,*,Endowment,*,164934,,TN,Nashville,*,*,Endowment,*,18781
TN,*,*,*,Scholarship,*,310886,,TN,Knoxville,*,*,Scholarship,*,54862
TN,*,*,*,Scholarship,*,310886,,TN,Murfreesboro,*,*,Scholarship,*,8199
TN,*,*,*,Scholarship,*,310886,,TN,Nashville,*,*,Scholarship,*,49806
TX,*,*,*,Campus Resource,*,455733,,TX,Amarillo,*,*,Campus Resource,*,21072
TX,*,*,*,Campus Resource,*,455733,,TX,Austin,*,*,Campus Resource,*,109718
TX,*,*,*,Campus Resource,*,455733,,TX,Dallas,*,*,Campus Resource,*,144004
TX,*,*,*,Campus Resource,*,455733,,TX,El Paso,*,*,Campus Resource,*,27044
TX,*,*,*,Campus Resource,*,455733,,TX,Houston,*,*,Campus Resource,*,117757
TX,*,*,*,Campus Resource,*,455733,,TX,San Antonio,*,*,Campus Resource,*,36138
TX,*,*,*,Endowment,*,699350,,TX,Amarillo,*,*,Endowment,*,51941
TX,*,*,*,Endowment,*,699350,,TX,Austin,*,*,Endowment,*,98815
TX,*,*,*,Endowment,*,699350,,TX,Dallas,*,*,Endowment,*,218225
TX,*,*,*,Endowment,*,699350,,TX,El Paso,*,*,Endowment,*,38213
TX,*,*,*,Endowment,*,699350,,TX,Houston,*,*,Endowment,*,223526
TX,*,*,*,Endowment,*,699350,,TX,San Antonio,*,*,Endowment,*,68630
TX,*,*,*,Scholarship,*,760925,,TX,Amarillo,*,*,Scholarship,*,49277
TX,*,*,*,Scholarship,*,760925,,TX,Austin,*,*,Scholarship,*,127806
TX,*,*,*,Scholarship,*,760925,,TX,El Paso,*,*,Scholarship,*,48314
TX,*,*,*,Scholarship,*,760925,,TX,Houston,*,*,Scholarship,*,231475
TX,*,*,*,Scholarship,*,760925,,TX,San Antonio,*,*,Scholarship,*,34672
UT,*,*,*,Campus Resource,*,52085,,UT,Provo,*,*,Campus Resource,*,8911
UT,*,*,*,Endowment,*,159190,,UT,Provo,*,*,Endowment,*,51201
UT,*,*,*,Endowment,*,159190,,UT,West Valley City,*,*,Endowment,*,45768
UT,*,*,*,Scholarship,*,183219,,UT,Provo,*,*,Scholarship,*,51150
UT,*,*,*,Scholarship,*,183219,,UT,West Valley City,*,*,Scholarship,*,38210
VA,*,*,*,Scholarship,*,334241,,VA,Alexandria,*,*,Scholarship,*,103904
WA,*,*,*,Endowment,*,218497,,WA,Spokane,*,*,Endowment,*,37351
WA,*,*,*,Scholarship,*,276555,,WA,Spokane,*,*,Scholarship,*,51306
