*,Charleston,College of Natural Science,College of Natural Science,*,Biochemistry and Molecular Biology/Biotechnology,9094,,SC,Charleston,College of Natural Science,College of Arts and Sciences,*,Biochemistry and Molecular Biology/Biotechnology,2960
*,Chicago,College of Social Science,College of Social Science,*,Interdisciplinary Studies in Social Science,28291,,IL,Chicago,College of Social Science,Athletics,*,Interdisciplinary Studies in Social Science,7004
*,Cincinnati,College of Social Science,College of Social Science,*,Geographic Information Science,19147,,OH,Cincinnati,College of Social Science,Campus Museums,*,Geographic Information Science,1652
*,Colorado Springs,College of Natural Science,College of Natural Science,*,Zoology,8789,,CO,Colorado Springs,College of Natural Science,Campus Museums,*,Zoology,1976
*,Los Angeles,College of Natural Science,College of Natural Science,*,Physical Science Interdepartmental,3732,,CA,Los Angeles,College of Natural Science,College of Engineering,*,Physical Science Interdepartmental,600
*,New York,College of Arts and Sciences,College of Arts and Sciences,*,Apparel and Textiles,16563,,NY,New York,College of Arts and Sciences,Campus Museums,*,Apparel and Textiles,3598
*,Oklahoma City,College of Business,College of Business,*,Marketing,8182,,OK,Oklahoma City,College of Business,College of Arts and Sciences,*,Marketing,862
*,Oklahoma City,College of Natural Science,College of Natural Science,*,Neuroscience,19514,,OK,Oklahoma City,College of Natural Science,Alumni Association,*,Neuroscience,2873
*,Phoenix,College of Nursing,College of Nursing,*,Nursing,7834,,AZ,Phoenix,College of Nursing,Campus Recreation,*,Nursing,1864
*,San Diego,College of Natural Science,College of Natural Science,*,Environmental Biology/Plant Biol,9131,,CA,San Diego,College of Natural Science,College of Communication Arts and Sciences,*,Environmental Biology/Plant Biol,685
*,San Francisco,College of Education,College of Education,*,Kinesiology,24932,,CA,San Francisco,College of Education,College of Agriculture and Natural Resources,*,Kinesiology,4839
*,St. Louis,College of Natural Science,College of Natural Science,*,Mathematics,225843,,MO,St. Louis,College of Natural Science,Campus Museums,*,Mathematics,3171
