AL,*,*,*,*,*,352294,,AL,*,College of Agriculture and Natural Resources,*,*,*,24878
AL,*,*,*,*,*,352294,,AL,*,College of Business,*,*,*,23197
AL,*,*,*,*,*,352294,,AL,*,College of Communication Arts and Sciences,*,*,*,12006
AL,*,*,*,*,*,352294,,AL,*,College of Education,*,*,*,11353
AL,*,*,*,*,*,352294,,AL,*,College of Engineering,*,*,*,20092
AL,*,*,*,*,*,352294,,AL,*,College of Natural Science,*,*,*,62819
AL,*,*,*,*,*,352294,,AL,*,College of Nursing,*,*,*,9833
AL,*,*,*,*,*,352294,,AL,*,College of Political Science,*,*,*,10675
AL,*,*,*,*,*,352294,,AL,*,College of Social Science,*,*,*,55375
AL,*,*,*,*,*,352294,,AL,*,College of Veterinary Medicine,*,*,*,77
AR,*,*,*,*,*,155976,,AR,*,College of Agriculture and Natural Resources,*,*,*,7638
AR,*,*,*,*,*,155976,,AR,*,College of Arts and Sciences,*,*,*,10316
AR,*,*,*,*,*,155976,,AR,*,College of Business,*,*,*,18569
AR,*,*,*,*,*,155976,,AR,*,College of Education,*,*,*,1858
AR,*,*,*,*,*,155976,,AR,*,College of Engineering,*,*,*,4976
AR,*,*,*,*,*,155976,,AR,*,College of Nursing,*,*,*,21001
AR,*,*,*,*,*,155976,,AR,*,College of Political Science,*,*,*,4828
AR,*,*,*,*,*,155976,,AR,*,College of Social Science,*,*,*,24825
AZ,*,*,*,*,*,1037973,,AZ,*,College of Agriculture and Natural Resources,*,*,*,124834
AZ,*,*,*,*,*,1037973,,AZ,*,College of Arts and Sciences,*,*,*,195770
AZ,*,*,*,*,*,1037973,,AZ,*,College of Business,*,*,*,82259
AZ,*,*,*,*,*,1037973,,AZ,*,College of Communication Arts and Sciences,*,*,*,31880
AZ,*,*,*,*,*,1037973,,AZ,*,College of Education,*,*,*,34511
AZ,*,*,*,*,*,1037973,,AZ,*,College of Engineering,*,*,*,88047
AZ,*,*,*,*,*,1037973,,AZ,*,College of Music,*,*,*,50908
AZ,*,*,*,*,*,1037973,,AZ,*,College of Natural Science,*,*,*,174488
AZ,*,*,*,*,*,1037973,,AZ,*,College of Nursing,*,*,*,98470
AZ,*,*,*,*,*,1037973,,AZ,*,College of Political Science,*,*,*,35610
AZ,*,*,*,*,*,1037973,,AZ,*,College of Social Science,*,*,*,112119
AZ,*,*,*,*,*,1037973,,AZ,*,College of Veterinary Medicine,*,*,*,9077
CA,*,*,*,*,*,2744992,,CA,*,College of Agriculture and Natural Resources,*,*,*,388831
CA,*,*,*,*,*,2744992,,CA,*,College of Arts and Sciences,*,*,*,560801
CA,*,*,*,*,*,2744992,,CA,*,College of Business,*,*,*,148889
CA,*,*,*,*,*,2744992,,CA,*,College of Communication Arts and Sciences,*,*,*,21599
CA,*,*,*,*,*,2744992,,CA,*,College of Education,*,*,*,99148
CA,*,*,*,*,*,2744992,,CA,*,College of Engineering,*,*,*,166024
CA,*,*,*,*,*,2744992,,CA,*,College of Music,*,*,*,160114
CA,*,*,*,*,*,2744992,,CA,*,College of Natural Science,*,*,*,513893
CA,*,*,*,*,*,2744992,,CA,*,College of Nursing,*,*,*,111532
CA,*,*,*,*,*,2744992,,CA,*,College of Political Science,*,*,*,67504
CA,*,*,*,*,*,2744992,,CA,*,College of Social Science,*,*,*,494442
CA,*,*,*,*,*,2744992,,CA,*,College of Veterinary Medicine,*,*,*,12215
CO,*,*,*,*,*,3183915.0,,CO,*,College of Agriculture and Natural Resources,*,*,*,531860.0
CO,*,*,*,*,*,3183915.0,,CO,*,College of Arts and Sciences,*,*,*,769361.5
CO,*,*,*,*,*,3183915.0,,CO,*,College of Business,*,*,*,49700.0
CO,*,*,*,*,*,3183915.0,,CO,*,College of Communication Arts and Sciences,*,*,*,30540.0
CO,*,*,*,*,*,3183915.0,,CO,*,College of Education,*,*,*,204939.5
CO,*,*,*,*,*,3183915.0,,CO,*,College of Engineering,*,*,*,152060.0
CO,*,*,*,*,*,3183915.0,,CO,*,College of Music,*,*,*,189535.5
CO,*,*,*,*,*,3183915.0,,CO,*,College of Natural Science,*,*,*,521933.5
CO,*,*,*,*,*,3183915.0,,CO,*,College of Nursing,*,*,*,96675.0
CO,*,*,*,*,*,3183915.0,,CO,*,College of Political Science,*,*,*,48563.5
CO,*,*,*,*,*,3183915.0,,CO,*,College of Social Science,*,*,*,567407.5
CO,*,*,*,*,*,3183915.0,,CO,*,College of Veterinary Medicine,*,*,*,21339.0
CT,*,*,*,*,*,490677,,CT,*,College of Agriculture and Natural Resources,*,*,*,93314
CT,*,*,*,*,*,490677,,CT,*,College of Arts and Sciences,*,*,*,142822
CT,*,*,*,*,*,490677,,CT,*,College of Business,*,*,*,4982
CT,*,*,*,*,*,490677,,CT,*,College of Communication Arts and Sciences,*,*,*,1091
CT,*,*,*,*,*,490677,,CT,*,College of Education,*,*,*,17391
CT,*,*,*,*,*,490677,,CT,*,College of Engineering,*,*,*,46595
CT,*,*,*,*,*,490677,,CT,*,College of Natural Science,*,*,*,77628
CT,*,*,*,*,*,490677,,CT,*,College of Nursing,*,*,*,14943
CT,*,*,*,*,*,490677,,CT,*,College of Political Science,*,*,*,31169
CT,*,*,*,*,*,490677,,CT,*,College of Social Science,*,*,*,60742
DC,*,*,*,*,*,238717,,DC,*,College of Agriculture and Natural Resources,*,*,*,40381
DC,*,*,*,*,*,238717,,DC,*,College of Engineering,*,*,*,28753
DC,*,*,*,*,*,238717,,DC,*,College of Music,*,*,*,2233
DC,*,*,*,*,*,238717,,DC,*,College of Natural Science,*,*,*,26453
DC,*,*,*,*,*,238717,,DC,*,College of Nursing,*,*,*,28927
FL,*,*,*,*,*,1177733,,FL,*,College of Agriculture and Natural Resources,*,*,*,279224
FL,*,*,*,*,*,1177733,,FL,*,College of Arts and Sciences,*,*,*,205328
FL,*,*,*,*,*,1177733,,FL,*,College of Business,*,*,*,81847
FL,*,*,*,*,*,1177733,,FL,*,College of Communication Arts and Sciences,*,*,*,49311
FL,*,*,*,*,*,1177733,,FL,*,College of Engineering,*,*,*,47053
FL,*,*,*,*,*,1177733,,FL,*,College of Music,*,*,*,28102
FL,*,*,*,*,*,1177733,,FL,*,College of Natural Science,*,*,*,244101
FL,*,*,*,*,*,1177733,,FL,*,College of Nursing,*,*,*,8955
FL,*,*,*,*,*,1177733,,FL,*,College of Political Science,*,*,*,61506
FL,*,*,*,*,*,1177733,,FL,*,College of Social Science,*,*,*,172306
GA,*,*,*,*,*,404296,,GA,*,College of Agriculture and Natural Resources,*,*,*,24585
GA,*,*,*,*,*,404296,,GA,*,College of Arts and Sciences,*,*,*,42192
GA,*,*,*,*,*,404296,,GA,*,College of Business,*,*,*,21687
GA,*,*,*,*,*,404296,,GA,*,College of Communication Arts and Sciences,*,*,*,7010
GA,*,*,*,*,*,404296,,GA,*,College of Education,*,*,*,2015
GA,*,*,*,*,*,404296,,GA,*,College of Engineering,*,*,*,24473
GA,*,*,*,*,*,404296,,GA,*,College of Nursing,*,*,*,11021
GA,*,*,*,*,*,404296,,GA,*,College of Political Science,*,*,*,19314
GA,*,*,*,*,*,404296,,GA,*,College of Social Science,*,*,*,35008
GA,*,*,*,*,*,404296,,GA,*,College of Veterinary Medicine,*,*,*,14794
IA,*,*,*,*,*,169892,,IA,*,College of Agriculture and Natural Resources,*,*,*,7713
IA,*,*,*,*,*,169892,,IA,*,College of Arts and Sciences,*,*,*,42109
IA,*,*,*,*,*,169892,,IA,*,College of Engineering,*,*,*,17980
IA,*,*,*,*,*,169892,,IA,*,College of Music,*,*,*,9831
IA,*,*,*,*,*,169892,,IA,*,College of Natural Science,*,*,*,38166
IA,*,*,*,*,*,169892,,IA,*,College of Nursing,*,*,*,7509
IA,*,*,*,*,*,169892,,IA,*,College of Social Science,*,*,*,37724
IA,*,*,*,*,*,169892,,IA,*,College of Veterinary Medicine,*,*,*,8860
IL,*,*,*,*,*,1406082,,IL,*,College of Agriculture and Natural Resources,*,*,*,101665
IL,*,*,*,*,*,1406082,,IL,*,College of Arts and Sciences,*,*,*,220769
IL,*,*,*,*,*,1406082,,IL,*,College of Business,*,*,*,70154
IL,*,*,*,*,*,1406082,,IL,*,College of Communication Arts and Sciences,*,*,*,28418
IL,*,*,*,*,*,1406082,,IL,*,College of Education,*,*,*,56846
IL,*,*,*,*,*,1406082,,IL,*,College of Music,*,*,*,83878
IL,*,*,*,*,*,1406082,,IL,*,College of Natural Science,*,*,*,116784
IL,*,*,*,*,*,1406082,,IL,*,College of Nursing,*,*,*,24857
IL,*,*,*,*,*,1406082,,IL,*,College of Political Science,*,*,*,11375
IL,*,*,*,*,*,1406082,,IL,*,College of Social Science,*,*,*,117481
IL,*,*,*,*,*,1406082,,IL,*,College of Veterinary Medicine,*,*,*,8960
IN,*,*,*,*,*,492392,,IN,*,College of Agriculture and Natural Resources,*,*,*,34262
IN,*,*,*,*,*,492392,,IN,*,College of Arts and Sciences,*,*,*,58732
IN,*,*,*,*,*,492392,,IN,*,College of Business,*,*,*,59110
IN,*,*,*,*,*,492392,,IN,*,College of Communication Arts and Sciences,*,*,*,5686
IN,*,*,*,*,*,492392,,IN,*,College of Education,*,*,*,6243
IN,*,*,*,*,*,492392,,IN,*,College of Engineering,*,*,*,85241
IN,*,*,*,*,*,492392,,IN,*,College of Natural Science,*,*,*,147029
IN,*,*,*,*,*,492392,,IN,*,College of Political Science,*,*,*,25049
IN,*,*,*,*,*,492392,,IN,*,College of Social Science,*,*,*,71040
KS,*,*,*,*,*,571315,,KS,*,College of Agriculture and Natural Resources,*,*,*,101639
KS,*,*,*,*,*,571315,,KS,*,College of Arts and Sciences,*,*,*,59209
KS,*,*,*,*,*,571315,,KS,*,College of Business,*,*,*,24082
KS,*,*,*,*,*,571315,,KS,*,College of Communication Arts and Sciences,*,*,*,7347
KS,*,*,*,*,*,571315,,KS,*,College of Education,*,*,*,35239
KS,*,*,*,*,*,571315,,KS,*,College of Engineering,*,*,*,4618
KS,*,*,*,*,*,571315,,KS,*,College of Music,*,*,*,38824
KS,*,*,*,*,*,571315,,KS,*,College of Natural Science,*,*,*,150985
KS,*,*,*,*,*,571315,,KS,*,College of Nursing,*,*,*,11259
KS,*,*,*,*,*,571315,,KS,*,College of Political Science,*,*,*,51706
KS,*,*,*,*,*,571315,,KS,*,College of Social Science,*,*,*,82711
KS,*,*,*,*,*,571315,,KS,*,College of Veterinary Medicine,*,*,*,3696
KY,*,*,*,*,*,191381,,KY,*,College of Agriculture and Natural Resources,*,*,*,18447
KY,*,*,*,*,*,191381,,KY,*,College of Arts and Sciences,*,*,*,60637
KY,*,*,*,*,*,191381,,KY,*,College of Business,*,*,*,2639
KY,*,*,*,*,*,191381,,KY,*,College of Communication Arts and Sciences,*,*,*,17952
KY,*,*,*,*,*,191381,,KY,*,College of Engineering,*,*,*,936
KY,*,*,*,*,*,191381,,KY,*,College of Music,*,*,*,21760
KY,*,*,*,*,*,191381,,KY,*,College of Natural Science,*,*,*,38804
KY,*,*,*,*,*,191381,,KY,*,College of Political Science,*,*,*,888
KY,*,*,*,*,*,191381,,KY,*,College of Social Science,*,*,*,29318
LA,*,*,*,*,*,310746,,LA,*,College of Agriculture and Natural Resources,*,*,*,30291
LA,*,*,*,*,*,310746,,LA,*,College of Arts and Sciences,*,*,*,69204
LA,*,*,*,*,*,310746,,LA,*,College of Business,*,*,*,67413
LA,*,*,*,*,*,310746,,LA,*,College of Education,*,*,*,21860
LA,*,*,*,*,*,310746,,LA,*,College of Engineering,*,*,*,14719
LA,*,*,*,*,*,310746,,LA,*,College of Music,*,*,*,24817
LA,*,*,*,*,*,310746,,LA,*,College of Natural Science,*,*,*,26846
LA,*,*,*,*,*,310746,,LA,*,College of Political Science,*,*,*,13397
LA,*,*,*,*,*,310746,,LA,*,College of Social Science,*,*,*,42199
MA,*,*,*,*,*,416307,,MA,*,College of Agriculture and Natural Resources,*,*,*,130137
MA,*,*,*,*,*,416307,,MA,*,College of Arts and Sciences,*,*,*,73955
MA,*,*,*,*,*,416307,,MA,*,College of Business,*,*,*,46625
MA,*,*,*,*,*,416307,,MA,*,College of Communication Arts and Sciences,*,*,*,8559
MA,*,*,*,*,*,416307,,MA,*,College of Engineering,*,*,*,26792
MA,*,*,*,*,*,416307,,MA,*,College of Music,*,*,*,45710
MA,*,*,*,*,*,416307,,MA,*,College of Natural Science,*,*,*,15170
MA,*,*,*,*,*,416307,,MA,*,College of Political Science,*,*,*,12363
MA,*,*,*,*,*,416307,,MA,*,College of Social Science,*,*,*,56996
MI,*,*,*,*,*,851369,,MI,*,College of Agriculture and Natural Resources,*,*,*,158386
MI,*,*,*,*,*,851369,,MI,*,College of Arts and Sciences,*,*,*,110593
MI,*,*,*,*,*,851369,,MI,*,College of Business,*,*,*,86539
MI,*,*,*,*,*,851369,,MI,*,College of Communication Arts and Sciences,*,*,*,22311
MI,*,*,*,*,*,851369,,MI,*,College of Education,*,*,*,58178
MI,*,*,*,*,*,851369,,MI,*,College of Engineering,*,*,*,26841
MI,*,*,*,*,*,851369,,MI,*,College of Music,*,*,*,24710
MI,*,*,*,*,*,851369,,MI,*,College of Natural Science,*,*,*,113326
MI,*,*,*,*,*,851369,,MI,*,College of Nursing,*,*,*,76668
MI,*,*,*,*,*,851369,,MI,*,College of Political Science,*,*,*,101374
MI,*,*,*,*,*,851369,,MI,*,College of Social Science,*,*,*,70504
MI,*,*,*,*,*,851369,,MI,*,College of Veterinary Medicine,*,*,*,1939
MN,*,*,*,*,*,101068,,MN,*,College of Agriculture and Natural Resources,*,*,*,13428
MN,*,*,*,*,*,101068,,MN,*,College of Arts and Sciences,*,*,*,13177
MN,*,*,*,*,*,101068,,MN,*,College of Business,*,*,*,24348
MN,*,*,*,*,*,101068,,MN,*,College of Communication Arts and Sciences,*,*,*,3438
MN,*,*,*,*,*,101068,,MN,*,College of Engineering,*,*,*,9394
MN,*,*,*,*,*,101068,,MN,*,College of Natural Science,*,*,*,8949
MN,*,*,*,*,*,101068,,MN,*,College of Political Science,*,*,*,6838
MN,*,*,*,*,*,101068,,MN,*,College of Social Science,*,*,*,21496
MO,*,*,*,*,*,828928,,MO,*,College of Agriculture and Natural Resources,*,*,*,148051
MO,*,*,*,*,*,828928,,MO,*,College of Arts and Sciences,*,*,*,78797
MO,*,*,*,*,*,828928,,MO,*,College of Business,*,*,*,30032
MO,*,*,*,*,*,828928,,MO,*,College of Communication Arts and Sciences,*,*,*,18065
MO,*,*,*,*,*,828928,,MO,*,College of Education,*,*,*,54576
MO,*,*,*,*,*,828928,,MO,*,College of Engineering,*,*,*,69339
MO,*,*,*,*,*,828928,,MO,*,College of Music,*,*,*,3045
MO,*,*,*,*,*,828928,,MO,*,College of Nursing,*,*,*,4059
MO,*,*,*,*,*,828928,,MO,*,College of Political Science,*,*,*,7582
MO,*,*,*,*,*,828928,,MO,*,College of Social Science,*,*,*,65517
NC,*,*,*,*,*,647639,,NC,*,College of Agriculture and Natural Resources,*,*,*,51604
NC,*,*,*,*,*,647639,,NC,*,College of Arts and Sciences,*,*,*,71755
NC,*,*,*,*,*,647639,,NC,*,College of Business,*,*,*,19420
NC,*,*,*,*,*,647639,,NC,*,College of Communication Arts and Sciences,*,*,*,19584
NC,*,*,*,*,*,647639,,NC,*,College of Education,*,*,*,24451
NC,*,*,*,*,*,647639,,NC,*,College of Engineering,*,*,*,39385
NC,*,*,*,*,*,647639,,NC,*,College of Music,*,*,*,56188
NC,*,*,*,*,*,647639,,NC,*,College of Nursing,*,*,*,6894
NC,*,*,*,*,*,647639,,NC,*,College of Political Science,*,*,*,32798
NC,*,*,*,*,*,647639,,NC,*,College of Social Science,*,*,*,103042
NE,*,*,*,*,*,275385,,NE,*,College of Agriculture and Natural Resources,*,*,*,52989
NE,*,*,*,*,*,275385,,NE,*,College of Arts and Sciences,*,*,*,29911
NE,*,*,*,*,*,275385,,NE,*,College of Business,*,*,*,2647
NE,*,*,*,*,*,275385,,NE,*,College of Engineering,*,*,*,48322
NE,*,*,*,*,*,275385,,NE,*,College of Music,*,*,*,16472
NE,*,*,*,*,*,275385,,NE,*,College of Natural Science,*,*,*,59239
NE,*,*,*,*,*,275385,,NE,*,College of Social Science,*,*,*,65805
NH,*,*,*,*,*,149882,,NH,*,College of Engineering,*,*,*,6508
NH,*,*,*,*,*,149882,,NH,*,College of Music,*,*,*,12461
NH,*,*,*,*,*,149882,,NH,*,College of Natural Science,*,*,*,8877
NH,*,*,*,*,*,149882,,NH,*,College of Social Science,*,*,*,30637
NJ,*,*,*,*,*,56889,,NJ,*,College of Political Science,*,*,*,6993
NJ,*,*,*,*,*,56889,,NJ,*,College of Social Science,*,*,*,4383
NM,*,*,*,*,*,169283,,NM,*,College of Arts and Sciences,*,*,*,29493
NM,*,*,*,*,*,169283,,NM,*,College of Communication Arts and Sciences,*,*,*,30808
NM,*,*,*,*,*,169283,,NM,*,College of Education,*,*,*,31916
NM,*,*,*,*,*,169283,,NM,*,College of Engineering,*,*,*,8951
NM,*,*,*,*,*,169283,,NM,*,College of Music,*,*,*,6598
NM,*,*,*,*,*,169283,,NM,*,College of Natural Science,*,*,*,9189
NM,*,*,*,*,*,169283,,NM,*,College of Social Science,*,*,*,52328
NV,*,*,*,*,*,479280,,NV,*,College of Agriculture and Natural Resources,*,*,*,65562
NV,*,*,*,*,*,479280,,NV,*,College of Arts and Sciences,*,*,*,65983
NV,*,*,*,*,*,479280,,NV,*,College of Business,*,*,*,17575
NV,*,*,*,*,*,479280,,NV,*,College of Communication Arts and Sciences,*,*,*,36176
NV,*,*,*,*,*,479280,,NV,*,College of Education,*,*,*,434
NV,*,*,*,*,*,479280,,NV,*,College of Engineering,*,*,*,79818
NV,*,*,*,*,*,479280,,NV,*,College of Music,*,*,*,35733
NV,*,*,*,*,*,479280,,NV,*,College of Natural Science,*,*,*,114381
NV,*,*,*,*,*,479280,,NV,*,College of Political Science,*,*,*,8720
NV,*,*,*,*,*,479280,,NV,*,College of Social Science,*,*,*,54898
NY,*,*,*,*,*,1104047,,NY,*,College of Agriculture and Natural Resources,*,*,*,217236
NY,*,*,*,*,*,1104047,,NY,*,College of Arts and Sciences,*,*,*,238805
NY,*,*,*,*,*,1104047,,NY,*,College of Business,*,*,*,101449
NY,*,*,*,*,*,1104047,,NY,*,College of Communication Arts and Sciences,*,*,*,9
NY,*,*,*,*,*,1104047,,NY,*,College of Education,*,*,*,48663
NY,*,*,*,*,*,1104047,,NY,*,College of Engineering,*,*,*,19943
NY,*,*,*,*,*,1104047,,NY,*,College of Music,*,*,*,23257
NY,*,*,*,*,*,1104047,,NY,*,College of Natural Science,*,*,*,216968
NY,*,*,*,*,*,1104047,,NY,*,College of Nursing,*,*,*,10271
NY,*,*,*,*,*,1104047,,NY,*,College of Political Science,*,*,*,108100
NY,*,*,*,*,*,1104047,,NY,*,College of Social Science,*,*,*,117352
NY,*,*,*,*,*,1104047,,NY,*,College of Veterinary Medicine,*,*,*,1994
OH,*,*,*,*,*,882840,,OH,*,College of Agriculture and Natural Resources,*,*,*,60316
OH,*,*,*,*,*,882840,,OH,*,College of Arts and Sciences,*,*,*,216741
OH,*,*,*,*,*,882840,,OH,*,College of Business,*,*,*,40959
OH,*,*,*,*,*,882840,,OH,*,College of Communication Arts and Sciences,*,*,*,45170
OH,*,*,*,*,*,882840,,OH,*,College of Education,*,*,*,12661
OH,*,*,*,*,*,882840,,OH,*,College of Engineering,*,*,*,9389
OH,*,*,*,*,*,882840,,OH,*,College of Music,*,*,*,53012
OH,*,*,*,*,*,882840,,OH,*,College of Natural Science,*,*,*,157110
OH,*,*,*,*,*,882840,,OH,*,College of Nursing,*,*,*,21405
OH,*,*,*,*,*,882840,,OH,*,College of Political Science,*,*,*,11684
OH,*,*,*,*,*,882840,,OH,*,College of Social Science,*,*,*,189239
OH,*,*,*,*,*,882840,,OH,*,College of Veterinary Medicine,*,*,*,65154
OK,*,*,*,*,*,294113,,OK,*,College of Agriculture and Natural Resources,*,*,*,24521
OK,*,*,*,*,*,294113,,OK,*,College of Arts and Sciences,*,*,*,42129
OK,*,*,*,*,*,294113,,OK,*,College of Business,*,*,*,62186
OK,*,*,*,*,*,294113,,OK,*,College of Communication Arts and Sciences,*,*,*,7020
OK,*,*,*,*,*,294113,,OK,*,College of Education,*,*,*,8983
OK,*,*,*,*,*,294113,,OK,*,College of Engineering,*,*,*,5885
OK,*,*,*,*,*,294113,,OK,*,College of Music,*,*,*,13339
OK,*,*,*,*,*,294113,,OK,*,College of Natural Science,*,*,*,59764
OK,*,*,*,*,*,294113,,OK,*,College of Political Science,*,*,*,8717
OK,*,*,*,*,*,294113,,OK,*,College of Social Science,*,*,*,61569
OR,*,*,*,*,*,306514,,OR,*,College of Agriculture and Natural Resources,*,*,*,26641
OR,*,*,*,*,*,306514,,OR,*,College of Arts and Sciences,*,*,*,78320
OR,*,*,*,*,*,306514,,OR,*,College of Business,*,*,*,2442
OR,*,*,*,*,*,306514,,OR,*,College of Communication Arts and Sciences,*,*,*,33759
OR,*,*,*,*,*,306514,,OR,*,College of Education,*,*,*,3254
OR,*,*,*,*,*,306514,,OR,*,College of Engineering,*,*,*,3978
OR,*,*,*,*,*,306514,,OR,*,College of Music,*,*,*,24091
OR,*,*,*,*,*,306514,,OR,*,College of Natural Science,*,*,*,79331
OR,*,*,*,*,*,306514,,OR,*,College of Political Science,*,*,*,14669
OR,*,*,*,*,*,306514,,OR,*,College of Social Science,*,*,*,40029
PA,*,*,*,*,*,302707,,PA,*,College of Agriculture and Natural Resources,*,*,*,24653
PA,*,*,*,*,*,302707,,PA,*,College of Arts and Sciences,*,*,*,67491
PA,*,*,*,*,*,302707,,PA,*,College of Business,*,*,*,9143
PA,*,*,*,*,*,302707,,PA,*,College of Communication Arts and Sciences,*,*,*,5818
PA,*,*,*,*,*,302707,,PA,*,College of Education,*,*,*,13320
PA,*,*,*,*,*,302707,,PA,*,College of Engineering,*,*,*,20753
PA,*,*,*,*,*,302707,,PA,*,College of Natural Science,*,*,*,42508
PA,*,*,*,*,*,302707,,PA,*,College of Veterinary Medicine,*,*,*,11284
RI,*,*,*,*,*,142920,,RI,*,College of Agriculture and Natural Resources,*,*,*,15293
RI,*,*,*,*,*,142920,,RI,*,College of Arts and Sciences,*,*,*,39448
RI,*,*,*,*,*,142920,,RI,*,College of Communication Arts and Sciences,*,*,*,4090
RI,*,*,*,*,*,142920,,RI,*,College of Education,*,*,*,14912
RI,*,*,*,*,*,142920,,RI,*,College of Music,*,*,*,11813
RI,*,*,*,*,*,142920,,RI,*,College of Natural Science,*,*,*,25899
RI,*,*,*,*,*,142920,,RI,*,College of Social Science,*,*,*,31465
SC,*,*,*,*,*,275404,,SC,*,College of Agriculture and Natural Resources,*,*,*,43081
SC,*,*,*,*,*,275404,,SC,*,College of Arts and Sciences,*,*,*,58502
SC,*,*,*,*,*,275404,,SC,*,College of Communication Arts and Sciences,*,*,*,7670
SC,*,*,*,*,*,275404,,SC,*,College of Engineering,*,*,*,16070
SC,*,*,*,*,*,275404,,SC,*,College of Music,*,*,*,14955
SC,*,*,*,*,*,275404,,SC,*,College of Natural Science,*,*,*,25155
SC,*,*,*,*,*,275404,,SC,*,College of Nursing,*,*,*,17042
TN,*,*,*,*,*,663061,,TN,*,College of Agriculture and Natural Resources,*,*,*,87834
TN,*,*,*,*,*,663061,,TN,*,College of Arts and Sciences,*,*,*,121657
TN,*,*,*,*,*,663061,,TN,*,College of Business,*,*,*,72397
TN,*,*,*,*,*,663061,,TN,*,College of Communication Arts and Sciences,*,*,*,37039
TN,*,*,*,*,*,663061,,TN,*,College of Education,*,*,*,29713
TN,*,*,*,*,*,663061,,TN,*,College of Engineering,*,*,*,36388
TN,*,*,*,*,*,663061,,TN,*,College of Music,*,*,*,5554
TN,*,*,*,*,*,663061,,TN,*,College of Natural Science,*,*,*,155665
TN,*,*,*,*,*,663061,,TN,*,College of Nursing,*,*,*,8554
TN,*,*,*,*,*,663061,,TN,*,College of Political Science,*,*,*,41368
TN,*,*,*,*,*,663061,,TN,*,College of Social Science,*,*,*,61089
TN,*,*,*,*,*,663061,,TN,*,College of Veterinary Medicine,*,*,*,5803
TX,*,*,*,*,*,1916008,,TX,*,College of Agriculture and Natural Resources,*,*,*,216202
TX,*,*,*,*,*,1916008,,TX,*,College of Arts and Sciences,*,*,*,357957
TX,*,*,*,*,*,1916008,,TX,*,College of Business,*,*,*,146368
TX,*,*,*,*,*,1916008,,TX,*,College of Communication Arts and Sciences,*,*,*,13823
TX,*,*,*,*,*,1916008,,TX,*,College of Education,*,*,*,28176
TX,*,*,*,*,*,1916008,,TX,*,College of Engineering,*,*,*,130125
TX,*,*,*,*,*,1916008,,TX,*,College of Music,*,*,*,45666
TX,*,*,*,*,*,1916008,,TX,*,College of Natural Science,*,*,*,568526
TX,*,*,*,*,*,1916008,,TX,*,College of Nursing,*,*,*,13898
TX,*,*,*,*,*,1916008,,TX,*,College of Political Science,*,*,*,74057
TX,*,*,*,*,*,1916008,,TX,*,College of Social Science,*,*,*,248546
TX,*,*,*,*,*,1916008,,TX,*,College of Veterinary Medicine,*,*,*,72664
UT,*,*,*,*,*,394494,,UT,*,College of Agriculture and Natural Resources,*,*,*,53432
UT,*,*,*,*,*,394494,,UT,*,College of Arts and Sciences,*,*,*,63680
UT,*,*,*,*,*,394494,,UT,*,College of Business,*,*,*,27909
UT,*,*,*,*,*,394494,,UT,*,College of Education,*,*,*,11223
UT,*,*,*,*,*,394494,,UT,*,College of Engineering,*,*,*,55857
UT,*,*,*,*,*,394494,,UT,*,College of Music,*,*,*,18939
UT,*,*,*,*,*,394494,,UT,*,College of Natural Science,*,*,*,95809
UT,*,*,*,*,*,394494,,UT,*,College of Nursing,*,*,*,3870
UT,*,*,*,*,*,394494,,UT,*,College of Political Science,*,*,*,27065
UT,*,*,*,*,*,394494,,UT,*,College of Social Science,*,*,*,36710
VA,*,*,*,*,*,635476,,VA,*,College of Agriculture and Natural Resources,*,*,*,136336
VA,*,*,*,*,*,635476,,VA,*,College of Arts and Sciences,*,*,*,132703
VA,*,*,*,*,*,635476,,VA,*,College of Communication Arts and Sciences,*,*,*,4804
VA,*,*,*,*,*,635476,,VA,*,College of Education,*,*,*,13766
VA,*,*,*,*,*,635476,,VA,*,College of Engineering,*,*,*,57990
VA,*,*,*,*,*,635476,,VA,*,College of Music,*,*,*,21639
VA,*,*,*,*,*,635476,,VA,*,College of Natural Science,*,*,*,170490
VA,*,*,*,*,*,635476,,VA,*,College of Nursing,*,*,*,10199
VA,*,*,*,*,*,635476,,VA,*,College of Political Science,*,*,*,48548
VA,*,*,*,*,*,635476,,VA,*,College of Social Science,*,*,*,34259
VA,*,*,*,*,*,635476,,VA,*,College of Veterinary Medicine,*,*,*,4742
WA,*,*,*,*,*,616481,,WA,*,College of Agriculture and Natural Resources,*,*,*,91419
WA,*,*,*,*,*,616481,,WA,*,College of Arts and Sciences,*,*,*,122459
WA,*,*,*,*,*,616481,,WA,*,College of Business,*,*,*,44134
WA,*,*,*,*,*,616481,,WA,*,College of Communication Arts and Sciences,*,*,*,43216
WA,*,*,*,*,*,616481,,WA,*,College of Education,*,*,*,4740
WA,*,*,*,*,*,616481,,WA,*,College of Engineering,*,*,*,51890
WA,*,*,*,*,*,616481,,WA,*,College of Music,*,*,*,13972
WA,*,*,*,*,*,616481,,WA,*,College of Natural Science,*,*,*,134368
WA,*,*,*,*,*,616481,,WA,*,College of Political Science,*,*,*,4089
WA,*,*,*,*,*,616481,,WA,*,College of Social Science,*,*,*,106194
WI,*,*,*,*,*,166542,,WI,*,College of Agriculture and Natural Resources,*,*,*,6482
WI,*,*,*,*,*,166542,,WI,*,College of Arts and Sciences,*,*,*,19119
WI,*,*,*,*,*,166542,,WI,*,College of Business,*,*,*,2266
WI,*,*,*,*,*,166542,,WI,*,College of Communication Arts and Sciences,*,*,*,23052
WI,*,*,*,*,*,166542,,WI,*,College of Engineering,*,*,*,7875
WI,*,*,*,*,*,166542,,WI,*,College of Music,*,*,*,9434
WI,*,*,*,*,*,166542,,WI,*,College of Natural Science,*,*,*,42184
WI,*,*,*,*,*,166542,,WI,*,College of Political Science,*,*,*,29085
WI,*,*,*,*,*,166542,,WI,*,College of Social Science,*,*,*,27045
WY,*,*,*,*,*,46537,,WY,*,College of Business,*,*,*,9538
