*,*,College of Agriculture and Natural Resources,College of Agriculture and Natural Resources,*,Animal Science,31434,,*,*,College of Agriculture and Natural Resources,Athletics,Campus Resource,Animal Science,2697
*,*,College of Agriculture and Natural Resources,College of Agriculture and Natural Resources,*,Animal Science,31434,,*,*,College of Agriculture and Natural Resources,Campus Recreation,Campus Resource,Animal Science,9735
*,*,College of Agriculture and Natural Resources,College of Agriculture and Natural Resources,*,Entomology,10055,,*,*,College of Agriculture and Natural Resources,Alumni Association,Campus Resource,Entomology,816
*,*,College of Agriculture and Natural Resources,College of Agriculture and Natural Resources,*,Environmental Economics and Policy,22086,,*,*,College of Agriculture and Natural Resources,Campus Museums,Campus Resource,Environmental Economics and Policy,290
*,*,College of Agriculture and Natural Resources,College of Agriculture and Natural Resources,*,Environmental Economics and Policy,22086,,*,*,College of Agriculture and Natural Resources,Campus Recreation,Campus Resource,Environmental Economics and Policy,5166
*,*,College of Agriculture and Natural Resources,College of Agriculture and Natural Resources,*,Environmental Studies and Agriscience,23969.5,,*,*,College of Agriculture and Natural Resources,Campus Recreation,Campus Resource,Environmental Studies and Agriscience,5070
*,*,College of Agriculture and Natural Resources,College of Agriculture and Natural Resources,*,Fisheries and Wildlife,43767,,*,*,College of Agriculture and Natural Resources,Athletics,Campus Resource,Fisheries and Wildlife,7242
*,*,College of Agriculture and Natural Resources,College of Agriculture and Natural Resources,*,Food Science,28279.5,,*,*,College of Agriculture and Natural Resources,Alumni Association,Campus Resource,Food Science,7138.5
*,*,College of Agriculture and Natural Resources,College of Agriculture and Natural Resources,*,Food Science,28279.5,,*,*,College of Agriculture and Natural Resources,Athletics,Campus Resource,Food Science,1920
*,*,College of Agriculture and Natural Resources,College of Agriculture and Natural Resources,*,Landscape Architecture,14407,,*,*,College of Agriculture and Natural Resources,Athletics,Campus Resource,Landscape Architecture,1822
*,*,College of Agriculture and Natural Resources,College of Agriculture and Natural Resources,*,Packaging,31750,,*,*,College of Agriculture and Natural Resources,Alumni Association,Campus Resource,Packaging,6519
*,*,College of Agriculture and Natural Resources,College of Agriculture and Natural Resources,*,Packaging,31750,,*,*,College of Agriculture and Natural Resources,Campus Museums,Campus Resource,Packaging,9016
*,*,College of Agriculture and Natural Resources,College of Agriculture and Natural Resources,*,Packaging,31750,,*,*,College of Agriculture and Natural Resources,Campus Recreation,Campus Resource,Packaging,6067
*,*,College of Arts and Sciences,College of Arts and Sciences,*,Apparel and Textile Design,33290,,*,*,College of Arts and Sciences,Alumni Association,Campus Resource,Apparel and Textile Design,10318
*,*,College of Arts and Sciences,College of Arts and Sciences,*,Apparel and Textile Design,33290,,*,*,College of Arts and Sciences,Campus Recreation,Campus Resource,Apparel and Textile Design,7141
*,*,College of Arts and Sciences,College of Arts and Sciences,*,Apparel and Textile Design,33290,,*,*,College of Arts and Sciences,College of Agriculture and Natural Resources,Scholarship,Apparel and Textile Design,10405
*,*,College of Arts and Sciences,College of Arts and Sciences,*,Apparel and Textiles,41415,,*,*,College of Arts and Sciences,Alumni Association,Campus Resource,Apparel and Textiles,6847
*,*,College of Arts and Sciences,College of Arts and Sciences,*,Apparel and Textiles,41415,,*,*,College of Arts and Sciences,Campus Museums,Campus Resource,Apparel and Textiles,3598
*,*,College of Arts and Sciences,College of Arts and Sciences,*,English,9397,,*,*,College of Arts and Sciences,Campus Museums,Campus Resource,English,3009
*,*,College of Arts and Sciences,College of Arts and Sciences,*,English,9397,,*,*,College of Arts and Sciences,Campus Recreation,Campus Resource,English,2489
*,*,College of Arts and Sciences,College of Arts and Sciences,*,Global Studies in the Arts and Humanities,16539,,*,*,College of Arts and Sciences,Alumni Association,Campus Resource,Global Studies in the Arts and Humanities,2877
*,*,College of Arts and Sciences,College of Arts and Sciences,*,Global Studies in the Arts and Humanities,16539,,*,*,College of Arts and Sciences,Athletics,Campus Resource,Global Studies in the Arts and Humanities,331
*,*,College of Arts and Sciences,College of Arts and Sciences,*,Interdisciplinary Humanities,21662,,*,*,College of Arts and Sciences,Campus Museums,Campus Resource,Interdisciplinary Humanities,3690
*,*,College of Arts and Sciences,College of Arts and Sciences,*,Interdisciplinary Humanities,21662,,*,*,College of Arts and Sciences,College of Agriculture and Natural Resources,Scholarship,Interdisciplinary Humanities,2393
*,*,College of Arts and Sciences,College of Arts and Sciences,*,Professional Writing,21043,,*,*,College of Arts and Sciences,Alumni Association,Campus Resource,Professional Writing,368
*,*,College of Arts and Sciences,College of Arts and Sciences,*,Professional Writing,21043,,*,*,College of Arts and Sciences,Campus Museums,Campus Resource,Professional Writing,4846
*,*,College of Arts and Sciences,College of Arts and Sciences,*,Spanish,55345.5,,*,*,College of Arts and Sciences,Alumni Association,Campus Resource,Spanish,11399
*,*,College of Arts and Sciences,College of Arts and Sciences,*,Spanish,55345.5,,*,*,College of Arts and Sciences,Campus Museums,Campus Resource,Spanish,1080
*,*,College of Arts and Sciences,College of Arts and Sciences,*,Spanish,55345.5,,*,*,College of Arts and Sciences,Campus Recreation,Campus Resource,Spanish,9425
*,*,College of Arts and Sciences,College of Arts and Sciences,*,Spanish,55345.5,,*,*,College of Arts and Sciences,College of Agriculture and Natural Resources,Scholarship,Spanish,12051
*,*,College of Arts and Sciences,College of Arts and Sciences,*,Studio Art,24797,,*,*,College of Arts and Sciences,Athletics,Campus Resource,Studio Art,2587
*,*,College of Arts and Sciences,College of Arts and Sciences,*,Studio Art,24797,,*,*,College of Arts and Sciences,Campus Museums,Campus Resource,Studio Art,6727
*,*,College of Arts and Sciences,College of Arts and Sciences,*,Studio Art,24797,,*,*,College of Arts and Sciences,College of Agriculture and Natural Resources,Scholarship,Studio Art,6657
*,*,College of Arts and Sciences,College of Arts and Sciences,*,Women's and Gender Studies,16902,,*,*,College of Arts and Sciences,Campus Recreation,Campus Resource,Women's and Gender Studies,2780
*,*,College of Business,College of Business,*,Finance,11999,,*,*,College of Business,Campus Recreation,Campus Resource,Finance,612
*,*,College of Business,College of Business,*,Human Resource Management,6051,,*,*,College of Business,College of Agriculture and Natural Resources,Scholarship,Human Resource Management,1960
*,*,College of Business,College of Business,*,Marketing,10078,,*,*,College of Business,Campus Museums,Campus Resource,Marketing,2872
*,*,College of Communication Arts and Sciences,College of Communication Arts and Sciences,*,Media and Information,19553,,*,*,College of Communication Arts and Sciences,Campus Museums,Campus Resource,Media and Information,6200
*,*,College of Communication Arts and Sciences,College of Communication Arts and Sciences,*,Media and Information,19553,,*,*,College of Communication Arts and Sciences,Campus Recreation,Campus Resource,Media and Information,267
*,*,College of Communication Arts and Sciences,College of Communication Arts and Sciences,*,Media and Information,19553,,*,*,College of Communication Arts and Sciences,College of Agriculture and Natural Resources,Scholarship,Media and Information,5342
*,*,College of Communication Arts and Sciences,College of Communication Arts and Sciences,*,Media and Information,19553,,*,*,College of Communication Arts and Sciences,College of Business,Scholarship,Media and Information,4269
*,*,College of Education,College of Education,*,Athletic Training,6357,,*,*,College of Education,College of Agriculture and Natural Resources,Scholarship,Athletic Training,543
*,*,College of Education,College of Education,*,Kinesiology,24932,,*,*,College of Education,Alumni Association,Campus Resource,Kinesiology,4358
*,*,College of Education,College of Education,*,Kinesiology,24932,,*,*,College of Education,College of Agriculture and Natural Resources,Scholarship,Kinesiology,5489
*,*,College of Engineering,College of Engineering,*,Engineering-No Major,10383,,*,*,College of Engineering,College of Arts and Sciences,Scholarship,Engineering-No Major,1119
*,*,College of Music,College of Music,*,Music Performance,18939,,*,*,College of Music,Alumni Association,Campus Resource,Music Performance,1941
*,*,College of Music,College of Music,*,Music Performance,18939,,*,*,College of Music,Campus Museums,Campus Resource,Music Performance,6032
*,*,College of Music,College of Music,*,Music Performance,18939,,*,*,College of Music,College of Business,Scholarship,Music Performance,1476
*,*,College of Natural Science,College of Natural Science,*,Astrophysics,17300,,*,*,College of Natural Science,Campus Museums,Campus Resource,Astrophysics,4649
*,*,College of Natural Science,College of Natural Science,*,Astrophysics,17300,,*,*,College of Natural Science,College of Communication Arts and Sciences,Scholarship,Astrophysics,1300
*,*,College of Natural Science,College of Natural Science,*,Astrophysics,17300,,*,*,College of Natural Science,College of Education,Scholarship,Astrophysics,4251
*,*,College of Natural Science,College of Natural Science,*,Biochemistry and Molecular Biology,7647,,*,*,College of Natural Science,College of Business,Scholarship,Biochemistry and Molecular Biology,2533
*,*,College of Natural Science,College of Natural Science,*,Biochemistry and Molecular Biology/Biotechnology,32445,,*,*,College of Natural Science,Athletics,Campus Resource,Biochemistry and Molecular Biology/Biotechnology,892
*,*,College of Natural Science,College of Natural Science,*,Biochemistry and Molecular Biology/Biotechnology,32445,,*,*,College of Natural Science,Campus Museums,Campus Resource,Biochemistry and Molecular Biology/Biotechnology,9329
*,*,College of Natural Science,College of Natural Science,*,Biochemistry and Molecular Biology/Biotechnology,32445,,*,*,College of Natural Science,College of Arts and Sciences,Scholarship,Biochemistry and Molecular Biology/Biotechnology,4906
*,*,College of Natural Science,College of Natural Science,*,Biochemistry and Molecular Biology/Biotechnology,32445,,*,*,College of Natural Science,College of Business,Scholarship,Biochemistry and Molecular Biology/Biotechnology,3600
*,*,College of Natural Science,College of Natural Science,*,Biochemistry and Molecular Biology/Biotechnology,32445,,*,*,College of Natural Science,College of Communication Arts and Sciences,Scholarship,Biochemistry and Molecular Biology/Biotechnology,8538
*,*,College of Natural Science,College of Natural Science,*,Biological Science Interdepartmental,17673.5,,*,*,College of Natural Science,Athletics,Campus Resource,Biological Science Interdepartmental,1491
*,*,College of Natural Science,College of Natural Science,*,Biological Science Interdepartmental,17673.5,,*,*,College of Natural Science,Campus Museums,Campus Resource,Biological Science Interdepartmental,1965
*,*,College of Natural Science,College of Natural Science,*,Biological Science Interdepartmental,17673.5,,*,*,College of Natural Science,College of Business,Scholarship,Biological Science Interdepartmental,998
*,*,College of Natural Science,College of Natural Science,*,Biomedical Laboratory Science,21597,,*,*,College of Natural Science,Campus Museums,Campus Resource,Biomedical Laboratory Science,1395
*,*,College of Natural Science,College of Natural Science,*,Biomedical Laboratory Science,21597,,*,*,College of Natural Science,Campus Recreation,Campus Resource,Biomedical Laboratory Science,290
*,*,College of Natural Science,College of Natural Science,*,Biomedical Laboratory Science,21597,,*,*,College of Natural Science,College of Business,Scholarship,Biomedical Laboratory Science,4871
*,*,College of Natural Science,College of Natural Science,*,Biomedical Laboratory Science,21597,,*,*,College of Natural Science,College of Music,Scholarship,Biomedical Laboratory Science,6028
*,*,College of Natural Science,College of Natural Science,*,Chemical Physics,26918,,*,*,College of Natural Science,Alumni Association,Campus Resource,Chemical Physics,2869
*,*,College of Natural Science,College of Natural Science,*,Chemical Physics,26918,,*,*,College of Natural Science,Athletics,Campus Resource,Chemical Physics,8646
*,*,College of Natural Science,College of Natural Science,*,Chemical Physics,26918,,*,*,College of Natural Science,Campus Recreation,Campus Resource,Chemical Physics,584
*,*,College of Natural Science,College of Natural Science,*,Chemical Physics,26918,,*,*,College of Natural Science,College of Agriculture and Natural Resources,Scholarship,Chemical Physics,88.5
*,*,College of Natural Science,College of Natural Science,*,Chemical Physics,26918,,*,*,College of Natural Science,College of Arts and Sciences,Scholarship,Chemical Physics,5989.5
*,*,College of Natural Science,College of Natural Science,*,Chemical Physics,26918,,*,*,College of Natural Science,College of Business,Scholarship,Chemical Physics,5510
*,*,College of Natural Science,College of Natural Science,*,Chemistry,13590,,*,*,College of Natural Science,Alumni Association,Campus Resource,Chemistry,2336
*,*,College of Natural Science,College of Natural Science,*,Chemistry,13590,,*,*,College of Natural Science,College of Business,Scholarship,Chemistry,1050
*,*,College of Natural Science,College of Natural Science,*,Environmental Biology/Microbiology,8571,,*,*,College of Natural Science,Alumni Association,Campus Resource,Environmental Biology/Microbiology,2435
*,*,College of Natural Science,College of Natural Science,*,Environmental Biology/Plant Biol,14040,,*,*,College of Natural Science,College of Communication Arts and Sciences,Scholarship,Environmental Biology/Plant Biol,685
*,*,College of Natural Science,College of Natural Science,*,Environmental Biology/Plant Biol,14040,,*,*,College of Natural Science,College of Education,Scholarship,Environmental Biology/Plant Biol,1144
*,*,College of Natural Science,College of Natural Science,*,Environmental Biology/Zoology,3240,,*,*,College of Natural Science,Campus Recreation,Campus Resource,Environmental Biology/Zoology,43
*,*,College of Natural Science,College of Natural Science,*,Environmental Geosciences,26186.5,,*,*,College of Natural Science,Athletics,Campus Resource,Environmental Geosciences,2245
*,*,College of Natural Science,College of Natural Science,*,Environmental Geosciences,26186.5,,*,*,College of Natural Science,College of Agriculture and Natural Resources,Scholarship,Environmental Geosciences,1875
*,*,College of Natural Science,College of Natural Science,*,Environmental Geosciences,26186.5,,*,*,College of Natural Science,College of Arts and Sciences,Scholarship,Environmental Geosciences,605
*,*,College of Natural Science,College of Natural Science,*,Geological Sciences,27723,,*,*,College of Natural Science,Athletics,Campus Resource,Geological Sciences,3328
*,*,College of Natural Science,College of Natural Science,*,Geological Sciences,27723,,*,*,College of Natural Science,College of Business,Scholarship,Geological Sciences,5072
*,*,College of Natural Science,College of Natural Science,*,Mathematics,237013,,*,*,College of Natural Science,Campus Museums,Campus Resource,Mathematics,7742
*,*,College of Natural Science,College of Natural Science,*,Mathematics,237013,,*,*,College of Natural Science,Campus Recreation,Campus Resource,Mathematics,2808
*,*,College of Natural Science,College of Natural Science,*,Mathematics,237013,,*,*,College of Natural Science,College of Agriculture and Natural Resources,Scholarship,Mathematics,18201
*,*,College of Natural Science,College of Natural Science,*,Mathematics,237013,,*,*,College of Natural Science,College of Arts and Sciences,Scholarship,Mathematics,17253
*,*,College of Natural Science,College of Natural Science,*,Mathematics,237013,,*,*,College of Natural Science,College of Communication Arts and Sciences,Scholarship,Mathematics,2872
*,*,College of Natural Science,College of Natural Science,*,Mathematics,237013,,*,*,College of Natural Science,College of Music,Scholarship,Mathematics,9370
*,*,College of Natural Science,College of Natural Science,*,Microbiology,7087,,*,*,College of Natural Science,College of Agriculture and Natural Resources,Scholarship,Microbiology,1797
*,*,College of Natural Science,College of Natural Science,*,Neuroscience,50443,,*,*,College of Natural Science,Alumni Association,Campus Resource,Neuroscience,2873
*,*,College of Natural Science,College of Natural Science,*,Neuroscience,50443,,*,*,College of Natural Science,Campus Museums,Campus Resource,Neuroscience,4409
*,*,College of Natural Science,College of Natural Science,*,Neuroscience,50443,,*,*,College of Natural Science,Campus Recreation,Campus Resource,Neuroscience,9735
*,*,College of Natural Science,College of Natural Science,*,Neuroscience,50443,,*,*,College of Natural Science,College of Agriculture and Natural Resources,Scholarship,Neuroscience,4240
*,*,College of Natural Science,College of Natural Science,*,Neuroscience,50443,,*,*,College of Natural Science,College of Business,Scholarship,Neuroscience,2695.5
*,*,College of Natural Science,College of Natural Science,*,Neuroscience,50443,,*,*,College of Natural Science,College of Education,Scholarship,Neuroscience,997
*,*,College of Natural Science,College of Natural Science,*,Neuroscience,50443,,*,*,College of Natural Science,College of Music,Scholarship,Neuroscience,6502
*,*,College of Natural Science,College of Natural Science,*,Physical Science Interdepartmental,11047,,*,*,College of Natural Science,College of Education,Scholarship,Physical Science Interdepartmental,251
*,*,College of Natural Science,College of Natural Science,*,Physical Science Interdepartmental,11047,,*,*,College of Natural Science,College of Engineering,Scholarship,Physical Science Interdepartmental,600
*,*,College of Natural Science,College of Natural Science,*,Plant Biology,6997,,*,*,College of Natural Science,Alumni Association,Campus Resource,Plant Biology,1635
*,*,College of Natural Science,College of Natural Science,*,Statistics,9231,,*,*,College of Natural Science,Alumni Association,Campus Resource,Statistics,428
*,*,College of Natural Science,College of Natural Science,*,Statistics,9231,,*,*,College of Natural Science,College of Engineering,Scholarship,Statistics,3033
*,*,College of Natural Science,College of Natural Science,*,Zoology,14906,,*,*,College of Natural Science,Campus Museums,Campus Resource,Zoology,1976
*,*,College of Nursing,College of Nursing,*,Nursing,7834,,*,*,College of Nursing,Campus Museums,Campus Resource,Nursing,696
*,*,College of Political Science,College of Agriculture and Natural Resources,*,College of Political Science,8720,,*,*,College of Political Science,College of Agriculture and Natural Resources,Scholarship,Agriculture and Natural Resources-No Preference,2869
*,*,College of Political Science,College of Agriculture and Natural Resources,*,College of Political Science,8720,,*,*,College of Political Science,College of Agriculture and Natural Resources,Scholarship,Construction Management,1587
*,*,College of Political Science,College of Agriculture and Natural Resources,*,College of Political Science,8720,,*,*,College of Political Science,College of Agriculture and Natural Resources,Scholarship,Environmental Studies and Agriscience,1270
*,*,College of Political Science,College of Agriculture and Natural Resources,*,College of Political Science,8720,,*,*,College of Political Science,College of Agriculture and Natural Resources,Scholarship,Food Industry Management,1867
*,*,College of Political Science,College of Agriculture and Natural Resources,*,College of Political Science,8720,,*,*,College of Political Science,College of Agriculture and Natural Resources,Scholarship,Natural Resource Recreation and Tourism,2639
*,*,College of Political Science,College of Arts and Sciences,*,College of Political Science,15457,,*,*,College of Political Science,College of Arts and Sciences,Scholarship,Apparel and Textiles,3110
*,*,College of Political Science,College of Arts and Sciences,*,College of Political Science,15457,,*,*,College of Political Science,College of Arts and Sciences,Scholarship,Theatre,447
*,*,College of Political Science,College of Engineering,*,College of Political Science,4286,,*,*,College of Political Science,College of Engineering,Scholarship,Materials Science and Engineering,293
*,*,College of Political Science,College of Music,*,College of Political Science,8983,,*,*,College of Political Science,College of Music,Scholarship,Composition,2946
*,*,College of Political Science,College of Natural Science,*,College of Political Science,15309,,*,*,College of Political Science,College of Natural Science,Scholarship,Astrophysics,1960
*,*,College of Political Science,College of Natural Science,*,College of Political Science,15309,,*,*,College of Political Science,College of Natural Science,Scholarship,Biochemistry and Molecular Biology/Biotechnology,1586
*,*,College of Political Science,College of Natural Science,*,College of Political Science,15309,,*,*,College of Political Science,College of Natural Science,Scholarship,Chemistry,1617
*,*,College of Political Science,College of Natural Science,*,College of Political Science,15309,,*,*,College of Political Science,College of Natural Science,Scholarship,Microbiology,4105
*,*,College of Social Science,College of Political Science,*,College of Political Science,12399,,*,*,College of Social Science,College of Political Science,Scholarship,Economics,292
*,*,College of Social Science,College of Political Science,*,College of Political Science,12399,,*,*,College of Social Science,College of Political Science,Scholarship,Geographic Information Science,1181
*,*,College of Social Science,College of Political Science,*,College of Political Science,12399,,*,*,College of Social Science,College of Political Science,Scholarship,Social Work,1024
*,*,College of Social Science,College of Social Science,*,Economics,4839,,*,*,College of Social Science,College of Agriculture and Natural Resources,Scholarship,Economics,173
*,*,College of Social Science,College of Social Science,*,Economics,4839,,*,*,College of Social Science,College of Political Science,Scholarship,Economics,292
*,*,College of Social Science,College of Social Science,*,Geographic Information Science,21944,,*,*,College of Social Science,College of Communication Arts and Sciences,Scholarship,Geographic Information Science,6205
*,*,College of Social Science,College of Social Science,*,Geographic Information Science,21944,,*,*,College of Social Science,College of Education,Scholarship,Geographic Information Science,7284
*,*,College of Social Science,College of Social Science,*,Geographic Information Science,21944,,*,*,College of Social Science,College of Political Science,Scholarship,Geographic Information Science,1181
*,*,College of Social Science,College of Social Science,*,Geography,15081,,*,*,College of Social Science,Campus Recreation,Campus Resource,Geography,5023
*,*,College of Social Science,College of Social Science,*,History Education,20456,,*,*,College of Social Science,Alumni Association,Campus Resource,History Education,6229
*,*,College of Social Science,College of Social Science,*,History Education,20456,,*,*,College of Social Science,Athletics,Campus Resource,History Education,4875
*,*,College of Social Science,College of Social Science,*,History Education,20456,,*,*,College of Social Science,College of Arts and Sciences,Scholarship,History Education,313
*,*,College of Social Science,College of Social Science,*,History Education,20456,,*,*,College of Social Science,College of Communication Arts and Sciences,Scholarship,History Education,2810
*,*,College of Social Science,College of Social Science,*,Human Development and Family Studies,12267,,*,*,College of Social Science,Athletics,Campus Resource,Human Development and Family Studies,1633
*,*,College of Social Science,College of Social Science,*,Human Development and Family Studies,12267,,*,*,College of Social Science,College of Arts and Sciences,Scholarship,Human Development and Family Studies,3985
*,*,College of Social Science,College of Social Science,*,Human Development and Family Studies,12267,,*,*,College of Social Science,College of Education,Scholarship,Human Development and Family Studies,1563
*,*,College of Social Science,College of Social Science,*,Interdisciplinary Studies in Social Science,28291,,*,*,College of Social Science,Alumni Association,Campus Resource,Interdisciplinary Studies in Social Science,7970
*,*,College of Social Science,College of Social Science,*,Interdisciplinary Studies in Social Science,28291,,*,*,College of Social Science,College of Agriculture and Natural Resources,Scholarship,Interdisciplinary Studies in Social Science,9297
*,*,College of Social Science,College of Social Science,*,Interdisciplinary Studies in Social Science,28291,,*,*,College of Social Science,College of Arts and Sciences,Scholarship,Interdisciplinary Studies in Social Science,5890
*,*,College of Social Science,College of Social Science,*,Interdisciplinary Studies in Social Science,28291,,*,*,College of Social Science,College of Education,Scholarship,Interdisciplinary Studies in Social Science,6536
*,*,College of Social Science,College of Social Science,*,Interdisciplinary Studies in Social Science,28291,,*,*,College of Social Science,College of Engineering,Scholarship,Interdisciplinary Studies in Social Science,3749
*,*,College of Social Science,College of Social Science,*,Interdisciplinary Studies in Social Science,28291,,*,*,College of Social Science,College of Music,Scholarship,Interdisciplinary Studies in Social Science,554
*,*,College of Social Science,College of Social Science,*,Interdisciplinary Studies in Social Science,28291,,*,*,College of Social Science,College of Political Science,Scholarship,Interdisciplinary Studies in Social Science,7418
*,*,College of Social Science,College of Social Science,*,Interdisciplinary Studies in Social Science - Social Science Education,18787,,*,*,College of Social Science,Campus Museums,Campus Resource,Interdisciplinary Studies in Social Science - Social Science Education,4381.5
*,*,College of Social Science,College of Social Science,*,Interdisciplinary Studies in Social Science - Social Science Education,18787,,*,*,College of Social Science,College of Agriculture and Natural Resources,Scholarship,Interdisciplinary Studies in Social Science - Social Science Education,2958
*,*,College of Social Science,College of Social Science,*,Interdisciplinary Studies in Social Science - Social Science Education,18787,,*,*,College of Social Science,College of Business,Scholarship,Interdisciplinary Studies in Social Science - Social Science Education,4238
*,*,College of Social Science,College of Social Science,*,Public Policy,10464,,*,*,College of Social Science,College of Agriculture and Natural Resources,Scholarship,Public Policy,3354
*,*,College of Social Science,College of Social Science,*,Social Work,7547,,*,*,College of Social Science,College of Political Science,Scholarship,Social Work,1024
*,*,College of Social Science,College of Social Science,*,Sociology,11187,,*,*,College of Social Science,College of Natural Science,Scholarship,Sociology,1896
