AZ,*,*,College of Arts and Sciences,*,Political Science,10314,,AZ,Phoenix,*,College of Arts and Sciences,*,Political Science,1467
AZ,*,*,University Annual Fund,*,Social Relations and Policy,6223,,AZ,Phoenix,*,University Annual Fund,*,Social Relations and Policy,41
CA,*,*,Athletics,*,Natural Resource Recreation and Tourism,27006,,CA,San Francisco,*,Athletics,*,Natural Resource Recreation and Tourism,6032
CA,*,*,College of Agriculture and Natural Resources,*,Kinesiology,5489,,CA,Sacramento,*,College of Agriculture and Natural Resources,*,Kinesiology,650
CA,*,*,College of Natural Science,*,Geography,7086,,CA,San Diego,*,College of Natural Science,*,Geography,531
CA,*,*,College of Natural Science,*,Interdisciplinary Humanities,23386,,CA,Los Angeles,*,College of Natural Science,*,Interdisciplinary Humanities,6377
CA,*,*,College of Natural Science,*,Interdisciplinary Humanities,23386,,CA,San Francisco,*,College of Natural Science,*,Interdisciplinary Humanities,4510
CA,*,*,Diversity Fund,*,Art Education,10547,,CA,Fresno,*,Diversity Fund,*,Art Education,970
CA,*,*,Diversity Fund,*,Biomedical Laboratory Science,11413,,CA,San Diego,*,Diversity Fund,*,Biomedical Laboratory Science,2544
CA,*,*,Diversity Fund,*,Kinesiology,8852,,CA,Sacramento,*,Diversity Fund,*,Kinesiology,1758
CA,*,*,Diversity Fund,*,Preveterinary,8719,,CA,San Francisco,*,Diversity Fund,*,Preveterinary,2268
CA,*,*,Diversity Fund,*,Summer Research Program,3847,,CA,Los Angeles,*,Diversity Fund,*,Summer Research Program,584
CA,*,*,Faculty Chair Endowments,*,Political Theory and Constitutional Democracy,5323,,CA,Fresno,*,Faculty Chair Endowments,*,Political Theory and Constitutional Democracy,158
CA,*,*,Honors Program,*,Preoptometry,25231,,CA,San Diego,*,Honors Program,*,Preoptometry,5223
CA,*,*,Trustees Fund,*,Political Science-Prelaw,10666,,CA,Los Angeles,*,Trustees Fund,*,Political Science-Prelaw,2242
CA,*,*,University Annual Fund,*,German,10173,,CA,Los Angeles,*,University Annual Fund,*,German,2329
CA,*,*,University Annual Fund,*,Human Development and Family Studies,9425,,CA,Los Angeles,*,University Annual Fund,*,Human Development and Family Studies,1563
CA,*,*,University Annual Fund,*,Physical Science Interdepartmental,7737,,CA,Los Angeles,*,University Annual Fund,*,Physical Science Interdepartmental,2512
CA,*,*,University Libraries,*,Biochemistry and Molecular Biology/Biotechnology,12102,,CA,Los Angeles,*,University Libraries,*,Biochemistry and Molecular Biology/Biotechnology,2879
FL,*,*,College of Arts and Sciences,*,Psychology,13956,,FL,Tallahassee,*,College of Arts and Sciences,*,Psychology,4048
FL,*,*,College of Social Science,*,Neuroscience,9996,,FL,Tallahassee,*,College of Social Science,*,Neuroscience,794
FL,*,*,Minority Scholarship Fund,*,Construction Management,13026,,FL,Jacksonville,*,Minority Scholarship Fund,*,Construction Management,2553
FL,*,*,Trustees Fund,*,Construction Management,11114,,FL,Jacksonville,*,Trustees Fund,*,Construction Management,2553
FL,*,*,Trustees Fund,*,Media and Information,20481,,FL,Miami,*,Trustees Fund,*,Media and Information,4618
FL,*,*,University Annual Fund,*,Physical Science Interdepartmental,14358,,FL,Fort Lauderdale,*,University Annual Fund,*,Physical Science Interdepartmental,4018
GA,*,*,University Annual Fund,*,Earth Science Interdepartmental,10673,,GA,Savannah,*,University Annual Fund,*,Earth Science Interdepartmental,3281
IL,*,*,Trustees Fund,*,Applied Engineering Sciences,11911,,IL,Chicago,*,Trustees Fund,*,Applied Engineering Sciences,2422
NC,*,*,Trustees Fund,*,Materials Science and Engineering,6466,,NC,Charlotte,*,Trustees Fund,*,Materials Science and Engineering,103
OH,*,*,Faculty Chair Endowments,*,Interdisciplinary Humanities,9256,,OH,Cincinnati,*,Faculty Chair Endowments,*,Interdisciplinary Humanities,1328
OR,*,*,University Annual Fund,*,Social Relations and Policy,14168,,OR,Salem,*,University Annual Fund,*,Social Relations and Policy,4340
PA,*,*,Faculty Chair Endowments,*,Education,12658,,PA,Philadelphia,*,Faculty Chair Endowments,*,Education,3135
SC,*,*,Faculty Chair Endowments,*,Criminal Justice,11985,,SC,Columbia,*,Faculty Chair Endowments,*,Criminal Justice,2022
TX,*,*,College of Agriculture and Natural Resources,*,German,21360,,TX,Dallas,*,College of Agriculture and Natural Resources,*,German,5114
TX,*,*,College of Engineering,*,Comparative Cultures and Politics,10552,,TX,Houston,*,College of Engineering,*,Comparative Cultures and Politics,464
TX,*,*,College of Social Science,*,Marketing,14980,,TX,Houston,*,College of Social Science,*,Marketing,3425
TX,*,*,Minority Scholarship Fund,*,Experience Architecture,8278,,TX,Amarillo,*,Minority Scholarship Fund,*,Experience Architecture,1634
TX,*,*,Parents Association,*,Neuroscience,11465,,TX,Dallas,*,Parents Association,*,Neuroscience,2031
TX,*,*,University Annual Fund,*,History,8664,,TX,Dallas,*,University Annual Fund,*,History,1495
TX,*,*,University Annual Fund,*,Sociology,14955,,TX,El Paso,*,University Annual Fund,*,Sociology,4216
TX,*,*,University Annual Fund,*,Studio Art,10449,,TX,Dallas,*,University Annual Fund,*,Studio Art,2147
TX,*,*,University Libraries,*,Interdisciplinary Studies in Social Science,20962,,TX,Dallas,*,University Libraries,*,Interdisciplinary Studies in Social Science,5740
WA,*,*,College of Arts and Sciences,*,Social Work,37302,,WA,Seattle,*,College of Arts and Sciences,*,Social Work,8394
WA,*,*,Parents Association,*,Predental,9834,,WA,Seattle,*,Parents Association,*,Predental,2646
