*,Alexandria,College of Agriculture and Natural Resources,College of Agriculture and Natural Resources,*,*,13030,,*,Alexandria,College of Agriculture and Natural Resources,Campus Recreation,Campus Resource,*,2449
*,Atlanta,College of Social Science,College of Social Science,*,*,2797,,*,Atlanta,College of Social Science,College of Arts and Sciences,Scholarship,*,784
*,Charleston,College of Natural Science,College of Natural Science,*,*,9094,,*,Charleston,College of Natural Science,Athletics,Campus Resource,*,625
*,Charleston,College of Natural Science,College of Natural Science,*,*,9094,,*,Charleston,College of Natural Science,College of Arts and Sciences,Scholarship,*,2960
*,Chicago,College of Agriculture and Natural Resources,College of Agriculture and Natural Resources,*,*,4657,,*,Chicago,College of Agriculture and Natural Resources,Campus Recreation,Campus Resource,*,1536
*,Chicago,College of Natural Science,College of Agriculture and Natural Resources,*,*,38934,,*,Chicago,College of Natural Science,College of Agriculture and Natural Resources,Scholarship,*,319
*,Chicago,College of Arts and Sciences,College of Arts and Sciences,*,*,24455,,*,Chicago,College of Arts and Sciences,College of Agriculture and Natural Resources,Scholarship,*,7950
*,Chicago,College of Arts and Sciences,College of Arts and Sciences,*,*,24455,,*,Chicago,College of Arts and Sciences,College of Agriculture and Natural Resources,Scholarship,*,4296
*,Chicago,College of Natural Science,College of Arts and Sciences,*,*,10947,,*,Chicago,College of Natural Science,College of Arts and Sciences,Scholarship,*,2696
*,Chicago,College of Social Science,College of Arts and Sciences,*,*,21343,,*,Chicago,College of Social Science,College of Arts and Sciences,Scholarship,*,2747
*,Chicago,College of Social Science,College of Social Science,*,*,28291,,*,Chicago,College of Social Science,College of Arts and Sciences,Scholarship,*,2747
*,Chicago,College of Social Science,College of Social Science,*,*,28291,,*,Chicago,College of Social Science,Campus Museums,Campus Resource,*,8674
*,Chicago,College of Social Science,College of Social Science,*,*,28291,,*,Chicago,College of Social Science,College of Agriculture and Natural Resources,Scholarship,*,1384
*,Chicago,College of Social Science,College of Social Science,*,*,28291,,*,Chicago,College of Social Science,College of Music,Scholarship,*,4777
*,Cincinnati,College of Natural Science,College of Natural Science,*,*,23572,,*,Cincinnati,College of Natural Science,College of Engineering,Scholarship,*,7374
*,Cincinnati,College of Natural Science,College of Natural Science,*,*,23572,,*,Cincinnati,College of Natural Science,Alumni Association,Campus Resource,*,91
*,Cincinnati,College of Natural Science,College of Natural Science,*,*,23572,,*,Cincinnati,College of Natural Science,College of Agriculture and Natural Resources,Scholarship,*,6195
*,Cincinnati,College of Social Science,College of Social Science,*,*,19147,,*,Cincinnati,College of Social Science,Campus Museums,Campus Resource,*,1652
*,Colorado Springs,College of Natural Science,College of Natural Science,*,*,8789,,*,Colorado Springs,College of Natural Science,Campus Museums,Campus Resource,*,1976
*,Dallas,College of Business,College of Business,*,*,6051,,*,Dallas,College of Business,College of Agriculture and Natural Resources,Scholarship,*,1757
*,Dallas,College of Social Science,College of Arts and Sciences,*,*,4328,,*,Dallas,College of Social Science,College of Arts and Sciences,Scholarship,*,109
*,Dallas,College of Social Science,College of Social Science,*,*,15357,,*,Dallas,College of Social Science,College of Arts and Sciences,Scholarship,*,109
*,Dallas,College of Social Science,College of Social Science,*,*,15357,,*,Dallas,College of Social Science,College of Arts and Sciences,Scholarship,*,4328
*,Denver,College of Agriculture and Natural Resources,College of Agriculture and Natural Resources,*,*,66142.5,,*,Denver,College of Agriculture and Natural Resources,Alumni Association,Campus Resource,*,13431.0
*,Denver,College of Agriculture and Natural Resources,College of Agriculture and Natural Resources,*,*,66142.5,,*,Denver,College of Agriculture and Natural Resources,Athletics,Campus Resource,*,11158.5
*,Denver,College of Agriculture and Natural Resources,College of Agriculture and Natural Resources,*,*,66142.5,,*,Denver,College of Agriculture and Natural Resources,Campus Recreation,Campus Resource,*,4738.5
*,Denver,College of Social Science,College of Agriculture and Natural Resources,*,*,67324.5,,*,Denver,College of Social Science,College of Agriculture and Natural Resources,Scholarship,*,21823.5
*,Denver,College of Arts and Sciences,College of Arts and Sciences,*,*,42817.5,,*,Denver,College of Arts and Sciences,College of Agriculture and Natural Resources,Scholarship,*,10374
*,Denver,College of Arts and Sciences,College of Arts and Sciences,*,*,42817.5,,*,Denver,College of Arts and Sciences,Alumni Association,Campus Resource,*,2718
*,Denver,College of Natural Science,College of Natural Science,*,*,16284.0,,*,Denver,College of Natural Science,College of Business,Scholarship,*,2695.5
*,Denver,College of Natural Science,College of Natural Science,*,*,16284.0,,*,Denver,College of Natural Science,College of Engineering,Scholarship,*,3829.5
*,Denver,College of Political Science,College of Political Science,*,*,9858.0,,*,Denver,College of Political Science,College of Agriculture and Natural Resources,Scholarship,*,2635.5
*,Denver,College of Social Science,College of Arts and Sciences,*,*,126640.5,,*,Denver,College of Social Science,College of Arts and Sciences,Scholarship,*,39952.5
*,Detroit,College of Arts and Sciences,College of Arts and Sciences,*,*,8816,,*,Detroit,College of Arts and Sciences,Campus Recreation,Campus Resource,*,2489
*,Detroit,College of Natural Science,College of Natural Science,*,*,19426,,*,Detroit,College of Natural Science,College of Arts and Sciences,Scholarship,*,2845
*,Detroit,College of Natural Science,College of Natural Science,*,*,19426,,*,Detroit,College of Natural Science,College of Music,Scholarship,*,8
*,Hartford,College of Social Science,College of Social Science,*,*,9861,,*,Hartford,College of Social Science,College of Natural Science,Scholarship,*,724
*,Houston,College of Arts and Sciences,College of Arts and Sciences,*,*,11207,,*,Houston,College of Arts and Sciences,Campus Recreation,Campus Resource,*,1411
*,Houston,College of Natural Science,College of Natural Science,*,*,11723,,*,Houston,College of Natural Science,College of Arts and Sciences,Scholarship,*,892
*,Houston,College of Political Science,College of Political Science,*,*,4321,,*,Houston,College of Political Science,College of Engineering,Scholarship,*,464
*,Indianapolis,College of Natural Science,College of Natural Science,*,*,13198,,*,Indianapolis,College of Natural Science,Campus Museums,Campus Resource,*,1381
*,Indianapolis,College of Natural Science,College of Natural Science,*,*,13198,,*,Indianapolis,College of Natural Science,Campus Recreation,Campus Resource,*,3599
*,Indianapolis,College of Natural Science,College of Natural Science,*,*,13198,,*,Indianapolis,College of Natural Science,College of Communication Arts and Sciences,Scholarship,*,1567
*,Kansas City,College of Agriculture and Natural Resources,College of Agriculture and Natural Resources,*,*,30718,,*,Kansas City,College of Agriculture and Natural Resources,Alumni Association,Campus Resource,*,8662
*,Kansas City,College of Arts and Sciences,College of Agriculture and Natural Resources,*,*,24281,,*,Kansas City,College of Arts and Sciences,College of Agriculture and Natural Resources,Scholarship,*,473
*,Kansas City,College of Arts and Sciences,College of Arts and Sciences,*,*,8227,,*,Kansas City,College of Arts and Sciences,College of Agriculture and Natural Resources,Scholarship,*,473
*,Kansas City,College of Natural Science,College of Natural Science,*,*,11171,,*,Kansas City,College of Natural Science,Alumni Association,Campus Resource,*,1503
*,Lansing,College of Arts and Sciences,College of Arts and Sciences,*,*,3915,,*,Lansing,College of Arts and Sciences,Alumni Association,Campus Resource,*,368
*,Lansing,College of Social Science,College of Arts and Sciences,*,*,6417,,*,Lansing,College of Social Science,College of Arts and Sciences,Scholarship,*,313
*,Little Rock,College of Natural Science,College of Natural Science,*,*,3780,,*,Little Rock,College of Natural Science,College of Engineering,Scholarship,*,313
*,Los Angeles,College of Agriculture and Natural Resources,College of Agriculture and Natural Resources,*,*,15003,,*,Los Angeles,College of Agriculture and Natural Resources,Alumni Association,Campus Resource,*,2577
*,Los Angeles,College of Arts and Sciences,College of Agriculture and Natural Resources,*,*,11480,,*,Los Angeles,College of Arts and Sciences,College of Agriculture and Natural Resources,Scholarship,*,1620
*,Los Angeles,College of Arts and Sciences,College of Arts and Sciences,*,*,5784,,*,Los Angeles,College of Arts and Sciences,College of Agriculture and Natural Resources,Scholarship,*,1620
*,Los Angeles,College of Arts and Sciences,College of Arts and Sciences,*,*,5784,,*,Los Angeles,College of Arts and Sciences,Athletics,Campus Resource,*,1924
*,Los Angeles,College of Natural Science,College of Business,*,*,9012,,*,Los Angeles,College of Natural Science,College of Business,Scholarship,*,998
*,Los Angeles,College of Music,College of Agriculture and Natural Resources,*,*,18280,,*,Los Angeles,College of Music,College of Agriculture and Natural Resources,Scholarship,*,1839
*,Los Angeles,College of Natural Science,College of Natural Science,*,*,25126,,*,Los Angeles,College of Natural Science,Campus Museums,Campus Resource,*,4942
*,Los Angeles,College of Natural Science,College of Natural Science,*,*,25126,,*,Los Angeles,College of Natural Science,College of Business,Scholarship,*,998
*,Los Angeles,College of Natural Science,College of Natural Science,*,*,25126,,*,Los Angeles,College of Natural Science,College of Communication Arts and Sciences,Scholarship,*,4973
*,Los Angeles,College of Natural Science,College of Natural Science,*,*,25126,,*,Los Angeles,College of Natural Science,College of Engineering,Scholarship,*,600
*,Los Angeles,College of Social Science,College of Natural Science,*,*,39671,,*,Los Angeles,College of Social Science,College of Natural Science,Scholarship,*,7234
*,Memphis,College of Arts and Sciences,College of Agriculture and Natural Resources,*,*,11886,,*,Memphis,College of Arts and Sciences,College of Agriculture and Natural Resources,Scholarship,*,3734
*,Memphis,College of Social Science,College of Natural Science,*,*,7391,,*,Memphis,College of Social Science,College of Natural Science,Scholarship,*,2405
*,Miami,College of Arts and Sciences,College of Arts and Sciences,*,*,5494,,*,Miami,College of Arts and Sciences,Campus Museums,Campus Resource,*,1080
*,Miami,College of Engineering,College of Arts and Sciences,*,*,6146,,*,Miami,College of Engineering,College of Arts and Sciences,Scholarship,*,1119
*,Miami,College of Social Science,College of Social Science,*,*,19474,,*,Miami,College of Social Science,College of Arts and Sciences,Scholarship,*,5715
*,Miami,College of Social Science,College of Social Science,*,*,19474,,*,Miami,College of Social Science,College of Agriculture and Natural Resources,Scholarship,*,5947
*,Miami,College of Social Science,College of Social Science,*,*,19474,,*,Miami,College of Social Science,College of Engineering,Scholarship,*,3326
*,New York,College of Arts and Sciences,College of Arts and Sciences,*,*,16563,,*,New York,College of Arts and Sciences,Campus Museums,Campus Resource,*,3598
*,New York,College of Arts and Sciences,College of Arts and Sciences,*,*,16563,,*,New York,College of Arts and Sciences,Campus Recreation,Campus Resource,*,1795
*,New York,College of Natural Science,College of Natural Science,*,*,22336,,*,New York,College of Natural Science,Alumni Association,Campus Resource,*,5746
*,New York,College of Natural Science,College of Natural Science,*,*,22336,,*,New York,College of Natural Science,Athletics,Campus Resource,*,4154
*,New York,College of Natural Science,College of Natural Science,*,*,22336,,*,New York,College of Natural Science,Campus Recreation,Campus Resource,*,5717
*,New York,College of Natural Science,College of Natural Science,*,*,22336,,*,New York,College of Natural Science,College of Agriculture and Natural Resources,Scholarship,*,5992
*,New York,College of Natural Science,College of Natural Science,*,*,22336,,*,New York,College of Natural Science,College of Business,Scholarship,*,6481
*,New York,College of Social Science,College of Arts and Sciences,*,*,6847,,*,New York,College of Social Science,College of Arts and Sciences,Scholarship,*,1562
*,New York,College of Social Science,College of Social Science,*,*,6768,,*,New York,College of Social Science,College of Arts and Sciences,Scholarship,*,1562
*,Oklahoma City,College of Business,College of Business,*,*,8182,,*,Oklahoma City,College of Business,College of Arts and Sciences,Scholarship,*,862
*,Oklahoma City,College of Natural Science,College of Natural Science,*,*,19514,,*,Oklahoma City,College of Natural Science,Alumni Association,Campus Resource,*,2873
*,Oklahoma City,College of Natural Science,College of Natural Science,*,*,19514,,*,Oklahoma City,College of Natural Science,College of Agriculture and Natural Resources,Scholarship,*,3349
*,Phoenix,College of Natural Science,College of Arts and Sciences,*,*,29439,,*,Phoenix,College of Natural Science,College of Arts and Sciences,Scholarship,*,2733
*,Phoenix,College of Social Science,College of Arts and Sciences,*,*,7821,,*,Phoenix,College of Social Science,College of Arts and Sciences,Scholarship,*,1467
*,Phoenix,College of Natural Science,College of Agriculture and Natural Resources,*,*,4240,,*,Phoenix,College of Natural Science,College of Agriculture and Natural Resources,Scholarship,*,167
*,Phoenix,College of Nursing,College of Nursing,*,*,7834,,*,Phoenix,College of Nursing,Campus Recreation,Campus Resource,*,1864
*,Providence,College of Education,College of Arts and Sciences,*,*,7456,,*,Providence,College of Education,College of Arts and Sciences,Scholarship,*,2192
*,Providence,College of Social Science,College of Arts and Sciences,*,*,18420,,*,Providence,College of Social Science,College of Arts and Sciences,Scholarship,*,3141
*,Richmond,College of Engineering,College of Engineering,*,*,6980,,*,Richmond,College of Engineering,Alumni Association,Campus Resource,*,1782
*,Richmond,College of Natural Science,College of Natural Science,*,*,12872,,*,Richmond,College of Natural Science,Alumni Association,Campus Resource,*,2869
*,Richmond,College of Social Science,College of Social Science,*,*,7804,,*,Richmond,College of Social Science,College of Natural Science,Scholarship,*,473
*,Richmond,College of Social Science,College of Social Science,*,*,7804,,*,Richmond,College of Social Science,College of Agriculture and Natural Resources,Scholarship,*,1198
*,Salt Lake City,College of Social Science,College of Natural Science,*,*,9864,,*,Salt Lake City,College of Social Science,College of Natural Science,Scholarship,*,2727
*,San Diego,College of Arts and Sciences,College of Arts and Sciences,*,*,11112,,*,San Diego,College of Arts and Sciences,Campus Recreation,Campus Resource,*,645
*,San Diego,College of Natural Science,College of Natural Science,*,*,9423,,*,San Diego,College of Natural Science,College of Communication Arts and Sciences,Scholarship,*,685
*,San Diego,College of Social Science,College of Social Science,*,*,11756,,*,San Diego,College of Social Science,Campus Recreation,Campus Resource,*,1392
*,San Diego,College of Social Science,College of Social Science,*,*,11756,,*,San Diego,College of Social Science,College of Natural Science,Scholarship,*,531
*,San Francisco,College of Education,College of Education,*,*,24932,,*,San Francisco,College of Education,College of Agriculture and Natural Resources,Scholarship,*,6356
*,San Francisco,College of Education,College of Education,*,*,24932,,*,San Francisco,College of Education,College of Agriculture and Natural Resources,Scholarship,*,4839
*,San Francisco,College of Natural Science,College of Natural Science,*,*,19370,,*,San Francisco,College of Natural Science,College of Business,Scholarship,*,5072
*,San Francisco,College of Natural Science,College of Natural Science,*,*,19370,,*,San Francisco,College of Natural Science,College of Music,Scholarship,*,3929
*,San Francisco,College of Political Science,College of Natural Science,*,*,4989,,*,San Francisco,College of Political Science,College of Natural Science,Scholarship,*,1617
*,Seattle,College of Natural Science,College of Agriculture and Natural Resources,*,*,15124,,*,Seattle,College of Natural Science,College of Agriculture and Natural Resources,Scholarship,*,2585
*,St. Louis,College of Natural Science,College of Natural Science,*,*,225843,,*,St. Louis,College of Natural Science,Campus Museums,Campus Resource,*,3171
*,St. Louis,College of Natural Science,College of Natural Science,*,*,225843,,*,St. Louis,College of Natural Science,College of Arts and Sciences,Scholarship,*,5581
*,St. Louis,College of Natural Science,College of Natural Science,*,*,225843,,*,St. Louis,College of Natural Science,College of Business,Scholarship,*,4266
*,Washington,College of Natural Science,College of Natural Science,*,*,9249,,*,Washington,College of Natural Science,Campus Recreation,Campus Resource,*,530
*,Washington,College of Social Science,College of Social Science,*,*,21167,,*,Washington,College of Social Science,College of Agriculture and Natural Resources,Scholarship,*,4912
*,Washington,College of Social Science,College of Social Science,*,*,21167,,*,Washington,College of Social Science,Alumni Association,Campus Resource,*,676
*,Washington,College of Social Science,College of Social Science,*,*,21167,,*,Washington,College of Social Science,College of Agriculture and Natural Resources,Scholarship,*,2544
*,Washington,College of Social Science,College of Social Science,*,*,21167,,*,Washington,College of Social Science,College of Arts and Sciences,Scholarship,*,3985
*,Washington,College of Social Science,College of Social Science,*,*,21167,,*,Washington,College of Social Science,College of Engineering,Scholarship,*,5506
*,Washington,College of Social Science,College of Social Science,*,*,21167,,*,Washington,College of Social Science,College of Natural Science,Scholarship,*,7020
*,Wichita,College of Natural Science,College of Natural Science,*,*,14254,,*,Wichita,College of Natural Science,Alumni Association,Campus Resource,*,4649
*,Wichita,College of Natural Science,College of Natural Science,*,*,14254,,*,Wichita,College of Natural Science,Campus Recreation,Campus Resource,*,4240
*,Wichita,College of Natural Science,College of Natural Science,*,*,14254,,*,Wichita,College of Natural Science,College of Agriculture and Natural Resources,Scholarship,*,4258
