AL,*,*,*,*,*,352294,,AL,*,*,Alumni Association,*,*,24091
AL,*,*,*,*,*,352294,,AL,*,*,Athletics,*,*,13589
AL,*,*,*,*,*,352294,,AL,*,*,Campus Recreation,*,*,1248
AL,*,*,*,*,*,352294,,AL,*,*,College of Arts and Sciences,*,*,16951
AL,*,*,*,*,*,352294,,AL,*,*,College of Business,*,*,2842
AL,*,*,*,*,*,352294,,AL,*,*,College of Communication Arts and Sciences,*,*,4777
AL,*,*,*,*,*,352294,,AL,*,*,College of Engineering,*,*,12112
AL,*,*,*,*,*,352294,,AL,*,*,College of Music,*,*,25134
AL,*,*,*,*,*,352294,,AL,*,*,College of Natural Science,*,*,49811
AL,*,*,*,*,*,352294,,AL,*,*,College of Social Science,*,*,13835
AL,*,*,*,*,*,352294,,AL,*,*,Diversity Fund,*,*,17336
AL,*,*,*,*,*,352294,,AL,*,*,Faculty Chair Endowments,*,*,43277
AL,*,*,*,*,*,352294,,AL,*,*,Minority Scholarship Fund,*,*,28632
AL,*,*,*,*,*,352294,,AL,*,*,Parents Association,*,*,1270
AL,*,*,*,*,*,352294,,AL,*,*,Trustees Fund,*,*,32309
AL,*,*,*,*,*,352294,,AL,*,*,University Annual Fund,*,*,46383
AL,*,*,*,*,*,352294,,AL,*,*,University Libraries,*,*,18697
AR,*,*,*,*,*,155976,,AR,*,*,Athletics,*,*,7773
AR,*,*,*,*,*,155976,,AR,*,*,College of Agriculture and Natural Resources,*,*,15857
AR,*,*,*,*,*,155976,,AR,*,*,College of Arts and Sciences,*,*,24834
AR,*,*,*,*,*,155976,,AR,*,*,College of Education,*,*,11315
AR,*,*,*,*,*,155976,,AR,*,*,College of Engineering,*,*,313
AR,*,*,*,*,*,155976,,AR,*,*,College of Natural Science,*,*,3780
AR,*,*,*,*,*,155976,,AR,*,*,College of Social Science,*,*,14550
AR,*,*,*,*,*,155976,,AR,*,*,Faculty Chair Endowments,*,*,34669
AR,*,*,*,*,*,155976,,AR,*,*,Honors Program,*,*,8839
AR,*,*,*,*,*,155976,,AR,*,*,Trustees Fund,*,*,13722
AR,*,*,*,*,*,155976,,AR,*,*,University Annual Fund,*,*,8810
AR,*,*,*,*,*,155976,,AR,*,*,University Libraries,*,*,11514
AZ,*,*,*,*,*,1037973,,AZ,*,*,Alumni Association,*,*,42386
AZ,*,*,*,*,*,1037973,,AZ,*,*,Athletics,*,*,58881
AZ,*,*,*,*,*,1037973,,AZ,*,*,Campus Museums,*,*,16980
AZ,*,*,*,*,*,1037973,,AZ,*,*,Campus Recreation,*,*,7183
AZ,*,*,*,*,*,1037973,,AZ,*,*,College of Agriculture and Natural Resources,*,*,49387
AZ,*,*,*,*,*,1037973,,AZ,*,*,College of Arts and Sciences,*,*,61890
AZ,*,*,*,*,*,1037973,,AZ,*,*,College of Business,*,*,39001
AZ,*,*,*,*,*,1037973,,AZ,*,*,College of Communication Arts and Sciences,*,*,2872
AZ,*,*,*,*,*,1037973,,AZ,*,*,College of Education,*,*,6189
AZ,*,*,*,*,*,1037973,,AZ,*,*,College of Engineering,*,*,9638
AZ,*,*,*,*,*,1037973,,AZ,*,*,College of Music,*,*,3986
AZ,*,*,*,*,*,1037973,,AZ,*,*,College of Natural Science,*,*,58752
AZ,*,*,*,*,*,1037973,,AZ,*,*,College of Nursing,*,*,7834
AZ,*,*,*,*,*,1037973,,AZ,*,*,College of Political Science,*,*,26026
AZ,*,*,*,*,*,1037973,,AZ,*,*,College of Social Science,*,*,84621
AZ,*,*,*,*,*,1037973,,AZ,*,*,College of Veterinary Medicine,*,*,10388
AZ,*,*,*,*,*,1037973,,AZ,*,*,Diversity Fund,*,*,130340
AZ,*,*,*,*,*,1037973,,AZ,*,*,Faculty Chair Endowments,*,*,40372
AZ,*,*,*,*,*,1037973,,AZ,*,*,Honors Program,*,*,17905
AZ,*,*,*,*,*,1037973,,AZ,*,*,In-State Scholarship Fund,*,*,23205
AZ,*,*,*,*,*,1037973,,AZ,*,*,Minority Scholarship Fund,*,*,43965
AZ,*,*,*,*,*,1037973,,AZ,*,*,Parents Association,*,*,34283
AZ,*,*,*,*,*,1037973,,AZ,*,*,Trustees Fund,*,*,146656
AZ,*,*,*,*,*,1037973,,AZ,*,*,University Annual Fund,*,*,93955
AZ,*,*,*,*,*,1037973,,AZ,*,*,University Libraries,*,*,21278
CA,*,*,*,*,*,2744992,,CA,*,*,Alumni Association,*,*,48536
CA,*,*,*,*,*,2744992,,CA,*,*,Athletics,*,*,98369
CA,*,*,*,*,*,2744992,,CA,*,*,Campus Museums,*,*,74249
CA,*,*,*,*,*,2744992,,CA,*,*,Campus Recreation,*,*,64256
CA,*,*,*,*,*,2744992,,CA,*,*,College of Agriculture and Natural Resources,*,*,110015
CA,*,*,*,*,*,2744992,,CA,*,*,College of Arts and Sciences,*,*,221852
CA,*,*,*,*,*,2744992,,CA,*,*,College of Business,*,*,51149
CA,*,*,*,*,*,2744992,,CA,*,*,College of Communication Arts and Sciences,*,*,65650
CA,*,*,*,*,*,2744992,,CA,*,*,College of Education,*,*,61105
CA,*,*,*,*,*,2744992,,CA,*,*,College of Engineering,*,*,42043
CA,*,*,*,*,*,2744992,,CA,*,*,College of Music,*,*,24964
CA,*,*,*,*,*,2744992,,CA,*,*,College of Natural Science,*,*,255476
CA,*,*,*,*,*,2744992,,CA,*,*,College of Political Science,*,*,33375
CA,*,*,*,*,*,2744992,,CA,*,*,College of Social Science,*,*,98484
CA,*,*,*,*,*,2744992,,CA,*,*,College of Veterinary Medicine,*,*,946
CA,*,*,*,*,*,2744992,,CA,*,*,Diversity Fund,*,*,318826
CA,*,*,*,*,*,2744992,,CA,*,*,Faculty Chair Endowments,*,*,167935
CA,*,*,*,*,*,2744992,,CA,*,*,Honors Program,*,*,96351
CA,*,*,*,*,*,2744992,,CA,*,*,In-State Scholarship Fund,*,*,88801
CA,*,*,*,*,*,2744992,,CA,*,*,Minority Scholarship Fund,*,*,70242
CA,*,*,*,*,*,2744992,,CA,*,*,Parents Association,*,*,107254
CA,*,*,*,*,*,2744992,,CA,*,*,Trustees Fund,*,*,239255
CA,*,*,*,*,*,2744992,,CA,*,*,University Annual Fund,*,*,337253
CA,*,*,*,*,*,2744992,,CA,*,*,University Libraries,*,*,68606
CO,*,*,*,*,*,3183915.0,,CO,*,*,Alumni Association,*,*,93292.5
CO,*,*,*,*,*,3183915.0,,CO,*,*,Athletics,*,*,67072.5
CO,*,*,*,*,*,3183915.0,,CO,*,*,Campus Museums,*,*,133813.5
CO,*,*,*,*,*,3183915.0,,CO,*,*,Campus Recreation,*,*,58261.5
CO,*,*,*,*,*,3183915.0,,CO,*,*,College of Agriculture and Natural Resources,*,*,201180.5
CO,*,*,*,*,*,3183915.0,,CO,*,*,College of Arts and Sciences,*,*,262681.5
CO,*,*,*,*,*,3183915.0,,CO,*,*,College of Business,*,*,69945.0
CO,*,*,*,*,*,3183915.0,,CO,*,*,College of Communication Arts and Sciences,*,*,42346.5
CO,*,*,*,*,*,3183915.0,,CO,*,*,College of Education,*,*,19854
CO,*,*,*,*,*,3183915.0,,CO,*,*,College of Engineering,*,*,112075.5
CO,*,*,*,*,*,3183915.0,,CO,*,*,College of Music,*,*,37168.5
CO,*,*,*,*,*,3183915.0,,CO,*,*,College of Natural Science,*,*,173459.0
CO,*,*,*,*,*,3183915.0,,CO,*,*,College of Nursing,*,*,58861.5
CO,*,*,*,*,*,3183915.0,,CO,*,*,College of Political Science,*,*,59348.0
CO,*,*,*,*,*,3183915.0,,CO,*,*,College of Social Science,*,*,249646.0
CO,*,*,*,*,*,3183915.0,,CO,*,*,College of Veterinary Medicine,*,*,14893.5
CO,*,*,*,*,*,3183915.0,,CO,*,*,Diversity Fund,*,*,269656.5
CO,*,*,*,*,*,3183915.0,,CO,*,*,Faculty Chair Endowments,*,*,265769.0
CO,*,*,*,*,*,3183915.0,,CO,*,*,Honors Program,*,*,121705.5
CO,*,*,*,*,*,3183915.0,,CO,*,*,In-State Scholarship Fund,*,*,53388.0
CO,*,*,*,*,*,3183915.0,,CO,*,*,Minority Scholarship Fund,*,*,85076.5
CO,*,*,*,*,*,3183915.0,,CO,*,*,Parents Association,*,*,97546.5
CO,*,*,*,*,*,3183915.0,,CO,*,*,Trustees Fund,*,*,220628.0
CO,*,*,*,*,*,3183915.0,,CO,*,*,University Annual Fund,*,*,328901.0
CO,*,*,*,*,*,3183915.0,,CO,*,*,University Libraries,*,*,87344.5
CT,*,*,*,*,*,490677,,CT,*,*,Alumni Association,*,*,9578
CT,*,*,*,*,*,490677,,CT,*,*,Athletics,*,*,7646
CT,*,*,*,*,*,490677,,CT,*,*,Campus Museums,*,*,41566
CT,*,*,*,*,*,490677,,CT,*,*,Campus Recreation,*,*,3607
CT,*,*,*,*,*,490677,,CT,*,*,College of Agriculture and Natural Resources,*,*,29810
CT,*,*,*,*,*,490677,,CT,*,*,College of Arts and Sciences,*,*,9131
CT,*,*,*,*,*,490677,,CT,*,*,College of Business,*,*,26844
CT,*,*,*,*,*,490677,,CT,*,*,College of Engineering,*,*,15805
CT,*,*,*,*,*,490677,,CT,*,*,College of Music,*,*,6206
CT,*,*,*,*,*,490677,,CT,*,*,College of Natural Science,*,*,24635
CT,*,*,*,*,*,490677,,CT,*,*,College of Nursing,*,*,18218
CT,*,*,*,*,*,490677,,CT,*,*,College of Political Science,*,*,4982
CT,*,*,*,*,*,490677,,CT,*,*,College of Social Science,*,*,50817
CT,*,*,*,*,*,490677,,CT,*,*,Diversity Fund,*,*,47562
CT,*,*,*,*,*,490677,,CT,*,*,Faculty Chair Endowments,*,*,30186
CT,*,*,*,*,*,490677,,CT,*,*,Honors Program,*,*,11967
CT,*,*,*,*,*,490677,,CT,*,*,Minority Scholarship Fund,*,*,12212
CT,*,*,*,*,*,490677,,CT,*,*,Parents Association,*,*,11249
CT,*,*,*,*,*,490677,,CT,*,*,Trustees Fund,*,*,68861
CT,*,*,*,*,*,490677,,CT,*,*,University Annual Fund,*,*,59795
DC,*,*,*,*,*,238717,,DC,*,*,Alumni Association,*,*,676
DC,*,*,*,*,*,238717,,DC,*,*,Campus Recreation,*,*,530
DC,*,*,*,*,*,238717,,DC,*,*,College of Agriculture and Natural Resources,*,*,13299
DC,*,*,*,*,*,238717,,DC,*,*,College of Arts and Sciences,*,*,18641
DC,*,*,*,*,*,238717,,DC,*,*,College of Business,*,*,11013
DC,*,*,*,*,*,238717,,DC,*,*,College of Education,*,*,8241
DC,*,*,*,*,*,238717,,DC,*,*,College of Engineering,*,*,17326
DC,*,*,*,*,*,238717,,DC,*,*,College of Music,*,*,5240
DC,*,*,*,*,*,238717,,DC,*,*,College of Natural Science,*,*,26118
DC,*,*,*,*,*,238717,,DC,*,*,College of Nursing,*,*,1763
DC,*,*,*,*,*,238717,,DC,*,*,College of Social Science,*,*,26079
DC,*,*,*,*,*,238717,,DC,*,*,Diversity Fund,*,*,11042
DC,*,*,*,*,*,238717,,DC,*,*,Faculty Chair Endowments,*,*,11063
DC,*,*,*,*,*,238717,,DC,*,*,Honors Program,*,*,3225
DC,*,*,*,*,*,238717,,DC,*,*,In-State Scholarship Fund,*,*,5958
DC,*,*,*,*,*,238717,,DC,*,*,Minority Scholarship Fund,*,*,5117
DC,*,*,*,*,*,238717,,DC,*,*,Parents Association,*,*,8720
DC,*,*,*,*,*,238717,,DC,*,*,Trustees Fund,*,*,13353
DC,*,*,*,*,*,238717,,DC,*,*,University Annual Fund,*,*,46803
DC,*,*,*,*,*,238717,,DC,*,*,University Libraries,*,*,4510
FL,*,*,*,*,*,1177733,,FL,*,*,Alumni Association,*,*,34169
FL,*,*,*,*,*,1177733,,FL,*,*,Athletics,*,*,13857
FL,*,*,*,*,*,1177733,,FL,*,*,Campus Museums,*,*,12127
FL,*,*,*,*,*,1177733,,FL,*,*,Campus Recreation,*,*,24064
FL,*,*,*,*,*,1177733,,FL,*,*,College of Agriculture and Natural Resources,*,*,84787
FL,*,*,*,*,*,1177733,,FL,*,*,College of Arts and Sciences,*,*,97705
FL,*,*,*,*,*,1177733,,FL,*,*,College of Business,*,*,10037
FL,*,*,*,*,*,1177733,,FL,*,*,College of Communication Arts and Sciences,*,*,6646
FL,*,*,*,*,*,1177733,,FL,*,*,College of Education,*,*,3646
FL,*,*,*,*,*,1177733,,FL,*,*,College of Engineering,*,*,27779
FL,*,*,*,*,*,1177733,,FL,*,*,College of Music,*,*,5214
FL,*,*,*,*,*,1177733,,FL,*,*,College of Natural Science,*,*,56256
FL,*,*,*,*,*,1177733,,FL,*,*,College of Nursing,*,*,8323
FL,*,*,*,*,*,1177733,,FL,*,*,College of Political Science,*,*,9482
FL,*,*,*,*,*,1177733,,FL,*,*,College of Social Science,*,*,69502
FL,*,*,*,*,*,1177733,,FL,*,*,College of Veterinary Medicine,*,*,1965
FL,*,*,*,*,*,1177733,,FL,*,*,Diversity Fund,*,*,156782
FL,*,*,*,*,*,1177733,,FL,*,*,Faculty Chair Endowments,*,*,64032
FL,*,*,*,*,*,1177733,,FL,*,*,Honors Program,*,*,29724
FL,*,*,*,*,*,1177733,,FL,*,*,In-State Scholarship Fund,*,*,34497
FL,*,*,*,*,*,1177733,,FL,*,*,Minority Scholarship Fund,*,*,76129
FL,*,*,*,*,*,1177733,,FL,*,*,Parents Association,*,*,26519
FL,*,*,*,*,*,1177733,,FL,*,*,Trustees Fund,*,*,124815
FL,*,*,*,*,*,1177733,,FL,*,*,University Annual Fund,*,*,179714
FL,*,*,*,*,*,1177733,,FL,*,*,University Libraries,*,*,19962
GA,*,*,*,*,*,404296,,GA,*,*,Alumni Association,*,*,5229
GA,*,*,*,*,*,404296,,GA,*,*,Campus Museums,*,*,9238
GA,*,*,*,*,*,404296,,GA,*,*,College of Agriculture and Natural Resources,*,*,20564
GA,*,*,*,*,*,404296,,GA,*,*,College of Arts and Sciences,*,*,32231
GA,*,*,*,*,*,404296,,GA,*,*,College of Communication Arts and Sciences,*,*,8796
GA,*,*,*,*,*,404296,,GA,*,*,College of Education,*,*,3169
GA,*,*,*,*,*,404296,,GA,*,*,College of Engineering,*,*,8752
GA,*,*,*,*,*,404296,,GA,*,*,College of Music,*,*,827
GA,*,*,*,*,*,404296,,GA,*,*,College of Natural Science,*,*,57373
GA,*,*,*,*,*,404296,,GA,*,*,College of Political Science,*,*,8953
GA,*,*,*,*,*,404296,,GA,*,*,College of Social Science,*,*,11411
GA,*,*,*,*,*,404296,,GA,*,*,Diversity Fund,*,*,32594
GA,*,*,*,*,*,404296,,GA,*,*,Faculty Chair Endowments,*,*,34665
GA,*,*,*,*,*,404296,,GA,*,*,Honors Program,*,*,8563
GA,*,*,*,*,*,404296,,GA,*,*,In-State Scholarship Fund,*,*,8063
GA,*,*,*,*,*,404296,,GA,*,*,Minority Scholarship Fund,*,*,20279
GA,*,*,*,*,*,404296,,GA,*,*,Parents Association,*,*,28471
GA,*,*,*,*,*,404296,,GA,*,*,Trustees Fund,*,*,38711
GA,*,*,*,*,*,404296,,GA,*,*,University Annual Fund,*,*,61993
GA,*,*,*,*,*,404296,,GA,*,*,University Libraries,*,*,4414
IA,*,*,*,*,*,169892,,IA,*,*,Alumni Association,*,*,23290
IA,*,*,*,*,*,169892,,IA,*,*,Campus Museums,*,*,4539
IA,*,*,*,*,*,169892,,IA,*,*,Campus Recreation,*,*,15744
IA,*,*,*,*,*,169892,,IA,*,*,College of Agriculture and Natural Resources,*,*,1532
IA,*,*,*,*,*,169892,,IA,*,*,College of Arts and Sciences,*,*,14524
IA,*,*,*,*,*,169892,,IA,*,*,College of Education,*,*,8272
IA,*,*,*,*,*,169892,,IA,*,*,College of Natural Science,*,*,12407
IA,*,*,*,*,*,169892,,IA,*,*,College of Nursing,*,*,4461
IA,*,*,*,*,*,169892,,IA,*,*,College of Political Science,*,*,3110
IA,*,*,*,*,*,169892,,IA,*,*,College of Social Science,*,*,14837
IA,*,*,*,*,*,169892,,IA,*,*,Diversity Fund,*,*,16263
IA,*,*,*,*,*,169892,,IA,*,*,Faculty Chair Endowments,*,*,5396
IA,*,*,*,*,*,169892,,IA,*,*,In-State Scholarship Fund,*,*,10393
IA,*,*,*,*,*,169892,,IA,*,*,Trustees Fund,*,*,8257
IA,*,*,*,*,*,169892,,IA,*,*,University Annual Fund,*,*,16987
IA,*,*,*,*,*,169892,,IA,*,*,University Libraries,*,*,9880
IL,*,*,*,*,*,1406082,,IL,*,*,Alumni Association,*,*,24333
IL,*,*,*,*,*,1406082,,IL,*,*,Athletics,*,*,71156
IL,*,*,*,*,*,1406082,,IL,*,*,Campus Museums,*,*,17731
IL,*,*,*,*,*,1406082,,IL,*,*,Campus Recreation,*,*,11771
IL,*,*,*,*,*,1406082,,IL,*,*,College of Agriculture and Natural Resources,*,*,29668
IL,*,*,*,*,*,1406082,,IL,*,*,College of Arts and Sciences,*,*,85892
IL,*,*,*,*,*,1406082,,IL,*,*,College of Business,*,*,3600
IL,*,*,*,*,*,1406082,,IL,*,*,College of Communication Arts and Sciences,*,*,8468
IL,*,*,*,*,*,1406082,,IL,*,*,College of Education,*,*,21416
IL,*,*,*,*,*,1406082,,IL,*,*,College of Engineering,*,*,23148
IL,*,*,*,*,*,1406082,,IL,*,*,College of Music,*,*,14157
IL,*,*,*,*,*,1406082,,IL,*,*,College of Natural Science,*,*,116028
IL,*,*,*,*,*,1406082,,IL,*,*,College of Political Science,*,*,11855
IL,*,*,*,*,*,1406082,,IL,*,*,College of Social Science,*,*,52444
IL,*,*,*,*,*,1406082,,IL,*,*,Faculty Chair Endowments,*,*,88928
IL,*,*,*,*,*,1406082,,IL,*,*,Honors Program,*,*,20181
IL,*,*,*,*,*,1406082,,IL,*,*,In-State Scholarship Fund,*,*,30776
IL,*,*,*,*,*,1406082,,IL,*,*,Minority Scholarship Fund,*,*,91
IL,*,*,*,*,*,1406082,,IL,*,*,Parents Association,*,*,29823
IL,*,*,*,*,*,1406082,,IL,*,*,Trustees Fund,*,*,100214
IL,*,*,*,*,*,1406082,,IL,*,*,University Annual Fund,*,*,78478
IL,*,*,*,*,*,1406082,,IL,*,*,University Libraries,*,*,21819
IN,*,*,*,*,*,492392,,IN,*,*,Alumni Association,*,*,56758
IN,*,*,*,*,*,492392,,IN,*,*,Athletics,*,*,10765
IN,*,*,*,*,*,492392,,IN,*,*,Campus Museums,*,*,2474
IN,*,*,*,*,*,492392,,IN,*,*,Campus Recreation,*,*,25975
IN,*,*,*,*,*,492392,,IN,*,*,College of Agriculture and Natural Resources,*,*,3912
IN,*,*,*,*,*,492392,,IN,*,*,College of Arts and Sciences,*,*,85690
IN,*,*,*,*,*,492392,,IN,*,*,College of Communication Arts and Sciences,*,*,1567
IN,*,*,*,*,*,492392,,IN,*,*,College of Natural Science,*,*,25728
IN,*,*,*,*,*,492392,,IN,*,*,College of Nursing,*,*,9306
IN,*,*,*,*,*,492392,,IN,*,*,College of Political Science,*,*,13454
IN,*,*,*,*,*,492392,,IN,*,*,Diversity Fund,*,*,55563
IN,*,*,*,*,*,492392,,IN,*,*,Faculty Chair Endowments,*,*,42862
IN,*,*,*,*,*,492392,,IN,*,*,Honors Program,*,*,12023
IN,*,*,*,*,*,492392,,IN,*,*,In-State Scholarship Fund,*,*,29942
IN,*,*,*,*,*,492392,,IN,*,*,Minority Scholarship Fund,*,*,24632
IN,*,*,*,*,*,492392,,IN,*,*,Parents Association,*,*,16310
IN,*,*,*,*,*,492392,,IN,*,*,Trustees Fund,*,*,20252
IN,*,*,*,*,*,492392,,IN,*,*,University Annual Fund,*,*,35747
IN,*,*,*,*,*,492392,,IN,*,*,University Libraries,*,*,19432
KS,*,*,*,*,*,571315,,KS,*,*,Alumni Association,*,*,6708
KS,*,*,*,*,*,571315,,KS,*,*,Athletics,*,*,21099
KS,*,*,*,*,*,571315,,KS,*,*,Campus Museums,*,*,32616
KS,*,*,*,*,*,571315,,KS,*,*,Campus Recreation,*,*,4954
KS,*,*,*,*,*,571315,,KS,*,*,College of Agriculture and Natural Resources,*,*,17456
KS,*,*,*,*,*,571315,,KS,*,*,College of Arts and Sciences,*,*,49755
KS,*,*,*,*,*,571315,,KS,*,*,College of Business,*,*,8083
KS,*,*,*,*,*,571315,,KS,*,*,College of Education,*,*,17377
KS,*,*,*,*,*,571315,,KS,*,*,College of Engineering,*,*,5453
KS,*,*,*,*,*,571315,,KS,*,*,College of Natural Science,*,*,58837
KS,*,*,*,*,*,571315,,KS,*,*,College of Nursing,*,*,9667
KS,*,*,*,*,*,571315,,KS,*,*,College of Political Science,*,*,13885
KS,*,*,*,*,*,571315,,KS,*,*,College of Social Science,*,*,79039
KS,*,*,*,*,*,571315,,KS,*,*,Diversity Fund,*,*,51204
KS,*,*,*,*,*,571315,,KS,*,*,Faculty Chair Endowments,*,*,51824
KS,*,*,*,*,*,571315,,KS,*,*,Honors Program,*,*,28247
KS,*,*,*,*,*,571315,,KS,*,*,In-State Scholarship Fund,*,*,3282
KS,*,*,*,*,*,571315,,KS,*,*,Minority Scholarship Fund,*,*,12725
KS,*,*,*,*,*,571315,,KS,*,*,Parents Association,*,*,3278
KS,*,*,*,*,*,571315,,KS,*,*,Trustees Fund,*,*,37246
KS,*,*,*,*,*,571315,,KS,*,*,University Annual Fund,*,*,53428
KS,*,*,*,*,*,571315,,KS,*,*,University Libraries,*,*,5152
KY,*,*,*,*,*,191381,,KY,*,*,Campus Museums,*,*,3009
KY,*,*,*,*,*,191381,,KY,*,*,Campus Recreation,*,*,5794
KY,*,*,*,*,*,191381,,KY,*,*,College of Arts and Sciences,*,*,10405
KY,*,*,*,*,*,191381,,KY,*,*,College of Education,*,*,7288
KY,*,*,*,*,*,191381,,KY,*,*,College of Natural Science,*,*,33070
KY,*,*,*,*,*,191381,,KY,*,*,College of Social Science,*,*,26147
KY,*,*,*,*,*,191381,,KY,*,*,Diversity Fund,*,*,17497
KY,*,*,*,*,*,191381,,KY,*,*,Faculty Chair Endowments,*,*,39444
KY,*,*,*,*,*,191381,,KY,*,*,Honors Program,*,*,13806
KY,*,*,*,*,*,191381,,KY,*,*,Minority Scholarship Fund,*,*,5524
KY,*,*,*,*,*,191381,,KY,*,*,Parents Association,*,*,12306
KY,*,*,*,*,*,191381,,KY,*,*,University Annual Fund,*,*,12486
KY,*,*,*,*,*,191381,,KY,*,*,University Libraries,*,*,4605
LA,*,*,*,*,*,310746,,LA,*,*,Alumni Association,*,*,8997
LA,*,*,*,*,*,310746,,LA,*,*,Athletics,*,*,3670
LA,*,*,*,*,*,310746,,LA,*,*,Campus Museums,*,*,4083
LA,*,*,*,*,*,310746,,LA,*,*,College of Agriculture and Natural Resources,*,*,14925
LA,*,*,*,*,*,310746,,LA,*,*,College of Arts and Sciences,*,*,42715
LA,*,*,*,*,*,310746,,LA,*,*,College of Communication Arts and Sciences,*,*,2069
LA,*,*,*,*,*,310746,,LA,*,*,College of Natural Science,*,*,16790
LA,*,*,*,*,*,310746,,LA,*,*,College of Political Science,*,*,7227
LA,*,*,*,*,*,310746,,LA,*,*,College of Social Science,*,*,55687
LA,*,*,*,*,*,310746,,LA,*,*,College of Veterinary Medicine,*,*,3095
LA,*,*,*,*,*,310746,,LA,*,*,Diversity Fund,*,*,63764
LA,*,*,*,*,*,310746,,LA,*,*,Faculty Chair Endowments,*,*,36293
LA,*,*,*,*,*,310746,,LA,*,*,Honors Program,*,*,895
LA,*,*,*,*,*,310746,,LA,*,*,In-State Scholarship Fund,*,*,19076
LA,*,*,*,*,*,310746,,LA,*,*,Minority Scholarship Fund,*,*,1646
LA,*,*,*,*,*,310746,,LA,*,*,Parents Association,*,*,14723
LA,*,*,*,*,*,310746,,LA,*,*,Trustees Fund,*,*,5223
LA,*,*,*,*,*,310746,,LA,*,*,University Annual Fund,*,*,9868
MA,*,*,*,*,*,416307,,MA,*,*,Alumni Association,*,*,7547
MA,*,*,*,*,*,416307,,MA,*,*,Campus Recreation,*,*,16925
MA,*,*,*,*,*,416307,,MA,*,*,College of Agriculture and Natural Resources,*,*,6979
MA,*,*,*,*,*,416307,,MA,*,*,College of Arts and Sciences,*,*,67407
MA,*,*,*,*,*,416307,,MA,*,*,College of Business,*,*,11999
MA,*,*,*,*,*,416307,,MA,*,*,College of Natural Science,*,*,36486
MA,*,*,*,*,*,416307,,MA,*,*,College of Nursing,*,*,17517
MA,*,*,*,*,*,416307,,MA,*,*,College of Political Science,*,*,4287
MA,*,*,*,*,*,416307,,MA,*,*,College of Social Science,*,*,45410
MA,*,*,*,*,*,416307,,MA,*,*,Diversity Fund,*,*,34086
MA,*,*,*,*,*,416307,,MA,*,*,Faculty Chair Endowments,*,*,33207
MA,*,*,*,*,*,416307,,MA,*,*,Honors Program,*,*,31116
MA,*,*,*,*,*,416307,,MA,*,*,In-State Scholarship Fund,*,*,11029
MA,*,*,*,*,*,416307,,MA,*,*,Parents Association,*,*,6672
MA,*,*,*,*,*,416307,,MA,*,*,Trustees Fund,*,*,35028
MA,*,*,*,*,*,416307,,MA,*,*,University Annual Fund,*,*,44366
MA,*,*,*,*,*,416307,,MA,*,*,University Libraries,*,*,6246
MI,*,*,*,*,*,851369,,MI,*,*,Alumni Association,*,*,17572
MI,*,*,*,*,*,851369,,MI,*,*,Athletics,*,*,15393
MI,*,*,*,*,*,851369,,MI,*,*,Campus Museums,*,*,48289
MI,*,*,*,*,*,851369,,MI,*,*,Campus Recreation,*,*,17399
MI,*,*,*,*,*,851369,,MI,*,*,College of Agriculture and Natural Resources,*,*,30030
MI,*,*,*,*,*,851369,,MI,*,*,College of Arts and Sciences,*,*,60170
MI,*,*,*,*,*,851369,,MI,*,*,College of Business,*,*,17568
MI,*,*,*,*,*,851369,,MI,*,*,College of Communication Arts and Sciences,*,*,6006
MI,*,*,*,*,*,851369,,MI,*,*,College of Education,*,*,9667
MI,*,*,*,*,*,851369,,MI,*,*,College of Engineering,*,*,21561
MI,*,*,*,*,*,851369,,MI,*,*,College of Music,*,*,20037
MI,*,*,*,*,*,851369,,MI,*,*,College of Natural Science,*,*,80393
MI,*,*,*,*,*,851369,,MI,*,*,College of Nursing,*,*,91
MI,*,*,*,*,*,851369,,MI,*,*,College of Political Science,*,*,8795
MI,*,*,*,*,*,851369,,MI,*,*,College of Social Science,*,*,19279
MI,*,*,*,*,*,851369,,MI,*,*,College of Veterinary Medicine,*,*,13114
MI,*,*,*,*,*,851369,,MI,*,*,Diversity Fund,*,*,61358
MI,*,*,*,*,*,851369,,MI,*,*,Faculty Chair Endowments,*,*,90523
MI,*,*,*,*,*,851369,,MI,*,*,Honors Program,*,*,43972
MI,*,*,*,*,*,851369,,MI,*,*,In-State Scholarship Fund,*,*,33647
MI,*,*,*,*,*,851369,,MI,*,*,Minority Scholarship Fund,*,*,6100
MI,*,*,*,*,*,851369,,MI,*,*,Parents Association,*,*,29059
MI,*,*,*,*,*,851369,,MI,*,*,Trustees Fund,*,*,118279
MI,*,*,*,*,*,851369,,MI,*,*,University Annual Fund,*,*,65645
MI,*,*,*,*,*,851369,,MI,*,*,University Libraries,*,*,17422
MN,*,*,*,*,*,101068,,MN,*,*,Alumni Association,*,*,3784
MN,*,*,*,*,*,101068,,MN,*,*,Athletics,*,*,9394
MN,*,*,*,*,*,101068,,MN,*,*,Campus Museums,*,*,7578
MN,*,*,*,*,*,101068,,MN,*,*,College of Agriculture and Natural Resources,*,*,9558
MN,*,*,*,*,*,101068,,MN,*,*,College of Arts and Sciences,*,*,12717
MN,*,*,*,*,*,101068,,MN,*,*,Diversity Fund,*,*,6865
MN,*,*,*,*,*,101068,,MN,*,*,Faculty Chair Endowments,*,*,33199
MN,*,*,*,*,*,101068,,MN,*,*,In-State Scholarship Fund,*,*,6356
MN,*,*,*,*,*,101068,,MN,*,*,Trustees Fund,*,*,8943
MN,*,*,*,*,*,101068,,MN,*,*,University Annual Fund,*,*,2674
MO,*,*,*,*,*,828928,,MO,*,*,Alumni Association,*,*,28117
MO,*,*,*,*,*,828928,,MO,*,*,Athletics,*,*,8199
MO,*,*,*,*,*,828928,,MO,*,*,Campus Museums,*,*,25014
MO,*,*,*,*,*,828928,,MO,*,*,Campus Recreation,*,*,7885
MO,*,*,*,*,*,828928,,MO,*,*,College of Agriculture and Natural Resources,*,*,48517
MO,*,*,*,*,*,828928,,MO,*,*,College of Arts and Sciences,*,*,48758
MO,*,*,*,*,*,828928,,MO,*,*,College of Business,*,*,4266
MO,*,*,*,*,*,828928,,MO,*,*,College of Communication Arts and Sciences,*,*,7731
MO,*,*,*,*,*,828928,,MO,*,*,College of Education,*,*,7210
MO,*,*,*,*,*,828928,,MO,*,*,College of Music,*,*,44801
MO,*,*,*,*,*,828928,,MO,*,*,College of Nursing,*,*,3708
MO,*,*,*,*,*,828928,,MO,*,*,College of Political Science,*,*,5041
MO,*,*,*,*,*,828928,,MO,*,*,College of Social Science,*,*,17202
MO,*,*,*,*,*,828928,,MO,*,*,Diversity Fund,*,*,46367
MO,*,*,*,*,*,828928,,MO,*,*,Faculty Chair Endowments,*,*,56104
MO,*,*,*,*,*,828928,,MO,*,*,Honors Program,*,*,18967
MO,*,*,*,*,*,828928,,MO,*,*,In-State Scholarship Fund,*,*,21678
MO,*,*,*,*,*,828928,,MO,*,*,Minority Scholarship Fund,*,*,3043
MO,*,*,*,*,*,828928,,MO,*,*,Parents Association,*,*,3390
MO,*,*,*,*,*,828928,,MO,*,*,Trustees Fund,*,*,64181
MO,*,*,*,*,*,828928,,MO,*,*,University Annual Fund,*,*,49161
MO,*,*,*,*,*,828928,,MO,*,*,University Libraries,*,*,26688
NC,*,*,*,*,*,647639,,NC,*,*,Alumni Association,*,*,44414
NC,*,*,*,*,*,647639,,NC,*,*,Athletics,*,*,13450
NC,*,*,*,*,*,647639,,NC,*,*,Campus Museums,*,*,9755
NC,*,*,*,*,*,647639,,NC,*,*,Campus Recreation,*,*,21570
NC,*,*,*,*,*,647639,,NC,*,*,College of Agriculture and Natural Resources,*,*,19285
NC,*,*,*,*,*,647639,,NC,*,*,College of Arts and Sciences,*,*,27866
NC,*,*,*,*,*,647639,,NC,*,*,College of Communication Arts and Sciences,*,*,29354
NC,*,*,*,*,*,647639,,NC,*,*,College of Education,*,*,13899
NC,*,*,*,*,*,647639,,NC,*,*,College of Engineering,*,*,11225
NC,*,*,*,*,*,647639,,NC,*,*,College of Natural Science,*,*,22185
NC,*,*,*,*,*,647639,,NC,*,*,College of Nursing,*,*,7314
NC,*,*,*,*,*,647639,,NC,*,*,College of Political Science,*,*,16708
NC,*,*,*,*,*,647639,,NC,*,*,College of Social Science,*,*,57910
NC,*,*,*,*,*,647639,,NC,*,*,Diversity Fund,*,*,55389
NC,*,*,*,*,*,647639,,NC,*,*,Faculty Chair Endowments,*,*,89282
NC,*,*,*,*,*,647639,,NC,*,*,Honors Program,*,*,22575
NC,*,*,*,*,*,647639,,NC,*,*,In-State Scholarship Fund,*,*,23503
NC,*,*,*,*,*,647639,,NC,*,*,Minority Scholarship Fund,*,*,29402
NC,*,*,*,*,*,647639,,NC,*,*,Parents Association,*,*,29564
NC,*,*,*,*,*,647639,,NC,*,*,Trustees Fund,*,*,49091
NC,*,*,*,*,*,647639,,NC,*,*,University Annual Fund,*,*,43603
NC,*,*,*,*,*,647639,,NC,*,*,University Libraries,*,*,10295
NE,*,*,*,*,*,275385,,NE,*,*,Athletics,*,*,6371
NE,*,*,*,*,*,275385,,NE,*,*,Campus Museums,*,*,16618
NE,*,*,*,*,*,275385,,NE,*,*,Campus Recreation,*,*,6396
NE,*,*,*,*,*,275385,,NE,*,*,College of Agriculture and Natural Resources,*,*,8555
NE,*,*,*,*,*,275385,,NE,*,*,College of Arts and Sciences,*,*,7123
NE,*,*,*,*,*,275385,,NE,*,*,College of Business,*,*,4871
NE,*,*,*,*,*,275385,,NE,*,*,College of Education,*,*,4813
NE,*,*,*,*,*,275385,,NE,*,*,College of Engineering,*,*,3797
NE,*,*,*,*,*,275385,,NE,*,*,College of Natural Science,*,*,21189
NE,*,*,*,*,*,275385,,NE,*,*,College of Political Science,*,*,2647
NE,*,*,*,*,*,275385,,NE,*,*,College of Social Science,*,*,11248
NE,*,*,*,*,*,275385,,NE,*,*,Diversity Fund,*,*,24838
NE,*,*,*,*,*,275385,,NE,*,*,Faculty Chair Endowments,*,*,7123
NE,*,*,*,*,*,275385,,NE,*,*,Honors Program,*,*,2731
NE,*,*,*,*,*,275385,,NE,*,*,In-State Scholarship Fund,*,*,18285
NE,*,*,*,*,*,275385,,NE,*,*,Minority Scholarship Fund,*,*,25103
NE,*,*,*,*,*,275385,,NE,*,*,Parents Association,*,*,19
NE,*,*,*,*,*,275385,,NE,*,*,Trustees Fund,*,*,16221
NE,*,*,*,*,*,275385,,NE,*,*,University Annual Fund,*,*,83552
NE,*,*,*,*,*,275385,,NE,*,*,University Libraries,*,*,3885
NH,*,*,*,*,*,149882,,NH,*,*,Athletics,*,*,9665
NH,*,*,*,*,*,149882,,NH,*,*,Campus Museums,*,*,9501
NH,*,*,*,*,*,149882,,NH,*,*,College of Agriculture and Natural Resources,*,*,9117
NH,*,*,*,*,*,149882,,NH,*,*,College of Arts and Sciences,*,*,7451
NH,*,*,*,*,*,149882,,NH,*,*,College of Education,*,*,379
NH,*,*,*,*,*,149882,,NH,*,*,College of Engineering,*,*,1818
NH,*,*,*,*,*,149882,,NH,*,*,College of Natural Science,*,*,20242
NH,*,*,*,*,*,149882,,NH,*,*,College of Social Science,*,*,8519
NH,*,*,*,*,*,149882,,NH,*,*,Diversity Fund,*,*,6859
NH,*,*,*,*,*,149882,,NH,*,*,Faculty Chair Endowments,*,*,6891
NH,*,*,*,*,*,149882,,NH,*,*,Honors Program,*,*,5030
NH,*,*,*,*,*,149882,,NH,*,*,Minority Scholarship Fund,*,*,76
NH,*,*,*,*,*,149882,,NH,*,*,Parents Association,*,*,21963
NH,*,*,*,*,*,149882,,NH,*,*,Trustees Fund,*,*,8715
NH,*,*,*,*,*,149882,,NH,*,*,University Annual Fund,*,*,25357
NH,*,*,*,*,*,149882,,NH,*,*,University Libraries,*,*,8299
NJ,*,*,*,*,*,56889,,NJ,*,*,College of Natural Science,*,*,6993
NJ,*,*,*,*,*,56889,,NJ,*,*,Diversity Fund,*,*,1655
NJ,*,*,*,*,*,56889,,NJ,*,*,Faculty Chair Endowments,*,*,3826
NJ,*,*,*,*,*,56889,,NJ,*,*,In-State Scholarship Fund,*,*,8893
NJ,*,*,*,*,*,56889,,NJ,*,*,Trustees Fund,*,*,5984
NM,*,*,*,*,*,169283,,NM,*,*,Campus Recreation,*,*,9628
NM,*,*,*,*,*,169283,,NM,*,*,College of Education,*,*,10223
NM,*,*,*,*,*,169283,,NM,*,*,College of Music,*,*,7641
NM,*,*,*,*,*,169283,,NM,*,*,College of Natural Science,*,*,23091
NM,*,*,*,*,*,169283,,NM,*,*,College of Nursing,*,*,3870
NM,*,*,*,*,*,169283,,NM,*,*,College of Political Science,*,*,9628
NM,*,*,*,*,*,169283,,NM,*,*,College of Social Science,*,*,12846
NM,*,*,*,*,*,169283,,NM,*,*,Faculty Chair Endowments,*,*,26404
NM,*,*,*,*,*,169283,,NM,*,*,Honors Program,*,*,13971
NM,*,*,*,*,*,169283,,NM,*,*,In-State Scholarship Fund,*,*,17872
NM,*,*,*,*,*,169283,,NM,*,*,Parents Association,*,*,5703
NM,*,*,*,*,*,169283,,NM,*,*,Trustees Fund,*,*,11143
NM,*,*,*,*,*,169283,,NM,*,*,University Annual Fund,*,*,17263
NV,*,*,*,*,*,479280,,NV,*,*,Alumni Association,*,*,995
NV,*,*,*,*,*,479280,,NV,*,*,Athletics,*,*,14971
NV,*,*,*,*,*,479280,,NV,*,*,Campus Museums,*,*,10858
NV,*,*,*,*,*,479280,,NV,*,*,Campus Recreation,*,*,15096
NV,*,*,*,*,*,479280,,NV,*,*,College of Agriculture and Natural Resources,*,*,33841
NV,*,*,*,*,*,479280,,NV,*,*,College of Arts and Sciences,*,*,48081
NV,*,*,*,*,*,479280,,NV,*,*,College of Business,*,*,3009
NV,*,*,*,*,*,479280,,NV,*,*,College of Communication Arts and Sciences,*,*,1300
NV,*,*,*,*,*,479280,,NV,*,*,College of Engineering,*,*,6821
NV,*,*,*,*,*,479280,,NV,*,*,College of Music,*,*,6234
NV,*,*,*,*,*,479280,,NV,*,*,College of Natural Science,*,*,20017
NV,*,*,*,*,*,479280,,NV,*,*,College of Political Science,*,*,1270
NV,*,*,*,*,*,479280,,NV,*,*,College of Social Science,*,*,23279
NV,*,*,*,*,*,479280,,NV,*,*,Diversity Fund,*,*,36849
NV,*,*,*,*,*,479280,,NV,*,*,Faculty Chair Endowments,*,*,42151
NV,*,*,*,*,*,479280,,NV,*,*,Honors Program,*,*,21807
NV,*,*,*,*,*,479280,,NV,*,*,In-State Scholarship Fund,*,*,2438
NV,*,*,*,*,*,479280,,NV,*,*,Minority Scholarship Fund,*,*,12289
NV,*,*,*,*,*,479280,,NV,*,*,Parents Association,*,*,51480
NV,*,*,*,*,*,479280,,NV,*,*,Trustees Fund,*,*,58575
NV,*,*,*,*,*,479280,,NV,*,*,University Annual Fund,*,*,52159
NV,*,*,*,*,*,479280,,NV,*,*,University Libraries,*,*,15760
NY,*,*,*,*,*,1104047,,NY,*,*,Alumni Association,*,*,34395
NY,*,*,*,*,*,1104047,,NY,*,*,Athletics,*,*,50048
NY,*,*,*,*,*,1104047,,NY,*,*,Campus Museums,*,*,48751
NY,*,*,*,*,*,1104047,,NY,*,*,Campus Recreation,*,*,13115
NY,*,*,*,*,*,1104047,,NY,*,*,College of Agriculture and Natural Resources,*,*,50596
NY,*,*,*,*,*,1104047,,NY,*,*,College of Arts and Sciences,*,*,83531
NY,*,*,*,*,*,1104047,,NY,*,*,College of Business,*,*,20256
NY,*,*,*,*,*,1104047,,NY,*,*,College of Communication Arts and Sciences,*,*,6334
NY,*,*,*,*,*,1104047,,NY,*,*,College of Education,*,*,9220
NY,*,*,*,*,*,1104047,,NY,*,*,College of Engineering,*,*,16175
NY,*,*,*,*,*,1104047,,NY,*,*,College of Music,*,*,9370
NY,*,*,*,*,*,1104047,,NY,*,*,College of Natural Science,*,*,110195
NY,*,*,*,*,*,1104047,,NY,*,*,College of Nursing,*,*,9134
NY,*,*,*,*,*,1104047,,NY,*,*,College of Political Science,*,*,7699
NY,*,*,*,*,*,1104047,,NY,*,*,College of Social Science,*,*,60806
NY,*,*,*,*,*,1104047,,NY,*,*,College of Veterinary Medicine,*,*,45468
NY,*,*,*,*,*,1104047,,NY,*,*,Diversity Fund,*,*,106355
NY,*,*,*,*,*,1104047,,NY,*,*,Faculty Chair Endowments,*,*,89711
NY,*,*,*,*,*,1104047,,NY,*,*,Honors Program,*,*,14473
NY,*,*,*,*,*,1104047,,NY,*,*,In-State Scholarship Fund,*,*,54809
NY,*,*,*,*,*,1104047,,NY,*,*,Minority Scholarship Fund,*,*,21505
NY,*,*,*,*,*,1104047,,NY,*,*,Parents Association,*,*,29235
NY,*,*,*,*,*,1104047,,NY,*,*,Trustees Fund,*,*,55343
NY,*,*,*,*,*,1104047,,NY,*,*,University Annual Fund,*,*,135597
NY,*,*,*,*,*,1104047,,NY,*,*,University Libraries,*,*,21926
OH,*,*,*,*,*,882840,,OH,*,*,Alumni Association,*,*,54995
OH,*,*,*,*,*,882840,,OH,*,*,Athletics,*,*,33252
OH,*,*,*,*,*,882840,,OH,*,*,Campus Museums,*,*,1652
OH,*,*,*,*,*,882840,,OH,*,*,Campus Recreation,*,*,45001
OH,*,*,*,*,*,882840,,OH,*,*,College of Agriculture and Natural Resources,*,*,46633
OH,*,*,*,*,*,882840,,OH,*,*,College of Arts and Sciences,*,*,50260
OH,*,*,*,*,*,882840,,OH,*,*,College of Business,*,*,19974
OH,*,*,*,*,*,882840,,OH,*,*,College of Communication Arts and Sciences,*,*,25291
OH,*,*,*,*,*,882840,,OH,*,*,College of Engineering,*,*,2015
OH,*,*,*,*,*,882840,,OH,*,*,College of Music,*,*,21600
OH,*,*,*,*,*,882840,,OH,*,*,College of Natural Science,*,*,112293
OH,*,*,*,*,*,882840,,OH,*,*,College of Nursing,*,*,12128
OH,*,*,*,*,*,882840,,OH,*,*,College of Political Science,*,*,447
OH,*,*,*,*,*,882840,,OH,*,*,College of Social Science,*,*,56558
OH,*,*,*,*,*,882840,,OH,*,*,College of Veterinary Medicine,*,*,4821
OH,*,*,*,*,*,882840,,OH,*,*,Diversity Fund,*,*,32658
OH,*,*,*,*,*,882840,,OH,*,*,Faculty Chair Endowments,*,*,78440
OH,*,*,*,*,*,882840,,OH,*,*,Honors Program,*,*,19775
OH,*,*,*,*,*,882840,,OH,*,*,In-State Scholarship Fund,*,*,17923
OH,*,*,*,*,*,882840,,OH,*,*,Minority Scholarship Fund,*,*,49359
OH,*,*,*,*,*,882840,,OH,*,*,Parents Association,*,*,25578
OH,*,*,*,*,*,882840,,OH,*,*,Trustees Fund,*,*,56615
OH,*,*,*,*,*,882840,,OH,*,*,University Annual Fund,*,*,94282
OH,*,*,*,*,*,882840,,OH,*,*,University Libraries,*,*,21290
OK,*,*,*,*,*,294113,,OK,*,*,Alumni Association,*,*,9594
OK,*,*,*,*,*,294113,,OK,*,*,Athletics,*,*,1633
OK,*,*,*,*,*,294113,,OK,*,*,Campus Museums,*,*,24024
OK,*,*,*,*,*,294113,,OK,*,*,Campus Recreation,*,*,12967
OK,*,*,*,*,*,294113,,OK,*,*,College of Agriculture and Natural Resources,*,*,5763
OK,*,*,*,*,*,294113,,OK,*,*,College of Arts and Sciences,*,*,16400
OK,*,*,*,*,*,294113,,OK,*,*,College of Business,*,*,8182
OK,*,*,*,*,*,294113,,OK,*,*,College of Engineering,*,*,659
OK,*,*,*,*,*,294113,,OK,*,*,College of Music,*,*,6028
OK,*,*,*,*,*,294113,,OK,*,*,College of Natural Science,*,*,50010
OK,*,*,*,*,*,294113,,OK,*,*,College of Political Science,*,*,1181
OK,*,*,*,*,*,294113,,OK,*,*,College of Social Science,*,*,12046
OK,*,*,*,*,*,294113,,OK,*,*,Diversity Fund,*,*,16576
OK,*,*,*,*,*,294113,,OK,*,*,Faculty Chair Endowments,*,*,16410
OK,*,*,*,*,*,294113,,OK,*,*,Honors Program,*,*,17636
OK,*,*,*,*,*,294113,,OK,*,*,In-State Scholarship Fund,*,*,6632
OK,*,*,*,*,*,294113,,OK,*,*,Minority Scholarship Fund,*,*,18074
OK,*,*,*,*,*,294113,,OK,*,*,Trustees Fund,*,*,33098
OK,*,*,*,*,*,294113,,OK,*,*,University Annual Fund,*,*,28673
OK,*,*,*,*,*,294113,,OK,*,*,University Libraries,*,*,8527
OR,*,*,*,*,*,306514,,OR,*,*,Athletics,*,*,16777
OR,*,*,*,*,*,306514,,OR,*,*,Campus Museums,*,*,15674
OR,*,*,*,*,*,306514,,OR,*,*,Campus Recreation,*,*,10246
OR,*,*,*,*,*,306514,,OR,*,*,College of Agriculture and Natural Resources,*,*,11548
OR,*,*,*,*,*,306514,,OR,*,*,College of Arts and Sciences,*,*,8290
OR,*,*,*,*,*,306514,,OR,*,*,College of Business,*,*,4269
OR,*,*,*,*,*,306514,,OR,*,*,College of Music,*,*,9941
OR,*,*,*,*,*,306514,,OR,*,*,College of Natural Science,*,*,16597
OR,*,*,*,*,*,306514,,OR,*,*,College of Social Science,*,*,34281
OR,*,*,*,*,*,306514,,OR,*,*,Diversity Fund,*,*,35917
OR,*,*,*,*,*,306514,,OR,*,*,Faculty Chair Endowments,*,*,16776
OR,*,*,*,*,*,306514,,OR,*,*,Honors Program,*,*,12953
OR,*,*,*,*,*,306514,,OR,*,*,In-State Scholarship Fund,*,*,16524
OR,*,*,*,*,*,306514,,OR,*,*,Minority Scholarship Fund,*,*,9745
OR,*,*,*,*,*,306514,,OR,*,*,Trustees Fund,*,*,31154
OR,*,*,*,*,*,306514,,OR,*,*,University Annual Fund,*,*,34989
OR,*,*,*,*,*,306514,,OR,*,*,University Libraries,*,*,20833
PA,*,*,*,*,*,302707,,PA,*,*,Alumni Association,*,*,16918
PA,*,*,*,*,*,302707,,PA,*,*,Athletics,*,*,28114
PA,*,*,*,*,*,302707,,PA,*,*,Campus Recreation,*,*,11219
PA,*,*,*,*,*,302707,,PA,*,*,College of Agriculture and Natural Resources,*,*,8003
PA,*,*,*,*,*,302707,,PA,*,*,College of Arts and Sciences,*,*,20088
PA,*,*,*,*,*,302707,,PA,*,*,College of Business,*,*,4994
PA,*,*,*,*,*,302707,,PA,*,*,College of Communication Arts and Sciences,*,*,12023
PA,*,*,*,*,*,302707,,PA,*,*,College of Education,*,*,11104
PA,*,*,*,*,*,302707,,PA,*,*,College of Engineering,*,*,9143
PA,*,*,*,*,*,302707,,PA,*,*,College of Natural Science,*,*,20737
PA,*,*,*,*,*,302707,,PA,*,*,College of Nursing,*,*,11784
PA,*,*,*,*,*,302707,,PA,*,*,College of Political Science,*,*,7418
PA,*,*,*,*,*,302707,,PA,*,*,College of Social Science,*,*,15772
PA,*,*,*,*,*,302707,,PA,*,*,Diversity Fund,*,*,13578
PA,*,*,*,*,*,302707,,PA,*,*,Faculty Chair Endowments,*,*,42215
PA,*,*,*,*,*,302707,,PA,*,*,Parents Association,*,*,23516
PA,*,*,*,*,*,302707,,PA,*,*,Trustees Fund,*,*,11837
PA,*,*,*,*,*,302707,,PA,*,*,University Annual Fund,*,*,25363
PA,*,*,*,*,*,302707,,PA,*,*,University Libraries,*,*,8881
RI,*,*,*,*,*,142920,,RI,*,*,Alumni Association,*,*,4789
RI,*,*,*,*,*,142920,,RI,*,*,Campus Museums,*,*,11798
RI,*,*,*,*,*,142920,,RI,*,*,Campus Recreation,*,*,5130
RI,*,*,*,*,*,142920,,RI,*,*,College of Agriculture and Natural Resources,*,*,28164
RI,*,*,*,*,*,142920,,RI,*,*,College of Arts and Sciences,*,*,29658
RI,*,*,*,*,*,142920,,RI,*,*,College of Communication Arts and Sciences,*,*,2810
RI,*,*,*,*,*,142920,,RI,*,*,College of Education,*,*,2192
RI,*,*,*,*,*,142920,,RI,*,*,College of Engineering,*,*,5613
RI,*,*,*,*,*,142920,,RI,*,*,College of Social Science,*,*,3141
RI,*,*,*,*,*,142920,,RI,*,*,Diversity Fund,*,*,18765
RI,*,*,*,*,*,142920,,RI,*,*,Honors Program,*,*,1553
RI,*,*,*,*,*,142920,,RI,*,*,Parents Association,*,*,548
RI,*,*,*,*,*,142920,,RI,*,*,Trustees Fund,*,*,17691
RI,*,*,*,*,*,142920,,RI,*,*,University Annual Fund,*,*,6978
RI,*,*,*,*,*,142920,,RI,*,*,University Libraries,*,*,4090
SC,*,*,*,*,*,275404,,SC,*,*,Alumni Association,*,*,4356
SC,*,*,*,*,*,275404,,SC,*,*,Athletics,*,*,625
SC,*,*,*,*,*,275404,,SC,*,*,Campus Museums,*,*,20082
SC,*,*,*,*,*,275404,,SC,*,*,Campus Recreation,*,*,290
SC,*,*,*,*,*,275404,,SC,*,*,College of Agriculture and Natural Resources,*,*,37538
SC,*,*,*,*,*,275404,,SC,*,*,College of Arts and Sciences,*,*,30014
SC,*,*,*,*,*,275404,,SC,*,*,College of Communication Arts and Sciences,*,*,27493
SC,*,*,*,*,*,275404,,SC,*,*,College of Education,*,*,9232
SC,*,*,*,*,*,275404,,SC,*,*,College of Music,*,*,9970
SC,*,*,*,*,*,275404,,SC,*,*,College of Natural Science,*,*,15766
SC,*,*,*,*,*,275404,,SC,*,*,College of Social Science,*,*,7680
SC,*,*,*,*,*,275404,,SC,*,*,Diversity Fund,*,*,16834
SC,*,*,*,*,*,275404,,SC,*,*,Faculty Chair Endowments,*,*,30522
SC,*,*,*,*,*,275404,,SC,*,*,Honors Program,*,*,21717
SC,*,*,*,*,*,275404,,SC,*,*,In-State Scholarship Fund,*,*,12012
SC,*,*,*,*,*,275404,,SC,*,*,Parents Association,*,*,13459
SC,*,*,*,*,*,275404,,SC,*,*,Trustees Fund,*,*,13595
SC,*,*,*,*,*,275404,,SC,*,*,University Annual Fund,*,*,4219
TN,*,*,*,*,*,663061,,TN,*,*,Alumni Association,*,*,32586
TN,*,*,*,*,*,663061,,TN,*,*,Athletics,*,*,8248
TN,*,*,*,*,*,663061,,TN,*,*,Campus Museums,*,*,26293
TN,*,*,*,*,*,663061,,TN,*,*,Campus Recreation,*,*,39407
TN,*,*,*,*,*,663061,,TN,*,*,College of Agriculture and Natural Resources,*,*,71774
TN,*,*,*,*,*,663061,,TN,*,*,College of Arts and Sciences,*,*,77055
TN,*,*,*,*,*,663061,,TN,*,*,College of Business,*,*,1050
TN,*,*,*,*,*,663061,,TN,*,*,College of Communication Arts and Sciences,*,*,9783
TN,*,*,*,*,*,663061,,TN,*,*,College of Education,*,*,251
TN,*,*,*,*,*,663061,,TN,*,*,College of Engineering,*,*,8955
TN,*,*,*,*,*,663061,,TN,*,*,College of Music,*,*,5151
TN,*,*,*,*,*,663061,,TN,*,*,College of Natural Science,*,*,39266
TN,*,*,*,*,*,663061,,TN,*,*,College of Political Science,*,*,17840
TN,*,*,*,*,*,663061,,TN,*,*,College of Social Science,*,*,48199
TN,*,*,*,*,*,663061,,TN,*,*,College of Veterinary Medicine,*,*,3897
TN,*,*,*,*,*,663061,,TN,*,*,Diversity Fund,*,*,66817
TN,*,*,*,*,*,663061,,TN,*,*,Faculty Chair Endowments,*,*,39625
TN,*,*,*,*,*,663061,,TN,*,*,Honors Program,*,*,28060
TN,*,*,*,*,*,663061,,TN,*,*,In-State Scholarship Fund,*,*,11851
TN,*,*,*,*,*,663061,,TN,*,*,Minority Scholarship Fund,*,*,15814
TN,*,*,*,*,*,663061,,TN,*,*,Parents Association,*,*,13569
TN,*,*,*,*,*,663061,,TN,*,*,Trustees Fund,*,*,34904
TN,*,*,*,*,*,663061,,TN,*,*,University Annual Fund,*,*,23588
TN,*,*,*,*,*,663061,,TN,*,*,University Libraries,*,*,39078
TX,*,*,*,*,*,1916008,,TX,*,*,Alumni Association,*,*,30261
TX,*,*,*,*,*,1916008,,TX,*,*,Athletics,*,*,71547
TX,*,*,*,*,*,1916008,,TX,*,*,Campus Museums,*,*,50621
TX,*,*,*,*,*,1916008,,TX,*,*,Campus Recreation,*,*,74899
TX,*,*,*,*,*,1916008,,TX,*,*,College of Agriculture and Natural Resources,*,*,100917
TX,*,*,*,*,*,1916008,,TX,*,*,College of Arts and Sciences,*,*,103585
TX,*,*,*,*,*,1916008,,TX,*,*,College of Business,*,*,26969
TX,*,*,*,*,*,1916008,,TX,*,*,College of Communication Arts and Sciences,*,*,29892
TX,*,*,*,*,*,1916008,,TX,*,*,College of Education,*,*,34643
TX,*,*,*,*,*,1916008,,TX,*,*,College of Engineering,*,*,58117
TX,*,*,*,*,*,1916008,,TX,*,*,College of Music,*,*,9689
TX,*,*,*,*,*,1916008,,TX,*,*,College of Natural Science,*,*,141549
TX,*,*,*,*,*,1916008,,TX,*,*,College of Political Science,*,*,15735
TX,*,*,*,*,*,1916008,,TX,*,*,College of Social Science,*,*,101594
TX,*,*,*,*,*,1916008,,TX,*,*,Diversity Fund,*,*,182765
TX,*,*,*,*,*,1916008,,TX,*,*,Faculty Chair Endowments,*,*,160082
TX,*,*,*,*,*,1916008,,TX,*,*,Honors Program,*,*,79300
TX,*,*,*,*,*,1916008,,TX,*,*,In-State Scholarship Fund,*,*,61102
TX,*,*,*,*,*,1916008,,TX,*,*,Minority Scholarship Fund,*,*,77133
TX,*,*,*,*,*,1916008,,TX,*,*,Parents Association,*,*,65360
TX,*,*,*,*,*,1916008,,TX,*,*,Trustees Fund,*,*,175611
TX,*,*,*,*,*,1916008,,TX,*,*,University Annual Fund,*,*,180892
TX,*,*,*,*,*,1916008,,TX,*,*,University Libraries,*,*,83745
UT,*,*,*,*,*,394494,,UT,*,*,Athletics,*,*,31702
UT,*,*,*,*,*,394494,,UT,*,*,College of Agriculture and Natural Resources,*,*,7019
UT,*,*,*,*,*,394494,,UT,*,*,College of Arts and Sciences,*,*,26467
UT,*,*,*,*,*,394494,,UT,*,*,College of Education,*,*,11470
UT,*,*,*,*,*,394494,,UT,*,*,College of Music,*,*,29843
UT,*,*,*,*,*,394494,,UT,*,*,College of Natural Science,*,*,32211
UT,*,*,*,*,*,394494,,UT,*,*,College of Political Science,*,*,7416
UT,*,*,*,*,*,394494,,UT,*,*,College of Social Science,*,*,42191
UT,*,*,*,*,*,394494,,UT,*,*,Diversity Fund,*,*,66328
UT,*,*,*,*,*,394494,,UT,*,*,Faculty Chair Endowments,*,*,34105
UT,*,*,*,*,*,394494,,UT,*,*,Honors Program,*,*,8176
UT,*,*,*,*,*,394494,,UT,*,*,In-State Scholarship Fund,*,*,9635
UT,*,*,*,*,*,394494,,UT,*,*,Minority Scholarship Fund,*,*,16967
UT,*,*,*,*,*,394494,,UT,*,*,Parents Association,*,*,12207
UT,*,*,*,*,*,394494,,UT,*,*,Trustees Fund,*,*,25693
UT,*,*,*,*,*,394494,,UT,*,*,University Annual Fund,*,*,33064
VA,*,*,*,*,*,635476,,VA,*,*,Alumni Association,*,*,20680
VA,*,*,*,*,*,635476,,VA,*,*,Athletics,*,*,16442
VA,*,*,*,*,*,635476,,VA,*,*,Campus Museums,*,*,6032
VA,*,*,*,*,*,635476,,VA,*,*,Campus Recreation,*,*,13176
VA,*,*,*,*,*,635476,,VA,*,*,College of Agriculture and Natural Resources,*,*,54663
VA,*,*,*,*,*,635476,,VA,*,*,College of Arts and Sciences,*,*,67031
VA,*,*,*,*,*,635476,,VA,*,*,College of Business,*,*,9079
VA,*,*,*,*,*,635476,,VA,*,*,College of Communication Arts and Sciences,*,*,361
VA,*,*,*,*,*,635476,,VA,*,*,College of Education,*,*,35114
VA,*,*,*,*,*,635476,,VA,*,*,College of Engineering,*,*,24299
VA,*,*,*,*,*,635476,,VA,*,*,College of Natural Science,*,*,43051
VA,*,*,*,*,*,635476,,VA,*,*,College of Nursing,*,*,6225
VA,*,*,*,*,*,635476,,VA,*,*,College of Social Science,*,*,47413
VA,*,*,*,*,*,635476,,VA,*,*,Diversity Fund,*,*,34666
VA,*,*,*,*,*,635476,,VA,*,*,Faculty Chair Endowments,*,*,63151
VA,*,*,*,*,*,635476,,VA,*,*,Honors Program,*,*,6195
VA,*,*,*,*,*,635476,,VA,*,*,In-State Scholarship Fund,*,*,28735
VA,*,*,*,*,*,635476,,VA,*,*,Minority Scholarship Fund,*,*,18270
VA,*,*,*,*,*,635476,,VA,*,*,Parents Association,*,*,15366
VA,*,*,*,*,*,635476,,VA,*,*,Trustees Fund,*,*,59280
VA,*,*,*,*,*,635476,,VA,*,*,University Annual Fund,*,*,48336
VA,*,*,*,*,*,635476,,VA,*,*,University Libraries,*,*,17911
WA,*,*,*,*,*,616481,,WA,*,*,Alumni Association,*,*,2896
WA,*,*,*,*,*,616481,,WA,*,*,Campus Museums,*,*,9509
WA,*,*,*,*,*,616481,,WA,*,*,Campus Recreation,*,*,42826
WA,*,*,*,*,*,616481,,WA,*,*,College of Agriculture and Natural Resources,*,*,54081
WA,*,*,*,*,*,616481,,WA,*,*,College of Arts and Sciences,*,*,48187
WA,*,*,*,*,*,616481,,WA,*,*,College of Communication Arts and Sciences,*,*,8692
WA,*,*,*,*,*,616481,,WA,*,*,College of Education,*,*,8568
WA,*,*,*,*,*,616481,,WA,*,*,College of Engineering,*,*,35410
WA,*,*,*,*,*,616481,,WA,*,*,College of Music,*,*,8617
WA,*,*,*,*,*,616481,,WA,*,*,College of Natural Science,*,*,30352
WA,*,*,*,*,*,616481,,WA,*,*,College of Nursing,*,*,13642
WA,*,*,*,*,*,616481,,WA,*,*,College of Social Science,*,*,46503
WA,*,*,*,*,*,616481,,WA,*,*,College of Veterinary Medicine,*,*,8101
WA,*,*,*,*,*,616481,,WA,*,*,Diversity Fund,*,*,44257
WA,*,*,*,*,*,616481,,WA,*,*,Faculty Chair Endowments,*,*,60955
WA,*,*,*,*,*,616481,,WA,*,*,Honors Program,*,*,17890
WA,*,*,*,*,*,616481,,WA,*,*,In-State Scholarship Fund,*,*,9885
WA,*,*,*,*,*,616481,,WA,*,*,Minority Scholarship Fund,*,*,4517
WA,*,*,*,*,*,616481,,WA,*,*,Parents Association,*,*,35408
WA,*,*,*,*,*,616481,,WA,*,*,Trustees Fund,*,*,46218
WA,*,*,*,*,*,616481,,WA,*,*,University Annual Fund,*,*,67067
WA,*,*,*,*,*,616481,,WA,*,*,University Libraries,*,*,12900
WI,*,*,*,*,*,166542,,WI,*,*,Athletics,*,*,14330
WI,*,*,*,*,*,166542,,WI,*,*,Campus Recreation,*,*,7625
WI,*,*,*,*,*,166542,,WI,*,*,College of Agriculture and Natural Resources,*,*,6092
WI,*,*,*,*,*,166542,,WI,*,*,College of Arts and Sciences,*,*,14283
WI,*,*,*,*,*,166542,,WI,*,*,College of Engineering,*,*,1778
WI,*,*,*,*,*,166542,,WI,*,*,College of Natural Science,*,*,175
WI,*,*,*,*,*,166542,,WI,*,*,College of Social Science,*,*,12607
WI,*,*,*,*,*,166542,,WI,*,*,Diversity Fund,*,*,4652
WI,*,*,*,*,*,166542,,WI,*,*,Faculty Chair Endowments,*,*,33650
WI,*,*,*,*,*,166542,,WI,*,*,Honors Program,*,*,2266
WI,*,*,*,*,*,166542,,WI,*,*,In-State Scholarship Fund,*,*,2727
WI,*,*,*,*,*,166542,,WI,*,*,Minority Scholarship Fund,*,*,6482
WI,*,*,*,*,*,166542,,WI,*,*,Parents Association,*,*,18872
WI,*,*,*,*,*,166542,,WI,*,*,Trustees Fund,*,*,340
WI,*,*,*,*,*,166542,,WI,*,*,University Annual Fund,*,*,22969
WI,*,*,*,*,*,166542,,WI,*,*,University Libraries,*,*,17694
WY,*,*,*,*,*,46537,,WY,*,*,Diversity Fund,*,*,9538
WY,*,*,*,*,*,46537,,WY,*,*,Trustees Fund,*,*,4374
WY,*,*,*,*,*,46537,,WY,*,*,University Libraries,*,*,9411
