*,Alexandria,*,College of Arts and Sciences,*,Professional Writing,9006,,*,Alexandria,Parents Association,College of Arts and Sciences,*,Professional Writing,2525
*,Birmingham,*,College of Natural Science,*,Environmental Geosciences,3820,,*,Birmingham,Faculty Chair Endowments,College of Natural Science,*,Environmental Geosciences,1115
*,Boston,*,Honors Program,*,College of Political Science,9788,,*,Boston,Social Relations and Policy,Honors Program,*,College of Political Science,2575
*,Cincinnati,*,College of Arts and Sciences,*,Theatre,2428,,*,Cincinnati,College of Political Science,College of Arts and Sciences,*,Theatre,447
*,Cincinnati,*,College of Arts and Sciences,*,Theatre,2428,,*,Cincinnati,Parents Association,College of Arts and Sciences,*,Theatre,171
*,Cincinnati,*,College of Social Science,*,Geographic Information Science,19147,,*,Cincinnati,Diversity Fund,College of Social Science,*,Geographic Information Science,369
*,Cincinnati,*,College of Social Science,*,Geographic Information Science,19147,,*,Cincinnati,Trustees Fund,College of Social Science,*,Geographic Information Science,2886
*,Denver,*,College of Arts and Sciences,*,Spanish,13507.5,,*,Denver,Honors Program,College of Arts and Sciences,*,Spanish,1176
*,Detroit,*,College of Natural Science,*,Geological Sciences,19426,,*,Detroit,Trustees Fund,College of Natural Science,*,Geological Sciences,5002
*,Durham,*,College of Social Science,*,Human Development and Family Studies,3478,,*,Durham,University Annual Fund,College of Social Science,*,Human Development and Family Studies,665
*,Hartford,*,College of Agriculture and Natural Resources,*,Entomology,10055,,*,Hartford,College of Nursing,College of Agriculture and Natural Resources,*,Entomology,150
*,Indianapolis,*,College of Natural Science,*,Biomedical Laboratory Science,3879,,*,Indianapolis,College of Political Science,College of Natural Science,*,Biomedical Laboratory Science,115
*,Kansas City,*,College of Agriculture and Natural Resources,*,Fisheries and Wildlife,29610,,*,Kansas City,College of Education,College of Agriculture and Natural Resources,*,Fisheries and Wildlife,1818
*,Kansas City,*,College of Agriculture and Natural Resources,*,Fisheries and Wildlife,29610,,*,Kansas City,College of Music,College of Agriculture and Natural Resources,*,Fisheries and Wildlife,8662
*,Kansas City,*,College of Agriculture and Natural Resources,*,Fisheries and Wildlife,29610,,*,Kansas City,Honors Program,College of Agriculture and Natural Resources,*,Fisheries and Wildlife,8474
*,Los Angeles,*,College of Arts and Sciences,*,Art Education,1198,,*,Los Angeles,Faculty Chair Endowments,College of Arts and Sciences,*,Art Education,373
*,Los Angeles,*,College of Natural Science,*,Physical Science Interdepartmental,3732,,*,Los Angeles,Faculty Chair Endowments,College of Natural Science,*,Physical Science Interdepartmental,600
*,Memphis,*,College of Agriculture and Natural Resources,*,Environmental Economics and Policy,9352,,*,Memphis,University Libraries,College of Agriculture and Natural Resources,*,Environmental Economics and Policy,2523
*,Miami,*,College of Agriculture and Natural Resources,*,Packaging,19421,,*,Miami,Minority Scholarship Fund,College of Agriculture and Natural Resources,*,Packaging,999
*,New York,*,College of Arts and Sciences,*,Apparel and Textiles,16563,,*,New York,Faculty Chair Endowments,College of Arts and Sciences,*,Apparel and Textiles,127
*,New York,*,College of Natural Science,*,Geological Sciences,8297,,*,New York,Diversity Fund,College of Natural Science,*,Geological Sciences,1700
*,New York,*,College of Natural Science,*,Geological Sciences,8297,,*,New York,Trustees Fund,College of Natural Science,*,Geological Sciences,91
*,Orlando,*,College of Arts and Sciences,*,Interdisciplinary Humanities,3263,,*,Orlando,Parents Association,College of Arts and Sciences,*,Interdisciplinary Humanities,451
*,Overland Park,*,College of Arts and Sciences,*,Global Studies in the Arts and Humanities,9476,,*,Overland Park,College of Business,College of Arts and Sciences,*,Global Studies in the Arts and Humanities,1001
*,Overland Park,*,College of Arts and Sciences,*,Global Studies in the Arts and Humanities,9476,,*,Overland Park,University Libraries,College of Arts and Sciences,*,Global Studies in the Arts and Humanities,1001
*,Phoenix,*,College of Arts and Sciences,*,Art Education,6146,,*,Phoenix,Minority Scholarship Fund,College of Arts and Sciences,*,Art Education,99
*,Phoenix,*,College of Nursing,*,Nursing,7834,,*,Phoenix,University Libraries,College of Nursing,*,Nursing,1117
*,Richmond,*,College of Engineering,*,Engineering-No Major,6980,,*,Richmond,Trustees Fund,College of Engineering,*,Engineering-No Major,1434
*,Richmond,*,College of Natural Science,*,Chemistry,8403,,*,Richmond,Faculty Chair Endowments,College of Natural Science,*,Chemistry,1624
*,San Antonio,*,College of Arts and Sciences,*,English,3903,,*,San Antonio,Honors Program,College of Arts and Sciences,*,English,169
*,San Francisco,*,College of Arts and Sciences,*,Art History and Visual Culture,14156,,*,San Francisco,University Libraries,College of Arts and Sciences,*,Art History and Visual Culture,2779
*,San Francisco,*,College of Education,*,Kinesiology,24932,,*,San Francisco,Diversity Fund,College of Education,*,Kinesiology,7094
*,Washington,*,College of Social Science,*,Interdisciplinary Studies in Social Science - Social Science Education,6812,,*,Washington,Faculty Chair Endowments,College of Social Science,*,Interdisciplinary Studies in Social Science - Social Science Education,182
*,Washington,*,College of Social Science,*,Interdisciplinary Studies in Social Science - Social Science Education,6812,,*,Washington,Honors Program,College of Social Science,*,Interdisciplinary Studies in Social Science - Social Science Education,171
*,Washington,*,College of Social Science,*,Interdisciplinary Studies in Social Science - Social Science Education,6812,,*,Washington,University Annual Fund,College of Social Science,*,Interdisciplinary Studies in Social Science - Social Science Education,353
*,Wichita,*,College of Natural Science,*,Chemical Physics,14254,,*,Wichita,College of Social Science,College of Natural Science,*,Chemical Physics,3691
*,Wichita,*,College of Natural Science,*,Chemical Physics,14254,,*,Wichita,University Annual Fund,College of Natural Science,*,Chemical Physics,299
