*,*,College of Veterinary Medicine,College of Agriculture and Natural Resources,*,*,26671.5,,*,*,College of Veterinary Medicine,College of Agriculture and Natural Resources,Scholarship,*,1767
*,*,College of Arts and Sciences,College of Arts and Sciences,*,*,361932.5,,*,*,College of Arts and Sciences,Alumni Association,Campus Resource,*,98206
*,*,College of Arts and Sciences,College of Arts and Sciences,*,*,361932.5,,*,*,College of Arts and Sciences,Campus Museums,Campus Resource,*,81205.5
*,*,College of Communication Arts and Sciences,College of Business,*,*,13403,,*,*,College of Communication Arts and Sciences,College of Business,Scholarship,*,4269
*,*,College of Education,College of Business,*,*,25302,,*,*,College of Education,College of Business,Scholarship,*,5680
*,*,College of Music,College of Business,*,*,25121,,*,*,College of Music,College of Business,Scholarship,*,1476
*,*,College of Communication Arts and Sciences,College of Communication Arts and Sciences,*,*,19553,,*,*,College of Communication Arts and Sciences,Campus Recreation,Campus Resource,*,267
*,*,College of Communication Arts and Sciences,College of Communication Arts and Sciences,*,*,19553,,*,*,College of Communication Arts and Sciences,College of Business,Scholarship,*,4269
*,*,College of Education,College of Education,*,*,31289,,*,*,College of Education,Athletics,Campus Resource,*,434
*,*,College of Education,College of Education,*,*,31289,,*,*,College of Education,College of Business,Scholarship,*,5680
*,*,College of Music,College of Communication Arts and Sciences,*,*,9703,,*,*,College of Music,College of Communication Arts and Sciences,Scholarship,*,600
*,*,College of Music,College of Music,*,*,25173,,*,*,College of Music,College of Communication Arts and Sciences,Scholarship,*,600
*,*,College of Music,College of Music,*,*,25173,,*,*,College of Music,College of Education,Scholarship,*,8339
*,*,College of Music,College of Music,*,*,25173,,*,*,College of Music,College of Business,Scholarship,*,1476
*,*,College of Natural Science,College of Natural Science,*,*,584001.0,,*,*,College of Natural Science,College of Business,Scholarship,*,86197
*,*,College of Natural Science,College of Natural Science,*,*,584001.0,,*,*,College of Natural Science,College of Communication Arts and Sciences,Scholarship,*,44671
*,*,College of Natural Science,College of Natural Science,*,*,584001.0,,*,*,College of Natural Science,College of Education,Scholarship,*,79266
*,*,College of Natural Science,College of Natural Science,*,*,584001.0,,*,*,College of Natural Science,College of Engineering,Scholarship,*,97890
*,*,College of Natural Science,College of Natural Science,*,*,584001.0,,*,*,College of Natural Science,College of Music,Scholarship,*,86683
*,*,College of Natural Science,College of Natural Science,*,*,584001.0,,*,*,College of Natural Science,Alumni Association,Campus Resource,*,142965
*,*,College of Natural Science,College of Natural Science,*,*,584001.0,,*,*,College of Natural Science,Athletics,Campus Resource,*,100774
*,*,College of Natural Science,College of Natural Science,*,*,584001.0,,*,*,College of Natural Science,Campus Museums,Campus Resource,*,171496.5
*,*,College of Natural Science,College of Natural Science,*,*,584001.0,,*,*,College of Natural Science,Campus Recreation,Campus Resource,*,172361.5
*,*,College of Natural Science,College of Natural Science,*,*,584001.0,,*,*,College of Natural Science,College of Business,Scholarship,*,67223.5
*,*,College of Natural Science,College of Natural Science,*,*,584001.0,,*,*,College of Natural Science,College of Communication Arts and Sciences,Scholarship,*,57972.5
*,*,College of Natural Science,College of Natural Science,*,*,584001.0,,*,*,College of Natural Science,College of Education,Scholarship,*,52632
*,*,College of Natural Science,College of Natural Science,*,*,584001.0,,*,*,College of Natural Science,College of Engineering,Scholarship,*,65145.5
*,*,College of Natural Science,College of Natural Science,*,*,584001.0,,*,*,College of Natural Science,College of Music,Scholarship,*,39580
*,*,College of Nursing,College of Nursing,*,*,7834,,*,*,College of Nursing,Campus Museums,Campus Resource,*,696
*,*,College of Political Science,College of Engineering,*,*,14838,,*,*,College of Political Science,College of Engineering,Scholarship,*,293
*,*,College of Political Science,College of Music,*,*,18363,,*,*,College of Political Science,College of Music,Scholarship,*,2946
*,*,College of Political Science,College of Political Science,*,*,22074.0,,*,*,College of Political Science,College of Communication Arts and Sciences,Scholarship,*,4947
*,*,College of Political Science,College of Political Science,*,*,22074.0,,*,*,College of Political Science,College of Engineering,Scholarship,*,293
*,*,College of Political Science,College of Political Science,*,*,22074.0,,*,*,College of Political Science,College of Music,Scholarship,*,2946
*,*,College of Political Science,College of Political Science,*,*,22074.0,,*,*,College of Political Science,Campus Recreation,Campus Resource,*,7332
*,*,College of Social Science,College of Social Science,*,*,205480,,*,*,College of Social Science,College of Communication Arts and Sciences,Scholarship,*,47662
*,*,College of Social Science,College of Social Science,*,*,205480,,*,*,College of Social Science,College of Engineering,Scholarship,*,62849
*,*,College of Social Science,College of Social Science,*,*,205480,,*,*,College of Social Science,College of Nursing,Scholarship,*,4625
*,*,College of Social Science,College of Social Science,*,*,205480,,*,*,College of Social Science,College of Political Science,Scholarship,*,55387
*,*,College of Social Science,College of Social Science,*,*,205480,,*,*,College of Social Science,College of Business,Scholarship,*,39559
*,*,College of Social Science,College of Social Science,*,*,205480,,*,*,College of Social Science,College of Communication Arts and Sciences,Scholarship,*,55470
*,*,College of Social Science,College of Social Science,*,*,205480,,*,*,College of Social Science,College of Education,Scholarship,*,44286
*,*,College of Social Science,College of Social Science,*,*,205480,,*,*,College of Social Science,College of Music,Scholarship,*,49732.5
*,*,College of Social Science,College of Social Science,*,*,205480,,*,*,College of Social Science,College of Nursing,Scholarship,*,13375
*,*,College of Social Science,College of Social Science,*,*,205480,,*,*,College of Social Science,College of Political Science,Scholarship,*,44867
*,*,College of Veterinary Medicine,College of Social Science,*,*,5975,,*,*,College of Veterinary Medicine,College of Social Science,Scholarship,*,43
