*,*,*,*,Campus Resource,*,4913052.5,,*,*,*,*,Campus Resource,Accounting,20249
*,*,*,*,Campus Resource,*,4913052.5,,*,*,*,*,Campus Resource,Actuarial Science,23675
*,*,*,*,Campus Resource,*,4913052.5,,*,*,*,*,Campus Resource,Advertising,31958
*,*,*,*,Campus Resource,*,4913052.5,,*,*,*,*,Campus Resource,Agribusiness Management,44128.5
*,*,*,*,Campus Resource,*,4913052.5,,*,*,*,*,Campus Resource,Agriculture and Natural Resources-No Preference,37853
*,*,*,*,Campus Resource,*,4913052.5,,*,*,*,*,Campus Resource,Animal Science,49358
*,*,*,*,Campus Resource,*,4913052.5,,*,*,*,*,Campus Resource,Anthropology,15682
*,*,*,*,Campus Resource,*,4913052.5,,*,*,*,*,Campus Resource,Apparel and Textile Design,34940
*,*,*,*,Campus Resource,*,4913052.5,,*,*,*,*,Campus Resource,Apparel and Textiles,34436
*,*,*,*,Campus Resource,*,4913052.5,,*,*,*,*,Campus Resource,Applied Engineering Sciences,28402
*,*,*,*,Campus Resource,*,4913052.5,,*,*,*,*,Campus Resource,Arabic,62717
*,*,*,*,Campus Resource,*,4913052.5,,*,*,*,*,Campus Resource,Art Education,49433
*,*,*,*,Campus Resource,*,4913052.5,,*,*,*,*,Campus Resource,Art History and Visual Culture,64522.5
*,*,*,*,Campus Resource,*,4913052.5,,*,*,*,*,Campus Resource,Arts & Letters-General,22165
*,*,*,*,Campus Resource,*,4913052.5,,*,*,*,*,Campus Resource,Astrophysics,33432
*,*,*,*,Campus Resource,*,4913052.5,,*,*,*,*,Campus Resource,Biochemistry and Molecular Biology,34070
*,*,*,*,Campus Resource,*,4913052.5,,*,*,*,*,Campus Resource,Biochemistry and Molecular Biology/Biotechnology,73875
*,*,*,*,Campus Resource,*,4913052.5,,*,*,*,*,Campus Resource,Biological Science Interdepartmental,31246
*,*,*,*,Campus Resource,*,4913052.5,,*,*,*,*,Campus Resource,Biomedical Laboratory Science,4271
*,*,*,*,Campus Resource,*,4913052.5,,*,*,*,*,Campus Resource,Biosystems Engineering,20035
*,*,*,*,Campus Resource,*,4913052.5,,*,*,*,*,Campus Resource,Chemical Physics,38667
*,*,*,*,Campus Resource,*,4913052.5,,*,*,*,*,Campus Resource,Chemistry,17710
*,*,*,*,Campus Resource,*,4913052.5,,*,*,*,*,Campus Resource,Chinese,1879
*,*,*,*,Campus Resource,*,4913052.5,,*,*,*,*,Campus Resource,College of Political Science,62537
*,*,*,*,Campus Resource,*,4913052.5,,*,*,*,*,Campus Resource,Comparative Cultures and Politics,10728
*,*,*,*,Campus Resource,*,4913052.5,,*,*,*,*,Campus Resource,Composition,103569
*,*,*,*,Campus Resource,*,4913052.5,,*,*,*,*,Campus Resource,Computational Mathematics,38501.5
*,*,*,*,Campus Resource,*,4913052.5,,*,*,*,*,Campus Resource,Computer Engineering,17170
*,*,*,*,Campus Resource,*,4913052.5,,*,*,*,*,Campus Resource,Computer Science,70990.5
*,*,*,*,Campus Resource,*,4913052.5,,*,*,*,*,Campus Resource,Construction Management,9582
*,*,*,*,Campus Resource,*,4913052.5,,*,*,*,*,Campus Resource,Criminal Justice,107271.0
*,*,*,*,Campus Resource,*,4913052.5,,*,*,*,*,Campus Resource,Earth Science Interdepartmental,54674
*,*,*,*,Campus Resource,*,4913052.5,,*,*,*,*,Campus Resource,Economics,32062
*,*,*,*,Campus Resource,*,4913052.5,,*,*,*,*,Campus Resource,Education,42652.5
*,*,*,*,Campus Resource,*,4913052.5,,*,*,*,*,Campus Resource,Electrical Engineering,20523
*,*,*,*,Campus Resource,*,4913052.5,,*,*,*,*,Campus Resource,Engineering-No Major,52110.5
*,*,*,*,Campus Resource,*,4913052.5,,*,*,*,*,Campus Resource,English,41014
*,*,*,*,Campus Resource,*,4913052.5,,*,*,*,*,Campus Resource,Entomology,32914
*,*,*,*,Campus Resource,*,4913052.5,,*,*,*,*,Campus Resource,Environmental Biology/Microbiology,45962
*,*,*,*,Campus Resource,*,4913052.5,,*,*,*,*,Campus Resource,Environmental Biology/Plant Biol,42729
*,*,*,*,Campus Resource,*,4913052.5,,*,*,*,*,Campus Resource,Environmental Biology/Zoology,33122
*,*,*,*,Campus Resource,*,4913052.5,,*,*,*,*,Campus Resource,Environmental Economics and Policy,68477.5
*,*,*,*,Campus Resource,*,4913052.5,,*,*,*,*,Campus Resource,Environmental Engineering,52732
*,*,*,*,Campus Resource,*,4913052.5,,*,*,*,*,Campus Resource,Environmental Geosciences,63450
*,*,*,*,Campus Resource,*,4913052.5,,*,*,*,*,Campus Resource,Environmental Studies and Agriscience,14280
*,*,*,*,Campus Resource,*,4913052.5,,*,*,*,*,Campus Resource,Experience Architecture,57872.0
*,*,*,*,Campus Resource,*,4913052.5,,*,*,*,*,Campus Resource,Finance,25308
*,*,*,*,Campus Resource,*,4913052.5,,*,*,*,*,Campus Resource,Fisheries and Wildlife,77711.5
*,*,*,*,Campus Resource,*,4913052.5,,*,*,*,*,Campus Resource,Food Industry Management,44553
*,*,*,*,Campus Resource,*,4913052.5,,*,*,*,*,Campus Resource,Food Science,29713.5
*,*,*,*,Campus Resource,*,4913052.5,,*,*,*,*,Campus Resource,French,47638
*,*,*,*,Campus Resource,*,4913052.5,,*,*,*,*,Campus Resource,General Management,65525.5
*,*,*,*,Campus Resource,*,4913052.5,,*,*,*,*,Campus Resource,Genomics & Molecular Genetics,33822
*,*,*,*,Campus Resource,*,4913052.5,,*,*,*,*,Campus Resource,Geographic Information Science,74681
*,*,*,*,Campus Resource,*,4913052.5,,*,*,*,*,Campus Resource,Geography,32869.5
*,*,*,*,Campus Resource,*,4913052.5,,*,*,*,*,Campus Resource,Geological Sciences,46971
*,*,*,*,Campus Resource,*,4913052.5,,*,*,*,*,Campus Resource,German,27738
*,*,*,*,Campus Resource,*,4913052.5,,*,*,*,*,Campus Resource,Global & Area Studies - Soc Sci,62756
*,*,*,*,Campus Resource,*,4913052.5,,*,*,*,*,Campus Resource,Global Studies in the Arts and Humanities,28736
*,*,*,*,Campus Resource,*,4913052.5,,*,*,*,*,Campus Resource,History,26265
*,*,*,*,Campus Resource,*,4913052.5,,*,*,*,*,Campus Resource,History Education,30313
*,*,*,*,Campus Resource,*,4913052.5,,*,*,*,*,Campus Resource,Horticulture,62122.5
*,*,*,*,Campus Resource,*,4913052.5,,*,*,*,*,Campus Resource,Hospitality Business,33041
*,*,*,*,Campus Resource,*,4913052.5,,*,*,*,*,Campus Resource,Human Biology,98320.5
*,*,*,*,Campus Resource,*,4913052.5,,*,*,*,*,Campus Resource,Human Development and Family Studies,28771
*,*,*,*,Campus Resource,*,4913052.5,,*,*,*,*,Campus Resource,Human Resource Management,29267
*,*,*,*,Campus Resource,*,4913052.5,,*,*,*,*,Campus Resource,Humanities-Prelaw,29809.5
*,*,*,*,Campus Resource,*,4913052.5,,*,*,*,*,Campus Resource,Interdisciplinary Humanities,39795
*,*,*,*,Campus Resource,*,4913052.5,,*,*,*,*,Campus Resource,Interdisciplinary Studies in Social Science,59277
*,*,*,*,Campus Resource,*,4913052.5,,*,*,*,*,Campus Resource,Interdisciplinary Studies in Social Science - Social Science Education,32333.5
*,*,*,*,Campus Resource,*,4913052.5,,*,*,*,*,Campus Resource,Interior Design,78034.0
*,*,*,*,Campus Resource,*,4913052.5,,*,*,*,*,Campus Resource,Japanese,65711.0
*,*,*,*,Campus Resource,*,4913052.5,,*,*,*,*,Campus Resource,Jazz Studies,44915
*,*,*,*,Campus Resource,*,4913052.5,,*,*,*,*,Campus Resource,Journalism,7432
*,*,*,*,Campus Resource,*,4913052.5,,*,*,*,*,Campus Resource,Kinesiology,63554
*,*,*,*,Campus Resource,*,4913052.5,,*,*,*,*,Campus Resource,Landscape Architecture,16921
*,*,*,*,Campus Resource,*,4913052.5,,*,*,*,*,Campus Resource,Linguistics,50618
*,*,*,*,Campus Resource,*,4913052.5,,*,*,*,*,Campus Resource,Marketing,29851
*,*,*,*,Campus Resource,*,4913052.5,,*,*,*,*,Campus Resource,Materials Science and Engineering,37655
*,*,*,*,Campus Resource,*,4913052.5,,*,*,*,*,Campus Resource,Mathematics,10550
*,*,*,*,Campus Resource,*,4913052.5,,*,*,*,*,Campus Resource,Mathematics  Advanced,38501
*,*,*,*,Campus Resource,*,4913052.5,,*,*,*,*,Campus Resource,Mechanical Engineering,22474.5
*,*,*,*,Campus Resource,*,4913052.5,,*,*,*,*,Campus Resource,Media and Information,79458.0
*,*,*,*,Campus Resource,*,4913052.5,,*,*,*,*,Campus Resource,Microbiology,20004
*,*,*,*,Campus Resource,*,4913052.5,,*,*,*,*,Campus Resource,Music,11001
*,*,*,*,Campus Resource,*,4913052.5,,*,*,*,*,Campus Resource,Music Performance,34763
*,*,*,*,Campus Resource,*,4913052.5,,*,*,*,*,Campus Resource,Natural Resource Recreation and Tourism,117170
*,*,*,*,Campus Resource,*,4913052.5,,*,*,*,*,Campus Resource,Neuroscience,39430
*,*,*,*,Campus Resource,*,4913052.5,,*,*,*,*,Campus Resource,Nursing,27939
*,*,*,*,Campus Resource,*,4913052.5,,*,*,*,*,Campus Resource,Nutritional Sciences,28190.5
*,*,*,*,Campus Resource,*,4913052.5,,*,*,*,*,Campus Resource,Packaging,24527
*,*,*,*,Campus Resource,*,4913052.5,,*,*,*,*,Campus Resource,Philosophy,27503
*,*,*,*,Campus Resource,*,4913052.5,,*,*,*,*,Campus Resource,Physical Science Interdepartmental,64087
*,*,*,*,Campus Resource,*,4913052.5,,*,*,*,*,Campus Resource,Plant Biology,35153
*,*,*,*,Campus Resource,*,4913052.5,,*,*,*,*,Campus Resource,Political Science,85739
*,*,*,*,Campus Resource,*,4913052.5,,*,*,*,*,Campus Resource,Political Science-Prelaw,44125.5
*,*,*,*,Campus Resource,*,4913052.5,,*,*,*,*,Campus Resource,Political Theory and Constitutional Democracy,38607
*,*,*,*,Campus Resource,*,4913052.5,,*,*,*,*,Campus Resource,Predental,33992
*,*,*,*,Campus Resource,*,4913052.5,,*,*,*,*,Campus Resource,Prenursing,13652
*,*,*,*,Campus Resource,*,4913052.5,,*,*,*,*,Campus Resource,Preoptometry,68432
*,*,*,*,Campus Resource,*,4913052.5,,*,*,*,*,Campus Resource,Preveterinary,22686
*,*,*,*,Campus Resource,*,4913052.5,,*,*,*,*,Campus Resource,Professional Writing,32695
*,*,*,*,Campus Resource,*,4913052.5,,*,*,*,*,Campus Resource,Psychology,12383
*,*,*,*,Campus Resource,*,4913052.5,,*,*,*,*,Campus Resource,Public Policy,87282
*,*,*,*,Campus Resource,*,4913052.5,,*,*,*,*,Campus Resource,Russian,9499
*,*,*,*,Campus Resource,*,4913052.5,,*,*,*,*,Campus Resource,Social Relations and Policy,98376
*,*,*,*,Campus Resource,*,4913052.5,,*,*,*,*,Campus Resource,Social Work,30642
*,*,*,*,Campus Resource,*,4913052.5,,*,*,*,*,Campus Resource,Sociology,32778
*,*,*,*,Campus Resource,*,4913052.5,,*,*,*,*,Campus Resource,Spanish,40173
*,*,*,*,Campus Resource,*,4913052.5,,*,*,*,*,Campus Resource,Special Education-Learning Disabilities,32608.5
*,*,*,*,Campus Resource,*,4913052.5,,*,*,*,*,Campus Resource,Statistics,27819
*,*,*,*,Campus Resource,*,4913052.5,,*,*,*,*,Campus Resource,Studio Art,46154.5
*,*,*,*,Campus Resource,*,4913052.5,,*,*,*,*,Campus Resource,Summer Research Program,7016
*,*,*,*,Campus Resource,*,4913052.5,,*,*,*,*,Campus Resource,Supply Chain Management,52925
*,*,*,*,Campus Resource,*,4913052.5,,*,*,*,*,Campus Resource,Theatre,20937
*,*,*,*,Campus Resource,*,4913052.5,,*,*,*,*,Campus Resource,Urban and Regional Planning,24207.5
*,*,*,*,Campus Resource,*,4913052.5,,*,*,*,*,Campus Resource,Women's and Gender Studies,67029
*,*,*,*,Campus Resource,*,4913052.5,,*,*,*,*,Campus Resource,World Politics,35775
*,*,*,*,Campus Resource,*,4913052.5,,*,*,*,*,Campus Resource,Zoology,55112
*,*,*,*,Endowment,*,9171726.5,,*,*,*,*,Endowment,Accounting,52947
*,*,*,*,Endowment,*,9171726.5,,*,*,*,*,Endowment,Actuarial Science,37617
*,*,*,*,Endowment,*,9171726.5,,*,*,*,*,Endowment,Advertising,59897
*,*,*,*,Endowment,*,9171726.5,,*,*,*,*,Endowment,Agribusiness Management,96899.5
*,*,*,*,Endowment,*,9171726.5,,*,*,*,*,Endowment,Agriculture and Natural Resources-No Preference,83979
*,*,*,*,Endowment,*,9171726.5,,*,*,*,*,Endowment,Animal Science,99035.0
*,*,*,*,Endowment,*,9171726.5,,*,*,*,*,Endowment,Anthropology,77778.5
*,*,*,*,Endowment,*,9171726.5,,*,*,*,*,Endowment,Apparel and Textile Design,116240.5
*,*,*,*,Endowment,*,9171726.5,,*,*,*,*,Endowment,Apparel and Textiles,33922
*,*,*,*,Endowment,*,9171726.5,,*,*,*,*,Endowment,Applied Engineering Sciences,104365.5
*,*,*,*,Endowment,*,9171726.5,,*,*,*,*,Endowment,Arabic,156265.5
*,*,*,*,Endowment,*,9171726.5,,*,*,*,*,Endowment,Art Education,107058.5
*,*,*,*,Endowment,*,9171726.5,,*,*,*,*,Endowment,Art History and Visual Culture,96367.5
*,*,*,*,Endowment,*,9171726.5,,*,*,*,*,Endowment,Arts & Letters-General,77576
*,*,*,*,Endowment,*,9171726.5,,*,*,*,*,Endowment,Astrophysics,64834
*,*,*,*,Endowment,*,9171726.5,,*,*,*,*,Endowment,Athletic Training,67375
*,*,*,*,Endowment,*,9171726.5,,*,*,*,*,Endowment,Biochemistry and Molecular Biology,57858
*,*,*,*,Endowment,*,9171726.5,,*,*,*,*,Endowment,Biochemistry and Molecular Biology/Biotechnology,74177
*,*,*,*,Endowment,*,9171726.5,,*,*,*,*,Endowment,Biological Science Interdepartmental,74802
*,*,*,*,Endowment,*,9171726.5,,*,*,*,*,Endowment,Biomedical Laboratory Science,99645
*,*,*,*,Endowment,*,9171726.5,,*,*,*,*,Endowment,Biosystems Engineering,61648
*,*,*,*,Endowment,*,9171726.5,,*,*,*,*,Endowment,Chemical Physics,54746.5
*,*,*,*,Endowment,*,9171726.5,,*,*,*,*,Endowment,Chemistry,42558
*,*,*,*,Endowment,*,9171726.5,,*,*,*,*,Endowment,Chinese,73856.0
*,*,*,*,Endowment,*,9171726.5,,*,*,*,*,Endowment,College of Political Science,97931
*,*,*,*,Endowment,*,9171726.5,,*,*,*,*,Endowment,Comparative Cultures and Politics,107860.5
*,*,*,*,Endowment,*,9171726.5,,*,*,*,*,Endowment,Composition,193102.5
*,*,*,*,Endowment,*,9171726.5,,*,*,*,*,Endowment,Computational Mathematics,12087
*,*,*,*,Endowment,*,9171726.5,,*,*,*,*,Endowment,Computer Engineering,45656.5
*,*,*,*,Endowment,*,9171726.5,,*,*,*,*,Endowment,Computer Science,137480
*,*,*,*,Endowment,*,9171726.5,,*,*,*,*,Endowment,Construction Management,81056.5
*,*,*,*,Endowment,*,9171726.5,,*,*,*,*,Endowment,Criminal Justice,87548.5
*,*,*,*,Endowment,*,9171726.5,,*,*,*,*,Endowment,Earth Science Interdepartmental,71291
*,*,*,*,Endowment,*,9171726.5,,*,*,*,*,Endowment,Economics,78022.5
*,*,*,*,Endowment,*,9171726.5,,*,*,*,*,Endowment,Education,61254
*,*,*,*,Endowment,*,9171726.5,,*,*,*,*,Endowment,Electrical Engineering,55903.5
*,*,*,*,Endowment,*,9171726.5,,*,*,*,*,Endowment,Engineering-No Major,479381
*,*,*,*,Endowment,*,9171726.5,,*,*,*,*,Endowment,English,40288
*,*,*,*,Endowment,*,9171726.5,,*,*,*,*,Endowment,Entomology,83857
*,*,*,*,Endowment,*,9171726.5,,*,*,*,*,Endowment,Environmental Biology/Microbiology,13672
*,*,*,*,Endowment,*,9171726.5,,*,*,*,*,Endowment,Environmental Biology/Plant Biol,97475
*,*,*,*,Endowment,*,9171726.5,,*,*,*,*,Endowment,Environmental Biology/Zoology,74948.5
*,*,*,*,Endowment,*,9171726.5,,*,*,*,*,Endowment,Environmental Economics and Policy,65920
*,*,*,*,Endowment,*,9171726.5,,*,*,*,*,Endowment,Environmental Engineering,31680
*,*,*,*,Endowment,*,9171726.5,,*,*,*,*,Endowment,Environmental Geosciences,89893
*,*,*,*,Endowment,*,9171726.5,,*,*,*,*,Endowment,Environmental Studies and Agriscience,65369.5
*,*,*,*,Endowment,*,9171726.5,,*,*,*,*,Endowment,Experience Architecture,54824.5
*,*,*,*,Endowment,*,9171726.5,,*,*,*,*,Endowment,Finance,62463
*,*,*,*,Endowment,*,9171726.5,,*,*,*,*,Endowment,Fisheries and Wildlife,78028.5
*,*,*,*,Endowment,*,9171726.5,,*,*,*,*,Endowment,Food Industry Management,47060
*,*,*,*,Endowment,*,9171726.5,,*,*,*,*,Endowment,Food Science,38329
*,*,*,*,Endowment,*,9171726.5,,*,*,*,*,Endowment,French,37000.5
*,*,*,*,Endowment,*,9171726.5,,*,*,*,*,Endowment,General Management,93394
*,*,*,*,Endowment,*,9171726.5,,*,*,*,*,Endowment,Genomics & Molecular Genetics,44164
*,*,*,*,Endowment,*,9171726.5,,*,*,*,*,Endowment,Geographic Information Science,47980
*,*,*,*,Endowment,*,9171726.5,,*,*,*,*,Endowment,Geography,64961
*,*,*,*,Endowment,*,9171726.5,,*,*,*,*,Endowment,Geological Sciences,63987
*,*,*,*,Endowment,*,9171726.5,,*,*,*,*,Endowment,German,102665
*,*,*,*,Endowment,*,9171726.5,,*,*,*,*,Endowment,Global & Area Studies - Soc Sci,75458
*,*,*,*,Endowment,*,9171726.5,,*,*,*,*,Endowment,Global Studies in the Arts and Humanities,60254
*,*,*,*,Endowment,*,9171726.5,,*,*,*,*,Endowment,History,47281
*,*,*,*,Endowment,*,9171726.5,,*,*,*,*,Endowment,History Education,57583
*,*,*,*,Endowment,*,9171726.5,,*,*,*,*,Endowment,Horticulture,60569
*,*,*,*,Endowment,*,9171726.5,,*,*,*,*,Endowment,Hospitality Business,20541
*,*,*,*,Endowment,*,9171726.5,,*,*,*,*,Endowment,Human Biology,94740
*,*,*,*,Endowment,*,9171726.5,,*,*,*,*,Endowment,Human Development and Family Studies,112304
*,*,*,*,Endowment,*,9171726.5,,*,*,*,*,Endowment,Human Resource Management,55988
*,*,*,*,Endowment,*,9171726.5,,*,*,*,*,Endowment,Humanities-Prelaw,81120.5
*,*,*,*,Endowment,*,9171726.5,,*,*,*,*,Endowment,Interdisciplinary Humanities,88143.5
*,*,*,*,Endowment,*,9171726.5,,*,*,*,*,Endowment,Interdisciplinary Studies in Social Science,106128.5
*,*,*,*,Endowment,*,9171726.5,,*,*,*,*,Endowment,Interdisciplinary Studies in Social Science - Social Science Education,44526.5
*,*,*,*,Endowment,*,9171726.5,,*,*,*,*,Endowment,Interior Design,105153
*,*,*,*,Endowment,*,9171726.5,,*,*,*,*,Endowment,Japanese,8673
*,*,*,*,Endowment,*,9171726.5,,*,*,*,*,Endowment,Jazz Studies,52065
*,*,*,*,Endowment,*,9171726.5,,*,*,*,*,Endowment,Journalism,78264
*,*,*,*,Endowment,*,9171726.5,,*,*,*,*,Endowment,Kinesiology,92295.5
*,*,*,*,Endowment,*,9171726.5,,*,*,*,*,Endowment,Landscape Architecture,38489
*,*,*,*,Endowment,*,9171726.5,,*,*,*,*,Endowment,Linguistics,9633
*,*,*,*,Endowment,*,9171726.5,,*,*,*,*,Endowment,Marketing,139068
*,*,*,*,Endowment,*,9171726.5,,*,*,*,*,Endowment,Materials Science and Engineering,76803
*,*,*,*,Endowment,*,9171726.5,,*,*,*,*,Endowment,Mathematics,72977
*,*,*,*,Endowment,*,9171726.5,,*,*,*,*,Endowment,Mathematics  Advanced,17776.0
*,*,*,*,Endowment,*,9171726.5,,*,*,*,*,Endowment,Mechanical Engineering,90014.0
*,*,*,*,Endowment,*,9171726.5,,*,*,*,*,Endowment,Media and Information,105837
*,*,*,*,Endowment,*,9171726.5,,*,*,*,*,Endowment,Microbiology,69496
*,*,*,*,Endowment,*,9171726.5,,*,*,*,*,Endowment,Music,44447.5
*,*,*,*,Endowment,*,9171726.5,,*,*,*,*,Endowment,Music Performance,70701.5
*,*,*,*,Endowment,*,9171726.5,,*,*,*,*,Endowment,Natural Resource Recreation and Tourism,57367
*,*,*,*,Endowment,*,9171726.5,,*,*,*,*,Endowment,Neuroscience,107334.5
*,*,*,*,Endowment,*,9171726.5,,*,*,*,*,Endowment,Nursing,82165
*,*,*,*,Endowment,*,9171726.5,,*,*,*,*,Endowment,Nutritional Sciences,35734.5
*,*,*,*,Endowment,*,9171726.5,,*,*,*,*,Endowment,Packaging,22996
*,*,*,*,Endowment,*,9171726.5,,*,*,*,*,Endowment,Philosophy,88496.0
*,*,*,*,Endowment,*,9171726.5,,*,*,*,*,Endowment,Physical Science Interdepartmental,51376
*,*,*,*,Endowment,*,9171726.5,,*,*,*,*,Endowment,Plant Biology,105896.5
*,*,*,*,Endowment,*,9171726.5,,*,*,*,*,Endowment,Political Science,59205
*,*,*,*,Endowment,*,9171726.5,,*,*,*,*,Endowment,Political Science-Prelaw,35970
*,*,*,*,Endowment,*,9171726.5,,*,*,*,*,Endowment,Political Theory and Constitutional Democracy,109008
*,*,*,*,Endowment,*,9171726.5,,*,*,*,*,Endowment,Predental,39034
*,*,*,*,Endowment,*,9171726.5,,*,*,*,*,Endowment,Prenursing,103714.5
*,*,*,*,Endowment,*,9171726.5,,*,*,*,*,Endowment,Preoptometry,37186
*,*,*,*,Endowment,*,9171726.5,,*,*,*,*,Endowment,Preveterinary,138119.0
*,*,*,*,Endowment,*,9171726.5,,*,*,*,*,Endowment,Professional Writing,99617
*,*,*,*,Endowment,*,9171726.5,,*,*,*,*,Endowment,Psychology,104187
*,*,*,*,Endowment,*,9171726.5,,*,*,*,*,Endowment,Public Policy,65278
*,*,*,*,Endowment,*,9171726.5,,*,*,*,*,Endowment,Russian,35081
*,*,*,*,Endowment,*,9171726.5,,*,*,*,*,Endowment,Social Relations and Policy,54746
*,*,*,*,Endowment,*,9171726.5,,*,*,*,*,Endowment,Social Work,43977
*,*,*,*,Endowment,*,9171726.5,,*,*,*,*,Endowment,Sociology,84788.5
*,*,*,*,Endowment,*,9171726.5,,*,*,*,*,Endowment,Spanish,65718
*,*,*,*,Endowment,*,9171726.5,,*,*,*,*,Endowment,Special Education-Learning Disabilities,68565
*,*,*,*,Endowment,*,9171726.5,,*,*,*,*,Endowment,Statistics,72115
*,*,*,*,Endowment,*,9171726.5,,*,*,*,*,Endowment,Studio Art,141040.5
*,*,*,*,Endowment,*,9171726.5,,*,*,*,*,Endowment,Summer Research Program,112677
*,*,*,*,Endowment,*,9171726.5,,*,*,*,*,Endowment,Supply Chain Management,111127
*,*,*,*,Endowment,*,9171726.5,,*,*,*,*,Endowment,Theatre,64843
*,*,*,*,Endowment,*,9171726.5,,*,*,*,*,Endowment,Urban and Regional Planning,94089.5
*,*,*,*,Endowment,*,9171726.5,,*,*,*,*,Endowment,Women's and Gender Studies,89979
*,*,*,*,Endowment,*,9171726.5,,*,*,*,*,Endowment,World Politics,53486.5
*,*,*,*,Endowment,*,9171726.5,,*,*,*,*,Endowment,Zoology,82498
*,*,*,*,Scholarship,*,10587978.0,,*,*,*,*,Scholarship,Accounting,44609
*,*,*,*,Scholarship,*,10587978.0,,*,*,*,*,Scholarship,Actuarial Science,59953
*,*,*,*,Scholarship,*,10587978.0,,*,*,*,*,Scholarship,Advertising,65672
*,*,*,*,Scholarship,*,10587978.0,,*,*,*,*,Scholarship,Agribusiness Management,51575.0
*,*,*,*,Scholarship,*,10587978.0,,*,*,*,*,Scholarship,Agriculture and Natural Resources-No Preference,115891
*,*,*,*,Scholarship,*,10587978.0,,*,*,*,*,Scholarship,Animal Science,139756.5
*,*,*,*,Scholarship,*,10587978.0,,*,*,*,*,Scholarship,Anthropology,72755.0
*,*,*,*,Scholarship,*,10587978.0,,*,*,*,*,Scholarship,Apparel and Textile Design,138639
*,*,*,*,Scholarship,*,10587978.0,,*,*,*,*,Scholarship,Apparel and Textiles,160044
*,*,*,*,Scholarship,*,10587978.0,,*,*,*,*,Scholarship,Applied Engineering Sciences,76991
*,*,*,*,Scholarship,*,10587978.0,,*,*,*,*,Scholarship,Arabic,105534.0
*,*,*,*,Scholarship,*,10587978.0,,*,*,*,*,Scholarship,Art Education,63899.0
*,*,*,*,Scholarship,*,10587978.0,,*,*,*,*,Scholarship,Art History and Visual Culture,85045.5
*,*,*,*,Scholarship,*,10587978.0,,*,*,*,*,Scholarship,Arts & Letters-General,113712
*,*,*,*,Scholarship,*,10587978.0,,*,*,*,*,Scholarship,Astrophysics,110349
*,*,*,*,Scholarship,*,10587978.0,,*,*,*,*,Scholarship,Athletic Training,65910
*,*,*,*,Scholarship,*,10587978.0,,*,*,*,*,Scholarship,Biochemistry and Molecular Biology,70261
*,*,*,*,Scholarship,*,10587978.0,,*,*,*,*,Scholarship,Biochemistry and Molecular Biology/Biotechnology,110173
*,*,*,*,Scholarship,*,10587978.0,,*,*,*,*,Scholarship,Biological Science Interdepartmental,62086.0
*,*,*,*,Scholarship,*,10587978.0,,*,*,*,*,Scholarship,Biomedical Laboratory Science,74311
*,*,*,*,Scholarship,*,10587978.0,,*,*,*,*,Scholarship,Biosystems Engineering,49195
*,*,*,*,Scholarship,*,10587978.0,,*,*,*,*,Scholarship,Chemical Physics,71212.0
*,*,*,*,Scholarship,*,10587978.0,,*,*,*,*,Scholarship,Chemistry,30674
*,*,*,*,Scholarship,*,10587978.0,,*,*,*,*,Scholarship,Chinese,64591
*,*,*,*,Scholarship,*,10587978.0,,*,*,*,*,Scholarship,College of Political Science,65154
*,*,*,*,Scholarship,*,10587978.0,,*,*,*,*,Scholarship,Comparative Cultures and Politics,126801
*,*,*,*,Scholarship,*,10587978.0,,*,*,*,*,Scholarship,Composition,137377.5
*,*,*,*,Scholarship,*,10587978.0,,*,*,*,*,Scholarship,Computational Mathematics,41573
*,*,*,*,Scholarship,*,10587978.0,,*,*,*,*,Scholarship,Computer Engineering,73685
*,*,*,*,Scholarship,*,10587978.0,,*,*,*,*,Scholarship,Computer Science,62598
*,*,*,*,Scholarship,*,10587978.0,,*,*,*,*,Scholarship,Construction Management,113730.5
*,*,*,*,Scholarship,*,10587978.0,,*,*,*,*,Scholarship,Criminal Justice,73242
*,*,*,*,Scholarship,*,10587978.0,,*,*,*,*,Scholarship,Earth Science Interdepartmental,60586.5
*,*,*,*,Scholarship,*,10587978.0,,*,*,*,*,Scholarship,Economics,63531.0
*,*,*,*,Scholarship,*,10587978.0,,*,*,*,*,Scholarship,Education,118835.5
*,*,*,*,Scholarship,*,10587978.0,,*,*,*,*,Scholarship,Electrical Engineering,101699.5
*,*,*,*,Scholarship,*,10587978.0,,*,*,*,*,Scholarship,Engineering-No Major,31027
*,*,*,*,Scholarship,*,10587978.0,,*,*,*,*,Scholarship,English,84281.5
*,*,*,*,Scholarship,*,10587978.0,,*,*,*,*,Scholarship,Entomology,97535
*,*,*,*,Scholarship,*,10587978.0,,*,*,*,*,Scholarship,Environmental Biology/Microbiology,48350.0
*,*,*,*,Scholarship,*,10587978.0,,*,*,*,*,Scholarship,Environmental Biology/Plant Biol,79627
*,*,*,*,Scholarship,*,10587978.0,,*,*,*,*,Scholarship,Environmental Biology/Zoology,66692.0
*,*,*,*,Scholarship,*,10587978.0,,*,*,*,*,Scholarship,Environmental Economics and Policy,79368.5
*,*,*,*,Scholarship,*,10587978.0,,*,*,*,*,Scholarship,Environmental Engineering,52708
*,*,*,*,Scholarship,*,10587978.0,,*,*,*,*,Scholarship,Environmental Geosciences,45318.5
*,*,*,*,Scholarship,*,10587978.0,,*,*,*,*,Scholarship,Environmental Studies and Agriscience,66634.5
*,*,*,*,Scholarship,*,10587978.0,,*,*,*,*,Scholarship,Experience Architecture,59654
*,*,*,*,Scholarship,*,10587978.0,,*,*,*,*,Scholarship,Finance,92723
*,*,*,*,Scholarship,*,10587978.0,,*,*,*,*,Scholarship,Fisheries and Wildlife,142458
*,*,*,*,Scholarship,*,10587978.0,,*,*,*,*,Scholarship,Food Industry Management,95055.0
*,*,*,*,Scholarship,*,10587978.0,,*,*,*,*,Scholarship,Food Science,100536.5
*,*,*,*,Scholarship,*,10587978.0,,*,*,*,*,Scholarship,French,58587
*,*,*,*,Scholarship,*,10587978.0,,*,*,*,*,Scholarship,General Management,94955.5
*,*,*,*,Scholarship,*,10587978.0,,*,*,*,*,Scholarship,Genomics & Molecular Genetics,37419
*,*,*,*,Scholarship,*,10587978.0,,*,*,*,*,Scholarship,Geographic Information Science,66274
*,*,*,*,Scholarship,*,10587978.0,,*,*,*,*,Scholarship,Geography,91608
*,*,*,*,Scholarship,*,10587978.0,,*,*,*,*,Scholarship,Geological Sciences,81110
*,*,*,*,Scholarship,*,10587978.0,,*,*,*,*,Scholarship,German,102802
*,*,*,*,Scholarship,*,10587978.0,,*,*,*,*,Scholarship,Global & Area Studies - Soc Sci,74224
*,*,*,*,Scholarship,*,10587978.0,,*,*,*,*,Scholarship,Global Studies in the Arts and Humanities,80757
*,*,*,*,Scholarship,*,10587978.0,,*,*,*,*,Scholarship,History,62181
*,*,*,*,Scholarship,*,10587978.0,,*,*,*,*,Scholarship,History Education,37016
*,*,*,*,Scholarship,*,10587978.0,,*,*,*,*,Scholarship,Horticulture,113435
*,*,*,*,Scholarship,*,10587978.0,,*,*,*,*,Scholarship,Hospitality Business,109836
*,*,*,*,Scholarship,*,10587978.0,,*,*,*,*,Scholarship,Human Biology,110258
*,*,*,*,Scholarship,*,10587978.0,,*,*,*,*,Scholarship,Human Development and Family Studies,82871
*,*,*,*,Scholarship,*,10587978.0,,*,*,*,*,Scholarship,Human Resource Management,89073
*,*,*,*,Scholarship,*,10587978.0,,*,*,*,*,Scholarship,Humanities-Prelaw,72454
*,*,*,*,Scholarship,*,10587978.0,,*,*,*,*,Scholarship,Interdisciplinary Humanities,133424.5
*,*,*,*,Scholarship,*,10587978.0,,*,*,*,*,Scholarship,Interdisciplinary Studies in Social Science,116111
*,*,*,*,Scholarship,*,10587978.0,,*,*,*,*,Scholarship,Interdisciplinary Studies in Social Science - Social Science Education,81827.5
*,*,*,*,Scholarship,*,10587978.0,,*,*,*,*,Scholarship,Interior Design,130804
*,*,*,*,Scholarship,*,10587978.0,,*,*,*,*,Scholarship,Japanese,93774.5
*,*,*,*,Scholarship,*,10587978.0,,*,*,*,*,Scholarship,Jazz Studies,172476
*,*,*,*,Scholarship,*,10587978.0,,*,*,*,*,Scholarship,Journalism,51632
*,*,*,*,Scholarship,*,10587978.0,,*,*,*,*,Scholarship,Kinesiology,163378
*,*,*,*,Scholarship,*,10587978.0,,*,*,*,*,Scholarship,Landscape Architecture,89449
*,*,*,*,Scholarship,*,10587978.0,,*,*,*,*,Scholarship,Linguistics,69041
*,*,*,*,Scholarship,*,10587978.0,,*,*,*,*,Scholarship,Marketing,138992
*,*,*,*,Scholarship,*,10587978.0,,*,*,*,*,Scholarship,Materials Science and Engineering,99992.5
*,*,*,*,Scholarship,*,10587978.0,,*,*,*,*,Scholarship,Mathematics,332256
*,*,*,*,Scholarship,*,10587978.0,,*,*,*,*,Scholarship,Mathematics  Advanced,75824.0
*,*,*,*,Scholarship,*,10587978.0,,*,*,*,*,Scholarship,Mechanical Engineering,45035
*,*,*,*,Scholarship,*,10587978.0,,*,*,*,*,Scholarship,Media and Information,97101
*,*,*,*,Scholarship,*,10587978.0,,*,*,*,*,Scholarship,Microbiology,57076
*,*,*,*,Scholarship,*,10587978.0,,*,*,*,*,Scholarship,Music,101830.5
*,*,*,*,Scholarship,*,10587978.0,,*,*,*,*,Scholarship,Music Performance,100342
*,*,*,*,Scholarship,*,10587978.0,,*,*,*,*,Scholarship,Natural Resource Recreation and Tourism,93990
*,*,*,*,Scholarship,*,10587978.0,,*,*,*,*,Scholarship,Neuroscience,150753.5
*,*,*,*,Scholarship,*,10587978.0,,*,*,*,*,Scholarship,Nursing,66610.5
*,*,*,*,Scholarship,*,10587978.0,,*,*,*,*,Scholarship,Nutritional Sciences,71469
*,*,*,*,Scholarship,*,10587978.0,,*,*,*,*,Scholarship,Packaging,136099
*,*,*,*,Scholarship,*,10587978.0,,*,*,*,*,Scholarship,Philosophy,65835
*,*,*,*,Scholarship,*,10587978.0,,*,*,*,*,Scholarship,Physical Science Interdepartmental,93499.0
*,*,*,*,Scholarship,*,10587978.0,,*,*,*,*,Scholarship,Plant Biology,62667
*,*,*,*,Scholarship,*,10587978.0,,*,*,*,*,Scholarship,Political Science,47550
*,*,*,*,Scholarship,*,10587978.0,,*,*,*,*,Scholarship,Political Science-Prelaw,67875
*,*,*,*,Scholarship,*,10587978.0,,*,*,*,*,Scholarship,Political Theory and Constitutional Democracy,76898
*,*,*,*,Scholarship,*,10587978.0,,*,*,*,*,Scholarship,Predental,69717
*,*,*,*,Scholarship,*,10587978.0,,*,*,*,*,Scholarship,Prenursing,60158.5
*,*,*,*,Scholarship,*,10587978.0,,*,*,*,*,Scholarship,Preoptometry,80326.5
*,*,*,*,Scholarship,*,10587978.0,,*,*,*,*,Scholarship,Preveterinary,81793
*,*,*,*,Scholarship,*,10587978.0,,*,*,*,*,Scholarship,Professional Writing,120582.5
*,*,*,*,Scholarship,*,10587978.0,,*,*,*,*,Scholarship,Psychology,63243.0
*,*,*,*,Scholarship,*,10587978.0,,*,*,*,*,Scholarship,Public Policy,143359.5
*,*,*,*,Scholarship,*,10587978.0,,*,*,*,*,Scholarship,Russian,24757
*,*,*,*,Scholarship,*,10587978.0,,*,*,*,*,Scholarship,Social Relations and Policy,86114.0
*,*,*,*,Scholarship,*,10587978.0,,*,*,*,*,Scholarship,Social Work,45873
*,*,*,*,Scholarship,*,10587978.0,,*,*,*,*,Scholarship,Sociology,88643
*,*,*,*,Scholarship,*,10587978.0,,*,*,*,*,Scholarship,Spanish,130944.0
*,*,*,*,Scholarship,*,10587978.0,,*,*,*,*,Scholarship,Special Education-Learning Disabilities,73941.5
*,*,*,*,Scholarship,*,10587978.0,,*,*,*,*,Scholarship,Statistics,98211.5
*,*,*,*,Scholarship,*,10587978.0,,*,*,*,*,Scholarship,Studio Art,102235
*,*,*,*,Scholarship,*,10587978.0,,*,*,*,*,Scholarship,Summer Research Program,143909.5
*,*,*,*,Scholarship,*,10587978.0,,*,*,*,*,Scholarship,Supply Chain Management,38622
*,*,*,*,Scholarship,*,10587978.0,,*,*,*,*,Scholarship,Theatre,62782
*,*,*,*,Scholarship,*,10587978.0,,*,*,*,*,Scholarship,Urban and Regional Planning,137945.5
*,*,*,*,Scholarship,*,10587978.0,,*,*,*,*,Scholarship,Women's and Gender Studies,95260
*,*,*,*,Scholarship,*,10587978.0,,*,*,*,*,Scholarship,World Politics,82541.0
*,*,*,*,Scholarship,*,10587978.0,,*,*,*,*,Scholarship,Zoology,124926
