*,*,College of Agriculture and Natural Resources,*,*,*,3433165.0,,*,*,College of Agriculture and Natural Resources,*,*,Agribusiness Management,192603.0
*,*,College of Agriculture and Natural Resources,*,*,*,3433165.0,,*,*,College of Agriculture and Natural Resources,*,*,Agriculture and Natural Resources-No Preference,237723
*,*,College of Agriculture and Natural Resources,*,*,*,3433165.0,,*,*,College of Agriculture and Natural Resources,*,*,Animal Science,288149.5
*,*,College of Agriculture and Natural Resources,*,*,*,3433165.0,,*,*,College of Agriculture and Natural Resources,*,*,Construction Management,204369.0
*,*,College of Agriculture and Natural Resources,*,*,*,3433165.0,,*,*,College of Agriculture and Natural Resources,*,*,Entomology,214306
*,*,College of Agriculture and Natural Resources,*,*,*,3433165.0,,*,*,College of Agriculture and Natural Resources,*,*,Environmental Economics and Policy,213766.0
*,*,College of Agriculture and Natural Resources,*,*,*,3433165.0,,*,*,College of Agriculture and Natural Resources,*,*,Environmental Studies and Agriscience,146284.0
*,*,College of Agriculture and Natural Resources,*,*,*,3433165.0,,*,*,College of Agriculture and Natural Resources,*,*,Fisheries and Wildlife,298198.0
*,*,College of Agriculture and Natural Resources,*,*,*,3433165.0,,*,*,College of Agriculture and Natural Resources,*,*,Food Industry Management,186668.0
*,*,College of Agriculture and Natural Resources,*,*,*,3433165.0,,*,*,College of Agriculture and Natural Resources,*,*,Food Science,168579.0
*,*,College of Agriculture and Natural Resources,*,*,*,3433165.0,,*,*,College of Agriculture and Natural Resources,*,*,Horticulture,236126.5
*,*,College of Agriculture and Natural Resources,*,*,*,3433165.0,,*,*,College of Agriculture and Natural Resources,*,*,Interior Design,313991.0
*,*,College of Agriculture and Natural Resources,*,*,*,3433165.0,,*,*,College of Agriculture and Natural Resources,*,*,Landscape Architecture,144859
*,*,College of Agriculture and Natural Resources,*,*,*,3433165.0,,*,*,College of Agriculture and Natural Resources,*,*,Natural Resource Recreation and Tourism,268527
*,*,College of Agriculture and Natural Resources,*,*,*,3433165.0,,*,*,College of Agriculture and Natural Resources,*,*,Nutritional Sciences,135394.0
*,*,College of Agriculture and Natural Resources,*,*,*,3433165.0,,*,*,College of Agriculture and Natural Resources,*,*,Packaging,183622
*,*,College of Arts and Sciences,*,*,*,4720312.5,,*,*,College of Arts and Sciences,*,*,Apparel and Textile Design,289819.5
*,*,College of Arts and Sciences,*,*,*,4720312.5,,*,*,College of Arts and Sciences,*,*,Apparel and Textiles,228402
*,*,College of Arts and Sciences,*,*,*,4720312.5,,*,*,College of Arts and Sciences,*,*,Arabic,324516.5
*,*,College of Arts and Sciences,*,*,*,4720312.5,,*,*,College of Arts and Sciences,*,*,Art Education,220390.5
*,*,College of Arts and Sciences,*,*,*,4720312.5,,*,*,College of Arts and Sciences,*,*,Art History and Visual Culture,245935.5
*,*,College of Arts and Sciences,*,*,*,4720312.5,,*,*,College of Arts and Sciences,*,*,Arts & Letters-General,213453
*,*,College of Arts and Sciences,*,*,*,4720312.5,,*,*,College of Arts and Sciences,*,*,Chinese,140326.0
*,*,College of Arts and Sciences,*,*,*,4720312.5,,*,*,College of Arts and Sciences,*,*,English,165583.5
*,*,College of Arts and Sciences,*,*,*,4720312.5,,*,*,College of Arts and Sciences,*,*,Experience Architecture,172350.5
*,*,College of Arts and Sciences,*,*,*,4720312.5,,*,*,College of Arts and Sciences,*,*,French,143225.5
*,*,College of Arts and Sciences,*,*,*,4720312.5,,*,*,College of Arts and Sciences,*,*,German,233205
*,*,College of Arts and Sciences,*,*,*,4720312.5,,*,*,College of Arts and Sciences,*,*,Global Studies in the Arts and Humanities,169747
*,*,College of Arts and Sciences,*,*,*,4720312.5,,*,*,College of Arts and Sciences,*,*,Humanities-Prelaw,183384.0
*,*,College of Arts and Sciences,*,*,*,4720312.5,,*,*,College of Arts and Sciences,*,*,Interdisciplinary Humanities,261363.0
*,*,College of Arts and Sciences,*,*,*,4720312.5,,*,*,College of Arts and Sciences,*,*,Japanese,168158.5
*,*,College of Arts and Sciences,*,*,*,4720312.5,,*,*,College of Arts and Sciences,*,*,Linguistics,129292
*,*,College of Arts and Sciences,*,*,*,4720312.5,,*,*,College of Arts and Sciences,*,*,Philosophy,181834.0
*,*,College of Arts and Sciences,*,*,*,4720312.5,,*,*,College of Arts and Sciences,*,*,Professional Writing,252894.5
*,*,College of Arts and Sciences,*,*,*,4720312.5,,*,*,College of Arts and Sciences,*,*,Russian,69337
*,*,College of Arts and Sciences,*,*,*,4720312.5,,*,*,College of Arts and Sciences,*,*,Spanish,236835.0
*,*,College of Arts and Sciences,*,*,*,4720312.5,,*,*,College of Arts and Sciences,*,*,Studio Art,289430.0
*,*,College of Arts and Sciences,*,*,*,4720312.5,,*,*,College of Arts and Sciences,*,*,Theatre,148562
*,*,College of Arts and Sciences,*,*,*,4720312.5,,*,*,College of Arts and Sciences,*,*,Women's and Gender Studies,252268
*,*,College of Business,*,*,*,1400505.0,,*,*,College of Business,*,*,Accounting,117805
*,*,College of Business,*,*,*,1400505.0,,*,*,College of Business,*,*,Finance,180494
*,*,College of Business,*,*,*,1400505.0,,*,*,College of Business,*,*,General Management,253875.0
*,*,College of Business,*,*,*,1400505.0,,*,*,College of Business,*,*,Hospitality Business,163418
*,*,College of Business,*,*,*,1400505.0,,*,*,College of Business,*,*,Human Resource Management,174328
*,*,College of Business,*,*,*,1400505.0,,*,*,College of Business,*,*,Marketing,307911
*,*,College of Business,*,*,*,1400505.0,,*,*,College of Business,*,*,Supply Chain Management,202674
*,*,College of Communication Arts and Sciences,*,*,*,577251.0,,*,*,College of Communication Arts and Sciences,*,*,Advertising,157527
*,*,College of Communication Arts and Sciences,*,*,*,577251.0,,*,*,College of Communication Arts and Sciences,*,*,Journalism,137328
*,*,College of Education,*,*,*,850369.5,,*,*,College of Education,*,*,Athletic Training,133285
*,*,College of Education,*,*,*,850369.5,,*,*,College of Education,*,*,Education,222742.0
*,*,College of Education,*,*,*,850369.5,,*,*,College of Education,*,*,Special Education-Learning Disabilities,175115.0
*,*,College of Engineering,*,*,*,1997955.0,,*,*,College of Engineering,*,*,Applied Engineering Sciences,209758.5
*,*,College of Engineering,*,*,*,1997955.0,,*,*,College of Engineering,*,*,Biosystems Engineering,130878
*,*,College of Engineering,*,*,*,1997955.0,,*,*,College of Engineering,*,*,Computer Engineering,136511.5
*,*,College of Engineering,*,*,*,1997955.0,,*,*,College of Engineering,*,*,Computer Science,271068.5
*,*,College of Engineering,*,*,*,1997955.0,,*,*,College of Engineering,*,*,Electrical Engineering,178126.0
*,*,College of Engineering,*,*,*,1997955.0,,*,*,College of Engineering,*,*,Engineering-No Major,562518.5
*,*,College of Engineering,*,*,*,1997955.0,,*,*,College of Engineering,*,*,Environmental Engineering,137120
*,*,College of Engineering,*,*,*,1997955.0,,*,*,College of Engineering,*,*,Materials Science and Engineering,214450.5
*,*,College of Engineering,*,*,*,1997955.0,,*,*,College of Engineering,*,*,Mechanical Engineering,157523.5
*,*,College of Music,*,*,*,1066590.5,,*,*,College of Music,*,*,Jazz Studies,269456
*,*,College of Music,*,*,*,1066590.5,,*,*,College of Music,*,*,Music,157279.0
*,*,College of Music,*,*,*,1066590.5,,*,*,College of Music,*,*,Music Performance,205806.5
*,*,College of Natural Science,*,*,*,5136971.5,,*,*,College of Natural Science,*,*,Actuarial Science,121245
*,*,College of Natural Science,*,*,*,5136971.5,,*,*,College of Natural Science,*,*,Astrophysics,208615
*,*,College of Natural Science,*,*,*,5136971.5,,*,*,College of Natural Science,*,*,Biochemistry and Molecular Biology,162189
*,*,College of Natural Science,*,*,*,5136971.5,,*,*,College of Natural Science,*,*,Biochemistry and Molecular Biology/Biotechnology,258225
*,*,College of Natural Science,*,*,*,5136971.5,,*,*,College of Natural Science,*,*,Biological Science Interdepartmental,168134.0
*,*,College of Natural Science,*,*,*,5136971.5,,*,*,College of Natural Science,*,*,Biomedical Laboratory Science,178227
*,*,College of Natural Science,*,*,*,5136971.5,,*,*,College of Natural Science,*,*,Chemical Physics,164625.5
*,*,College of Natural Science,*,*,*,5136971.5,,*,*,College of Natural Science,*,*,Chemistry,90942
*,*,College of Natural Science,*,*,*,5136971.5,,*,*,College of Natural Science,*,*,Computational Mathematics,92161.5
*,*,College of Natural Science,*,*,*,5136971.5,,*,*,College of Natural Science,*,*,Earth Science Interdepartmental,186551.5
*,*,College of Natural Science,*,*,*,5136971.5,,*,*,College of Natural Science,*,*,Environmental Biology/Microbiology,107984.0
*,*,College of Natural Science,*,*,*,5136971.5,,*,*,College of Natural Science,*,*,Environmental Biology/Plant Biol,219831
*,*,College of Natural Science,*,*,*,5136971.5,,*,*,College of Natural Science,*,*,Environmental Biology/Zoology,174762.5
*,*,College of Natural Science,*,*,*,5136971.5,,*,*,College of Natural Science,*,*,Environmental Geosciences,198661.5
*,*,College of Natural Science,*,*,*,5136971.5,,*,*,College of Natural Science,*,*,Genomics & Molecular Genetics,115405
*,*,College of Natural Science,*,*,*,5136971.5,,*,*,College of Natural Science,*,*,Geological Sciences,192068
*,*,College of Natural Science,*,*,*,5136971.5,,*,*,College of Natural Science,*,*,Human Biology,303318.5
*,*,College of Natural Science,*,*,*,5136971.5,,*,*,College of Natural Science,*,*,Mathematics,415783
*,*,College of Natural Science,*,*,*,5136971.5,,*,*,College of Natural Science,*,*,Mathematics  Advanced,132101.0
*,*,College of Natural Science,*,*,*,5136971.5,,*,*,College of Natural Science,*,*,Microbiology,146576
*,*,College of Natural Science,*,*,*,5136971.5,,*,*,College of Natural Science,*,*,Neuroscience,297518.0
*,*,College of Natural Science,*,*,*,5136971.5,,*,*,College of Natural Science,*,*,Physical Science Interdepartmental,208962.0
*,*,College of Natural Science,*,*,*,5136971.5,,*,*,College of Natural Science,*,*,Plant Biology,203716.5
*,*,College of Natural Science,*,*,*,5136971.5,,*,*,College of Natural Science,*,*,Predental,142743
*,*,College of Natural Science,*,*,*,5136971.5,,*,*,College of Natural Science,*,*,Preoptometry,185944.5
*,*,College of Natural Science,*,*,*,5136971.5,,*,*,College of Natural Science,*,*,Statistics,198145.5
*,*,College of Natural Science,*,*,*,5136971.5,,*,*,College of Natural Science,*,*,Zoology,262536
*,*,College of Nursing,*,*,*,617842.0,,*,*,College of Nursing,*,*,Nursing,176714.5
*,*,College of Nursing,*,*,*,617842.0,,*,*,College of Nursing,*,*,Prenursing,177525.0
*,*,College of Political Science,*,*,*,934760.5,,*,*,College of Political Science,*,*,College of Political Science,225622
*,*,College of Social Science,*,*,*,3694436.5,,*,*,College of Social Science,*,*,Anthropology,166215.5
*,*,College of Social Science,*,*,*,3694436.5,,*,*,College of Social Science,*,*,Criminal Justice,268061.5
*,*,College of Social Science,*,*,*,3694436.5,,*,*,College of Social Science,*,*,Economics,173615.5
*,*,College of Social Science,*,*,*,3694436.5,,*,*,College of Social Science,*,*,Geographic Information Science,188935
*,*,College of Social Science,*,*,*,3694436.5,,*,*,College of Social Science,*,*,Geography,189438.5
*,*,College of Social Science,*,*,*,3694436.5,,*,*,College of Social Science,*,*,Global & Area Studies - Soc Sci,212438
*,*,College of Social Science,*,*,*,3694436.5,,*,*,College of Social Science,*,*,History,135727
*,*,College of Social Science,*,*,*,3694436.5,,*,*,College of Social Science,*,*,History Education,124912
*,*,College of Social Science,*,*,*,3694436.5,,*,*,College of Social Science,*,*,Human Development and Family Studies,223946
*,*,College of Social Science,*,*,*,3694436.5,,*,*,College of Social Science,*,*,Interdisciplinary Studies in Social Science,281516.5
*,*,College of Social Science,*,*,*,3694436.5,,*,*,College of Social Science,*,*,Interdisciplinary Studies in Social Science - Social Science Education,158687.5
*,*,College of Social Science,*,*,*,3694436.5,,*,*,College of Social Science,*,*,Political Science,192494
*,*,College of Social Science,*,*,*,3694436.5,,*,*,College of Social Science,*,*,Political Science-Prelaw,147970.5
*,*,College of Social Science,*,*,*,3694436.5,,*,*,College of Social Science,*,*,Psychology,179813.0
*,*,College of Social Science,*,*,*,3694436.5,,*,*,College of Social Science,*,*,Public Policy,295919.5
*,*,College of Social Science,*,*,*,3694436.5,,*,*,College of Social Science,*,*,Social Work,120492
*,*,College of Social Science,*,*,*,3694436.5,,*,*,College of Social Science,*,*,Sociology,206209.5
*,*,College of Social Science,*,*,*,3694436.5,,*,*,College of Social Science,*,*,Urban and Regional Planning,256242.5
*,*,College of Social Science,*,*,*,3694436.5,,*,*,College of Social Science,*,*,World Politics,171802.5
