*,*,*,Alumni Association,*,*,691942.5,,AL,*,*,Alumni Association,*,*,24091
*,*,*,Alumni Association,*,*,691942.5,,AZ,*,*,Alumni Association,*,*,42386
*,*,*,Alumni Association,*,*,691942.5,,CA,*,*,Alumni Association,*,*,48536
*,*,*,Alumni Association,*,*,691942.5,,CO,*,*,Alumni Association,*,*,93292.5
*,*,*,Alumni Association,*,*,691942.5,,CT,*,*,Alumni Association,*,*,9578
*,*,*,Alumni Association,*,*,691942.5,,DC,*,*,Alumni Association,*,*,676
*,*,*,Alumni Association,*,*,691942.5,,FL,*,*,Alumni Association,*,*,34169
*,*,*,Alumni Association,*,*,691942.5,,GA,*,*,Alumni Association,*,*,5229
*,*,*,Alumni Association,*,*,691942.5,,IA,*,*,Alumni Association,*,*,23290
*,*,*,Alumni Association,*,*,691942.5,,IL,*,*,Alumni Association,*,*,24333
*,*,*,Alumni Association,*,*,691942.5,,IN,*,*,Alumni Association,*,*,56758
*,*,*,Alumni Association,*,*,691942.5,,KS,*,*,Alumni Association,*,*,6708
*,*,*,Alumni Association,*,*,691942.5,,LA,*,*,Alumni Association,*,*,8997
*,*,*,Alumni Association,*,*,691942.5,,MA,*,*,Alumni Association,*,*,7547
*,*,*,Alumni Association,*,*,691942.5,,MI,*,*,Alumni Association,*,*,17572
*,*,*,Alumni Association,*,*,691942.5,,MN,*,*,Alumni Association,*,*,3784
*,*,*,Alumni Association,*,*,691942.5,,MO,*,*,Alumni Association,*,*,28117
*,*,*,Alumni Association,*,*,691942.5,,NC,*,*,Alumni Association,*,*,44414
*,*,*,Alumni Association,*,*,691942.5,,NV,*,*,Alumni Association,*,*,995
*,*,*,Alumni Association,*,*,691942.5,,NY,*,*,Alumni Association,*,*,34395
*,*,*,Alumni Association,*,*,691942.5,,OH,*,*,Alumni Association,*,*,54995
*,*,*,Alumni Association,*,*,691942.5,,OK,*,*,Alumni Association,*,*,9594
*,*,*,Alumni Association,*,*,691942.5,,PA,*,*,Alumni Association,*,*,16918
*,*,*,Alumni Association,*,*,691942.5,,RI,*,*,Alumni Association,*,*,4789
*,*,*,Alumni Association,*,*,691942.5,,SC,*,*,Alumni Association,*,*,4356
*,*,*,Alumni Association,*,*,691942.5,,TN,*,*,Alumni Association,*,*,32586
*,*,*,Alumni Association,*,*,691942.5,,TX,*,*,Alumni Association,*,*,30261
*,*,*,Alumni Association,*,*,691942.5,,VA,*,*,Alumni Association,*,*,20680
*,*,*,Alumni Association,*,*,691942.5,,WA,*,*,Alumni Association,*,*,2896
*,*,*,Athletics,*,*,724038.5,,AL,*,*,Athletics,*,*,13589
*,*,*,Athletics,*,*,724038.5,,AR,*,*,Athletics,*,*,7773
*,*,*,Athletics,*,*,724038.5,,AZ,*,*,Athletics,*,*,58881
*,*,*,Athletics,*,*,724038.5,,CA,*,*,Athletics,*,*,98369
*,*,*,Athletics,*,*,724038.5,,CO,*,*,Athletics,*,*,67072.5
*,*,*,Athletics,*,*,724038.5,,CT,*,*,Athletics,*,*,7646
*,*,*,Athletics,*,*,724038.5,,FL,*,*,Athletics,*,*,13857
*,*,*,Athletics,*,*,724038.5,,IL,*,*,Athletics,*,*,71156
*,*,*,Athletics,*,*,724038.5,,IN,*,*,Athletics,*,*,10765
*,*,*,Athletics,*,*,724038.5,,KS,*,*,Athletics,*,*,21099
*,*,*,Athletics,*,*,724038.5,,LA,*,*,Athletics,*,*,3670
*,*,*,Athletics,*,*,724038.5,,MI,*,*,Athletics,*,*,15393
*,*,*,Athletics,*,*,724038.5,,MN,*,*,Athletics,*,*,9394
*,*,*,Athletics,*,*,724038.5,,MO,*,*,Athletics,*,*,8199
*,*,*,Athletics,*,*,724038.5,,NC,*,*,Athletics,*,*,13450
*,*,*,Athletics,*,*,724038.5,,NE,*,*,Athletics,*,*,6371
*,*,*,Athletics,*,*,724038.5,,NH,*,*,Athletics,*,*,9665
*,*,*,Athletics,*,*,724038.5,,NV,*,*,Athletics,*,*,14971
*,*,*,Athletics,*,*,724038.5,,NY,*,*,Athletics,*,*,50048
*,*,*,Athletics,*,*,724038.5,,OH,*,*,Athletics,*,*,33252
*,*,*,Athletics,*,*,724038.5,,OK,*,*,Athletics,*,*,1633
*,*,*,Athletics,*,*,724038.5,,OR,*,*,Athletics,*,*,16777
*,*,*,Athletics,*,*,724038.5,,PA,*,*,Athletics,*,*,28114
*,*,*,Athletics,*,*,724038.5,,SC,*,*,Athletics,*,*,625
*,*,*,Athletics,*,*,724038.5,,TN,*,*,Athletics,*,*,8248
*,*,*,Athletics,*,*,724038.5,,TX,*,*,Athletics,*,*,71547
*,*,*,Athletics,*,*,724038.5,,UT,*,*,Athletics,*,*,31702
*,*,*,Athletics,*,*,724038.5,,VA,*,*,Athletics,*,*,16442
*,*,*,Athletics,*,*,724038.5,,WI,*,*,Athletics,*,*,14330
*,*,*,Campus Museums,*,*,694474.5,,AZ,*,*,Campus Museums,*,*,16980
*,*,*,Campus Museums,*,*,694474.5,,CA,*,*,Campus Museums,*,*,74249
*,*,*,Campus Museums,*,*,694474.5,,CO,*,*,Campus Museums,*,*,133813.5
*,*,*,Campus Museums,*,*,694474.5,,CT,*,*,Campus Museums,*,*,41566
*,*,*,Campus Museums,*,*,694474.5,,FL,*,*,Campus Museums,*,*,12127
*,*,*,Campus Museums,*,*,694474.5,,GA,*,*,Campus Museums,*,*,9238
*,*,*,Campus Museums,*,*,694474.5,,IA,*,*,Campus Museums,*,*,4539
*,*,*,Campus Museums,*,*,694474.5,,IL,*,*,Campus Museums,*,*,17731
*,*,*,Campus Museums,*,*,694474.5,,IN,*,*,Campus Museums,*,*,2474
*,*,*,Campus Museums,*,*,694474.5,,KS,*,*,Campus Museums,*,*,32616
*,*,*,Campus Museums,*,*,694474.5,,KY,*,*,Campus Museums,*,*,3009
*,*,*,Campus Museums,*,*,694474.5,,LA,*,*,Campus Museums,*,*,4083
*,*,*,Campus Museums,*,*,694474.5,,MI,*,*,Campus Museums,*,*,48289
*,*,*,Campus Museums,*,*,694474.5,,MN,*,*,Campus Museums,*,*,7578
*,*,*,Campus Museums,*,*,694474.5,,MO,*,*,Campus Museums,*,*,25014
*,*,*,Campus Museums,*,*,694474.5,,NC,*,*,Campus Museums,*,*,9755
*,*,*,Campus Museums,*,*,694474.5,,NE,*,*,Campus Museums,*,*,16618
*,*,*,Campus Museums,*,*,694474.5,,NH,*,*,Campus Museums,*,*,9501
*,*,*,Campus Museums,*,*,694474.5,,NV,*,*,Campus Museums,*,*,10858
*,*,*,Campus Museums,*,*,694474.5,,NY,*,*,Campus Museums,*,*,48751
*,*,*,Campus Museums,*,*,694474.5,,OH,*,*,Campus Museums,*,*,1652
*,*,*,Campus Museums,*,*,694474.5,,OK,*,*,Campus Museums,*,*,24024
*,*,*,Campus Museums,*,*,694474.5,,OR,*,*,Campus Museums,*,*,15674
*,*,*,Campus Museums,*,*,694474.5,,RI,*,*,Campus Museums,*,*,11798
*,*,*,Campus Museums,*,*,694474.5,,SC,*,*,Campus Museums,*,*,20082
*,*,*,Campus Museums,*,*,694474.5,,TN,*,*,Campus Museums,*,*,26293
*,*,*,Campus Museums,*,*,694474.5,,TX,*,*,Campus Museums,*,*,50621
*,*,*,Campus Museums,*,*,694474.5,,VA,*,*,Campus Museums,*,*,6032
*,*,*,Campus Museums,*,*,694474.5,,WA,*,*,Campus Museums,*,*,9509
*,*,*,Campus Recreation,*,*,594187.5,,AL,*,*,Campus Recreation,*,*,1248
*,*,*,Campus Recreation,*,*,594187.5,,AZ,*,*,Campus Recreation,*,*,7183
*,*,*,Campus Recreation,*,*,594187.5,,CA,*,*,Campus Recreation,*,*,64256
*,*,*,Campus Recreation,*,*,594187.5,,CO,*,*,Campus Recreation,*,*,58261.5
*,*,*,Campus Recreation,*,*,594187.5,,CT,*,*,Campus Recreation,*,*,3607
*,*,*,Campus Recreation,*,*,594187.5,,DC,*,*,Campus Recreation,*,*,530
*,*,*,Campus Recreation,*,*,594187.5,,FL,*,*,Campus Recreation,*,*,24064
*,*,*,Campus Recreation,*,*,594187.5,,IA,*,*,Campus Recreation,*,*,15744
*,*,*,Campus Recreation,*,*,594187.5,,IL,*,*,Campus Recreation,*,*,11771
*,*,*,Campus Recreation,*,*,594187.5,,IN,*,*,Campus Recreation,*,*,25975
*,*,*,Campus Recreation,*,*,594187.5,,KS,*,*,Campus Recreation,*,*,4954
*,*,*,Campus Recreation,*,*,594187.5,,KY,*,*,Campus Recreation,*,*,5794
*,*,*,Campus Recreation,*,*,594187.5,,MA,*,*,Campus Recreation,*,*,16925
*,*,*,Campus Recreation,*,*,594187.5,,MI,*,*,Campus Recreation,*,*,17399
*,*,*,Campus Recreation,*,*,594187.5,,MO,*,*,Campus Recreation,*,*,7885
*,*,*,Campus Recreation,*,*,594187.5,,NC,*,*,Campus Recreation,*,*,21570
*,*,*,Campus Recreation,*,*,594187.5,,NE,*,*,Campus Recreation,*,*,6396
*,*,*,Campus Recreation,*,*,594187.5,,NM,*,*,Campus Recreation,*,*,9628
*,*,*,Campus Recreation,*,*,594187.5,,NV,*,*,Campus Recreation,*,*,15096
*,*,*,Campus Recreation,*,*,594187.5,,NY,*,*,Campus Recreation,*,*,13115
*,*,*,Campus Recreation,*,*,594187.5,,OH,*,*,Campus Recreation,*,*,45001
*,*,*,Campus Recreation,*,*,594187.5,,OK,*,*,Campus Recreation,*,*,12967
*,*,*,Campus Recreation,*,*,594187.5,,OR,*,*,Campus Recreation,*,*,10246
*,*,*,Campus Recreation,*,*,594187.5,,PA,*,*,Campus Recreation,*,*,11219
*,*,*,Campus Recreation,*,*,594187.5,,RI,*,*,Campus Recreation,*,*,5130
*,*,*,Campus Recreation,*,*,594187.5,,SC,*,*,Campus Recreation,*,*,290
*,*,*,Campus Recreation,*,*,594187.5,,TN,*,*,Campus Recreation,*,*,39407
*,*,*,Campus Recreation,*,*,594187.5,,TX,*,*,Campus Recreation,*,*,74899
*,*,*,Campus Recreation,*,*,594187.5,,VA,*,*,Campus Recreation,*,*,13176
*,*,*,Campus Recreation,*,*,594187.5,,WA,*,*,Campus Recreation,*,*,42826
*,*,*,Campus Recreation,*,*,594187.5,,WI,*,*,Campus Recreation,*,*,7625
*,*,*,College of Agriculture and Natural Resources,*,*,1241065.5,,AR,*,*,College of Agriculture and Natural Resources,*,*,15857
*,*,*,College of Agriculture and Natural Resources,*,*,1241065.5,,AZ,*,*,College of Agriculture and Natural Resources,*,*,49387
*,*,*,College of Agriculture and Natural Resources,*,*,1241065.5,,CA,*,*,College of Agriculture and Natural Resources,*,*,110015
*,*,*,College of Agriculture and Natural Resources,*,*,1241065.5,,CO,*,*,College of Agriculture and Natural Resources,*,*,201180.5
*,*,*,College of Agriculture and Natural Resources,*,*,1241065.5,,CT,*,*,College of Agriculture and Natural Resources,*,*,29810
*,*,*,College of Agriculture and Natural Resources,*,*,1241065.5,,DC,*,*,College of Agriculture and Natural Resources,*,*,13299
*,*,*,College of Agriculture and Natural Resources,*,*,1241065.5,,FL,*,*,College of Agriculture and Natural Resources,*,*,84787
*,*,*,College of Agriculture and Natural Resources,*,*,1241065.5,,GA,*,*,College of Agriculture and Natural Resources,*,*,20564
*,*,*,College of Agriculture and Natural Resources,*,*,1241065.5,,IA,*,*,College of Agriculture and Natural Resources,*,*,1532
*,*,*,College of Agriculture and Natural Resources,*,*,1241065.5,,IL,*,*,College of Agriculture and Natural Resources,*,*,29668
*,*,*,College of Agriculture and Natural Resources,*,*,1241065.5,,IN,*,*,College of Agriculture and Natural Resources,*,*,3912
*,*,*,College of Agriculture and Natural Resources,*,*,1241065.5,,KS,*,*,College of Agriculture and Natural Resources,*,*,17456
*,*,*,College of Agriculture and Natural Resources,*,*,1241065.5,,LA,*,*,College of Agriculture and Natural Resources,*,*,14925
*,*,*,College of Agriculture and Natural Resources,*,*,1241065.5,,MA,*,*,College of Agriculture and Natural Resources,*,*,6979
*,*,*,College of Agriculture and Natural Resources,*,*,1241065.5,,MI,*,*,College of Agriculture and Natural Resources,*,*,30030
*,*,*,College of Agriculture and Natural Resources,*,*,1241065.5,,MN,*,*,College of Agriculture and Natural Resources,*,*,9558
*,*,*,College of Agriculture and Natural Resources,*,*,1241065.5,,MO,*,*,College of Agriculture and Natural Resources,*,*,48517
*,*,*,College of Agriculture and Natural Resources,*,*,1241065.5,,NC,*,*,College of Agriculture and Natural Resources,*,*,19285
*,*,*,College of Agriculture and Natural Resources,*,*,1241065.5,,NE,*,*,College of Agriculture and Natural Resources,*,*,8555
*,*,*,College of Agriculture and Natural Resources,*,*,1241065.5,,NH,*,*,College of Agriculture and Natural Resources,*,*,9117
*,*,*,College of Agriculture and Natural Resources,*,*,1241065.5,,NV,*,*,College of Agriculture and Natural Resources,*,*,33841
*,*,*,College of Agriculture and Natural Resources,*,*,1241065.5,,NY,*,*,College of Agriculture and Natural Resources,*,*,50596
*,*,*,College of Agriculture and Natural Resources,*,*,1241065.5,,OH,*,*,College of Agriculture and Natural Resources,*,*,46633
*,*,*,College of Agriculture and Natural Resources,*,*,1241065.5,,OK,*,*,College of Agriculture and Natural Resources,*,*,5763
*,*,*,College of Agriculture and Natural Resources,*,*,1241065.5,,OR,*,*,College of Agriculture and Natural Resources,*,*,11548
*,*,*,College of Agriculture and Natural Resources,*,*,1241065.5,,PA,*,*,College of Agriculture and Natural Resources,*,*,8003
*,*,*,College of Agriculture and Natural Resources,*,*,1241065.5,,RI,*,*,College of Agriculture and Natural Resources,*,*,28164
*,*,*,College of Agriculture and Natural Resources,*,*,1241065.5,,SC,*,*,College of Agriculture and Natural Resources,*,*,37538
*,*,*,College of Agriculture and Natural Resources,*,*,1241065.5,,TN,*,*,College of Agriculture and Natural Resources,*,*,71774
*,*,*,College of Agriculture and Natural Resources,*,*,1241065.5,,TX,*,*,College of Agriculture and Natural Resources,*,*,100917
*,*,*,College of Agriculture and Natural Resources,*,*,1241065.5,,UT,*,*,College of Agriculture and Natural Resources,*,*,7019
*,*,*,College of Agriculture and Natural Resources,*,*,1241065.5,,VA,*,*,College of Agriculture and Natural Resources,*,*,54663
*,*,*,College of Agriculture and Natural Resources,*,*,1241065.5,,WA,*,*,College of Agriculture and Natural Resources,*,*,54081
*,*,*,College of Agriculture and Natural Resources,*,*,1241065.5,,WI,*,*,College of Agriculture and Natural Resources,*,*,6092
*,*,*,College of Arts and Sciences,*,*,1889319.5,,AL,*,*,College of Arts and Sciences,*,*,16951
*,*,*,College of Arts and Sciences,*,*,1889319.5,,AR,*,*,College of Arts and Sciences,*,*,24834
*,*,*,College of Arts and Sciences,*,*,1889319.5,,AZ,*,*,College of Arts and Sciences,*,*,61890
*,*,*,College of Arts and Sciences,*,*,1889319.5,,CA,*,*,College of Arts and Sciences,*,*,221852
*,*,*,College of Arts and Sciences,*,*,1889319.5,,CO,*,*,College of Arts and Sciences,*,*,262681.5
*,*,*,College of Arts and Sciences,*,*,1889319.5,,CT,*,*,College of Arts and Sciences,*,*,9131
*,*,*,College of Arts and Sciences,*,*,1889319.5,,DC,*,*,College of Arts and Sciences,*,*,18641
*,*,*,College of Arts and Sciences,*,*,1889319.5,,FL,*,*,College of Arts and Sciences,*,*,97705
*,*,*,College of Arts and Sciences,*,*,1889319.5,,GA,*,*,College of Arts and Sciences,*,*,32231
*,*,*,College of Arts and Sciences,*,*,1889319.5,,IA,*,*,College of Arts and Sciences,*,*,14524
*,*,*,College of Arts and Sciences,*,*,1889319.5,,IL,*,*,College of Arts and Sciences,*,*,85892
*,*,*,College of Arts and Sciences,*,*,1889319.5,,IN,*,*,College of Arts and Sciences,*,*,85690
*,*,*,College of Arts and Sciences,*,*,1889319.5,,KS,*,*,College of Arts and Sciences,*,*,49755
*,*,*,College of Arts and Sciences,*,*,1889319.5,,KY,*,*,College of Arts and Sciences,*,*,10405
*,*,*,College of Arts and Sciences,*,*,1889319.5,,LA,*,*,College of Arts and Sciences,*,*,42715
*,*,*,College of Arts and Sciences,*,*,1889319.5,,MA,*,*,College of Arts and Sciences,*,*,67407
*,*,*,College of Arts and Sciences,*,*,1889319.5,,MI,*,*,College of Arts and Sciences,*,*,60170
*,*,*,College of Arts and Sciences,*,*,1889319.5,,MN,*,*,College of Arts and Sciences,*,*,12717
*,*,*,College of Arts and Sciences,*,*,1889319.5,,MO,*,*,College of Arts and Sciences,*,*,48758
*,*,*,College of Arts and Sciences,*,*,1889319.5,,NC,*,*,College of Arts and Sciences,*,*,27866
*,*,*,College of Arts and Sciences,*,*,1889319.5,,NE,*,*,College of Arts and Sciences,*,*,7123
*,*,*,College of Arts and Sciences,*,*,1889319.5,,NH,*,*,College of Arts and Sciences,*,*,7451
*,*,*,College of Arts and Sciences,*,*,1889319.5,,NV,*,*,College of Arts and Sciences,*,*,48081
*,*,*,College of Arts and Sciences,*,*,1889319.5,,NY,*,*,College of Arts and Sciences,*,*,83531
*,*,*,College of Arts and Sciences,*,*,1889319.5,,OH,*,*,College of Arts and Sciences,*,*,50260
*,*,*,College of Arts and Sciences,*,*,1889319.5,,OK,*,*,College of Arts and Sciences,*,*,16400
*,*,*,College of Arts and Sciences,*,*,1889319.5,,OR,*,*,College of Arts and Sciences,*,*,8290
*,*,*,College of Arts and Sciences,*,*,1889319.5,,PA,*,*,College of Arts and Sciences,*,*,20088
*,*,*,College of Arts and Sciences,*,*,1889319.5,,RI,*,*,College of Arts and Sciences,*,*,29658
*,*,*,College of Arts and Sciences,*,*,1889319.5,,SC,*,*,College of Arts and Sciences,*,*,30014
*,*,*,College of Arts and Sciences,*,*,1889319.5,,TN,*,*,College of Arts and Sciences,*,*,77055
*,*,*,College of Arts and Sciences,*,*,1889319.5,,TX,*,*,College of Arts and Sciences,*,*,103585
*,*,*,College of Arts and Sciences,*,*,1889319.5,,UT,*,*,College of Arts and Sciences,*,*,26467
*,*,*,College of Arts and Sciences,*,*,1889319.5,,VA,*,*,College of Arts and Sciences,*,*,67031
*,*,*,College of Arts and Sciences,*,*,1889319.5,,WA,*,*,College of Arts and Sciences,*,*,48187
*,*,*,College of Arts and Sciences,*,*,1889319.5,,WI,*,*,College of Arts and Sciences,*,*,14283
*,*,*,College of Business,*,*,359000.0,,AL,*,*,College of Business,*,*,2842
*,*,*,College of Business,*,*,359000.0,,AZ,*,*,College of Business,*,*,39001
*,*,*,College of Business,*,*,359000.0,,CA,*,*,College of Business,*,*,51149
*,*,*,College of Business,*,*,359000.0,,CO,*,*,College of Business,*,*,69945.0
*,*,*,College of Business,*,*,359000.0,,CT,*,*,College of Business,*,*,26844
*,*,*,College of Business,*,*,359000.0,,DC,*,*,College of Business,*,*,11013
*,*,*,College of Business,*,*,359000.0,,FL,*,*,College of Business,*,*,10037
*,*,*,College of Business,*,*,359000.0,,IL,*,*,College of Business,*,*,3600
*,*,*,College of Business,*,*,359000.0,,KS,*,*,College of Business,*,*,8083
*,*,*,College of Business,*,*,359000.0,,MA,*,*,College of Business,*,*,11999
*,*,*,College of Business,*,*,359000.0,,MI,*,*,College of Business,*,*,17568
*,*,*,College of Business,*,*,359000.0,,MO,*,*,College of Business,*,*,4266
*,*,*,College of Business,*,*,359000.0,,NE,*,*,College of Business,*,*,4871
*,*,*,College of Business,*,*,359000.0,,NV,*,*,College of Business,*,*,3009
*,*,*,College of Business,*,*,359000.0,,NY,*,*,College of Business,*,*,20256
*,*,*,College of Business,*,*,359000.0,,OH,*,*,College of Business,*,*,19974
*,*,*,College of Business,*,*,359000.0,,OK,*,*,College of Business,*,*,8182
*,*,*,College of Business,*,*,359000.0,,OR,*,*,College of Business,*,*,4269
*,*,*,College of Business,*,*,359000.0,,PA,*,*,College of Business,*,*,4994
*,*,*,College of Business,*,*,359000.0,,TN,*,*,College of Business,*,*,1050
*,*,*,College of Business,*,*,359000.0,,TX,*,*,College of Business,*,*,26969
*,*,*,College of Business,*,*,359000.0,,VA,*,*,College of Business,*,*,9079
*,*,*,College of Communication Arts and Sciences,*,*,310261.5,,AL,*,*,College of Communication Arts and Sciences,*,*,4777
*,*,*,College of Communication Arts and Sciences,*,*,310261.5,,AZ,*,*,College of Communication Arts and Sciences,*,*,2872
*,*,*,College of Communication Arts and Sciences,*,*,310261.5,,CA,*,*,College of Communication Arts and Sciences,*,*,65650
*,*,*,College of Communication Arts and Sciences,*,*,310261.5,,CO,*,*,College of Communication Arts and Sciences,*,*,42346.5
*,*,*,College of Communication Arts and Sciences,*,*,310261.5,,FL,*,*,College of Communication Arts and Sciences,*,*,6646
*,*,*,College of Communication Arts and Sciences,*,*,310261.5,,GA,*,*,College of Communication Arts and Sciences,*,*,8796
*,*,*,College of Communication Arts and Sciences,*,*,310261.5,,IL,*,*,College of Communication Arts and Sciences,*,*,8468
*,*,*,College of Communication Arts and Sciences,*,*,310261.5,,IN,*,*,College of Communication Arts and Sciences,*,*,1567
*,*,*,College of Communication Arts and Sciences,*,*,310261.5,,LA,*,*,College of Communication Arts and Sciences,*,*,2069
*,*,*,College of Communication Arts and Sciences,*,*,310261.5,,MI,*,*,College of Communication Arts and Sciences,*,*,6006
*,*,*,College of Communication Arts and Sciences,*,*,310261.5,,MO,*,*,College of Communication Arts and Sciences,*,*,7731
*,*,*,College of Communication Arts and Sciences,*,*,310261.5,,NC,*,*,College of Communication Arts and Sciences,*,*,29354
*,*,*,College of Communication Arts and Sciences,*,*,310261.5,,NV,*,*,College of Communication Arts and Sciences,*,*,1300
*,*,*,College of Communication Arts and Sciences,*,*,310261.5,,NY,*,*,College of Communication Arts and Sciences,*,*,6334
*,*,*,College of Communication Arts and Sciences,*,*,310261.5,,OH,*,*,College of Communication Arts and Sciences,*,*,25291
*,*,*,College of Communication Arts and Sciences,*,*,310261.5,,PA,*,*,College of Communication Arts and Sciences,*,*,12023
*,*,*,College of Communication Arts and Sciences,*,*,310261.5,,RI,*,*,College of Communication Arts and Sciences,*,*,2810
*,*,*,College of Communication Arts and Sciences,*,*,310261.5,,SC,*,*,College of Communication Arts and Sciences,*,*,27493
*,*,*,College of Communication Arts and Sciences,*,*,310261.5,,TN,*,*,College of Communication Arts and Sciences,*,*,9783
*,*,*,College of Communication Arts and Sciences,*,*,310261.5,,TX,*,*,College of Communication Arts and Sciences,*,*,29892
*,*,*,College of Communication Arts and Sciences,*,*,310261.5,,VA,*,*,College of Communication Arts and Sciences,*,*,361
*,*,*,College of Communication Arts and Sciences,*,*,310261.5,,WA,*,*,College of Communication Arts and Sciences,*,*,8692
*,*,*,College of Education,*,*,335857,,AR,*,*,College of Education,*,*,11315
*,*,*,College of Education,*,*,335857,,AZ,*,*,College of Education,*,*,6189
*,*,*,College of Education,*,*,335857,,CA,*,*,College of Education,*,*,61105
*,*,*,College of Education,*,*,335857,,CO,*,*,College of Education,*,*,19854
*,*,*,College of Education,*,*,335857,,DC,*,*,College of Education,*,*,8241
*,*,*,College of Education,*,*,335857,,FL,*,*,College of Education,*,*,3646
*,*,*,College of Education,*,*,335857,,GA,*,*,College of Education,*,*,3169
*,*,*,College of Education,*,*,335857,,IA,*,*,College of Education,*,*,8272
*,*,*,College of Education,*,*,335857,,IL,*,*,College of Education,*,*,21416
*,*,*,College of Education,*,*,335857,,KS,*,*,College of Education,*,*,17377
*,*,*,College of Education,*,*,335857,,KY,*,*,College of Education,*,*,7288
*,*,*,College of Education,*,*,335857,,MI,*,*,College of Education,*,*,9667
*,*,*,College of Education,*,*,335857,,MO,*,*,College of Education,*,*,7210
*,*,*,College of Education,*,*,335857,,NC,*,*,College of Education,*,*,13899
*,*,*,College of Education,*,*,335857,,NE,*,*,College of Education,*,*,4813
*,*,*,College of Education,*,*,335857,,NH,*,*,College of Education,*,*,379
*,*,*,College of Education,*,*,335857,,NM,*,*,College of Education,*,*,10223
*,*,*,College of Education,*,*,335857,,NY,*,*,College of Education,*,*,9220
*,*,*,College of Education,*,*,335857,,PA,*,*,College of Education,*,*,11104
*,*,*,College of Education,*,*,335857,,RI,*,*,College of Education,*,*,2192
*,*,*,College of Education,*,*,335857,,SC,*,*,College of Education,*,*,9232
*,*,*,College of Education,*,*,335857,,TN,*,*,College of Education,*,*,251
*,*,*,College of Education,*,*,335857,,TX,*,*,College of Education,*,*,34643
*,*,*,College of Education,*,*,335857,,UT,*,*,College of Education,*,*,11470
*,*,*,College of Education,*,*,335857,,VA,*,*,College of Education,*,*,35114
*,*,*,College of Education,*,*,335857,,WA,*,*,College of Education,*,*,8568
*,*,*,College of Engineering,*,*,481830.5,,AL,*,*,College of Engineering,*,*,12112
*,*,*,College of Engineering,*,*,481830.5,,AR,*,*,College of Engineering,*,*,313
*,*,*,College of Engineering,*,*,481830.5,,AZ,*,*,College of Engineering,*,*,9638
*,*,*,College of Engineering,*,*,481830.5,,CA,*,*,College of Engineering,*,*,42043
*,*,*,College of Engineering,*,*,481830.5,,CO,*,*,College of Engineering,*,*,112075.5
*,*,*,College of Engineering,*,*,481830.5,,CT,*,*,College of Engineering,*,*,15805
*,*,*,College of Engineering,*,*,481830.5,,DC,*,*,College of Engineering,*,*,17326
*,*,*,College of Engineering,*,*,481830.5,,FL,*,*,College of Engineering,*,*,27779
*,*,*,College of Engineering,*,*,481830.5,,GA,*,*,College of Engineering,*,*,8752
*,*,*,College of Engineering,*,*,481830.5,,IL,*,*,College of Engineering,*,*,23148
*,*,*,College of Engineering,*,*,481830.5,,KS,*,*,College of Engineering,*,*,5453
*,*,*,College of Engineering,*,*,481830.5,,MI,*,*,College of Engineering,*,*,21561
*,*,*,College of Engineering,*,*,481830.5,,NC,*,*,College of Engineering,*,*,11225
*,*,*,College of Engineering,*,*,481830.5,,NE,*,*,College of Engineering,*,*,3797
*,*,*,College of Engineering,*,*,481830.5,,NH,*,*,College of Engineering,*,*,1818
*,*,*,College of Engineering,*,*,481830.5,,NV,*,*,College of Engineering,*,*,6821
*,*,*,College of Engineering,*,*,481830.5,,NY,*,*,College of Engineering,*,*,16175
*,*,*,College of Engineering,*,*,481830.5,,OH,*,*,College of Engineering,*,*,2015
*,*,*,College of Engineering,*,*,481830.5,,OK,*,*,College of Engineering,*,*,659
*,*,*,College of Engineering,*,*,481830.5,,PA,*,*,College of Engineering,*,*,9143
*,*,*,College of Engineering,*,*,481830.5,,RI,*,*,College of Engineering,*,*,5613
*,*,*,College of Engineering,*,*,481830.5,,TN,*,*,College of Engineering,*,*,8955
*,*,*,College of Engineering,*,*,481830.5,,TX,*,*,College of Engineering,*,*,58117
*,*,*,College of Engineering,*,*,481830.5,,VA,*,*,College of Engineering,*,*,24299
*,*,*,College of Engineering,*,*,481830.5,,WA,*,*,College of Engineering,*,*,35410
*,*,*,College of Engineering,*,*,481830.5,,WI,*,*,College of Engineering,*,*,1778
*,*,*,College of Music,*,*,311818.5,,AL,*,*,College of Music,*,*,25134
*,*,*,College of Music,*,*,311818.5,,AZ,*,*,College of Music,*,*,3986
*,*,*,College of Music,*,*,311818.5,,CA,*,*,College of Music,*,*,24964
*,*,*,College of Music,*,*,311818.5,,CO,*,*,College of Music,*,*,37168.5
*,*,*,College of Music,*,*,311818.5,,CT,*,*,College of Music,*,*,6206
*,*,*,College of Music,*,*,311818.5,,DC,*,*,College of Music,*,*,5240
*,*,*,College of Music,*,*,311818.5,,FL,*,*,College of Music,*,*,5214
*,*,*,College of Music,*,*,311818.5,,GA,*,*,College of Music,*,*,827
*,*,*,College of Music,*,*,311818.5,,IL,*,*,College of Music,*,*,14157
*,*,*,College of Music,*,*,311818.5,,MI,*,*,College of Music,*,*,20037
*,*,*,College of Music,*,*,311818.5,,MO,*,*,College of Music,*,*,44801
*,*,*,College of Music,*,*,311818.5,,NM,*,*,College of Music,*,*,7641
*,*,*,College of Music,*,*,311818.5,,NV,*,*,College of Music,*,*,6234
*,*,*,College of Music,*,*,311818.5,,NY,*,*,College of Music,*,*,9370
*,*,*,College of Music,*,*,311818.5,,OH,*,*,College of Music,*,*,21600
*,*,*,College of Music,*,*,311818.5,,OK,*,*,College of Music,*,*,6028
*,*,*,College of Music,*,*,311818.5,,OR,*,*,College of Music,*,*,9941
*,*,*,College of Music,*,*,311818.5,,SC,*,*,College of Music,*,*,9970
*,*,*,College of Music,*,*,311818.5,,TN,*,*,College of Music,*,*,5151
*,*,*,College of Music,*,*,311818.5,,TX,*,*,College of Music,*,*,9689
*,*,*,College of Music,*,*,311818.5,,UT,*,*,College of Music,*,*,29843
*,*,*,College of Music,*,*,311818.5,,WA,*,*,College of Music,*,*,8617
*,*,*,College of Natural Science,*,*,2106294.0,,AL,*,*,College of Natural Science,*,*,49811
*,*,*,College of Natural Science,*,*,2106294.0,,AR,*,*,College of Natural Science,*,*,3780
*,*,*,College of Natural Science,*,*,2106294.0,,AZ,*,*,College of Natural Science,*,*,58752
*,*,*,College of Natural Science,*,*,2106294.0,,CA,*,*,College of Natural Science,*,*,255476
*,*,*,College of Natural Science,*,*,2106294.0,,CO,*,*,College of Natural Science,*,*,173459.0
*,*,*,College of Natural Science,*,*,2106294.0,,CT,*,*,College of Natural Science,*,*,24635
*,*,*,College of Natural Science,*,*,2106294.0,,DC,*,*,College of Natural Science,*,*,26118
*,*,*,College of Natural Science,*,*,2106294.0,,FL,*,*,College of Natural Science,*,*,56256
*,*,*,College of Natural Science,*,*,2106294.0,,GA,*,*,College of Natural Science,*,*,57373
*,*,*,College of Natural Science,*,*,2106294.0,,IA,*,*,College of Natural Science,*,*,12407
*,*,*,College of Natural Science,*,*,2106294.0,,IL,*,*,College of Natural Science,*,*,116028
*,*,*,College of Natural Science,*,*,2106294.0,,IN,*,*,College of Natural Science,*,*,25728
*,*,*,College of Natural Science,*,*,2106294.0,,KS,*,*,College of Natural Science,*,*,58837
*,*,*,College of Natural Science,*,*,2106294.0,,KY,*,*,College of Natural Science,*,*,33070
*,*,*,College of Natural Science,*,*,2106294.0,,LA,*,*,College of Natural Science,*,*,16790
*,*,*,College of Natural Science,*,*,2106294.0,,MA,*,*,College of Natural Science,*,*,36486
*,*,*,College of Natural Science,*,*,2106294.0,,MI,*,*,College of Natural Science,*,*,80393
*,*,*,College of Natural Science,*,*,2106294.0,,MO,*,*,College of Natural Science,*,*,282900
*,*,*,College of Natural Science,*,*,2106294.0,,MT,*,*,College of Natural Science,*,*,12076
*,*,*,College of Natural Science,*,*,2106294.0,,NC,*,*,College of Natural Science,*,*,22185
*,*,*,College of Natural Science,*,*,2106294.0,,NE,*,*,College of Natural Science,*,*,21189
*,*,*,College of Natural Science,*,*,2106294.0,,NH,*,*,College of Natural Science,*,*,20242
*,*,*,College of Natural Science,*,*,2106294.0,,NJ,*,*,College of Natural Science,*,*,6993
*,*,*,College of Natural Science,*,*,2106294.0,,NM,*,*,College of Natural Science,*,*,23091
*,*,*,College of Natural Science,*,*,2106294.0,,NV,*,*,College of Natural Science,*,*,20017
*,*,*,College of Natural Science,*,*,2106294.0,,NY,*,*,College of Natural Science,*,*,110195
*,*,*,College of Natural Science,*,*,2106294.0,,OH,*,*,College of Natural Science,*,*,112293
*,*,*,College of Natural Science,*,*,2106294.0,,OK,*,*,College of Natural Science,*,*,50010
*,*,*,College of Natural Science,*,*,2106294.0,,OR,*,*,College of Natural Science,*,*,16597
*,*,*,College of Natural Science,*,*,2106294.0,,PA,*,*,College of Natural Science,*,*,20737
*,*,*,College of Natural Science,*,*,2106294.0,,SC,*,*,College of Natural Science,*,*,15766
*,*,*,College of Natural Science,*,*,2106294.0,,TN,*,*,College of Natural Science,*,*,39266
*,*,*,College of Natural Science,*,*,2106294.0,,TX,*,*,College of Natural Science,*,*,141549
*,*,*,College of Natural Science,*,*,2106294.0,,UT,*,*,College of Natural Science,*,*,32211
*,*,*,College of Natural Science,*,*,2106294.0,,VA,*,*,College of Natural Science,*,*,43051
*,*,*,College of Natural Science,*,*,2106294.0,,WA,*,*,College of Natural Science,*,*,30352
*,*,*,College of Natural Science,*,*,2106294.0,,WI,*,*,College of Natural Science,*,*,175
*,*,*,College of Nursing,*,*,233384.5,,AZ,*,*,College of Nursing,*,*,7834
*,*,*,College of Nursing,*,*,233384.5,,CO,*,*,College of Nursing,*,*,58861.5
*,*,*,College of Nursing,*,*,233384.5,,CT,*,*,College of Nursing,*,*,18218
*,*,*,College of Nursing,*,*,233384.5,,DC,*,*,College of Nursing,*,*,1763
*,*,*,College of Nursing,*,*,233384.5,,FL,*,*,College of Nursing,*,*,8323
*,*,*,College of Nursing,*,*,233384.5,,IA,*,*,College of Nursing,*,*,4461
*,*,*,College of Nursing,*,*,233384.5,,IN,*,*,College of Nursing,*,*,9306
*,*,*,College of Nursing,*,*,233384.5,,KS,*,*,College of Nursing,*,*,9667
*,*,*,College of Nursing,*,*,233384.5,,MA,*,*,College of Nursing,*,*,17517
*,*,*,College of Nursing,*,*,233384.5,,MI,*,*,College of Nursing,*,*,91
*,*,*,College of Nursing,*,*,233384.5,,MO,*,*,College of Nursing,*,*,3708
*,*,*,College of Nursing,*,*,233384.5,,NC,*,*,College of Nursing,*,*,7314
*,*,*,College of Nursing,*,*,233384.5,,NJ,*,*,College of Nursing,*,*,29538
*,*,*,College of Nursing,*,*,233384.5,,NM,*,*,College of Nursing,*,*,3870
*,*,*,College of Nursing,*,*,233384.5,,NY,*,*,College of Nursing,*,*,9134
*,*,*,College of Nursing,*,*,233384.5,,OH,*,*,College of Nursing,*,*,12128
*,*,*,College of Nursing,*,*,233384.5,,PA,*,*,College of Nursing,*,*,11784
*,*,*,College of Nursing,*,*,233384.5,,VA,*,*,College of Nursing,*,*,6225
*,*,*,College of Nursing,*,*,233384.5,,WA,*,*,College of Nursing,*,*,13642
*,*,*,College of Political Science,*,*,297809.0,,AZ,*,*,College of Political Science,*,*,26026
*,*,*,College of Political Science,*,*,297809.0,,CA,*,*,College of Political Science,*,*,33375
*,*,*,College of Political Science,*,*,297809.0,,CO,*,*,College of Political Science,*,*,59348.0
*,*,*,College of Political Science,*,*,297809.0,,CT,*,*,College of Political Science,*,*,4982
*,*,*,College of Political Science,*,*,297809.0,,FL,*,*,College of Political Science,*,*,9482
*,*,*,College of Political Science,*,*,297809.0,,GA,*,*,College of Political Science,*,*,8953
*,*,*,College of Political Science,*,*,297809.0,,IA,*,*,College of Political Science,*,*,3110
*,*,*,College of Political Science,*,*,297809.0,,IL,*,*,College of Political Science,*,*,11855
*,*,*,College of Political Science,*,*,297809.0,,IN,*,*,College of Political Science,*,*,13454
*,*,*,College of Political Science,*,*,297809.0,,KS,*,*,College of Political Science,*,*,13885
*,*,*,College of Political Science,*,*,297809.0,,LA,*,*,College of Political Science,*,*,7227
*,*,*,College of Political Science,*,*,297809.0,,MA,*,*,College of Political Science,*,*,4287
*,*,*,College of Political Science,*,*,297809.0,,MI,*,*,College of Political Science,*,*,8795
*,*,*,College of Political Science,*,*,297809.0,,MO,*,*,College of Political Science,*,*,5041
*,*,*,College of Political Science,*,*,297809.0,,NC,*,*,College of Political Science,*,*,16708
*,*,*,College of Political Science,*,*,297809.0,,NE,*,*,College of Political Science,*,*,2647
*,*,*,College of Political Science,*,*,297809.0,,NM,*,*,College of Political Science,*,*,9628
*,*,*,College of Political Science,*,*,297809.0,,NV,*,*,College of Political Science,*,*,1270
*,*,*,College of Political Science,*,*,297809.0,,NY,*,*,College of Political Science,*,*,7699
*,*,*,College of Political Science,*,*,297809.0,,OH,*,*,College of Political Science,*,*,447
*,*,*,College of Political Science,*,*,297809.0,,OK,*,*,College of Political Science,*,*,1181
*,*,*,College of Political Science,*,*,297809.0,,PA,*,*,College of Political Science,*,*,7418
*,*,*,College of Political Science,*,*,297809.0,,TN,*,*,College of Political Science,*,*,17840
*,*,*,College of Political Science,*,*,297809.0,,TX,*,*,College of Political Science,*,*,15735
*,*,*,College of Political Science,*,*,297809.0,,UT,*,*,College of Political Science,*,*,7416
*,*,*,College of Social Science,*,*,1531583.0,,AL,*,*,College of Social Science,*,*,13835
*,*,*,College of Social Science,*,*,1531583.0,,AR,*,*,College of Social Science,*,*,14550
*,*,*,College of Social Science,*,*,1531583.0,,AZ,*,*,College of Social Science,*,*,84621
*,*,*,College of Social Science,*,*,1531583.0,,CA,*,*,College of Social Science,*,*,98484
*,*,*,College of Social Science,*,*,1531583.0,,CO,*,*,College of Social Science,*,*,249646.0
*,*,*,College of Social Science,*,*,1531583.0,,CT,*,*,College of Social Science,*,*,50817
*,*,*,College of Social Science,*,*,1531583.0,,DC,*,*,College of Social Science,*,*,26079
*,*,*,College of Social Science,*,*,1531583.0,,FL,*,*,College of Social Science,*,*,69502
*,*,*,College of Social Science,*,*,1531583.0,,GA,*,*,College of Social Science,*,*,11411
*,*,*,College of Social Science,*,*,1531583.0,,IA,*,*,College of Social Science,*,*,14837
*,*,*,College of Social Science,*,*,1531583.0,,IL,*,*,College of Social Science,*,*,52444
*,*,*,College of Social Science,*,*,1531583.0,,KS,*,*,College of Social Science,*,*,79039
*,*,*,College of Social Science,*,*,1531583.0,,KY,*,*,College of Social Science,*,*,26147
*,*,*,College of Social Science,*,*,1531583.0,,LA,*,*,College of Social Science,*,*,55687
*,*,*,College of Social Science,*,*,1531583.0,,MA,*,*,College of Social Science,*,*,45410
*,*,*,College of Social Science,*,*,1531583.0,,MI,*,*,College of Social Science,*,*,19279
*,*,*,College of Social Science,*,*,1531583.0,,MO,*,*,College of Social Science,*,*,17202
*,*,*,College of Social Science,*,*,1531583.0,,NC,*,*,College of Social Science,*,*,57910
*,*,*,College of Social Science,*,*,1531583.0,,NE,*,*,College of Social Science,*,*,11248
*,*,*,College of Social Science,*,*,1531583.0,,NH,*,*,College of Social Science,*,*,8519
*,*,*,College of Social Science,*,*,1531583.0,,NM,*,*,College of Social Science,*,*,12846
*,*,*,College of Social Science,*,*,1531583.0,,NV,*,*,College of Social Science,*,*,23279
*,*,*,College of Social Science,*,*,1531583.0,,NY,*,*,College of Social Science,*,*,60806
*,*,*,College of Social Science,*,*,1531583.0,,OH,*,*,College of Social Science,*,*,56558
*,*,*,College of Social Science,*,*,1531583.0,,OK,*,*,College of Social Science,*,*,12046
*,*,*,College of Social Science,*,*,1531583.0,,OR,*,*,College of Social Science,*,*,34281
*,*,*,College of Social Science,*,*,1531583.0,,PA,*,*,College of Social Science,*,*,15772
*,*,*,College of Social Science,*,*,1531583.0,,RI,*,*,College of Social Science,*,*,3141
*,*,*,College of Social Science,*,*,1531583.0,,SC,*,*,College of Social Science,*,*,7680
*,*,*,College of Social Science,*,*,1531583.0,,TN,*,*,College of Social Science,*,*,48199
*,*,*,College of Social Science,*,*,1531583.0,,TX,*,*,College of Social Science,*,*,101594
*,*,*,College of Social Science,*,*,1531583.0,,UT,*,*,College of Social Science,*,*,42191
*,*,*,College of Social Science,*,*,1531583.0,,VA,*,*,College of Social Science,*,*,47413
*,*,*,College of Social Science,*,*,1531583.0,,WA,*,*,College of Social Science,*,*,46503
*,*,*,College of Social Science,*,*,1531583.0,,WI,*,*,College of Social Science,*,*,12607
*,*,*,College of Veterinary Medicine,*,*,106688.5,,AZ,*,*,College of Veterinary Medicine,*,*,10388
*,*,*,College of Veterinary Medicine,*,*,106688.5,,CA,*,*,College of Veterinary Medicine,*,*,946
*,*,*,College of Veterinary Medicine,*,*,106688.5,,CO,*,*,College of Veterinary Medicine,*,*,14893.5
*,*,*,College of Veterinary Medicine,*,*,106688.5,,FL,*,*,College of Veterinary Medicine,*,*,1965
*,*,*,College of Veterinary Medicine,*,*,106688.5,,LA,*,*,College of Veterinary Medicine,*,*,3095
*,*,*,College of Veterinary Medicine,*,*,106688.5,,MI,*,*,College of Veterinary Medicine,*,*,13114
*,*,*,College of Veterinary Medicine,*,*,106688.5,,OH,*,*,College of Veterinary Medicine,*,*,4821
*,*,*,College of Veterinary Medicine,*,*,106688.5,,TN,*,*,College of Veterinary Medicine,*,*,3897
*,*,*,College of Veterinary Medicine,*,*,106688.5,,WA,*,*,College of Veterinary Medicine,*,*,8101
*,*,*,Diversity Fund,*,*,2656506.5,,AL,*,*,Diversity Fund,*,*,17336
*,*,*,Diversity Fund,*,*,2656506.5,,AZ,*,*,Diversity Fund,*,*,130340
*,*,*,Diversity Fund,*,*,2656506.5,,CA,*,*,Diversity Fund,*,*,318826
*,*,*,Diversity Fund,*,*,2656506.5,,CO,*,*,Diversity Fund,*,*,269656.5
*,*,*,Diversity Fund,*,*,2656506.5,,CT,*,*,Diversity Fund,*,*,47562
*,*,*,Diversity Fund,*,*,2656506.5,,DC,*,*,Diversity Fund,*,*,11042
*,*,*,Diversity Fund,*,*,2656506.5,,FL,*,*,Diversity Fund,*,*,156782
*,*,*,Diversity Fund,*,*,2656506.5,,GA,*,*,Diversity Fund,*,*,32594
*,*,*,Diversity Fund,*,*,2656506.5,,IA,*,*,Diversity Fund,*,*,16263
*,*,*,Diversity Fund,*,*,2656506.5,,IL,*,*,Diversity Fund,*,*,544105
*,*,*,Diversity Fund,*,*,2656506.5,,IN,*,*,Diversity Fund,*,*,55563
*,*,*,Diversity Fund,*,*,2656506.5,,KS,*,*,Diversity Fund,*,*,51204
*,*,*,Diversity Fund,*,*,2656506.5,,KY,*,*,Diversity Fund,*,*,17497
*,*,*,Diversity Fund,*,*,2656506.5,,LA,*,*,Diversity Fund,*,*,63764
*,*,*,Diversity Fund,*,*,2656506.5,,MA,*,*,Diversity Fund,*,*,34086
*,*,*,Diversity Fund,*,*,2656506.5,,MI,*,*,Diversity Fund,*,*,61358
*,*,*,Diversity Fund,*,*,2656506.5,,MN,*,*,Diversity Fund,*,*,6865
*,*,*,Diversity Fund,*,*,2656506.5,,MO,*,*,Diversity Fund,*,*,46367
*,*,*,Diversity Fund,*,*,2656506.5,,NC,*,*,Diversity Fund,*,*,55389
*,*,*,Diversity Fund,*,*,2656506.5,,NE,*,*,Diversity Fund,*,*,24838
*,*,*,Diversity Fund,*,*,2656506.5,,NH,*,*,Diversity Fund,*,*,6859
*,*,*,Diversity Fund,*,*,2656506.5,,NJ,*,*,Diversity Fund,*,*,1655
*,*,*,Diversity Fund,*,*,2656506.5,,NV,*,*,Diversity Fund,*,*,36849
*,*,*,Diversity Fund,*,*,2656506.5,,NY,*,*,Diversity Fund,*,*,106355
*,*,*,Diversity Fund,*,*,2656506.5,,OH,*,*,Diversity Fund,*,*,32658
*,*,*,Diversity Fund,*,*,2656506.5,,OK,*,*,Diversity Fund,*,*,16576
*,*,*,Diversity Fund,*,*,2656506.5,,OR,*,*,Diversity Fund,*,*,35917
*,*,*,Diversity Fund,*,*,2656506.5,,PA,*,*,Diversity Fund,*,*,13578
*,*,*,Diversity Fund,*,*,2656506.5,,RI,*,*,Diversity Fund,*,*,18765
*,*,*,Diversity Fund,*,*,2656506.5,,SC,*,*,Diversity Fund,*,*,16834
*,*,*,Diversity Fund,*,*,2656506.5,,TN,*,*,Diversity Fund,*,*,66817
*,*,*,Diversity Fund,*,*,2656506.5,,TX,*,*,Diversity Fund,*,*,182765
*,*,*,Diversity Fund,*,*,2656506.5,,UT,*,*,Diversity Fund,*,*,66328
*,*,*,Diversity Fund,*,*,2656506.5,,VA,*,*,Diversity Fund,*,*,34666
*,*,*,Diversity Fund,*,*,2656506.5,,WA,*,*,Diversity Fund,*,*,44257
*,*,*,Diversity Fund,*,*,2656506.5,,WI,*,*,Diversity Fund,*,*,4652
*,*,*,Diversity Fund,*,*,2656506.5,,WY,*,*,Diversity Fund,*,*,9538
*,*,*,Faculty Chair Endowments,*,*,2011067.0,,AL,*,*,Faculty Chair Endowments,*,*,43277
*,*,*,Faculty Chair Endowments,*,*,2011067.0,,AR,*,*,Faculty Chair Endowments,*,*,34669
*,*,*,Faculty Chair Endowments,*,*,2011067.0,,AZ,*,*,Faculty Chair Endowments,*,*,40372
*,*,*,Faculty Chair Endowments,*,*,2011067.0,,CA,*,*,Faculty Chair Endowments,*,*,167935
*,*,*,Faculty Chair Endowments,*,*,2011067.0,,CO,*,*,Faculty Chair Endowments,*,*,265769.0
*,*,*,Faculty Chair Endowments,*,*,2011067.0,,CT,*,*,Faculty Chair Endowments,*,*,30186
*,*,*,Faculty Chair Endowments,*,*,2011067.0,,DC,*,*,Faculty Chair Endowments,*,*,11063
*,*,*,Faculty Chair Endowments,*,*,2011067.0,,FL,*,*,Faculty Chair Endowments,*,*,64032
*,*,*,Faculty Chair Endowments,*,*,2011067.0,,GA,*,*,Faculty Chair Endowments,*,*,34665
*,*,*,Faculty Chair Endowments,*,*,2011067.0,,IA,*,*,Faculty Chair Endowments,*,*,5396
*,*,*,Faculty Chair Endowments,*,*,2011067.0,,IL,*,*,Faculty Chair Endowments,*,*,88928
*,*,*,Faculty Chair Endowments,*,*,2011067.0,,IN,*,*,Faculty Chair Endowments,*,*,42862
*,*,*,Faculty Chair Endowments,*,*,2011067.0,,KS,*,*,Faculty Chair Endowments,*,*,51824
*,*,*,Faculty Chair Endowments,*,*,2011067.0,,KY,*,*,Faculty Chair Endowments,*,*,39444
*,*,*,Faculty Chair Endowments,*,*,2011067.0,,LA,*,*,Faculty Chair Endowments,*,*,36293
*,*,*,Faculty Chair Endowments,*,*,2011067.0,,MA,*,*,Faculty Chair Endowments,*,*,33207
*,*,*,Faculty Chair Endowments,*,*,2011067.0,,MI,*,*,Faculty Chair Endowments,*,*,90523
*,*,*,Faculty Chair Endowments,*,*,2011067.0,,MN,*,*,Faculty Chair Endowments,*,*,33199
*,*,*,Faculty Chair Endowments,*,*,2011067.0,,MO,*,*,Faculty Chair Endowments,*,*,56104
*,*,*,Faculty Chair Endowments,*,*,2011067.0,,NC,*,*,Faculty Chair Endowments,*,*,89282
*,*,*,Faculty Chair Endowments,*,*,2011067.0,,NE,*,*,Faculty Chair Endowments,*,*,7123
*,*,*,Faculty Chair Endowments,*,*,2011067.0,,NH,*,*,Faculty Chair Endowments,*,*,6891
*,*,*,Faculty Chair Endowments,*,*,2011067.0,,NJ,*,*,Faculty Chair Endowments,*,*,3826
*,*,*,Faculty Chair Endowments,*,*,2011067.0,,NM,*,*,Faculty Chair Endowments,*,*,26404
*,*,*,Faculty Chair Endowments,*,*,2011067.0,,NV,*,*,Faculty Chair Endowments,*,*,42151
*,*,*,Faculty Chair Endowments,*,*,2011067.0,,NY,*,*,Faculty Chair Endowments,*,*,89711
*,*,*,Faculty Chair Endowments,*,*,2011067.0,,OH,*,*,Faculty Chair Endowments,*,*,78440
*,*,*,Faculty Chair Endowments,*,*,2011067.0,,OK,*,*,Faculty Chair Endowments,*,*,16410
*,*,*,Faculty Chair Endowments,*,*,2011067.0,,OR,*,*,Faculty Chair Endowments,*,*,16776
*,*,*,Faculty Chair Endowments,*,*,2011067.0,,PA,*,*,Faculty Chair Endowments,*,*,42215
*,*,*,Faculty Chair Endowments,*,*,2011067.0,,SC,*,*,Faculty Chair Endowments,*,*,30522
*,*,*,Faculty Chair Endowments,*,*,2011067.0,,TN,*,*,Faculty Chair Endowments,*,*,39625
*,*,*,Faculty Chair Endowments,*,*,2011067.0,,TX,*,*,Faculty Chair Endowments,*,*,160082
*,*,*,Faculty Chair Endowments,*,*,2011067.0,,UT,*,*,Faculty Chair Endowments,*,*,34105
*,*,*,Faculty Chair Endowments,*,*,2011067.0,,VA,*,*,Faculty Chair Endowments,*,*,63151
*,*,*,Faculty Chair Endowments,*,*,2011067.0,,WA,*,*,Faculty Chair Endowments,*,*,60955
*,*,*,Faculty Chair Endowments,*,*,2011067.0,,WI,*,*,Faculty Chair Endowments,*,*,33650
*,*,*,Honors Program,*,*,763594.5,,AR,*,*,Honors Program,*,*,8839
*,*,*,Honors Program,*,*,763594.5,,AZ,*,*,Honors Program,*,*,17905
*,*,*,Honors Program,*,*,763594.5,,CA,*,*,Honors Program,*,*,96351
*,*,*,Honors Program,*,*,763594.5,,CO,*,*,Honors Program,*,*,121705.5
*,*,*,Honors Program,*,*,763594.5,,CT,*,*,Honors Program,*,*,11967
*,*,*,Honors Program,*,*,763594.5,,DC,*,*,Honors Program,*,*,3225
*,*,*,Honors Program,*,*,763594.5,,FL,*,*,Honors Program,*,*,29724
*,*,*,Honors Program,*,*,763594.5,,GA,*,*,Honors Program,*,*,8563
*,*,*,Honors Program,*,*,763594.5,,IL,*,*,Honors Program,*,*,20181
*,*,*,Honors Program,*,*,763594.5,,IN,*,*,Honors Program,*,*,12023
*,*,*,Honors Program,*,*,763594.5,,KS,*,*,Honors Program,*,*,28247
*,*,*,Honors Program,*,*,763594.5,,KY,*,*,Honors Program,*,*,13806
*,*,*,Honors Program,*,*,763594.5,,LA,*,*,Honors Program,*,*,895
*,*,*,Honors Program,*,*,763594.5,,MA,*,*,Honors Program,*,*,31116
*,*,*,Honors Program,*,*,763594.5,,MI,*,*,Honors Program,*,*,43972
*,*,*,Honors Program,*,*,763594.5,,MO,*,*,Honors Program,*,*,18967
*,*,*,Honors Program,*,*,763594.5,,NC,*,*,Honors Program,*,*,22575
*,*,*,Honors Program,*,*,763594.5,,NE,*,*,Honors Program,*,*,2731
*,*,*,Honors Program,*,*,763594.5,,NH,*,*,Honors Program,*,*,5030
*,*,*,Honors Program,*,*,763594.5,,NM,*,*,Honors Program,*,*,13971
*,*,*,Honors Program,*,*,763594.5,,NV,*,*,Honors Program,*,*,21807
*,*,*,Honors Program,*,*,763594.5,,NY,*,*,Honors Program,*,*,14473
*,*,*,Honors Program,*,*,763594.5,,OH,*,*,Honors Program,*,*,19775
*,*,*,Honors Program,*,*,763594.5,,OK,*,*,Honors Program,*,*,17636
*,*,*,Honors Program,*,*,763594.5,,OR,*,*,Honors Program,*,*,12953
*,*,*,Honors Program,*,*,763594.5,,RI,*,*,Honors Program,*,*,1553
*,*,*,Honors Program,*,*,763594.5,,SC,*,*,Honors Program,*,*,21717
*,*,*,Honors Program,*,*,763594.5,,TN,*,*,Honors Program,*,*,28060
*,*,*,Honors Program,*,*,763594.5,,TX,*,*,Honors Program,*,*,79300
*,*,*,Honors Program,*,*,763594.5,,UT,*,*,Honors Program,*,*,8176
*,*,*,Honors Program,*,*,763594.5,,VA,*,*,Honors Program,*,*,6195
*,*,*,Honors Program,*,*,763594.5,,WA,*,*,Honors Program,*,*,17890
*,*,*,Honors Program,*,*,763594.5,,WI,*,*,Honors Program,*,*,2266
*,*,*,In-State Scholarship Fund,*,*,682917.0,,AZ,*,*,In-State Scholarship Fund,*,*,23205
*,*,*,In-State Scholarship Fund,*,*,682917.0,,CA,*,*,In-State Scholarship Fund,*,*,88801
*,*,*,In-State Scholarship Fund,*,*,682917.0,,CO,*,*,In-State Scholarship Fund,*,*,53388.0
*,*,*,In-State Scholarship Fund,*,*,682917.0,,DC,*,*,In-State Scholarship Fund,*,*,5958
*,*,*,In-State Scholarship Fund,*,*,682917.0,,FL,*,*,In-State Scholarship Fund,*,*,34497
*,*,*,In-State Scholarship Fund,*,*,682917.0,,GA,*,*,In-State Scholarship Fund,*,*,8063
*,*,*,In-State Scholarship Fund,*,*,682917.0,,IA,*,*,In-State Scholarship Fund,*,*,10393
*,*,*,In-State Scholarship Fund,*,*,682917.0,,IL,*,*,In-State Scholarship Fund,*,*,30776
*,*,*,In-State Scholarship Fund,*,*,682917.0,,IN,*,*,In-State Scholarship Fund,*,*,29942
*,*,*,In-State Scholarship Fund,*,*,682917.0,,KS,*,*,In-State Scholarship Fund,*,*,3282
*,*,*,In-State Scholarship Fund,*,*,682917.0,,LA,*,*,In-State Scholarship Fund,*,*,19076
*,*,*,In-State Scholarship Fund,*,*,682917.0,,MA,*,*,In-State Scholarship Fund,*,*,11029
*,*,*,In-State Scholarship Fund,*,*,682917.0,,MI,*,*,In-State Scholarship Fund,*,*,33647
*,*,*,In-State Scholarship Fund,*,*,682917.0,,MN,*,*,In-State Scholarship Fund,*,*,6356
*,*,*,In-State Scholarship Fund,*,*,682917.0,,MO,*,*,In-State Scholarship Fund,*,*,21678
*,*,*,In-State Scholarship Fund,*,*,682917.0,,NC,*,*,In-State Scholarship Fund,*,*,23503
*,*,*,In-State Scholarship Fund,*,*,682917.0,,NE,*,*,In-State Scholarship Fund,*,*,18285
*,*,*,In-State Scholarship Fund,*,*,682917.0,,NJ,*,*,In-State Scholarship Fund,*,*,8893
*,*,*,In-State Scholarship Fund,*,*,682917.0,,NM,*,*,In-State Scholarship Fund,*,*,17872
*,*,*,In-State Scholarship Fund,*,*,682917.0,,NV,*,*,In-State Scholarship Fund,*,*,2438
*,*,*,In-State Scholarship Fund,*,*,682917.0,,NY,*,*,In-State Scholarship Fund,*,*,54809
*,*,*,In-State Scholarship Fund,*,*,682917.0,,OH,*,*,In-State Scholarship Fund,*,*,17923
*,*,*,In-State Scholarship Fund,*,*,682917.0,,OK,*,*,In-State Scholarship Fund,*,*,6632
*,*,*,In-State Scholarship Fund,*,*,682917.0,,OR,*,*,In-State Scholarship Fund,*,*,16524
*,*,*,In-State Scholarship Fund,*,*,682917.0,,SC,*,*,In-State Scholarship Fund,*,*,12012
*,*,*,In-State Scholarship Fund,*,*,682917.0,,TN,*,*,In-State Scholarship Fund,*,*,11851
*,*,*,In-State Scholarship Fund,*,*,682917.0,,TX,*,*,In-State Scholarship Fund,*,*,61102
*,*,*,In-State Scholarship Fund,*,*,682917.0,,UT,*,*,In-State Scholarship Fund,*,*,9635
*,*,*,In-State Scholarship Fund,*,*,682917.0,,VA,*,*,In-State Scholarship Fund,*,*,28735
*,*,*,In-State Scholarship Fund,*,*,682917.0,,WA,*,*,In-State Scholarship Fund,*,*,9885
*,*,*,In-State Scholarship Fund,*,*,682917.0,,WI,*,*,In-State Scholarship Fund,*,*,2727
*,*,*,Minority Scholarship Fund,*,*,700149.5,,AL,*,*,Minority Scholarship Fund,*,*,28632
*,*,*,Minority Scholarship Fund,*,*,700149.5,,AZ,*,*,Minority Scholarship Fund,*,*,43965
*,*,*,Minority Scholarship Fund,*,*,700149.5,,CA,*,*,Minority Scholarship Fund,*,*,70242
*,*,*,Minority Scholarship Fund,*,*,700149.5,,CO,*,*,Minority Scholarship Fund,*,*,85076.5
*,*,*,Minority Scholarship Fund,*,*,700149.5,,CT,*,*,Minority Scholarship Fund,*,*,12212
*,*,*,Minority Scholarship Fund,*,*,700149.5,,DC,*,*,Minority Scholarship Fund,*,*,5117
*,*,*,Minority Scholarship Fund,*,*,700149.5,,FL,*,*,Minority Scholarship Fund,*,*,76129
*,*,*,Minority Scholarship Fund,*,*,700149.5,,GA,*,*,Minority Scholarship Fund,*,*,20279
*,*,*,Minority Scholarship Fund,*,*,700149.5,,IL,*,*,Minority Scholarship Fund,*,*,91
*,*,*,Minority Scholarship Fund,*,*,700149.5,,IN,*,*,Minority Scholarship Fund,*,*,24632
*,*,*,Minority Scholarship Fund,*,*,700149.5,,KS,*,*,Minority Scholarship Fund,*,*,12725
*,*,*,Minority Scholarship Fund,*,*,700149.5,,KY,*,*,Minority Scholarship Fund,*,*,5524
*,*,*,Minority Scholarship Fund,*,*,700149.5,,LA,*,*,Minority Scholarship Fund,*,*,1646
*,*,*,Minority Scholarship Fund,*,*,700149.5,,MI,*,*,Minority Scholarship Fund,*,*,6100
*,*,*,Minority Scholarship Fund,*,*,700149.5,,MO,*,*,Minority Scholarship Fund,*,*,3043
*,*,*,Minority Scholarship Fund,*,*,700149.5,,NC,*,*,Minority Scholarship Fund,*,*,29402
*,*,*,Minority Scholarship Fund,*,*,700149.5,,NE,*,*,Minority Scholarship Fund,*,*,25103
*,*,*,Minority Scholarship Fund,*,*,700149.5,,NH,*,*,Minority Scholarship Fund,*,*,76
*,*,*,Minority Scholarship Fund,*,*,700149.5,,NV,*,*,Minority Scholarship Fund,*,*,12289
*,*,*,Minority Scholarship Fund,*,*,700149.5,,NY,*,*,Minority Scholarship Fund,*,*,21505
*,*,*,Minority Scholarship Fund,*,*,700149.5,,OH,*,*,Minority Scholarship Fund,*,*,49359
*,*,*,Minority Scholarship Fund,*,*,700149.5,,OK,*,*,Minority Scholarship Fund,*,*,18074
*,*,*,Minority Scholarship Fund,*,*,700149.5,,OR,*,*,Minority Scholarship Fund,*,*,9745
*,*,*,Minority Scholarship Fund,*,*,700149.5,,TN,*,*,Minority Scholarship Fund,*,*,15814
*,*,*,Minority Scholarship Fund,*,*,700149.5,,TX,*,*,Minority Scholarship Fund,*,*,77133
*,*,*,Minority Scholarship Fund,*,*,700149.5,,UT,*,*,Minority Scholarship Fund,*,*,16967
*,*,*,Minority Scholarship Fund,*,*,700149.5,,VA,*,*,Minority Scholarship Fund,*,*,18270
*,*,*,Minority Scholarship Fund,*,*,700149.5,,WA,*,*,Minority Scholarship Fund,*,*,4517
*,*,*,Minority Scholarship Fund,*,*,700149.5,,WI,*,*,Minority Scholarship Fund,*,*,6482
*,*,*,Parents Association,*,*,792720.5,,AL,*,*,Parents Association,*,*,1270
*,*,*,Parents Association,*,*,792720.5,,AZ,*,*,Parents Association,*,*,34283
*,*,*,Parents Association,*,*,792720.5,,CA,*,*,Parents Association,*,*,107254
*,*,*,Parents Association,*,*,792720.5,,CO,*,*,Parents Association,*,*,97546.5
*,*,*,Parents Association,*,*,792720.5,,CT,*,*,Parents Association,*,*,11249
*,*,*,Parents Association,*,*,792720.5,,DC,*,*,Parents Association,*,*,8720
*,*,*,Parents Association,*,*,792720.5,,FL,*,*,Parents Association,*,*,26519
*,*,*,Parents Association,*,*,792720.5,,GA,*,*,Parents Association,*,*,28471
*,*,*,Parents Association,*,*,792720.5,,IL,*,*,Parents Association,*,*,29823
*,*,*,Parents Association,*,*,792720.5,,IN,*,*,Parents Association,*,*,16310
*,*,*,Parents Association,*,*,792720.5,,KS,*,*,Parents Association,*,*,3278
*,*,*,Parents Association,*,*,792720.5,,KY,*,*,Parents Association,*,*,12306
*,*,*,Parents Association,*,*,792720.5,,LA,*,*,Parents Association,*,*,14723
*,*,*,Parents Association,*,*,792720.5,,MA,*,*,Parents Association,*,*,6672
*,*,*,Parents Association,*,*,792720.5,,MI,*,*,Parents Association,*,*,29059
*,*,*,Parents Association,*,*,792720.5,,MO,*,*,Parents Association,*,*,3390
*,*,*,Parents Association,*,*,792720.5,,NC,*,*,Parents Association,*,*,29564
*,*,*,Parents Association,*,*,792720.5,,NE,*,*,Parents Association,*,*,19
*,*,*,Parents Association,*,*,792720.5,,NH,*,*,Parents Association,*,*,21963
*,*,*,Parents Association,*,*,792720.5,,NM,*,*,Parents Association,*,*,5703
*,*,*,Parents Association,*,*,792720.5,,NV,*,*,Parents Association,*,*,51480
*,*,*,Parents Association,*,*,792720.5,,NY,*,*,Parents Association,*,*,29235
*,*,*,Parents Association,*,*,792720.5,,OH,*,*,Parents Association,*,*,25578
*,*,*,Parents Association,*,*,792720.5,,PA,*,*,Parents Association,*,*,23516
*,*,*,Parents Association,*,*,792720.5,,RI,*,*,Parents Association,*,*,548
*,*,*,Parents Association,*,*,792720.5,,SC,*,*,Parents Association,*,*,13459
*,*,*,Parents Association,*,*,792720.5,,TN,*,*,Parents Association,*,*,13569
*,*,*,Parents Association,*,*,792720.5,,TX,*,*,Parents Association,*,*,65360
*,*,*,Parents Association,*,*,792720.5,,UT,*,*,Parents Association,*,*,12207
*,*,*,Parents Association,*,*,792720.5,,VA,*,*,Parents Association,*,*,15366
*,*,*,Parents Association,*,*,792720.5,,WA,*,*,Parents Association,*,*,35408
*,*,*,Parents Association,*,*,792720.5,,WI,*,*,Parents Association,*,*,18872
*,*,*,Trustees Fund,*,*,2011415.0,,AL,*,*,Trustees Fund,*,*,32309
*,*,*,Trustees Fund,*,*,2011415.0,,AR,*,*,Trustees Fund,*,*,13722
*,*,*,Trustees Fund,*,*,2011415.0,,AZ,*,*,Trustees Fund,*,*,146656
*,*,*,Trustees Fund,*,*,2011415.0,,CA,*,*,Trustees Fund,*,*,239255
*,*,*,Trustees Fund,*,*,2011415.0,,CO,*,*,Trustees Fund,*,*,220628.0
*,*,*,Trustees Fund,*,*,2011415.0,,CT,*,*,Trustees Fund,*,*,68861
*,*,*,Trustees Fund,*,*,2011415.0,,DC,*,*,Trustees Fund,*,*,13353
*,*,*,Trustees Fund,*,*,2011415.0,,FL,*,*,Trustees Fund,*,*,124815
*,*,*,Trustees Fund,*,*,2011415.0,,GA,*,*,Trustees Fund,*,*,38711
*,*,*,Trustees Fund,*,*,2011415.0,,IA,*,*,Trustees Fund,*,*,8257
*,*,*,Trustees Fund,*,*,2011415.0,,IL,*,*,Trustees Fund,*,*,100214
*,*,*,Trustees Fund,*,*,2011415.0,,IN,*,*,Trustees Fund,*,*,20252
*,*,*,Trustees Fund,*,*,2011415.0,,KS,*,*,Trustees Fund,*,*,37246
*,*,*,Trustees Fund,*,*,2011415.0,,LA,*,*,Trustees Fund,*,*,5223
*,*,*,Trustees Fund,*,*,2011415.0,,MA,*,*,Trustees Fund,*,*,35028
*,*,*,Trustees Fund,*,*,2011415.0,,MI,*,*,Trustees Fund,*,*,118279
*,*,*,Trustees Fund,*,*,2011415.0,,MN,*,*,Trustees Fund,*,*,8943
*,*,*,Trustees Fund,*,*,2011415.0,,MO,*,*,Trustees Fund,*,*,64181
*,*,*,Trustees Fund,*,*,2011415.0,,NC,*,*,Trustees Fund,*,*,49091
*,*,*,Trustees Fund,*,*,2011415.0,,NE,*,*,Trustees Fund,*,*,16221
*,*,*,Trustees Fund,*,*,2011415.0,,NH,*,*,Trustees Fund,*,*,8715
*,*,*,Trustees Fund,*,*,2011415.0,,NJ,*,*,Trustees Fund,*,*,5984
*,*,*,Trustees Fund,*,*,2011415.0,,NM,*,*,Trustees Fund,*,*,11143
*,*,*,Trustees Fund,*,*,2011415.0,,NV,*,*,Trustees Fund,*,*,58575
*,*,*,Trustees Fund,*,*,2011415.0,,NY,*,*,Trustees Fund,*,*,55343
*,*,*,Trustees Fund,*,*,2011415.0,,OH,*,*,Trustees Fund,*,*,56615
*,*,*,Trustees Fund,*,*,2011415.0,,OK,*,*,Trustees Fund,*,*,33098
*,*,*,Trustees Fund,*,*,2011415.0,,OR,*,*,Trustees Fund,*,*,31154
*,*,*,Trustees Fund,*,*,2011415.0,,PA,*,*,Trustees Fund,*,*,11837
*,*,*,Trustees Fund,*,*,2011415.0,,RI,*,*,Trustees Fund,*,*,17691
*,*,*,Trustees Fund,*,*,2011415.0,,SC,*,*,Trustees Fund,*,*,13595
*,*,*,Trustees Fund,*,*,2011415.0,,TN,*,*,Trustees Fund,*,*,34904
*,*,*,Trustees Fund,*,*,2011415.0,,TX,*,*,Trustees Fund,*,*,175611
*,*,*,Trustees Fund,*,*,2011415.0,,UT,*,*,Trustees Fund,*,*,25693
*,*,*,Trustees Fund,*,*,2011415.0,,VA,*,*,Trustees Fund,*,*,59280
*,*,*,Trustees Fund,*,*,2011415.0,,WA,*,*,Trustees Fund,*,*,46218
*,*,*,Trustees Fund,*,*,2011415.0,,WI,*,*,Trustees Fund,*,*,340
*,*,*,Trustees Fund,*,*,2011415.0,,WY,*,*,Trustees Fund,*,*,4374
*,*,*,University Annual Fund,*,*,2492738.0,,AL,*,*,University Annual Fund,*,*,46383
*,*,*,University Annual Fund,*,*,2492738.0,,AR,*,*,University Annual Fund,*,*,8810
*,*,*,University Annual Fund,*,*,2492738.0,,AZ,*,*,University Annual Fund,*,*,93955
*,*,*,University Annual Fund,*,*,2492738.0,,CA,*,*,University Annual Fund,*,*,337253
*,*,*,University Annual Fund,*,*,2492738.0,,CO,*,*,University Annual Fund,*,*,328901.0
*,*,*,University Annual Fund,*,*,2492738.0,,CT,*,*,University Annual Fund,*,*,59795
*,*,*,University Annual Fund,*,*,2492738.0,,DC,*,*,University Annual Fund,*,*,46803
*,*,*,University Annual Fund,*,*,2492738.0,,FL,*,*,University Annual Fund,*,*,179714
*,*,*,University Annual Fund,*,*,2492738.0,,GA,*,*,University Annual Fund,*,*,61993
*,*,*,University Annual Fund,*,*,2492738.0,,IA,*,*,University Annual Fund,*,*,16987
*,*,*,University Annual Fund,*,*,2492738.0,,IL,*,*,University Annual Fund,*,*,78478
*,*,*,University Annual Fund,*,*,2492738.0,,IN,*,*,University Annual Fund,*,*,35747
*,*,*,University Annual Fund,*,*,2492738.0,,KS,*,*,University Annual Fund,*,*,53428
*,*,*,University Annual Fund,*,*,2492738.0,,KY,*,*,University Annual Fund,*,*,12486
*,*,*,University Annual Fund,*,*,2492738.0,,LA,*,*,University Annual Fund,*,*,9868
*,*,*,University Annual Fund,*,*,2492738.0,,MA,*,*,University Annual Fund,*,*,44366
*,*,*,University Annual Fund,*,*,2492738.0,,MI,*,*,University Annual Fund,*,*,65645
*,*,*,University Annual Fund,*,*,2492738.0,,MN,*,*,University Annual Fund,*,*,2674
*,*,*,University Annual Fund,*,*,2492738.0,,MO,*,*,University Annual Fund,*,*,49161
*,*,*,University Annual Fund,*,*,2492738.0,,MT,*,*,University Annual Fund,*,*,9126
*,*,*,University Annual Fund,*,*,2492738.0,,NC,*,*,University Annual Fund,*,*,43603
*,*,*,University Annual Fund,*,*,2492738.0,,NE,*,*,University Annual Fund,*,*,83552
*,*,*,University Annual Fund,*,*,2492738.0,,NH,*,*,University Annual Fund,*,*,25357
*,*,*,University Annual Fund,*,*,2492738.0,,NM,*,*,University Annual Fund,*,*,17263
*,*,*,University Annual Fund,*,*,2492738.0,,NV,*,*,University Annual Fund,*,*,52159
*,*,*,University Annual Fund,*,*,2492738.0,,NY,*,*,University Annual Fund,*,*,135597
*,*,*,University Annual Fund,*,*,2492738.0,,OH,*,*,University Annual Fund,*,*,94282
*,*,*,University Annual Fund,*,*,2492738.0,,OK,*,*,University Annual Fund,*,*,28673
*,*,*,University Annual Fund,*,*,2492738.0,,OR,*,*,University Annual Fund,*,*,34989
*,*,*,University Annual Fund,*,*,2492738.0,,PA,*,*,University Annual Fund,*,*,25363
*,*,*,University Annual Fund,*,*,2492738.0,,RI,*,*,University Annual Fund,*,*,6978
*,*,*,University Annual Fund,*,*,2492738.0,,SC,*,*,University Annual Fund,*,*,4219
*,*,*,University Annual Fund,*,*,2492738.0,,TN,*,*,University Annual Fund,*,*,23588
*,*,*,University Annual Fund,*,*,2492738.0,,TX,*,*,University Annual Fund,*,*,180892
*,*,*,University Annual Fund,*,*,2492738.0,,UT,*,*,University Annual Fund,*,*,33064
*,*,*,University Annual Fund,*,*,2492738.0,,VA,*,*,University Annual Fund,*,*,48336
*,*,*,University Annual Fund,*,*,2492738.0,,WA,*,*,University Annual Fund,*,*,67067
*,*,*,University Annual Fund,*,*,2492738.0,,WI,*,*,University Annual Fund,*,*,22969
*,*,*,University Annual Fund,*,*,2492738.0,,WY,*,*,University Annual Fund,*,*,23214
*,*,*,University Libraries,*,*,652094.5,,AL,*,*,University Libraries,*,*,18697
*,*,*,University Libraries,*,*,652094.5,,AR,*,*,University Libraries,*,*,11514
*,*,*,University Libraries,*,*,652094.5,,AZ,*,*,University Libraries,*,*,21278
*,*,*,University Libraries,*,*,652094.5,,CA,*,*,University Libraries,*,*,68606
*,*,*,University Libraries,*,*,652094.5,,CO,*,*,University Libraries,*,*,87344.5
*,*,*,University Libraries,*,*,652094.5,,DC,*,*,University Libraries,*,*,4510
*,*,*,University Libraries,*,*,652094.5,,FL,*,*,University Libraries,*,*,19962
*,*,*,University Libraries,*,*,652094.5,,GA,*,*,University Libraries,*,*,4414
*,*,*,University Libraries,*,*,652094.5,,IA,*,*,University Libraries,*,*,9880
*,*,*,University Libraries,*,*,652094.5,,IL,*,*,University Libraries,*,*,21819
*,*,*,University Libraries,*,*,652094.5,,IN,*,*,University Libraries,*,*,19432
*,*,*,University Libraries,*,*,652094.5,,KS,*,*,University Libraries,*,*,5152
*,*,*,University Libraries,*,*,652094.5,,KY,*,*,University Libraries,*,*,4605
*,*,*,University Libraries,*,*,652094.5,,MA,*,*,University Libraries,*,*,6246
*,*,*,University Libraries,*,*,652094.5,,MI,*,*,University Libraries,*,*,17422
*,*,*,University Libraries,*,*,652094.5,,MO,*,*,University Libraries,*,*,26688
*,*,*,University Libraries,*,*,652094.5,,NC,*,*,University Libraries,*,*,10295
*,*,*,University Libraries,*,*,652094.5,,NE,*,*,University Libraries,*,*,3885
*,*,*,University Libraries,*,*,652094.5,,NH,*,*,University Libraries,*,*,8299
*,*,*,University Libraries,*,*,652094.5,,NV,*,*,University Libraries,*,*,15760
*,*,*,University Libraries,*,*,652094.5,,NY,*,*,University Libraries,*,*,21926
*,*,*,University Libraries,*,*,652094.5,,OH,*,*,University Libraries,*,*,21290
*,*,*,University Libraries,*,*,652094.5,,OK,*,*,University Libraries,*,*,8527
*,*,*,University Libraries,*,*,652094.5,,OR,*,*,University Libraries,*,*,20833
*,*,*,University Libraries,*,*,652094.5,,PA,*,*,University Libraries,*,*,8881
*,*,*,University Libraries,*,*,652094.5,,RI,*,*,University Libraries,*,*,4090
*,*,*,University Libraries,*,*,652094.5,,TN,*,*,University Libraries,*,*,39078
*,*,*,University Libraries,*,*,652094.5,,TX,*,*,University Libraries,*,*,83745
*,*,*,University Libraries,*,*,652094.5,,VA,*,*,University Libraries,*,*,17911
*,*,*,University Libraries,*,*,652094.5,,WA,*,*,University Libraries,*,*,12900
*,*,*,University Libraries,*,*,652094.5,,WI,*,*,University Libraries,*,*,17694
*,*,*,University Libraries,*,*,652094.5,,WY,*,*,University Libraries,*,*,9411
